ID,Prediction
1,0
1,2
0,4
1,8
0,9
1,10
0,13
0,14
0,15
0,19
0,21
0,24
0,27
1,30
1,33
0,35
0,37
0,41
0,43
1,45
0,46
1,47
0,48
1,55
1,56
1,57
1,59
1,61
1,62
0,64
0,67
1,68
1,72
1,78
1,80
1,81
0,82
1,84
0,88
1,90
0,93
1,94
1,95
0,97
0,99
0,102
1,104
0,106
0,107
1,108
0,109
1,111
0,113
1,116
1,117
1,119
0,121
0,123
1,124
0,126
0,127
0,129
0,137
1,138
0,140
0,141
0,142
0,143
1,146
0,147
0,156
1,165
0,166
0,167
0,168
0,170
0,174
0,176
0,177
1,180
0,183
0,184
1,186
0,187
0,190
1,193
0,195
0,197
0,201
0,202
0,203
0,204
1,210
1,213
0,216
0,218
1,223
0,227
1,228
0,229
0,232
0,236
0,237
0,238
1,239
0,244
0,245
0,248
0,252
1,260
0,263
1,265
0,272
0,274
1,275
0,276
0,277
0,279
1,281
1,283
1,287
1,291
0,293
0,295
0,297
1,300
1,306
1,307
0,308
1,312
1,313
0,316
0,317
1,323
0,326
1,327
0,329
0,333
0,335
0,336
0,338
1,339
0,340
0,344
0,345
1,347
1,348
0,349
0,354
1,356
1,357
1,358
0,359
0,360
1,362
1,363
1,371
0,383
0,386
0,390
0,392
1,393
0,397
0,398
0,399
0,400
1,402
0,406
1,407
1,408
0,413
0,417
0,421
0,423
0,425
0,427
0,428
0,429
0,430
0,433
0,438
0,443
0,445
1,447
0,448
0,450
0,451
0,453
1,455
0,459
0,464
1,468
0,470
0,472
1,476
0,477
1,478
1,481
1,482
0,487
1,492
0,493
0,496
0,498
0,504
0,506
1,509
1,511
0,512
0,514
1,516
0,520
1,532
0,535
1,537
0,540
0,542
1,543
0,544
0,545
0,546
0,547
0,548
0,550
1,551
0,555
0,557
1,558
1,561
0,562
0,564
1,568
1,569
0,572
0,578
1,579
0,582
0,591
1,595
1,598
0,599
1,600
0,602
0,604
0,605
1,607
1,608
0,609
0,610
0,611
1,612
0,613
0,614
1,616
0,620
0,622
0,623
1,624
0,626
1,628
0,629
1,630
0,631
0,636
1,641
1,642
1,645
0,653
0,654
1,655
0,657
0,659
0,660
0,663
0,664
0,665
0,666
0,668
0,671
1,673
0,680
0,681
0,688
0,690
0,692
0,694
1,696
0,698
1,699
1,701
0,702
0,703
0,705
0,714
0,715
0,721
0,726
1,727
0,729
0,730
1,732
1,735
0,736
0,741
0,744
1,748
1,753
0,758
1,761
0,765
0,766
1,767
1,768
1,772
0,777
1,780
0,782
0,784
0,785
0,788
0,789
0,793
0,795
0,797
0,798
0,799
0,810
1,812
0,813
0,816
0,818
1,819
0,822
0,823
0,825
0,829
0,830
0,831
1,833
0,835
0,840
1,844
1,845
0,846
1,847
1,850
0,855
0,856
0,857
0,859
0,862
1,863
0,867
0,869
1,873
0,880
0,881
0,883
0,884
0,887
0,888
0,891
0,892
1,893
0,895
0,897
0,899
0,900
0,902
0,904
0,907
0,912
0,914
1,916
0,919
0,920
0,924
0,926
0,927
0,928
1,930
0,931
0,934
0,936
1,937
0,938
0,939
0,940
1,946
1,948
0,949
0,950
0,952
0,953
0,956
0,957
1,960
1,961
1,965
0,966
0,969
1,970
0,971
1,974
1,975
0,979
0,980
0,984
0,988
0,990
1,991
1,992
0,1001
0,1006
1,1008
0,1012
1,1014
0,1015
1,1020
1,1023
1,1026
0,1028
0,1029
0,1030
0,1032
1,1034
0,1035
0,1040
0,1043
0,1049
0,1050
0,1053
0,1061
0,1062
0,1063
1,1064
1,1065
0,1066
0,1067
0,1069
0,1071
0,1075
0,1076
0,1077
0,1082
0,1083
0,1084
0,1085
0,1088
0,1089
0,1091
0,1092
0,1093
0,1096
0,1098
0,1099
1,1101
0,1102
1,1104
1,1108
1,1110
1,1111
0,1112
0,1113
1,1114
0,1119
0,1120
0,1121
0,1122
0,1129
0,1132
0,1134
0,1137
0,1140
0,1144
1,1150
0,1151
1,1155
0,1157
1,1160
1,1161
1,1166
0,1169
0,1170
0,1171
0,1174
1,1178
0,1181
1,1182
0,1183
1,1185
0,1186
0,1187
1,1196
0,1197
1,1199
0,1201
0,1202
1,1205
0,1207
0,1210
0,1213
0,1215
0,1222
0,1224
0,1225
1,1226
0,1228
0,1229
0,1230
1,1231
1,1238
1,1239
0,1244
0,1245
1,1247
0,1249
0,1251
1,1258
1,1260
1,1261
0,1264
0,1265
0,1266
0,1268
0,1270
0,1275
0,1278
0,1281
0,1287
0,1289
0,1290
0,1293
0,1295
0,1298
0,1301
0,1305
1,1307
0,1309
0,1310
0,1311
0,1313
0,1316
1,1319
1,1324
0,1329
0,1330
0,1336
0,1337
0,1338
1,1343
0,1347
0,1348
0,1349
0,1358
1,1359
1,1360
0,1363
0,1364
0,1366
0,1369
0,1378
0,1379
1,1383
1,1385
0,1386
0,1387
0,1390
0,1392
0,1393
0,1396
0,1398
0,1400
0,1401
0,1405
0,1406
1,1409
1,1410
1,1411
0,1412
0,1413
1,1417
0,1420
0,1421
0,1426
1,1427
0,1428
0,1434
1,1435
0,1437
1,1441
0,1442
0,1446
0,1448
0,1449
0,1451
0,1460
0,1461
0,1465
1,1466
1,1468
0,1469
0,1470
0,1472
0,1474
0,1475
0,1479
0,1482
1,1483
0,1484
0,1485
0,1486
0,1487
0,1488
0,1491
0,1494
1,1501
1,1502
0,1505
0,1508
1,1516
0,1517
0,1518
1,1521
0,1522
1,1523
0,1528
0,1529
0,1534
1,1537
0,1540
0,1543
0,1545
0,1548
1,1549
0,1552
0,1561
0,1562
0,1565
0,1567
0,1569
0,1571
0,1573
1,1577
0,1579
0,1580
0,1581
1,1583
0,1584
0,1586
0,1587
1,1588
0,1591
0,1593
0,1595
0,1598
1,1601
1,1604
0,1605
1,1606
0,1610
0,1617
0,1618
0,1622
0,1629
0,1630
1,1631
0,1632
1,1633
0,1635
0,1637
0,1639
0,1644
0,1645
0,1648
0,1651
1,1654
0,1655
0,1657
0,1659
1,1663
0,1665
1,1667
0,1668
1,1676
1,1678
0,1683
0,1685
1,1686
1,1688
1,1689
1,1690
0,1691
0,1693
0,1694
0,1696
0,1699
0,1706
0,1709
1,1712
0,1714
0,1715
0,1720
0,1721
0,1722
0,1723
0,1730
0,1736
1,1739
0,1743
0,1747
0,1748
0,1750
0,1751
1,1753
0,1755
1,1756
1,1761
0,1762
1,1764
1,1766
0,1767
0,1769
0,1776
0,1778
0,1780
0,1781
0,1784
0,1789
0,1793
0,1794
0,1795
0,1801
0,1802
0,1805
0,1807
0,1811
0,1813
1,1815
1,1816
0,1817
0,1818
1,1819
0,1822
0,1824
0,1827
0,1832
0,1833
0,1836
0,1837
0,1838
1,1840
0,1843
1,1844
1,1845
0,1847
0,1850
1,1854
0,1856
0,1858
0,1859
0,1860
0,1863
0,1872
0,1873
0,1875
1,1876
0,1877
0,1878
1,1879
0,1883
0,1898
0,1899
0,1905
1,1906
0,1907
0,1908
0,1909
0,1919
1,1922
1,1923
0,1924
1,1927
0,1930
0,1932
0,1933
1,1934
0,1935
1,1937
0,1939
1,1941
1,1944
0,1946
1,1948
0,1949
1,1950
0,1953
0,1956
1,1958
0,1960
1,1961
1,1963
0,1964
0,1965
0,1966
0,1968
0,1971
0,1974
1,1975
0,1976
0,1983
0,1985
0,1986
0,1993
0,1995
0,1996
1,1997
0,1998
0,1999
1,2004
1,2005
1,2012
0,2014
1,2017
1,2018
1,2020
0,2021
1,2022
0,2027
0,2030
1,2036
0,2037
0,2039
0,2043
0,2044
0,2045
0,2046
1,2047
1,2049
0,2051
0,2053
0,2058
1,2060
1,2065
0,2075
0,2076
1,2078
1,2080
0,2082
0,2089
0,2090
0,2093
0,2094
1,2095
0,2097
1,2099
0,2100
1,2104
1,2109
0,2114
0,2115
0,2116
1,2122
0,2132
0,2133
0,2134
1,2135
0,2137
0,2139
0,2145
0,2146
0,2154
0,2156
0,2157
0,2158
0,2163
1,2164
1,2166
0,2168
1,2170
0,2171
1,2172
0,2173
0,2177
0,2178
0,2179
0,2182
1,2184
0,2185
0,2186
0,2188
1,2198
0,2199
0,2201
0,2202
1,2203
0,2204
0,2208
0,2209
1,2212
0,2217
0,2218
1,2219
0,2221
0,2224
0,2227
0,2230
1,2234
0,2236
0,2237
0,2238
1,2239
0,2240
0,2242
0,2243
0,2244
0,2245
0,2246
0,2252
1,2253
0,2254
0,2256
0,2257
1,2260
1,2263
1,2265
0,2266
1,2269
1,2274
0,2276
0,2279
1,2280
0,2284
0,2285
0,2287
1,2289
0,2290
0,2291
0,2292
0,2293
0,2294
0,2296
0,2297
0,2306
0,2310
0,2311
1,2312
0,2313
0,2321
1,2322
0,2325
0,2326
0,2327
0,2328
0,2330
1,2331
1,2332
0,2335
0,2338
0,2341
0,2342
0,2350
0,2356
1,2357
0,2358
0,2359
1,2360
1,2362
0,2363
0,2364
1,2365
0,2366
0,2368
0,2371
0,2372
1,2373
1,2375
0,2376
0,2377
0,2378
0,2380
1,2382
0,2383
0,2384
1,2386
0,2389
1,2390
0,2394
1,2395
1,2398
0,2399
1,2400
0,2407
1,2409
1,2413
0,2414
0,2415
1,2417
1,2418
1,2419
0,2420
1,2421
0,2428
0,2433
0,2435
0,2438
0,2439
0,2443
0,2444
1,2447
0,2448
0,2461
0,2462
1,2463
0,2464
1,2467
1,2468
0,2469
0,2474
0,2476
1,2478
0,2479
1,2480
1,2482
0,2484
0,2489
1,2495
0,2499
0,2501
0,2504
0,2505
0,2512
0,2513
0,2517
0,2520
1,2526
0,2527
0,2530
0,2532
0,2535
0,2541
0,2543
0,2545
1,2546
1,2547
0,2549
0,2550
1,2551
0,2554
1,2555
1,2558
0,2559
1,2564
0,2567
1,2568
0,2569
0,2571
0,2573
1,2574
0,2576
0,2577
0,2579
1,2580
1,2581
1,2583
0,2585
0,2587
0,2588
0,2589
0,2591
0,2595
1,2596
1,2599
0,2609
0,2610
0,2613
0,2615
1,2616
0,2618
0,2619
0,2630
0,2631
0,2632
0,2633
1,2634
0,2636
0,2639
0,2640
1,2642
1,2645
0,2647
0,2655
1,2656
1,2660
1,2663
0,2665
1,2666
0,2667
0,2668
1,2669
1,2671
0,2672
0,2674
0,2677
1,2679
0,2683
0,2685
0,2688
0,2689
1,2694
1,2707
0,2708
1,2712
0,2714
0,2719
0,2725
0,2729
1,2730
1,2733
0,2739
0,2743
1,2744
1,2745
0,2751
0,2757
0,2760
0,2762
0,2764
1,2765
0,2766
0,2768
0,2770
0,2772
1,2773
0,2775
0,2779
0,2788
1,2789
0,2791
0,2793
1,2794
1,2796
0,2800
1,2801
1,2803
0,2804
0,2809
0,2810
1,2811
1,2813
0,2815
1,2816
0,2818
0,2823
1,2824
1,2826
1,2828
1,2830
0,2831
0,2834
1,2838
0,2839
1,2844
1,2845
1,2847
0,2853
0,2855
0,2856
1,2859
1,2860
0,2868
0,2874
1,2880
0,2881
0,2883
1,2884
1,2885
0,2887
1,2890
1,2892
0,2893
0,2894
0,2895
0,2899
0,2903
0,2904
0,2907
0,2908
0,2910
0,2912
0,2913
0,2914
0,2915
0,2922
0,2926
0,2927
1,2934
0,2936
1,2942
1,2944
0,2946
0,2951
0,2952
0,2955
1,2958
1,2965
0,2967
0,2971
0,2974
0,2975
1,2976
0,2978
1,2980
0,2982
1,2983
1,2984
0,2985
0,2986
0,2989
0,2992
1,2996
0,2997
1,2998
1,3001
0,3008
0,3012
0,3013
1,3015
0,3016
0,3018
0,3019
0,3020
0,3021
0,3026
1,3027
1,3028
0,3029
0,3030
1,3032
1,3034
1,3038
1,3045
0,3048
1,3049
1,3051
0,3054
0,3057
0,3058
1,3061
1,3062
0,3063
1,3064
0,3066
1,3069
0,3073
0,3076
0,3079
1,3082
0,3083
0,3086
0,3087
0,3090
0,3097
0,3100
0,3101
1,3102
0,3104
0,3108
1,3110
0,3111
0,3112
1,3119
0,3120
0,3125
0,3126
1,3131
0,3135
0,3138
1,3140
0,3142
1,3144
1,3150
1,3155
1,3156
0,3159
0,3162
0,3163
0,3164
1,3168
1,3170
1,3174
0,3175
0,3177
0,3185
0,3187
0,3189
0,3201
0,3204
0,3206
1,3207
1,3210
0,3212
1,3213
1,3214
0,3215
1,3216
0,3217
0,3218
0,3219
1,3221
1,3223
1,3224
0,3225
0,3226
0,3233
1,3235
0,3236
0,3238
0,3239
0,3241
0,3244
0,3252
1,3253
0,3254
0,3255
1,3256
1,3257
1,3258
0,3260
1,3261
1,3264
1,3265
0,3266
0,3269
0,3272
0,3273
1,3274
0,3279
0,3280
0,3283
1,3285
1,3287
1,3290
1,3292
1,3294
1,3297
0,3298
1,3299
0,3301
1,3303
0,3311
0,3313
1,3314
0,3315
1,3316
0,3318
1,3319
0,3322
1,3323
1,3324
1,3327
1,3329
1,3331
0,3335
0,3337
0,3339
0,3340
1,3341
0,3342
0,3349
1,3351
0,3353
0,3360
1,3361
1,3367
1,3374
0,3376
0,3380
0,3381
1,3386
1,3387
0,3388
0,3392
1,3401
0,3407
0,3409
0,3410
0,3411
1,3412
0,3414
1,3415
0,3416
1,3417
0,3420
0,3421
1,3423
0,3425
0,3429
1,3432
0,3436
1,3437
1,3438
0,3448
0,3449
0,3451
0,3452
0,3457
0,3462
0,3463
0,3465
0,3468
1,3474
0,3477
0,3478
1,3489
0,3490
0,3497
0,3499
0,3505
1,3507
1,3510
0,3517
0,3518
0,3520
1,3521
1,3522
0,3525
1,3528
0,3529
0,3534
0,3537
0,3542
0,3543
1,3545
1,3547
1,3548
0,3550
0,3551
0,3552
0,3558
0,3560
1,3562
0,3563
0,3565
1,3566
1,3567
1,3571
0,3583
0,3587
1,3589
0,3591
0,3594
0,3595
0,3596
0,3598
1,3599
1,3600
0,3602
1,3603
1,3604
0,3612
1,3614
0,3615
0,3618
0,3621
0,3631
1,3633
1,3634
0,3635
1,3643
0,3645
0,3646
1,3648
0,3651
1,3652
0,3653
0,3655
0,3656
0,3657
0,3661
0,3662
0,3663
0,3665
0,3667
0,3673
1,3676
1,3677
0,3679
1,3681
0,3684
0,3685
0,3687
0,3690
0,3699
0,3700
1,3705
0,3712
0,3713
1,3716
0,3721
0,3722
0,3724
0,3727
0,3737
1,3739
0,3740
1,3742
0,3743
0,3747
1,3748
0,3749
0,3754
0,3756
1,3759
1,3760
0,3763
1,3765
0,3766
1,3767
0,3768
0,3771
0,3773
1,3775
0,3778
0,3781
0,3787
0,3788
0,3792
1,3796
1,3798
1,3799
1,3800
1,3801
0,3805
0,3809
0,3810
1,3812
0,3813
0,3814
1,3815
0,3816
0,3819
0,3820
1,3822
0,3824
1,3829
0,3830
1,3835
1,3838
0,3842
1,3847
1,3848
0,3850
0,3852
0,3853
0,3855
0,3867
0,3868
1,3875
0,3877
0,3880
0,3882
0,3884
0,3885
0,3893
0,3897
0,3899
1,3903
0,3906
1,3908
0,3912
0,3913
0,3918
0,3919
0,3921
1,3923
1,3924
0,3925
1,3928
1,3930
0,3931
0,3937
0,3938
0,3949
1,3951
1,3954
0,3957
1,3960
1,3964
0,3968
0,3969
0,3970
1,3972
0,3973
1,3978
1,3981
0,3983
1,3984
1,3990
0,3993
0,3994
0,3995
1,3997
1,4003
0,4004
1,4008
1,4013
0,4014
0,4017
1,4018
0,4021
0,4029
1,4031
0,4032
0,4033
0,4035
0,4036
0,4038
0,4042
0,4045
1,4046
1,4048
0,4051
1,4055
0,4056
0,4057
1,4058
0,4065
0,4068
0,4070
0,4072
1,4073
0,4074
0,4077
1,4086
1,4089
0,4096
0,4098
0,4106
0,4108
0,4113
1,4114
0,4126
1,4127
0,4128
0,4129
0,4130
1,4135
1,4136
1,4137
0,4138
1,4142
0,4146
0,4147
1,4155
1,4156
0,4159
0,4160
0,4165
1,4166
1,4170
1,4173
0,4174
1,4175
0,4177
0,4178
1,4180
0,4181
1,4183
1,4186
0,4187
1,4188
0,4190
1,4191
1,4192
0,4195
0,4198
0,4199
1,4203
1,4205
1,4207
1,4208
0,4210
0,4214
0,4215
0,4216
0,4219
1,4222
1,4226
1,4229
1,4230
0,4233
1,4234
0,4235
0,4237
0,4240
1,4245
0,4248
0,4250
0,4253
1,4255
0,4256
0,4257
0,4261
0,4263
0,4268
0,4271
0,4277
1,4279
0,4281
0,4284
0,4288
0,4289
0,4291
0,4292
0,4293
0,4294
0,4295
0,4296
0,4298
0,4300
1,4302
0,4307
0,4316
0,4317
0,4319
0,4320
0,4322
0,4325
0,4327
0,4328
0,4331
0,4332
0,4337
0,4338
0,4345
1,4348
1,4350
1,4354
0,4355
0,4356
1,4361
1,4363
0,4365
1,4366
0,4377
0,4378
1,4379
1,4381
0,4383
0,4384
1,4385
0,4386
0,4389
1,4395
0,4396
0,4400
0,4401
0,4402
1,4403
0,4405
1,4407
1,4409
0,4411
1,4412
0,4416
1,4423
0,4425
0,4427
0,4432
1,4433
0,4435
1,4436
0,4438
0,4439
0,4441
1,4445
0,4446
0,4447
1,4448
0,4450
0,4451
0,4452
0,4455
1,4466
0,4469
0,4470
0,4471
0,4474
0,4477
0,4478
0,4482
1,4483
1,4485
0,4490
0,4494
0,4500
0,4504
0,4505
0,4508
1,4509
0,4514
1,4515
0,4518
0,4521
0,4525
0,4526
0,4532
0,4535
1,4536
0,4538
1,4539
1,4541
0,4542
0,4543
1,4544
0,4549
1,4552
0,4553
1,4554
0,4555
1,4558
0,4559
1,4567
0,4568
1,4569
0,4570
0,4571
0,4572
1,4574
1,4577
0,4579
0,4581
0,4583
0,4587
0,4588
0,4589
0,4590
0,4592
0,4594
1,4601
1,4602
0,4604
1,4607
0,4609
1,4613
0,4617
1,4619
0,4621
1,4625
0,4626
0,4627
0,4629
1,4633
1,4634
1,4638
1,4641
0,4644
0,4649
0,4650
0,4651
0,4655
0,4657
0,4659
1,4660
1,4661
1,4662
0,4663
0,4666
0,4667
0,4669
0,4670
0,4674
0,4675
0,4676
0,4679
0,4688
0,4692
0,4696
0,4697
0,4699
0,4700
0,4701
0,4703
0,4705
0,4706
0,4707
1,4708
1,4710
0,4711
0,4713
1,4714
1,4716
0,4719
0,4725
0,4726
1,4728
1,4730
1,4733
0,4737
0,4740
0,4745
0,4747
1,4750
1,4751
0,4757
0,4758
0,4760
0,4765
0,4770
0,4772
0,4774
0,4780
0,4782
0,4783
1,4784
0,4787
0,4789
0,4791
0,4792
0,4794
1,4796
0,4798
0,4801
1,4804
1,4805
0,4806
1,4810
0,4811
0,4813
0,4815
0,4816
1,4817
1,4819
0,4820
0,4828
1,4829
0,4831
1,4832
1,4833
0,4834
0,4835
0,4836
1,4838
1,4839
0,4840
0,4842
0,4844
0,4845
0,4849
0,4850
0,4851
0,4854
1,4858
0,4859
0,4860
0,4862
0,4865
0,4869
0,4873
0,4885
0,4887
0,4888
1,4891
0,4892
0,4893
1,4894
1,4896
1,4898
1,4901
1,4903
0,4906
0,4908
1,4911
0,4912
1,4915
1,4918
0,4921
0,4927
1,4929
0,4930
0,4931
0,4932
0,4933
1,4934
0,4938
1,4941
0,4943
1,4944
0,4946
0,4949
0,4953
1,4957
0,4964
0,4965
0,4966
0,4967
1,4968
0,4975
0,4976
1,4977
0,4979
1,4980
1,4982
0,4990
1,4992
0,4993
0,4994
0,4995
0,4996
0,4998
0,5001
0,5002
0,5003
0,5004
0,5005
0,5006
1,5008
0,5011
0,5015
1,5021
0,5024
0,5025
0,5027
1,5037
1,5038
0,5051
1,5056
0,5059
0,5061
0,5065
1,5067
0,5068
0,5075
1,5082
0,5083
0,5086
0,5087
0,5091
1,5094
0,5095
0,5097
0,5098
1,5101
1,5102
0,5104
0,5105
0,5110
1,5114
0,5118
1,5120
0,5124
0,5125
1,5130
1,5131
0,5133
0,5134
1,5135
0,5136
0,5138
0,5140
1,5141
1,5147
0,5149
1,5150
1,5152
0,5155
1,5156
0,5157
0,5162
0,5165
0,5169
1,5172
0,5173
0,5174
1,5176
1,5177
0,5183
0,5184
1,5185
1,5186
0,5195
0,5200
0,5202
0,5204
0,5209
0,5211
0,5214
0,5215
0,5217
1,5219
0,5221
1,5222
0,5225
1,5226
0,5228
0,5231
0,5233
1,5237
0,5240
1,5243
0,5247
0,5249
1,5253
1,5254
0,5255
0,5260
0,5263
0,5265
0,5266
0,5271
0,5272
0,5273
1,5278
0,5281
0,5284
0,5285
0,5286
0,5289
0,5291
0,5292
0,5293
0,5294
0,5295
1,5296
0,5298
0,5299
0,5301
0,5302
0,5303
0,5304
0,5305
1,5308
1,5309
1,5313
0,5319
0,5320
0,5327
0,5329
0,5330
1,5331
0,5332
0,5334
0,5341
0,5342
0,5344
1,5349
0,5350
1,5351
0,5353
0,5354
0,5358
1,5361
1,5364
0,5366
0,5368
1,5369
0,5370
0,5371
1,5372
0,5376
1,5379
0,5391
0,5396
0,5397
0,5398
1,5399
0,5401
0,5402
0,5404
0,5411
0,5416
0,5419
0,5421
0,5422
0,5423
1,5424
0,5425
0,5426
0,5433
0,5437
1,5439
1,5441
1,5443
1,5444
1,5445
0,5447
0,5449
1,5450
0,5452
0,5453
0,5454
0,5458
1,5459
1,5464
0,5465
0,5468
1,5469
1,5473
1,5474
0,5476
0,5477
1,5481
0,5482
0,5483
0,5485
0,5486
0,5487
1,5490
0,5494
0,5495
0,5500
1,5501
0,5503
0,5504
0,5505
0,5510
0,5511
1,5514
0,5520
0,5521
0,5522
1,5525
0,5527
1,5528
0,5530
0,5531
1,5532
0,5533
1,5534
1,5539
0,5540
1,5544
1,5545
0,5546
0,5547
0,5548
1,5550
1,5552
1,5556
0,5560
1,5561
0,5564
0,5568
0,5569
1,5570
1,5574
1,5575
0,5577
0,5578
0,5582
1,5584
0,5587
0,5588
1,5589
1,5593
1,5594
1,5596
0,5597
0,5598
0,5600
0,5601
1,5602
1,5603
1,5604
0,5609
0,5612
1,5616
1,5618
1,5624
1,5629
0,5630
1,5632
1,5633
1,5647
0,5648
0,5650
0,5654
1,5655
0,5658
0,5659
1,5661
0,5662
1,5664
0,5668
1,5670
0,5671
0,5672
0,5676
1,5679
1,5680
1,5681
1,5682
1,5684
0,5688
0,5689
0,5692
0,5693
0,5698
0,5699
0,5700
0,5701
1,5709
0,5710
1,5711
1,5712
0,5713
0,5714
0,5716
0,5717
1,5718
1,5720
0,5722
1,5724
0,5728
1,5729
0,5730
1,5732
0,5733
0,5735
0,5737
1,5738
1,5739
1,5740
1,5742
1,5743
0,5746
1,5749
0,5752
0,5755
0,5758
0,5759
0,5760
1,5761
0,5768
0,5771
0,5772
0,5773
0,5782
0,5783
0,5784
1,5785
0,5786
1,5789
0,5791
0,5792
1,5793
1,5795
0,5796
1,5799
1,5808
0,5811
0,5813
0,5814
0,5817
0,5818
0,5819
0,5822
1,5824
0,5825
0,5827
0,5830
0,5831
1,5834
0,5835
1,5837
1,5838
0,5844
1,5845
1,5847
1,5850
1,5852
0,5855
0,5858
0,5861
0,5867
1,5868
0,5870
0,5872
0,5873
0,5874
0,5875
0,5876
1,5877
0,5887
0,5889
0,5890
0,5895
0,5896
1,5898
1,5899
1,5900
1,5901
1,5904
0,5905
0,5910
0,5914
1,5915
1,5916
0,5920
0,5922
1,5927
1,5932
1,5933
1,5935
1,5939
0,5940
1,5941
0,5943
0,5949
1,5952
1,5955
0,5962
1,5966
0,5971
0,5973
0,5975
0,5976
0,5978
0,5979
0,5980
0,5982
0,5984
0,5986
0,5989
0,5990
1,5992
0,5993
1,5995
1,5996
0,5997
0,5999
0,6000
0,6002
1,6004
0,6009
0,6014
0,6015
0,6016
1,6018
1,6019
1,6021
0,6022
0,6023
0,6024
0,6030
1,6031
0,6032
0,6034
1,6037
0,6038
1,6039
0,6041
0,6043
1,6044
1,6047
1,6051
0,6053
1,6055
1,6056
0,6057
1,6058
0,6060
0,6063
0,6064
0,6065
0,6069
0,6071
0,6073
0,6075
0,6078
0,6079
1,6081
1,6082
0,6084
1,6085
0,6088
0,6089
0,6094
0,6095
1,6101
1,6105
1,6107
0,6112
0,6113
0,6114
0,6116
0,6118
1,6120
0,6121
1,6129
1,6134
1,6135
1,6137
1,6138
0,6140
1,6155
0,6161
1,6163
0,6165
0,6167
0,6168
1,6174
0,6178
1,6180
0,6182
0,6184
0,6187
1,6188
0,6190
0,6191
0,6197
1,6198
0,6201
1,6210
0,6212
0,6213
0,6214
0,6218
1,6220
0,6224
1,6227
0,6228
0,6232
0,6234
0,6236
0,6245
0,6246
1,6250
1,6251
1,6252
1,6254
0,6255
1,6256
0,6260
0,6261
1,6263
0,6264
0,6266
0,6267
0,6270
0,6271
1,6272
1,6275
0,6284
0,6287
1,6290
1,6296
1,6297
1,6301
1,6304
0,6305
0,6308
0,6311
0,6312
0,6316
0,6319
0,6325
1,6326
0,6327
0,6328
0,6333
0,6337
1,6338
0,6339
1,6340
0,6342
1,6353
0,6357
0,6359
0,6361
0,6362
0,6365
0,6366
0,6368
1,6369
0,6373
0,6374
1,6375
0,6379
0,6383
0,6384
0,6389
1,6390
1,6393
0,6398
0,6400
0,6402
0,6404
1,6406
1,6408
0,6409
0,6412
1,6413
0,6414
1,6415
1,6418
0,6419
0,6421
1,6424
1,6425
0,6427
1,6430
1,6435
0,6436
0,6437
0,6438
1,6440
0,6443
1,6444
1,6445
0,6447
0,6449
1,6450
0,6451
0,6453
0,6454
0,6456
0,6457
0,6458
0,6459
0,6460
1,6463
0,6470
0,6471
0,6474
1,6476
1,6477
0,6484
1,6486
0,6487
1,6489
1,6498
1,6499
0,6500
1,6505
0,6506
1,6508
0,6509
1,6515
1,6516
0,6517
1,6518
0,6523
0,6527
0,6529
0,6535
0,6536
0,6537
1,6538
1,6540
1,6541
0,6542
0,6552
0,6553
1,6555
0,6560
1,6562
0,6563
1,6571
0,6572
1,6579
1,6580
1,6583
0,6592
0,6594
1,6596
0,6600
0,6601
1,6602
1,6603
0,6604
0,6605
0,6606
1,6608
0,6609
1,6610
1,6612
0,6614
0,6616
1,6618
1,6619
1,6622
0,6626
0,6627
0,6629
0,6632
0,6634
0,6637
1,6640
0,6642
0,6647
0,6648
1,6650
1,6651
1,6660
0,6665
1,6667
0,6668
1,6670
0,6673
0,6674
0,6675
0,6678
0,6680
0,6688
0,6692
0,6696
0,6698
0,6699
1,6701
1,6706
0,6708
0,6711
0,6714
0,6715
1,6716
0,6717
0,6718
1,6720
0,6728
1,6731
0,6739
0,6741
0,6742
0,6743
0,6746
0,6748
0,6750
1,6754
0,6755
1,6756
0,6757
0,6761
0,6763
0,6770
0,6773
0,6774
0,6775
0,6778
0,6786
0,6788
1,6789
1,6791
0,6794
0,6796
1,6798
1,6800
1,6805
0,6807
0,6808
0,6810
1,6813
1,6815
0,6821
0,6822
1,6824
1,6825
0,6827
0,6830
0,6831
1,6832
1,6833
0,6835
0,6839
0,6840
1,6841
1,6842
0,6845
0,6848
1,6849
0,6850
0,6854
1,6859
0,6861
1,6865
0,6866
0,6867
0,6869
0,6870
0,6871
0,6873
0,6877
1,6878
0,6881
0,6885
0,6886
0,6889
0,6891
0,6895
0,6897
1,6898
1,6903
1,6905
1,6906
1,6909
0,6910
0,6912
0,6913
0,6914
0,6920
0,6921
1,6923
0,6924
0,6928
1,6931
0,6933
0,6935
0,6937
0,6939
0,6941
1,6944
0,6946
0,6953
0,6954
0,6955
1,6956
0,6958
0,6959
1,6960
1,6961
1,6963
0,6964
0,6965
0,6969
1,6970
0,6971
0,6973
0,6974
0,6976
0,6985
0,6987
0,6990
0,6993
0,6997
0,6998
1,7000
0,7003
1,7004
0,7008
1,7010
0,7016
0,7018
0,7019
0,7021
0,7025
0,7026
0,7027
0,7031
0,7033
1,7035
1,7041
1,7042
0,7047
0,7049
0,7050
0,7051
1,7052
0,7054
1,7055
0,7059
0,7060
0,7063
0,7065
0,7066
0,7068
0,7069
0,7070
0,7071
1,7073
0,7077
1,7079
1,7086
1,7087
0,7089
0,7090
0,7092
0,7101
0,7103
1,7107
0,7108
0,7109
1,7110
0,7111
0,7112
0,7115
1,7116
0,7117
0,7123
0,7126
0,7129
1,7132
0,7133
0,7134
1,7136
0,7137
0,7142
0,7145
1,7147
0,7150
0,7155
0,7157
0,7158
1,7159
0,7160
0,7165
0,7168
1,7169
0,7170
0,7176
0,7181
0,7186
0,7193
0,7197
0,7198
1,7199
0,7201
0,7205
0,7210
0,7212
1,7214
0,7215
1,7216
0,7218
0,7219
1,7223
0,7224
0,7225
0,7226
0,7231
0,7237
0,7238
0,7240
1,7248
0,7250
1,7261
0,7263
0,7265
0,7266
0,7269
0,7270
0,7271
1,7272
0,7275
0,7276
0,7277
0,7280
0,7285
0,7286
1,7289
0,7292
0,7295
0,7296
1,7298
0,7299
1,7304
0,7306
1,7307
0,7309
0,7310
0,7314
1,7318
0,7319
0,7320
0,7322
0,7324
0,7326
0,7327
0,7328
1,7329
0,7333
0,7334
0,7336
1,7337
0,7342
0,7343
1,7344
0,7346
0,7348
0,7349
0,7353
0,7354
0,7355
0,7357
0,7358
0,7359
0,7364
0,7367
0,7368
0,7373
0,7374
0,7375
1,7376
0,7377
0,7379
0,7381
0,7385
0,7386
1,7387
0,7389
0,7390
0,7391
1,7393
0,7395
0,7399
0,7404
0,7405
0,7406
1,7409
1,7410
0,7412
1,7415
0,7417
0,7418
0,7419
0,7426
1,7427
0,7434
0,7437
1,7438
0,7442
0,7457
0,7459
1,7460
0,7462
0,7465
0,7467
1,7468
0,7469
0,7470
0,7472
0,7473
0,7475
0,7477
1,7478
0,7483
0,7485
0,7488
0,7490
0,7492
1,7494
1,7501
0,7502
0,7503
1,7504
1,7505
0,7506
0,7507
1,7510
0,7512
0,7513
0,7514
0,7516
0,7520
1,7525
1,7526
1,7528
1,7529
1,7533
0,7535
0,7536
0,7537
1,7539
0,7540
0,7545
0,7548
0,7550
0,7553
0,7554
0,7556
0,7557
1,7561
0,7563
0,7568
0,7570
1,7571
0,7573
1,7577
1,7578
0,7581
0,7582
0,7587
0,7588
0,7589
1,7592
0,7596
0,7597
1,7601
0,7602
0,7603
0,7604
0,7605
0,7606
1,7607
0,7608
0,7610
0,7613
1,7618
1,7621
1,7631
0,7632
0,7636
0,7640
0,7644
0,7645
1,7647
0,7653
0,7654
1,7656
0,7658
0,7659
0,7662
0,7663
0,7666
0,7667
0,7676
0,7677
0,7680
1,7685
0,7688
1,7690
0,7693
0,7694
0,7697
1,7702
0,7705
1,7713
0,7714
0,7715
0,7726
0,7727
1,7731
1,7732
0,7733
0,7734
1,7735
0,7738
0,7739
1,7741
1,7742
0,7746
0,7750
1,7752
0,7755
1,7757
1,7758
1,7761
1,7767
0,7771
0,7772
0,7777
1,7779
0,7780
0,7783
0,7785
1,7789
1,7790
1,7793
0,7795
1,7798
0,7800
0,7802
0,7803
1,7805
1,7809
0,7810
0,7822
0,7824
1,7827
1,7828
0,7829
1,7832
0,7833
1,7834
0,7837
1,7840
0,7841
1,7844
0,7845
0,7850
0,7851
1,7852
0,7856
0,7857
1,7860
1,7863
0,7865
0,7866
1,7868
0,7870
0,7871
0,7873
0,7879
0,7881
1,7883
1,7884
0,7885
0,7888
0,7891
0,7893
0,7895
0,7905
0,7907
0,7908
0,7911
0,7912
0,7917
1,7918
0,7919
1,7923
1,7926
0,7928
0,7935
1,7936
0,7940
0,7943
1,7944
0,7946
0,7950
1,7956
1,7957
0,7958
0,7959
0,7961
1,7963
1,7965
0,7966
0,7967
0,7970
1,7978
0,7982
0,7983
0,7984
0,7985
0,7988
0,7991
0,7992
0,7997
0,7998
0,8001
0,8002
0,8007
1,8008
0,8009
0,8013
0,8018
1,8020
0,8022
0,8023
0,8027
1,8029
0,8032
0,8035
0,8037
0,8039
0,8040
0,8043
0,8044
0,8046
0,8049
0,8050
0,8052
0,8056
0,8058
0,8060
0,8062
0,8063
0,8068
1,8069
1,8075
1,8077
1,8079
0,8086
0,8087
0,8088
1,8090
0,8093
0,8094
0,8096
1,8100
0,8101
0,8102
0,8103
1,8104
1,8105
0,8107
0,8111
0,8114
1,8117
1,8119
0,8120
1,8121
1,8122
0,8123
1,8125
0,8126
1,8128
1,8129
1,8132
0,8133
0,8135
1,8137
0,8139
0,8143
1,8146
0,8147
1,8150
0,8152
0,8153
0,8155
0,8156
0,8157
1,8158
0,8160
0,8162
0,8163
0,8165
1,8169
0,8170
0,8171
1,8177
0,8179
1,8184
0,8188
0,8193
0,8197
0,8198
0,8201
0,8203
1,8204
1,8205
1,8207
1,8208
0,8210
0,8211
1,8213
0,8216
1,8218
1,8219
1,8222
0,8223
0,8225
0,8231
1,8232
0,8233
0,8234
0,8238
0,8241
0,8252
0,8254
0,8259
0,8260
0,8262
0,8263
1,8264
0,8270
0,8273
0,8276
0,8279
1,8280
1,8281
1,8286
0,8287
0,8292
0,8293
0,8294
0,8297
1,8300
1,8301
0,8303
1,8310
0,8311
1,8317
1,8318
0,8319
0,8326
1,8327
0,8331
0,8334
0,8339
0,8343
0,8344
1,8346
0,8349
1,8352
0,8353
1,8354
1,8355
0,8357
1,8361
1,8362
0,8363
0,8365
0,8368
0,8375
1,8376
0,8379
1,8381
1,8387
0,8389
0,8390
1,8392
0,8395
0,8398
0,8400
0,8402
0,8404
1,8408
0,8410
1,8416
1,8418
1,8427
0,8430
1,8432
1,8438
1,8440
1,8443
0,8444
0,8445
0,8446
0,8453
1,8455
0,8459
0,8464
1,8468
0,8469
0,8470
0,8471
1,8472
0,8481
1,8482
1,8483
0,8484
1,8489
1,8493
0,8494
1,8496
1,8497
0,8498
0,8499
0,8500
0,8501
1,8503
0,8506
1,8508
0,8510
1,8511
0,8515
0,8516
0,8517
0,8522
0,8523
0,8525
0,8527
1,8529
0,8532
0,8536
0,8541
1,8542
0,8544
1,8546
0,8552
0,8553
0,8558
1,8560
1,8561
1,8562
0,8566
0,8569
0,8571
0,8575
1,8577
1,8578
0,8581
1,8585
0,8589
1,8596
1,8597
0,8605
0,8607
0,8608
0,8611
1,8612
1,8613
0,8614
0,8615
0,8616
0,8619
0,8622
1,8623
0,8624
0,8627
0,8633
1,8635
1,8636
0,8642
1,8645
1,8647
0,8648
0,8654
0,8656
1,8657
1,8658
0,8659
1,8660
1,8662
1,8665
0,8666
1,8667
0,8669
1,8670
0,8672
1,8679
0,8682
1,8685
1,8686
0,8687
1,8689
0,8690
1,8691
0,8697
0,8701
0,8703
1,8704
1,8706
1,8710
0,8712
1,8713
0,8715
1,8719
0,8723
1,8724
0,8725
0,8726
0,8731
1,8733
0,8735
0,8736
0,8737
0,8740
0,8745
0,8746
1,8752
0,8754
1,8755
0,8756
0,8757
0,8760
0,8764
1,8767
1,8768
1,8773
0,8776
0,8778
0,8784
0,8791
0,8792
0,8793
0,8795
0,8801
0,8809
0,8812
1,8817
1,8819
0,8827
0,8830
1,8831
0,8834
0,8839
0,8840
0,8843
1,8845
0,8847
1,8851
1,8853
0,8856
0,8859
1,8860
0,8862
1,8863
0,8864
0,8865
1,8870
0,8871
1,8879
1,8881
0,8883
0,8885
0,8889
1,8892
0,8895
1,8896
0,8898
0,8899
1,8904
0,8905
0,8906
0,8910
0,8914
0,8917
0,8920
1,8921
0,8924
0,8925
1,8930
0,8933
1,8936
0,8937
0,8939
1,8943
0,8944
0,8945
0,8946
1,8947
0,8948
1,8952
0,8954
0,8961
0,8962
0,8965
1,8966
1,8971
1,8975
0,8980
0,8982
0,8985
0,8986
0,8991
0,8994
1,8995
0,8996
0,9004
0,9005
1,9008
1,9010
0,9019
1,9021
0,9022
1,9032
1,9033
0,9035
1,9036
0,9038
0,9040
0,9043
0,9044
0,9045
0,9047
0,9050
0,9055
0,9057
0,9059
0,9060
0,9061
0,9062
1,9064
1,9067
0,9070
1,9072
0,9073
1,9075
0,9076
1,9080
0,9082
0,9084
1,9085
0,9090
0,9091
0,9098
0,9104
0,9105
1,9106
1,9108
0,9112
0,9113
0,9114
0,9115
0,9116
0,9117
0,9118
0,9120
1,9122
0,9127
0,9130
0,9136
0,9138
1,9142
0,9146
1,9148
1,9150
0,9151
1,9155
0,9156
0,9158
0,9159
0,9160
0,9161
0,9162
1,9164
0,9166
0,9171
0,9172
0,9175
0,9176
0,9177
0,9178
1,9181
1,9183
1,9184
0,9186
1,9190
1,9192
0,9197
1,9198
0,9200
1,9205
0,9207
0,9209
1,9211
1,9216
0,9218
0,9222
0,9225
1,9226
1,9228
0,9229
0,9231
0,9236
0,9237
0,9238
0,9240
0,9241
0,9243
0,9245
0,9246
1,9250
0,9251
0,9252
1,9259
0,9261
0,9264
0,9265
0,9269
0,9270
0,9272
0,9273
1,9275
0,9277
0,9278
0,9279
0,9280
0,9281
0,9285
0,9289
0,9292
0,9293
1,9294
1,9297
1,9299
1,9302
1,9304
0,9305
1,9306
0,9314
0,9317
1,9321
1,9324
1,9325
0,9331
0,9333
0,9335
0,9337
0,9338
0,9344
0,9346
1,9348
1,9349
1,9350
1,9351
0,9358
0,9360
0,9363
0,9365
0,9366
1,9370
0,9371
0,9373
0,9374
0,9375
0,9376
0,9377
0,9379
1,9383
0,9385
1,9395
1,9405
0,9406
0,9408
0,9409
0,9412
0,9415
0,9417
0,9419
1,9420
0,9424
1,9429
0,9432
1,9433
1,9434
0,9436
0,9442
0,9443
0,9445
0,9447
0,9448
0,9449
0,9453
1,9454
0,9457
0,9458
1,9459
0,9460
0,9462
0,9467
1,9469
0,9470
0,9471
1,9472
0,9473
1,9475
1,9476
1,9478
0,9480
0,9483
0,9485
1,9486
0,9492
1,9496
1,9497
0,9498
0,9500
0,9504
1,9505
1,9506
1,9509
0,9512
0,9513
1,9516
1,9521
0,9522
1,9527
0,9528
1,9529
0,9530
0,9535
0,9536
0,9540
0,9546
0,9555
0,9556
1,9558
0,9562
0,9564
0,9565
1,9573
1,9586
1,9592
0,9594
0,9596
1,9597
0,9598
0,9600
1,9601
0,9603
0,9604
0,9605
0,9606
0,9607
0,9610
0,9613
0,9615
1,9623
0,9627
0,9629
0,9630
0,9631
0,9632
1,9635
0,9638
1,9647
1,9648
1,9650
0,9653
0,9660
0,9663
0,9666
0,9668
1,9670
0,9672
1,9673
0,9677
1,9678
0,9679
1,9681
0,9682
0,9684
1,9685
0,9687
1,9689
0,9690
1,9699
1,9700
1,9701
0,9702
1,9703
1,9707
0,9709
0,9716
1,9717
0,9720
0,9723
0,9727
0,9729
1,9730
1,9731
0,9733
1,9734
0,9735
1,9742
0,9748
1,9749
0,9752
0,9755
0,9756
1,9757
0,9759
1,9760
0,9762
0,9763
1,9764
1,9765
0,9766
0,9768
1,9770
0,9771
1,9772
0,9777
1,9779
0,9781
1,9782
0,9788
0,9789
0,9792
1,9793
0,9794
1,9797
0,9798
1,9801
0,9806
0,9811
0,9814
0,9817
0,9820
0,9823
1,9824
0,9837
0,9839
0,9840
0,9841
0,9842
0,9844
0,9845
0,9847
0,9855
0,9861
0,9865
1,9869
0,9875
1,9877
1,9882
0,9885
1,9888
1,9889
0,9891
0,9893
1,9895
1,9897
0,9898
0,9900
0,9901
0,9902
1,9904
0,9906
0,9918
0,9923
1,9924
0,9926
0,9932
0,9933
0,9938
0,9940
0,9941
1,9943
0,9944
1,9946
0,9947
0,9948
0,9950
0,9953
1,9956
0,9961
0,9962
1,9963
0,9964
0,9965
0,9966
0,9967
1,9969
1,9970
1,9971
1,9975
0,9976
1,9977
0,9980
0,9981
1,9982
0,9983
0,9984
0,9985
1,9989
0,9990
0,9992
1,9994
0,9999
0,10001
0,10002
0,10004
0,10005
1,10010
0,10011
1,10012
1,10014
0,10018
0,10020
1,10026
0,10035
0,10036
0,10040
1,10043
0,10044
0,10048
0,10049
1,10050
0,10055
0,10056
0,10057
0,10058
0,10059
0,10060
1,10062
0,10066
1,10067
0,10068
1,10070
0,10073
0,10076
1,10077
0,10078
0,10079
0,10083
0,10084
0,10085
0,10095
1,10096
0,10098
1,10103
0,10104
0,10111
0,10113
0,10120
0,10121
0,10122
0,10128
1,10130
0,10136
0,10137
0,10139
0,10142
1,10144
1,10146
0,10147
0,10151
0,10154
0,10156
0,10157
0,10162
0,10163
0,10165
1,10169
1,10172
0,10175
1,10176
0,10177
0,10180
0,10184
0,10188
0,10189
1,10195
0,10197
0,10207
1,10211
1,10212
1,10213
1,10214
0,10217
0,10218
0,10223
1,10224
1,10227
1,10228
1,10233
0,10235
0,10238
0,10239
1,10240
1,10242
1,10248
0,10249
0,10251
0,10252
0,10257
1,10261
1,10267
1,10268
0,10270
1,10273
0,10274
1,10275
1,10279
1,10280
1,10281
0,10285
0,10286
1,10289
0,10290
0,10291
0,10294
1,10295
0,10298
1,10303
0,10307
1,10308
1,10310
0,10312
0,10313
0,10315
0,10317
1,10318
0,10319
1,10322
1,10323
0,10326
0,10329
0,10332
0,10335
1,10339
0,10341
0,10345
1,10352
0,10357
0,10358
0,10359
1,10360
1,10361
1,10363
0,10364
1,10365
0,10368
0,10370
0,10372
1,10373
0,10374
0,10375
0,10376
0,10379
0,10382
1,10383
1,10384
0,10386
1,10398
1,10399
0,10403
1,10405
0,10413
1,10418
1,10421
0,10422
0,10424
1,10428
0,10430
0,10432
1,10436
1,10437
1,10438
0,10439
0,10440
0,10447
0,10450
1,10451
0,10453
1,10455
0,10456
1,10462
0,10463
0,10464
0,10465
0,10466
1,10468
0,10482
0,10487
0,10488
1,10491
1,10494
0,10497
0,10501
0,10502
0,10503
1,10507
0,10510
1,10513
0,10516
0,10518
0,10519
1,10521
0,10524
0,10527
0,10528
1,10529
1,10535
0,10536
1,10543
0,10549
0,10551
0,10555
0,10559
0,10563
0,10565
0,10566
0,10568
1,10569
1,10571
0,10576
1,10578
1,10584
0,10590
0,10594
1,10596
0,10597
1,10599
1,10600
1,10601
0,10603
1,10604
0,10607
0,10608
0,10615
0,10616
0,10618
0,10621
0,10627
0,10629
1,10631
1,10632
1,10634
1,10639
0,10645
1,10648
0,10654
1,10657
0,10666
0,10673
0,10674
1,10678
0,10680
1,10682
1,10685
1,10686
1,10687
0,10688
0,10692
0,10694
1,10695
0,10697
0,10701
1,10703
0,10709
0,10711
1,10712
1,10713
1,10715
0,10720
1,10723
1,10727
1,10729
1,10731
0,10734
1,10735
1,10736
0,10737
1,10738
0,10739
0,10740
0,10741
1,10744
0,10745
1,10746
0,10747
1,10750
0,10752
1,10755
0,10756
0,10758
1,10760
0,10762
1,10766
0,10767
1,10769
0,10771
1,10772
1,10774
0,10777
1,10779
1,10782
0,10784
0,10785
0,10788
0,10790
1,10793
1,10795
0,10799
0,10804
1,10806
0,10808
0,10810
0,10816
1,10817
1,10818
0,10820
0,10825
0,10827
0,10833
0,10837
1,10839
1,10840
0,10842
0,10844
0,10848
0,10852
0,10856
1,10857
1,10858
1,10862
1,10864
0,10866
0,10872
1,10874
0,10879
0,10880
0,10882
1,10883
1,10884
0,10888
1,10889
0,10892
0,10893
1,10895
0,10901
0,10906
0,10907
1,10909
0,10912
0,10916
0,10920
0,10921
0,10927
1,10928
1,10930
0,10931
0,10932
0,10934
0,10941
0,10946
0,10947
0,10954
0,10955
0,10956
0,10960
1,10965
1,10966
0,10972
0,10973
0,10975
1,10977
1,10979
0,10982
0,10983
1,10985
0,10988
1,10990
0,10991
0,10994
0,11000
0,11002
0,11003
0,11004
0,11007
0,11012
0,11013
0,11014
0,11017
0,11020
0,11021
0,11022
1,11023
1,11025
0,11028
0,11031
1,11036
0,11039
0,11041
0,11046
0,11047
1,11050
0,11053
1,11055
1,11058
1,11062
0,11065
0,11070
1,11073
0,11080
0,11081
1,11083
1,11085
0,11087
0,11089
0,11090
0,11092
1,11093
0,11096
0,11097
0,11101
0,11107
0,11108
0,11109
0,11111
0,11112
0,11113
1,11118
1,11119
0,11123
0,11124
1,11125
0,11126
0,11130
0,11137
1,11138
0,11144
0,11145
0,11152
1,11154
0,11155
0,11156
0,11157
1,11158
1,11159
1,11160
0,11161
0,11163
0,11164
0,11168
1,11172
0,11174
1,11177
0,11180
1,11190
0,11195
0,11200
1,11203
1,11206
0,11209
0,11214
0,11215
0,11224
0,11226
1,11227
0,11228
0,11233
0,11234
0,11236
1,11237
0,11238
0,11240
0,11247
0,11248
1,11250
1,11253
0,11254
0,11255
0,11257
0,11258
0,11259
0,11261
0,11263
1,11267
1,11268
0,11270
1,11273
0,11274
0,11275
1,11276
0,11282
0,11283
1,11286
0,11288
1,11292
0,11293
0,11300
1,11302
1,11313
1,11317
0,11319
0,11323
0,11326
0,11327
0,11329
1,11332
0,11334
0,11335
0,11338
0,11340
0,11341
0,11342
0,11344
0,11345
1,11346
1,11349
1,11351
1,11353
0,11354
0,11355
0,11356
0,11359
0,11360
0,11362
1,11364
0,11365
1,11369
1,11373
0,11383
1,11385
0,11388
1,11390
0,11391
0,11393
0,11395
0,11398
0,11400
0,11401
1,11403
1,11404
1,11406
0,11411
0,11416
0,11417
0,11419
0,11420
0,11421
0,11422
0,11425
1,11426
0,11427
0,11428
0,11429
0,11432
1,11434
1,11437
0,11440
0,11441
1,11442
0,11444
0,11448
0,11452
1,11455
0,11458
0,11459
1,11460
0,11461
1,11463
0,11465
0,11466
1,11469
1,11471
1,11472
0,11475
0,11486
0,11489
0,11490
0,11496
1,11502
0,11503
0,11507
1,11508
1,11509
0,11510
1,11513
0,11519
1,11521
1,11523
0,11524
0,11525
0,11526
0,11530
0,11533
0,11535
0,11537
1,11540
0,11542
1,11545
0,11548
0,11549
0,11552
1,11554
0,11559
0,11563
0,11565
0,11566
1,11569
0,11574
0,11575
1,11576
0,11578
1,11579
0,11587
0,11594
1,11595
1,11596
1,11598
1,11604
0,11608
0,11609
1,11611
0,11612
0,11614
0,11618
0,11621
0,11622
0,11623
1,11625
1,11626
0,11627
1,11632
1,11633
1,11634
1,11635
0,11638
0,11639
0,11640
0,11642
0,11646
1,11651
1,11653
0,11655
1,11656
0,11657
1,11663
0,11666
1,11668
0,11670
1,11675
0,11678
0,11679
0,11683
0,11685
0,11686
1,11689
0,11692
1,11699
0,11702
1,11704
0,11705
1,11706
0,11708
0,11709
1,11712
1,11714
0,11717
1,11718
0,11720
1,11722
0,11724
1,11730
1,11731
1,11732
0,11734
1,11737
0,11738
1,11739
0,11745
0,11746
0,11747
0,11748
0,11749
0,11750
1,11752
1,11754
0,11756
0,11757
1,11767
1,11769
1,11770
0,11771
1,11774
0,11775
0,11776
0,11779
1,11781
1,11784
1,11785
0,11788
0,11790
0,11791
0,11793
1,11794
0,11796
0,11799
0,11800
1,11803
0,11806
1,11807
1,11811
1,11814
1,11815
1,11816
1,11821
1,11824
0,11825
1,11826
0,11828
0,11834
1,11835
0,11836
0,11838
1,11841
0,11842
0,11843
0,11844
0,11847
0,11848
0,11849
1,11853
0,11854
1,11857
0,11858
0,11859
0,11862
0,11865
1,11867
1,11871
1,11875
1,11877
0,11878
0,11880
1,11883
1,11884
1,11885
1,11886
0,11887
1,11890
0,11896
0,11899
0,11900
0,11905
0,11909
0,11910
0,11912
1,11916
1,11917
0,11919
0,11920
0,11922
1,11925
1,11926
1,11928
1,11930
1,11931
0,11932
0,11933
1,11934
0,11938
1,11939
1,11941
0,11943
1,11944
0,11945
1,11948
1,11952
1,11956
1,11959
1,11962
0,11963
0,11965
1,11969
0,11970
1,11971
1,11972
0,11973
1,11974
0,11984
0,11985
1,11986
0,11987
0,11988
0,11991
0,11995
0,11997
0,11998
1,12000
0,12001
0,12003
0,12010
1,12013
1,12014
0,12018
0,12021
0,12022
0,12027
1,12029
0,12030
0,12033
0,12036
1,12039
1,12041
0,12042
1,12043
0,12044
0,12045
1,12046
0,12048
0,12049
1,12053
1,12054
0,12056
0,12059
0,12063
0,12067
0,12069
1,12075
1,12076
0,12077
1,12078
0,12080
0,12081
0,12082
1,12083
1,12085
0,12087
0,12088
0,12091
1,12093
1,12095
0,12097
0,12101
1,12110
0,12114
0,12116
0,12120
1,12121
1,12123
1,12124
0,12126
1,12127
1,12128
0,12131
0,12136
1,12137
1,12139
1,12140
0,12145
0,12149
1,12153
0,12154
1,12156
1,12158
0,12163
1,12164
1,12165
0,12169
0,12172
0,12174
0,12176
0,12177
1,12179
1,12180
0,12183
0,12188
0,12191
0,12192
1,12193
1,12194
1,12195
0,12198
0,12199
1,12200
1,12202
1,12204
0,12205
1,12212
0,12213
1,12216
0,12217
1,12219
0,12221
1,12223
0,12224
1,12227
1,12229
0,12230
1,12232
0,12233
0,12234
0,12235
0,12240
1,12242
1,12244
1,12247
0,12249
1,12251
0,12252
0,12254
0,12258
1,12259
0,12261
1,12264
0,12266
1,12269
0,12274
0,12275
0,12276
0,12277
1,12285
1,12288
0,12291
0,12292
0,12293
0,12294
1,12295
1,12299
1,12302
0,12303
1,12304
1,12305
0,12306
0,12307
0,12310
1,12312
0,12313
0,12314
0,12315
0,12316
1,12317
0,12319
1,12322
1,12324
1,12329
1,12331
1,12333
0,12336
1,12337
1,12338
1,12339
1,12345
0,12356
0,12357
0,12358
0,12360
1,12361
1,12363
0,12370
0,12373
1,12377
0,12381
1,12382
0,12385
1,12391
0,12392
1,12395
0,12400
1,12402
1,12403
1,12404
0,12405
0,12406
1,12407
1,12408
0,12410
0,12411
1,12412
1,12413
0,12419
0,12420
0,12425
1,12428
0,12429
1,12433
1,12443
0,12446
0,12449
0,12453
0,12454
0,12455
0,12456
0,12458
0,12459
0,12464
1,12465
0,12469
0,12474
0,12478
0,12486
1,12489
0,12493
0,12495
1,12496
0,12497
0,12498
1,12501
0,12503
0,12504
0,12508
0,12511
0,12514
0,12515
0,12521
1,12524
1,12529
0,12532
0,12533
1,12537
0,12538
0,12545
0,12547
1,12552
1,12553
1,12554
0,12556
1,12558
1,12566
0,12569
0,12578
0,12580
1,12581
1,12583
0,12584
0,12585
0,12587
1,12588
0,12590
1,12591
0,12595
0,12599
0,12600
0,12603
0,12606
1,12611
1,12612
1,12614
0,12615
0,12616
0,12617
0,12618
1,12619
0,12620
1,12621
1,12628
0,12632
0,12638
1,12643
0,12648
1,12651
0,12653
0,12664
0,12667
0,12670
0,12677
1,12678
1,12679
1,12682
1,12684
1,12686
0,12689
0,12694
1,12696
1,12701
0,12702
1,12705
0,12710
0,12711
0,12713
1,12716
0,12717
0,12721
0,12722
0,12723
0,12725
1,12726
1,12729
1,12731
1,12733
1,12741
1,12743
1,12746
1,12749
0,12752
0,12760
0,12762
1,12766
1,12767
0,12773
1,12779
1,12782
0,12784
0,12786
0,12791
0,12800
1,12804
1,12806
0,12808
0,12810
0,12812
0,12816
0,12822
0,12824
0,12827
1,12829
1,12831
0,12832
1,12833
1,12836
0,12837
1,12838
0,12839
0,12845
1,12846
0,12853
1,12856
0,12857
1,12862
1,12868
0,12870
0,12875
0,12883
0,12887
1,12888
1,12889
1,12892
0,12894
1,12896
0,12899
0,12905
0,12906
0,12908
0,12909
0,12915
1,12917
0,12918
0,12921
0,12922
0,12924
0,12925
0,12927
0,12932
0,12936
0,12937
1,12938
0,12940
0,12945
1,12950
1,12952
1,12955
0,12962
0,12966
0,12969
1,12970
1,12971
0,12985
0,12986
0,12989
0,12991
1,12992
0,12994
1,12996
0,12999
0,13000
0,13003
0,13008
0,13009
0,13015
1,13017
0,13020
0,13021
0,13023
1,13024
1,13028
0,13029
0,13034
0,13036
0,13037
0,13038
1,13043
0,13045
0,13048
0,13051
0,13052
0,13053
0,13058
0,13061
1,13064
1,13066
0,13068
0,13069
1,13070
1,13071
1,13074
0,13076
1,13078
1,13079
1,13080
0,13082
0,13085
0,13091
0,13094
0,13099
1,13101
0,13102
1,13106
0,13109
0,13111
1,13112
1,13115
1,13119
1,13121
0,13123
1,13126
0,13129
0,13131
0,13135
1,13136
0,13137
0,13138
0,13139
0,13140
0,13141
1,13142
1,13143
0,13146
0,13155
1,13158
0,13159
0,13162
1,13167
0,13168
0,13171
0,13174
0,13175
1,13177
0,13180
0,13186
1,13187
1,13189
1,13191
1,13192
0,13197
1,13199
0,13204
0,13205
1,13207
1,13209
1,13213
0,13216
1,13217
0,13218
0,13220
0,13221
1,13224
0,13227
0,13229
1,13230
0,13235
1,13236
0,13237
0,13238
0,13239
0,13245
0,13248
1,13251
1,13255
0,13259
0,13260
0,13261
0,13266
0,13268
0,13270
1,13273
1,13275
1,13278
1,13281
1,13282
1,13283
0,13284
1,13285
0,13287
0,13290
0,13292
0,13294
1,13295
0,13296
0,13297
0,13299
0,13300
0,13309
0,13311
0,13312
1,13316
1,13319
0,13322
0,13323
0,13324
0,13325
0,13328
0,13329
0,13331
0,13332
0,13335
0,13336
0,13337
0,13345
0,13346
0,13349
1,13351
1,13352
1,13354
1,13355
0,13358
1,13360
0,13363
1,13364
0,13366
0,13370
1,13373
1,13374
0,13378
0,13381
0,13394
1,13395
0,13396
0,13399
0,13403
1,13405
1,13406
1,13409
0,13415
1,13419
1,13422
1,13423
0,13429
0,13431
0,13432
1,13433
1,13434
0,13435
1,13437
1,13441
1,13443
0,13446
0,13450
0,13451
1,13453
1,13458
1,13460
0,13464
0,13465
0,13470
0,13471
1,13473
1,13475
0,13478
0,13479
0,13480
0,13483
0,13484
0,13486
1,13491
0,13497
0,13503
0,13515
0,13517
0,13519
0,13524
0,13525
0,13526
0,13528
0,13530
0,13531
0,13532
0,13534
0,13536
1,13537
1,13541
1,13543
0,13547
0,13548
1,13550
0,13554
0,13556
1,13560
1,13562
0,13563
0,13564
0,13565
0,13568
0,13571
1,13574
1,13575
1,13576
1,13577
0,13579
0,13580
1,13582
1,13584
0,13590
0,13591
0,13592
1,13593
0,13597
0,13598
0,13604
0,13605
0,13606
0,13609
0,13610
0,13612
1,13614
0,13615
0,13617
0,13618
0,13621
1,13624
0,13625
0,13626
0,13628
1,13629
0,13630
1,13634
0,13640
1,13641
1,13643
1,13644
1,13645
0,13647
0,13652
1,13659
1,13660
0,13662
0,13664
0,13666
1,13671
1,13675
1,13679
1,13681
1,13686
1,13688
0,13689
0,13691
0,13692
0,13694
0,13696
0,13697
1,13704
0,13705
0,13706
0,13708
1,13709
1,13710
0,13715
1,13719
0,13721
1,13722
1,13723
1,13729
1,13734
0,13736
0,13737
1,13741
0,13742
0,13744
0,13747
0,13750
0,13756
0,13759
0,13760
0,13761
0,13762
1,13763
0,13768
0,13775
0,13776
1,13777
0,13778
0,13781
0,13782
1,13784
0,13785
0,13787
1,13789
0,13790
0,13791
0,13792
0,13793
1,13794
0,13795
0,13796
1,13797
0,13798
0,13801
0,13804
0,13807
0,13808
0,13811
1,13817
0,13819
0,13821
0,13822
1,13824
1,13825
1,13828
1,13830
0,13834
0,13835
0,13837
0,13838
0,13839
0,13840
1,13842
0,13843
1,13848
0,13850
0,13852
0,13855
1,13856
0,13858
0,13859
0,13860
0,13862
1,13867
0,13868
1,13869
1,13870
1,13872
0,13874
1,13876
0,13878
0,13882
0,13883
0,13884
1,13892
0,13897
0,13902
0,13907
0,13908
1,13911
0,13912
0,13913
1,13914
1,13915
0,13917
0,13919
0,13925
1,13929
0,13931
0,13933
1,13937
0,13944
0,13947
0,13948
0,13949
0,13950
1,13952
0,13960
0,13965
0,13966
0,13968
0,13969
1,13971
1,13972
0,13973
0,13977
0,13981
1,13985
0,13987
1,13990
1,13994
0,13996
0,13997
0,13998
0,14000
0,14001
0,14003
0,14004
0,14006
0,14010
0,14011
0,14012
0,14013
0,14015
0,14016
0,14017
0,14018
1,14020
0,14022
1,14028
0,14032
1,14033
0,14036
0,14037
0,14038
1,14042
0,14043
1,14044
0,14046
0,14047
0,14048
0,14049
0,14055
1,14057
0,14063
0,14065
0,14067
0,14069
1,14076
1,14077
0,14079
0,14081
0,14083
1,14084
0,14089
0,14093
0,14097
0,14098
0,14107
0,14109
0,14110
0,14112
1,14116
1,14122
1,14123
0,14126
0,14127
0,14129
1,14133
0,14134
0,14135
0,14138
0,14139
0,14149
0,14154
0,14155
0,14156
0,14157
0,14160
0,14162
0,14163
0,14165
1,14166
0,14170
0,14173
0,14175
0,14176
1,14177
0,14178
0,14179
0,14180
0,14181
1,14183
0,14185
0,14186
0,14187
0,14188
0,14189
1,14193
0,14198
0,14199
0,14200
0,14201
0,14203
0,14207
0,14214
1,14216
0,14218
0,14222
0,14223
0,14227
0,14228
1,14230
0,14232
0,14233
0,14236
1,14237
0,14243
0,14244
1,14245
0,14246
0,14247
0,14248
1,14257
0,14259
0,14262
0,14263
0,14267
0,14268
0,14269
0,14270
0,14275
0,14279
0,14280
0,14284
0,14287
0,14288
0,14291
0,14293
0,14296
0,14297
0,14298
0,14307
0,14309
1,14310
1,14315
0,14316
0,14317
0,14318
1,14323
1,14325
0,14326
1,14329
0,14330
0,14333
0,14351
1,14353
0,14354
0,14357
0,14361
0,14362
0,14363
0,14366
0,14367
1,14369
1,14372
1,14373
0,14374
0,14375
0,14376
0,14377
0,14378
1,14382
1,14383
1,14384
0,14385
1,14387
0,14390
0,14392
0,14394
0,14397
1,14399
0,14401
0,14402
1,14403
0,14404
1,14411
0,14414
0,14417
0,14420
0,14422
0,14423
0,14424
0,14427
1,14431
0,14432
0,14433
0,14434
0,14438
1,14442
0,14444
1,14447
0,14456
0,14459
0,14461
0,14462
1,14464
1,14467
0,14468
0,14484
0,14485
0,14487
0,14488
0,14489
0,14490
0,14491
1,14494
0,14495
0,14496
0,14500
0,14502
1,14503
0,14505
0,14507
0,14512
0,14514
0,14517
0,14518
0,14520
1,14521
1,14523
0,14524
0,14526
0,14528
1,14529
0,14535
1,14536
0,14537
0,14540
0,14545
1,14546
0,14547
0,14548
0,14549
0,14556
1,14558
0,14567
0,14569
0,14575
0,14576
0,14578
1,14580
0,14581
0,14590
1,14592
0,14593
0,14595
1,14597
0,14598
0,14603
1,14604
1,14605
0,14606
0,14608
0,14612
0,14615
0,14617
1,14618
1,14619
0,14620
1,14623
0,14624
1,14626
0,14629
0,14633
0,14634
0,14636
1,14640
1,14642
0,14645
0,14646
0,14649
0,14657
0,14658
0,14659
0,14662
0,14663
0,14665
0,14668
0,14672
0,14673
0,14676
1,14679
1,14683
0,14686
0,14689
0,14691
1,14692
0,14695
0,14696
1,14697
0,14701
0,14703
0,14709
0,14716
0,14717
0,14718
1,14721
0,14723
0,14731
0,14735
0,14741
0,14745
0,14747
0,14750
0,14751
1,14752
1,14755
0,14756
1,14759
0,14762
0,14763
1,14764
0,14765
0,14768
0,14770
0,14772
0,14773
0,14774
0,14775
0,14781
0,14783
1,14786
0,14788
0,14789
1,14793
0,14797
0,14798
0,14799
0,14805
0,14806
1,14808
1,14809
0,14810
0,14815
0,14819
0,14821
1,14822
1,14823
0,14824
1,14825
0,14830
0,14832
0,14833
0,14834
1,14835
0,14838
0,14842
0,14843
0,14845
1,14847
0,14849
0,14850
0,14852
0,14853
0,14855
1,14857
0,14865
1,14867
0,14868
0,14871
0,14877
0,14881
0,14883
0,14884
1,14886
0,14887
0,14889
0,14890
0,14892
0,14893
0,14895
1,14896
1,14909
0,14918
1,14921
0,14922
1,14926
1,14931
0,14936
1,14937
0,14938
0,14939
1,14942
1,14943
0,14946
0,14947
1,14948
0,14958
0,14962
0,14963
0,14964
1,14970
0,14975
1,14977
0,14982
1,14983
0,14992
0,14993
1,14994
0,15002
1,15003
0,15005
1,15006
0,15010
1,15014
1,15018
0,15020
0,15021
0,15023
0,15024
0,15031
0,15033
0,15034
0,15035
0,15036
0,15037
1,15038
0,15040
0,15041
0,15042
0,15044
0,15046
0,15049
0,15051
0,15054
0,15056
0,15057
0,15059
1,15060
0,15063
1,15064
0,15065
0,15068
1,15070
0,15071
1,15074
0,15075
1,15079
1,15081
0,15083
0,15084
1,15085
0,15086
1,15087
1,15089
0,15092
1,15097
0,15099
0,15100
1,15103
0,15104
0,15105
0,15106
1,15110
0,15111
0,15112
1,15113
0,15114
1,15119
0,15120
1,15121
0,15122
0,15125
1,15129
0,15135
1,15139
1,15145
1,15146
0,15147
0,15149
0,15150
1,15155
0,15156
0,15157
0,15163
1,15164
0,15165
0,15168
1,15170
1,15174
0,15181
0,15182
1,15184
0,15190
0,15194
0,15201
0,15202
1,15203
1,15206
0,15209
0,15210
0,15213
0,15214
1,15217
0,15222
1,15225
0,15227
0,15231
0,15237
0,15239
1,15240
0,15243
0,15244
0,15245
0,15248
0,15250
0,15255
1,15258
0,15265
0,15268
0,15269
0,15270
0,15271
0,15272
1,15275
0,15277
0,15279
1,15280
0,15284
0,15285
0,15290
1,15292
0,15293
0,15295
0,15296
0,15299
1,15301
1,15307
0,15308
0,15310
1,15317
0,15320
0,15321
0,15323
0,15326
1,15327
1,15328
1,15329
0,15330
1,15333
0,15334
1,15338
0,15341
0,15344
0,15347
1,15353
0,15356
0,15358
0,15359
0,15361
0,15362
0,15364
0,15367
1,15376
0,15378
0,15381
0,15382
0,15383
0,15384
0,15386
0,15387
1,15389
1,15390
0,15392
0,15395
0,15399
0,15400
0,15403
0,15407
0,15409
0,15412
1,15414
0,15415
0,15416
1,15418
0,15419
0,15420
0,15422
0,15424
1,15425
0,15426
0,15427
0,15431
0,15436
0,15437
1,15438
0,15442
1,15443
1,15444
1,15445
0,15446
1,15448
0,15449
0,15450
0,15455
0,15458
1,15459
1,15471
0,15473
0,15475
0,15476
0,15477
0,15479
0,15480
0,15481
1,15483
0,15485
0,15486
0,15487
0,15493
1,15502
0,15503
0,15504
0,15506
1,15509
0,15511
1,15512
0,15513
0,15514
1,15521
1,15525
1,15526
0,15527
0,15528
0,15529
0,15532
0,15534
0,15542
1,15550
1,15554
0,15557
0,15560
0,15563
0,15566
1,15568
0,15570
0,15573
0,15575
0,15577
0,15580
0,15582
0,15584
1,15585
0,15586
0,15589
1,15590
0,15592
0,15594
1,15595
0,15598
0,15600
0,15601
0,15602
1,15604
0,15607
0,15611
0,15626
0,15635
1,15638
1,15639
0,15641
0,15642
0,15643
0,15646
1,15647
0,15648
1,15649
0,15650
0,15651
0,15656
0,15660
0,15661
1,15663
0,15666
0,15667
0,15669
1,15673
1,15677
0,15681
0,15683
0,15686
0,15687
0,15690
0,15691
0,15694
0,15696
1,15698
1,15702
0,15703
0,15705
0,15707
0,15712
1,15713
0,15714
1,15717
0,15718
1,15721
0,15722
0,15724
1,15725
0,15727
1,15729
1,15730
0,15732
0,15733
1,15734
0,15736
1,15738
0,15739
1,15741
0,15743
0,15745
0,15746
0,15748
0,15749
1,15757
0,15759
0,15760
0,15767
1,15768
1,15769
1,15770
0,15771
1,15772
1,15774
0,15777
1,15785
0,15788
0,15793
0,15794
0,15795
0,15798
1,15799
1,15800
0,15805
0,15806
0,15809
0,15812
0,15813
0,15817
1,15818
0,15820
1,15826
0,15835
0,15845
0,15852
0,15853
1,15854
1,15856
0,15858
0,15862
1,15863
0,15866
1,15867
0,15868
0,15870
0,15879
0,15881
0,15882
0,15883
0,15884
1,15885
1,15888
1,15889
0,15892
1,15896
0,15901
0,15903
1,15905
0,15906
0,15910
0,15914
0,15915
0,15917
0,15918
0,15924
0,15925
0,15928
0,15934
1,15935
0,15937
0,15942
1,15943
1,15945
1,15949
0,15957
1,15958
0,15961
0,15965
0,15966
1,15967
1,15968
0,15969
0,15970
0,15971
1,15974
1,15975
0,15979
0,15986
0,15988
1,15990
0,15993
0,15995
0,15999
0,16001
0,16004
1,16005
0,16010
0,16011
0,16012
0,16014
1,16015
1,16016
0,16023
0,16027
1,16029
1,16030
0,16036
1,16037
0,16040
1,16044
0,16046
0,16048
0,16050
0,16053
1,16056
0,16057
0,16058
0,16060
1,16061
1,16062
1,16063
0,16066
0,16068
1,16071
1,16075
0,16079
0,16080
1,16083
1,16086
0,16088
0,16090
0,16099
0,16101
0,16105
0,16108
0,16109
0,16110
0,16114
0,16115
1,16119
0,16120
0,16121
1,16122
1,16123
0,16125
0,16126
0,16128
1,16131
1,16135
1,16136
0,16137
0,16138
0,16140
0,16141
0,16146
0,16148
0,16149
1,16150
0,16151
1,16154
0,16156
1,16157
0,16159
0,16160
1,16162
0,16166
1,16171
1,16173
0,16174
0,16175
0,16176
0,16179
0,16181
1,16183
0,16184
1,16186
0,16187
0,16188
0,16189
0,16191
0,16193
0,16196
0,16198
1,16199
1,16202
0,16204
0,16208
0,16209
0,16210
0,16211
0,16214
1,16215
1,16218
0,16224
1,16226
1,16229
0,16234
1,16235
1,16238
0,16249
0,16250
0,16253
0,16258
1,16262
0,16263
0,16265
0,16267
0,16268
1,16272
1,16273
1,16278
0,16279
0,16280
1,16282
1,16283
0,16284
1,16286
0,16287
0,16289
0,16290
1,16291
1,16295
0,16296
0,16300
1,16302
1,16303
0,16304
0,16305
0,16310
1,16312
0,16313
0,16314
1,16317
1,16318
0,16319
0,16320
0,16322
0,16324
0,16325
0,16326
0,16328
0,16330
0,16333
0,16335
0,16336
1,16337
1,16338
1,16340
0,16343
0,16344
0,16346
0,16348
0,16358
0,16365
0,16366
0,16370
0,16371
1,16377
0,16379
1,16380
1,16381
1,16383
0,16384
0,16385
1,16386
0,16387
0,16388
0,16392
0,16393
0,16396
1,16398
0,16400
1,16403
0,16405
1,16407
0,16412
0,16415
1,16418
0,16419
0,16422
1,16426
0,16429
1,16431
0,16432
0,16438
1,16440
0,16441
0,16444
1,16445
0,16447
1,16448
0,16449
1,16450
1,16451
0,16452
1,16455
1,16458
0,16460
1,16461
0,16463
1,16472
0,16473
1,16474
1,16475
0,16478
0,16481
0,16482
0,16483
1,16485
1,16486
0,16488
1,16492
1,16493
1,16497
0,16498
1,16499
1,16501
0,16504
0,16507
1,16510
1,16511
1,16512
1,16516
0,16518
0,16520
0,16524
1,16527
0,16529
0,16531
0,16532
1,16535
0,16536
0,16537
0,16538
1,16540
0,16541
0,16543
1,16546
0,16547
0,16549
0,16550
0,16553
0,16554
0,16559
0,16560
1,16561
0,16562
0,16564
0,16568
0,16569
0,16570
0,16573
0,16575
0,16577
0,16578
0,16582
1,16583
1,16584
0,16590
0,16594
0,16595
0,16598
0,16599
0,16603
0,16606
0,16612
1,16614
1,16616
0,16618
0,16620
1,16622
0,16624
1,16626
0,16627
0,16628
1,16634
0,16636
1,16641
0,16642
1,16643
1,16644
0,16646
1,16656
1,16657
0,16661
1,16665
1,16666
1,16668
0,16669
0,16672
1,16680
0,16681
0,16682
1,16683
0,16686
0,16687
0,16690
1,16691
1,16692
1,16693
1,16694
0,16695
0,16697
1,16699
0,16701
0,16703
0,16709
1,16711
0,16712
0,16714
0,16715
1,16716
0,16717
0,16718
1,16719
0,16722
0,16733
0,16734
0,16735
1,16736
1,16737
0,16739
1,16741
1,16742
0,16745
1,16748
0,16752
0,16753
1,16755
0,16756
0,16758
0,16759
0,16762
0,16763
0,16764
1,16767
0,16769
0,16772
0,16778
0,16779
0,16780
1,16782
1,16784
1,16788
1,16791
0,16796
1,16797
0,16799
0,16800
1,16805
0,16807
1,16808
0,16811
0,16815
0,16820
0,16823
0,16824
0,16826
0,16828
0,16831
0,16835
0,16837
1,16839
1,16842
0,16845
0,16851
0,16854
0,16857
0,16861
0,16863
1,16867
1,16869
1,16871
1,16872
1,16874
1,16875
1,16878
1,16879
0,16880
0,16883
0,16886
0,16887
1,16891
1,16892
1,16895
1,16896
1,16897
0,16899
1,16901
0,16902
0,16906
1,16911
0,16919
0,16920
0,16926
0,16927
0,16929
0,16930
1,16932
0,16933
0,16934
1,16937
0,16938
1,16940
1,16942
0,16945
0,16946
1,16948
0,16952
0,16959
0,16963
1,16964
1,16965
0,16967
0,16977
0,16979
1,16985
1,16990
0,16992
1,16993
1,16994
1,16996
0,17001
0,17002
0,17004
0,17005
0,17006
0,17008
1,17016
0,17020
1,17021
0,17022
0,17023
0,17025
0,17027
0,17031
1,17032
0,17038
1,17039
0,17043
0,17044
0,17045
0,17047
0,17048
1,17049
0,17051
0,17055
1,17056
1,17057
0,17058
1,17061
1,17062
0,17066
0,17068
0,17069
0,17072
0,17073
0,17075
0,17080
0,17081
0,17082
1,17084
1,17088
0,17089
0,17092
1,17094
1,17095
0,17096
0,17101
0,17102
1,17104
0,17107
1,17108
0,17109
1,17110
0,17115
0,17116
1,17118
1,17119
0,17122
0,17123
0,17128
0,17129
0,17130
0,17131
1,17134
0,17136
0,17137
0,17138
0,17142
0,17147
0,17148
1,17149
0,17150
0,17151
0,17152
1,17154
0,17155
0,17156
1,17159
0,17161
1,17162
0,17166
0,17167
1,17169
0,17172
0,17174
1,17176
1,17177
1,17180
1,17187
0,17188
1,17191
0,17194
0,17195
1,17197
0,17198
0,17199
0,17209
0,17211
1,17214
0,17215
1,17218
1,17219
1,17222
0,17223
0,17224
1,17229
1,17232
0,17236
0,17237
0,17240
1,17242
1,17245
0,17246
0,17248
0,17249
0,17253
0,17256
0,17258
0,17261
1,17262
0,17264
0,17266
0,17268
0,17269
0,17272
0,17275
1,17278
1,17281
0,17284
1,17287
0,17288
1,17289
0,17290
0,17291
0,17293
0,17296
0,17297
0,17299
0,17301
0,17302
0,17306
0,17307
1,17308
0,17310
0,17314
1,17315
0,17316
1,17321
0,17323
0,17325
1,17333
1,17336
0,17339
0,17341
0,17343
0,17345
0,17346
1,17348
1,17349
0,17352
1,17363
0,17364
0,17371
1,17377
1,17379
0,17380
0,17389
1,17391
1,17395
1,17396
1,17397
0,17399
0,17400
0,17401
1,17403
0,17404
1,17411
0,17418
0,17419
0,17420
0,17422
0,17423
1,17427
1,17428
1,17429
1,17431
0,17433
1,17434
0,17435
1,17442
1,17446
1,17460
1,17461
0,17462
1,17465
0,17466
1,17467
1,17468
1,17476
0,17478
1,17479
1,17482
1,17490
0,17492
0,17493
0,17495
0,17496
0,17498
0,17499
1,17500
0,17502
1,17503
0,17505
0,17506
1,17508
0,17509
0,17510
0,17514
1,17516
0,17518
1,17523
0,17524
1,17527
0,17529
1,17531
0,17533
1,17535
0,17537
1,17540
0,17545
1,17548
1,17550
0,17551
0,17556
0,17560
1,17563
1,17566
0,17570
0,17572
0,17578
1,17580
0,17584
0,17586
1,17589
1,17590
1,17591
1,17592
0,17598
0,17600
0,17605
0,17611
1,17612
0,17617
0,17618
0,17619
0,17621
1,17626
0,17627
0,17632
0,17633
1,17634
1,17635
1,17640
0,17642
0,17643
0,17650
1,17652
0,17653
0,17654
1,17656
1,17657
0,17660
1,17663
1,17667
0,17670
0,17673
1,17680
0,17682
0,17683
0,17685
1,17687
1,17688
1,17690
1,17691
1,17693
0,17699
0,17701
1,17703
0,17704
0,17705
0,17709
0,17710
0,17713
0,17714
1,17715
0,17720
0,17724
0,17726
0,17727
0,17729
0,17736
0,17737
0,17738
1,17741
0,17742
0,17743
1,17746
0,17747
0,17749
0,17751
0,17757
0,17760
0,17761
0,17766
0,17769
1,17770
1,17771
1,17773
1,17775
0,17776
0,17779
1,17781
1,17782
0,17784
0,17789
0,17795
0,17797
0,17799
1,17803
1,17804
1,17806
0,17809
1,17812
1,17813
0,17816
1,17817
0,17818
1,17819
1,17820
0,17821
0,17828
0,17829
1,17833
1,17834
0,17837
1,17839
0,17841
0,17843
0,17849
0,17850
0,17852
1,17854
0,17855
0,17857
1,17863
1,17867
0,17869
1,17870
0,17872
0,17879
1,17881
1,17884
1,17887
1,17888
0,17889
0,17892
0,17893
1,17894
1,17899
1,17905
1,17906
1,17908
0,17909
0,17910
0,17911
0,17915
1,17925
0,17931
1,17933
1,17934
0,17936
1,17940
0,17941
0,17944
1,17945
0,17948
1,17952
1,17960
1,17964
0,17970
0,17971
0,17973
1,17978
0,17981
1,17984
1,17985
1,17986
0,17987
0,17990
0,17994
0,17995
1,18000
0,18001
0,18002
0,18005
0,18007
1,18008
1,18010
0,18013
1,18014
0,18016
0,18017
1,18018
1,18026
0,18027
1,18028
1,18031
0,18035
0,18036
1,18038
0,18045
0,18046
1,18047
1,18049
1,18050
0,18051
0,18054
1,18057
0,18058
0,18059
0,18061
0,18062
0,18067
0,18068
1,18070
1,18075
1,18078
1,18079
1,18080
0,18081
0,18086
0,18087
0,18088
0,18092
0,18102
0,18103
1,18105
0,18106
0,18107
0,18109
0,18116
0,18117
0,18118
0,18124
0,18125
1,18127
0,18128
0,18130
0,18131
0,18136
0,18137
0,18138
0,18140
0,18143
1,18149
0,18151
1,18152
0,18153
0,18156
1,18157
1,18158
0,18160
1,18161
0,18162
0,18164
1,18165
0,18166
0,18167
1,18168
0,18170
1,18172
0,18177
1,18178
1,18180
0,18187
1,18188
1,18191
0,18192
0,18193
1,18194
0,18202
1,18204
0,18205
0,18207
1,18208
0,18210
0,18216
1,18218
0,18220
0,18229
0,18233
0,18234
0,18242
1,18243
0,18244
0,18250
0,18251
1,18259
1,18262
1,18267
0,18269
0,18270
1,18273
0,18274
0,18276
0,18280
0,18281
0,18285
0,18287
1,18288
1,18290
0,18292
0,18298
0,18301
0,18304
0,18315
0,18317
1,18321
1,18326
1,18329
0,18334
1,18335
0,18336
0,18339
1,18346
1,18347
0,18348
0,18349
1,18350
1,18352
0,18354
1,18357
0,18359
0,18362
0,18363
0,18364
0,18365
0,18370
1,18379
0,18380
0,18386
0,18387
0,18389
0,18390
0,18393
0,18396
0,18397
1,18399
0,18401
0,18404
1,18412
1,18413
1,18414
0,18417
1,18418
0,18426
0,18435
0,18437
0,18438
0,18440
0,18441
0,18445
0,18446
0,18451
0,18456
0,18458
0,18461
0,18462
1,18463
0,18464
0,18467
1,18472
0,18475
1,18477
0,18483
1,18484
0,18488
0,18490
1,18492
0,18496
0,18498
0,18499
0,18501
1,18502
1,18506
1,18509
0,18510
1,18511
0,18512
0,18513
0,18518
0,18524
0,18526
0,18529
0,18532
0,18533
0,18534
1,18535
0,18536
1,18537
1,18538
0,18543
1,18545
1,18548
0,18550
0,18551
0,18552
1,18554
0,18556
0,18557
0,18558
0,18560
0,18561
1,18562
1,18569
0,18571
0,18572
0,18579
1,18582
0,18583
1,18584
0,18586
0,18587
0,18588
0,18594
0,18596
0,18598
0,18599
0,18600
0,18601
0,18606
1,18607
0,18609
1,18610
0,18611
0,18614
0,18621
0,18627
0,18630
0,18632
0,18633
0,18635
0,18636
1,18637
0,18639
0,18642
1,18644
0,18647
1,18648
0,18651
0,18653
1,18654
0,18658
0,18664
1,18665
0,18667
1,18668
1,18669
0,18670
0,18675
0,18676
0,18679
0,18680
0,18688
0,18689
0,18691
1,18692
0,18693
1,18695
0,18696
1,18698
0,18703
0,18704
0,18705
1,18711
1,18713
0,18717
0,18720
0,18724
0,18726
1,18728
0,18730
0,18731
0,18733
0,18737
0,18746
0,18747
0,18749
0,18750
0,18753
1,18754
0,18755
0,18758
1,18759
0,18760
0,18762
1,18763
1,18764
0,18765
1,18767
0,18769
0,18770
0,18774
1,18777
1,18782
1,18785
0,18786
0,18788
0,18789
0,18791
1,18792
0,18801
0,18804
0,18812
0,18813
0,18814
0,18819
0,18821
0,18824
1,18830
0,18832
1,18844
0,18854
1,18855
0,18856
0,18858
0,18864
0,18865
0,18866
0,18867
0,18868
0,18869
1,18870
0,18871
0,18873
0,18875
1,18877
0,18879
0,18881
0,18883
0,18884
0,18887
0,18889
0,18890
0,18896
0,18904
0,18906
1,18908
0,18909
0,18912
1,18919
0,18920
0,18922
0,18923
0,18925
0,18930
0,18934
0,18935
0,18938
0,18941
1,18943
0,18947
1,18949
0,18950
0,18958
0,18964
1,18966
1,18970
1,18974
0,18976
0,18977
0,18978
1,18983
0,18989
1,18994
0,18995
0,18996
1,19000
1,19002
0,19004
1,19005
1,19007
0,19008
0,19014
0,19015
0,19024
0,19027
0,19028
0,19030
0,19032
1,19035
1,19036
1,19042
0,19043
0,19044
0,19046
0,19047
0,19053
1,19054
0,19057
0,19059
0,19062
1,19063
0,19064
1,19066
1,19069
0,19073
0,19075
0,19077
0,19078
0,19079
0,19080
0,19084
0,19085
1,19086
0,19089
0,19094
0,19097
1,19098
0,19102
1,19106
0,19109
1,19113
0,19115
0,19117
0,19120
0,19121
0,19124
0,19126
0,19129
1,19134
0,19141
0,19143
0,19144
0,19147
0,19149
0,19153
0,19156
1,19157
0,19158
1,19159
1,19163
0,19166
1,19167
0,19169
1,19170
0,19171
0,19179
1,19181
1,19188
0,19191
0,19192
0,19193
1,19194
0,19196
0,19197
0,19198
0,19202
1,19205
0,19206
0,19207
0,19209
0,19210
1,19213
0,19215
1,19216
1,19217
0,19225
0,19227
0,19228
1,19229
0,19230
0,19231
0,19232
0,19236
1,19240
0,19244
1,19246
0,19249
0,19250
0,19251
0,19252
0,19256
0,19260
0,19263
1,19265
0,19267
0,19268
0,19270
0,19276
0,19277
0,19279
1,19281
0,19285
0,19287
1,19291
1,19292
1,19293
0,19295
0,19298
0,19299
1,19301
1,19302
0,19305
0,19308
0,19309
0,19310
0,19316
0,19317
1,19324
0,19325
1,19327
0,19328
0,19329
0,19330
0,19334
1,19337
0,19339
0,19340
0,19341
0,19345
1,19350
0,19353
0,19354
0,19357
0,19359
0,19361
0,19362
0,19364
0,19365
0,19370
0,19372
1,19373
0,19375
0,19377
1,19378
1,19380
0,19383
0,19384
0,19387
0,19388
0,19389
0,19390
0,19391
0,19392
0,19395
0,19396
1,19397
0,19399
0,19404
0,19407
0,19411
1,19415
0,19416
0,19417
0,19418
1,19420
1,19421
0,19422
1,19423
0,19424
1,19426
0,19427
1,19428
0,19429
0,19434
0,19440
0,19446
0,19447
1,19450
0,19452
0,19456
0,19459
0,19462
1,19463
0,19465
0,19467
0,19468
0,19471
1,19472
1,19475
0,19477
1,19480
0,19482
0,19491
0,19493
0,19496
0,19498
0,19499
0,19501
0,19506
0,19507
0,19513
0,19514
0,19515
0,19517
1,19524
1,19530
1,19539
1,19540
0,19543
0,19544
0,19545
1,19546
0,19547
0,19550
1,19551
0,19552
0,19556
0,19557
1,19560
0,19561
0,19564
0,19568
0,19573
0,19574
0,19576
0,19579
1,19590
1,19593
0,19594
0,19600
0,19607
0,19610
1,19616
0,19619
0,19620
0,19626
0,19628
0,19635
0,19638
0,19639
0,19645
0,19646
1,19648
0,19649
0,19652
1,19653
0,19656
1,19660
0,19668
0,19669
0,19670
0,19673
0,19676
0,19678
0,19684
0,19685
0,19688
0,19694
0,19695
0,19699
0,19700
0,19701
0,19703
0,19707
0,19708
1,19715
0,19716
0,19721
0,19722
0,19727
1,19728
0,19729
1,19730
0,19731
0,19734
0,19736
0,19738
0,19745
0,19748
1,19752
1,19753
0,19754
0,19755
0,19760
0,19766
0,19769
0,19771
0,19772
0,19773
0,19776
1,19779
0,19780
0,19782
0,19784
0,19788
0,19791
0,19793
0,19794
0,19797
0,19798
0,19800
0,19802
1,19805
0,19806
0,19807
1,19810
0,19811
1,19813
0,19814
1,19818
1,19820
1,19823
0,19824
1,19827
0,19834
1,19840
1,19842
1,19846
0,19847
1,19849
0,19850
0,19851
1,19852
1,19853
0,19862
0,19863
0,19867
0,19868
0,19871
0,19872
0,19879
0,19883
0,19894
0,19895
0,19897
0,19902
0,19907
0,19908
1,19909
0,19911
0,19912
0,19914
0,19916
0,19918
1,19919
0,19920
1,19923
0,19924
0,19926
0,19927
0,19932
0,19933
0,19935
1,19937
0,19938
0,19939
0,19942
0,19947
1,19948
0,19952
1,19957
0,19958
0,19961
1,19962
1,19968
1,19971
1,19973
0,19977
1,19981
0,19982
0,19984
1,19987
0,19992
0,19993
0,19994
1,19995
1,20003
0,20006
1,20007
0,20008
0,20010
1,20014
0,20017
0,20018
0,20020
1,20021
0,20023
1,20024
1,20025
0,20026
0,20028
0,20029
0,20032
0,20033
0,20038
0,20043
1,20046
0,20047
0,20048
0,20049
1,20054
1,20055
0,20058
1,20059
1,20062
1,20063
1,20067
0,20068
0,20071
0,20075
0,20076
0,20078
0,20083
0,20085
0,20087
0,20093
1,20094
0,20095
1,20098
0,20102
1,20106
0,20108
0,20109
1,20113
1,20114
0,20116
0,20117
1,20119
0,20130
0,20132
0,20133
1,20134
1,20136
0,20140
0,20144
1,20147
0,20156
1,20157
0,20159
1,20165
0,20167
1,20169
0,20170
1,20171
0,20173
0,20174
0,20176
0,20178
0,20179
0,20180
0,20185
1,20189
0,20190
1,20196
0,20198
1,20199
1,20200
1,20203
0,20204
1,20205
0,20210
0,20216
0,20221
1,20229
0,20231
1,20234
0,20240
0,20241
0,20244
0,20245
0,20247
0,20255
0,20258
1,20259
1,20260
0,20262
1,20265
0,20266
0,20267
0,20269
0,20272
1,20273
0,20274
1,20275
0,20281
1,20289
0,20291
1,20292
0,20294
1,20297
1,20299
0,20302
1,20305
0,20308
0,20315
0,20316
0,20318
0,20320
0,20324
1,20325
1,20326
1,20327
0,20328
0,20329
1,20333
1,20335
0,20337
1,20340
0,20341
1,20342
0,20346
1,20348
0,20352
0,20354
1,20356
0,20357
0,20358
0,20360
0,20362
0,20363
0,20367
1,20368
0,20371
1,20373
1,20374
1,20377
0,20378
0,20379
0,20380
1,20382
0,20384
0,20390
0,20391
0,20392
0,20394
0,20398
0,20402
0,20407
0,20412
0,20414
1,20418
0,20419
1,20420
0,20421
1,20422
1,20430
0,20432
0,20434
0,20441
1,20442
0,20445
0,20446
1,20447
1,20449
0,20451
0,20455
0,20456
1,20460
0,20464
0,20465
1,20466
1,20468
1,20470
1,20475
1,20476
0,20478
1,20480
0,20481
0,20484
0,20489
0,20490
0,20494
0,20495
0,20498
0,20502
0,20510
0,20512
0,20516
0,20519
1,20522
1,20523
1,20526
0,20529
0,20531
0,20532
1,20533
0,20541
1,20545
1,20550
0,20554
0,20555
0,20561
0,20566
0,20568
1,20569
0,20571
1,20581
0,20582
0,20583
1,20590
1,20591
0,20592
1,20594
1,20595
0,20596
0,20600
0,20601
1,20603
1,20612
0,20616
1,20619
0,20622
0,20624
1,20631
0,20632
0,20641
0,20642
1,20644
0,20648
0,20654
0,20655
0,20658
0,20662
1,20663
0,20664
0,20667
0,20669
1,20672
0,20676
1,20678
0,20681
0,20686
0,20689
1,20691
0,20697
0,20699
0,20702
0,20703
0,20709
1,20715
1,20716
0,20723
1,20726
0,20738
1,20740
1,20741
0,20742
0,20746
0,20747
0,20748
0,20749
1,20750
0,20752
1,20754
0,20756
0,20759
0,20761
0,20762
1,20763
0,20774
0,20775
0,20781
0,20783
0,20790
0,20795
0,20799
0,20800
0,20802
0,20803
1,20805
1,20811
0,20812
1,20814
1,20817
0,20818
1,20819
0,20821
0,20822
1,20823
0,20826
0,20827
0,20830
0,20832
1,20835
0,20838
0,20841
1,20843
0,20845
0,20846
0,20847
1,20849
1,20853
1,20860
0,20861
0,20863
0,20865
0,20866
0,20868
1,20872
1,20873
0,20878
0,20879
0,20880
0,20882
0,20886
0,20891
1,20892
0,20900
0,20901
0,20902
1,20905
1,20906
1,20908
0,20910
1,20913
0,20915
0,20919
1,20921
1,20924
1,20926
0,20928
0,20930
0,20932
0,20933
1,20935
0,20936
1,20939
0,20940
0,20942
0,20945
0,20947
0,20949
0,20950
1,20953
1,20955
0,20958
0,20963
0,20964
1,20965
0,20973
1,20974
0,20979
0,20983
1,20984
0,20988
1,20989
0,20991
1,20995
1,20996
1,21000
0,21002
0,21004
0,21005
0,21006
1,21012
0,21014
0,21015
0,21016
1,21028
0,21034
0,21036
0,21037
1,21038
0,21042
0,21043
0,21046
1,21049
1,21055
0,21059
0,21062
0,21066
0,21068
0,21075
0,21077
1,21082
1,21083
1,21085
0,21086
0,21087
0,21088
1,21090
0,21100
0,21102
0,21105
1,21115
1,21124
0,21129
0,21132
0,21135
1,21139
0,21140
0,21142
1,21145
1,21148
1,21151
0,21155
1,21159
1,21160
1,21161
0,21162
0,21168
0,21169
1,21171
0,21174
1,21175
1,21177
1,21178
0,21180
0,21182
0,21183
0,21184
1,21185
0,21188
0,21191
1,21192
1,21193
0,21195
1,21196
0,21198
0,21199
0,21200
0,21206
1,21208
0,21213
0,21215
1,21217
0,21219
0,21220
0,21223
0,21228
0,21231
1,21237
0,21239
0,21242
0,21244
0,21250
0,21257
0,21258
1,21261
0,21267
0,21270
1,21271
0,21272
0,21274
0,21284
1,21286
0,21287
1,21288
0,21289
0,21293
0,21294
1,21298
0,21299
0,21302
0,21306
1,21307
1,21315
0,21316
0,21320
1,21321
1,21322
1,21326
0,21328
0,21331
0,21335
0,21338
0,21340
0,21344
0,21345
1,21347
0,21349
0,21351
0,21353
0,21355
0,21356
1,21358
0,21359
1,21361
0,21364
1,21367
1,21368
1,21372
1,21373
1,21376
0,21377
0,21378
0,21380
1,21382
0,21384
1,21385
1,21387
0,21389
0,21391
1,21392
1,21395
0,21398
1,21402
0,21403
1,21405
1,21406
0,21407
1,21410
0,21416
0,21417
0,21424
0,21426
0,21428
0,21429
0,21432
0,21433
1,21434
1,21437
1,21441
1,21443
0,21444
0,21446
0,21454
0,21455
1,21456
0,21457
0,21459
0,21460
0,21461
0,21462
0,21463
1,21465
1,21466
0,21467
0,21468
1,21469
0,21471
0,21477
1,21478
1,21480
1,21481
1,21486
0,21489
0,21490
0,21498
0,21500
1,21502
0,21505
0,21508
0,21509
0,21512
0,21515
0,21519
0,21520
0,21525
0,21526
1,21531
0,21536
1,21538
0,21541
1,21543
0,21544
0,21549
0,21550
1,21554
1,21555
0,21556
0,21558
0,21559
1,21562
0,21563
0,21567
1,21569
0,21571
1,21572
1,21575
1,21578
0,21580
0,21581
0,21582
0,21585
0,21588
0,21591
0,21592
0,21594
1,21596
1,21597
1,21598
0,21600
0,21601
1,21602
0,21605
1,21606
1,21607
1,21608
0,21609
0,21611
0,21613
0,21614
1,21616
0,21618
0,21620
0,21621
0,21622
0,21624
0,21626
1,21629
0,21632
1,21633
1,21634
0,21640
1,21641
0,21642
0,21644
0,21647
1,21648
0,21650
1,21652
0,21653
0,21657
1,21662
0,21667
0,21672
0,21673
1,21675
0,21677
0,21678
0,21680
0,21681
0,21682
0,21683
0,21685
1,21690
0,21699
0,21704
0,21705
1,21708
1,21710
1,21711
0,21713
0,21717
0,21723
1,21727
0,21738
1,21739
0,21740
1,21742
0,21743
1,21745
0,21747
0,21748
1,21756
0,21757
1,21758
0,21760
0,21761
0,21762
0,21764
1,21769
0,21773
1,21774
0,21778
1,21781
1,21782
1,21783
0,21784
1,21788
1,21791
1,21792
1,21795
1,21796
1,21797
0,21798
0,21799
1,21801
0,21803
0,21805
0,21806
0,21811
0,21812
0,21813
0,21818
0,21821
0,21823
0,21824
1,21825
0,21830
0,21833
0,21835
1,21838
0,21842
1,21843
0,21845
0,21846
1,21847
1,21848
1,21849
1,21850
1,21851
0,21852
1,21855
0,21857
1,21864
0,21865
0,21867
0,21868
0,21869
1,21879
0,21884
0,21885
0,21886
0,21887
1,21888
0,21892
0,21894
0,21896
1,21897
0,21898
0,21900
1,21901
0,21902
0,21903
0,21905
1,21907
0,21908
1,21910
1,21911
0,21913
1,21917
0,21921
1,21922
0,21924
0,21927
1,21929
1,21932
0,21940
0,21944
0,21947
1,21949
1,21950
0,21955
0,21958
0,21963
0,21966
0,21969
0,21972
0,21975
0,21977
0,21979
1,21981
1,21984
1,21987
1,21988
1,21991
0,21993
1,21995
1,21997
0,22001
0,22002
0,22003
1,22004
0,22009
0,22012
0,22014
0,22015
0,22016
0,22019
0,22020
0,22022
0,22025
1,22030
0,22031
1,22034
0,22038
0,22040
0,22044
0,22046
0,22048
0,22049
1,22050
0,22053
1,22055
0,22056
0,22059
0,22062
1,22065
1,22073
1,22074
0,22076
0,22085
0,22090
1,22091
0,22092
0,22093
1,22095
1,22098
1,22099
1,22100
1,22102
0,22103
1,22107
0,22108
1,22109
0,22115
1,22121
0,22122
1,22124
1,22127
0,22132
0,22133
0,22135
0,22138
0,22142
0,22143
1,22145
1,22150
1,22151
1,22154
0,22161
1,22166
0,22167
1,22169
0,22171
0,22173
0,22175
1,22176
0,22179
0,22181
1,22184
0,22185
0,22187
0,22188
1,22189
0,22190
0,22192
0,22195
1,22196
0,22202
1,22203
0,22205
1,22206
0,22210
0,22211
0,22212
1,22213
0,22216
1,22219
0,22220
0,22221
0,22224
0,22225
0,22226
1,22227
0,22229
0,22230
0,22233
0,22236
0,22237
1,22238
0,22247
0,22248
1,22254
0,22260
0,22266
0,22267
0,22269
0,22271
0,22272
0,22279
0,22280
1,22286
0,22289
0,22290
1,22292
1,22296
0,22300
0,22302
1,22306
1,22308
1,22310
1,22311
0,22313
0,22315
0,22320
0,22321
0,22322
0,22328
0,22330
0,22331
0,22333
0,22337
0,22339
0,22340
0,22343
0,22351
1,22355
0,22357
0,22358
0,22362
0,22363
0,22364
0,22365
0,22366
0,22369
0,22375
0,22376
1,22384
1,22385
0,22392
0,22393
1,22395
0,22396
0,22398
0,22399
1,22400
0,22402
0,22403
0,22405
0,22406
0,22407
1,22411
0,22413
1,22416
0,22418
0,22425
1,22427
0,22432
1,22443
0,22446
0,22452
0,22454
1,22455
1,22456
1,22457
0,22459
1,22462
1,22463
0,22465
0,22468
0,22469
0,22471
0,22474
0,22475
0,22478
1,22479
0,22486
1,22488
0,22491
0,22496
1,22497
0,22498
1,22502
1,22504
1,22505
0,22506
1,22511
0,22512
0,22515
0,22520
1,22526
1,22527
0,22530
1,22531
0,22532
0,22535
0,22537
0,22538
0,22539
0,22544
0,22545
0,22548
0,22552
0,22555
1,22556
0,22560
0,22565
1,22568
1,22571
1,22572
1,22574
0,22575
0,22580
0,22581
1,22583
0,22584
1,22585
0,22586
0,22588
0,22589
0,22591
1,22594
0,22595
1,22596
1,22599
0,22601
0,22603
1,22616
1,22620
0,22621
1,22622
1,22623
0,22624
0,22626
0,22628
0,22631
0,22632
0,22634
0,22635
0,22637
0,22639
0,22644
1,22647
0,22648
0,22649
0,22651
1,22652
1,22654
0,22665
0,22666
0,22670
0,22678
1,22684
0,22685
0,22687
0,22688
0,22690
0,22691
0,22692
0,22702
0,22704
0,22705
0,22706
0,22707
0,22710
0,22713
0,22718
1,22719
0,22722
1,22725
0,22726
1,22727
0,22728
0,22732
0,22739
0,22740
0,22742
0,22743
0,22745
0,22746
1,22748
0,22750
1,22752
0,22754
1,22755
1,22757
1,22758
1,22760
1,22761
0,22764
1,22767
0,22769
0,22770
0,22775
0,22783
1,22784
1,22790
0,22791
0,22800
1,22802
0,22804
1,22805
0,22809
0,22812
0,22814
1,22816
0,22818
0,22821
0,22825
1,22829
1,22832
1,22835
0,22838
1,22839
0,22840
0,22842
1,22843
1,22844
0,22846
0,22854
1,22855
0,22857
0,22858
1,22859
0,22861
0,22862
1,22863
0,22866
1,22870
0,22871
0,22875
1,22876
0,22878
0,22880
1,22883
0,22884
0,22885
1,22890
1,22893
0,22894
1,22896
0,22897
1,22898
1,22900
0,22901
0,22902
1,22907
1,22912
0,22918
1,22919
0,22920
0,22921
0,22923
0,22924
0,22925
0,22926
1,22928
1,22932
0,22933
0,22936
0,22937
1,22938
1,22939
0,22942
0,22945
0,22949
0,22952
1,22958
0,22959
0,22964
1,22966
0,22970
0,22974
1,22977
0,22983
0,22985
1,22992
0,22994
1,22999
0,23001
0,23003
0,23009
0,23016
1,23020
0,23022
0,23029
0,23030
0,23033
0,23035
0,23038
0,23039
0,23041
0,23042
0,23044
0,23050
0,23062
1,23063
0,23070
0,23073
0,23075
1,23077
1,23078
0,23079
1,23081
1,23083
0,23090
1,23091
0,23094
0,23100
0,23103
0,23106
1,23107
1,23109
0,23110
0,23114
1,23115
0,23116
0,23117
0,23119
1,23120
1,23121
0,23122
1,23126
1,23129
1,23132
1,23135
0,23146
1,23151
1,23152
0,23154
1,23156
1,23158
1,23160
0,23165
0,23169
0,23170
0,23172
0,23173
0,23174
1,23176
1,23177
0,23180
1,23187
0,23193
1,23198
0,23202
0,23204
1,23207
0,23208
0,23211
0,23214
0,23218
1,23221
1,23225
0,23226
0,23227
0,23228
1,23229
0,23235
1,23236
1,23240
0,23241
0,23242
1,23246
0,23247
0,23248
0,23260
1,23261
0,23263
1,23264
0,23270
1,23271
0,23272
1,23273
1,23275
1,23276
0,23277
1,23278
0,23283
0,23284
1,23288
0,23293
1,23295
0,23298
0,23299
0,23308
1,23312
0,23314
1,23315
1,23316
0,23319
1,23323
0,23328
1,23329
1,23333
0,23334
0,23335
0,23337
0,23340
0,23344
0,23346
0,23350
0,23353
0,23354
0,23358
0,23359
1,23364
0,23369
1,23373
0,23376
0,23377
0,23378
0,23381
0,23382
0,23385
0,23391
0,23396
1,23397
1,23399
0,23400
0,23401
1,23403
0,23404
1,23406
1,23407
1,23410
1,23411
1,23413
0,23415
0,23419
1,23420
0,23423
0,23426
0,23427
1,23429
0,23434
1,23439
1,23442
0,23443
1,23448
0,23449
0,23453
1,23454
1,23458
0,23460
0,23462
0,23463
1,23466
1,23470
0,23473
0,23475
1,23477
0,23480
0,23481
1,23484
0,23486
0,23488
0,23496
0,23500
1,23504
1,23505
1,23506
0,23507
0,23510
1,23515
0,23516
1,23519
0,23528
0,23529
0,23530
0,23532
1,23534
0,23538
0,23539
0,23541
0,23542
1,23545
1,23547
0,23548
0,23549
0,23550
1,23551
0,23557
1,23559
0,23561
0,23564
1,23565
0,23567
0,23568
1,23569
1,23570
1,23571
0,23572
1,23573
1,23576
0,23577
0,23578
0,23579
0,23584
0,23585
0,23586
0,23589
1,23593
0,23596
0,23597
0,23600
0,23605
1,23606
0,23609
0,23610
0,23612
0,23614
1,23615
1,23616
1,23620
1,23621
0,23624
0,23625
0,23626
0,23628
1,23629
1,23633
0,23645
0,23647
1,23648
0,23651
0,23656
0,23657
0,23658
0,23662
1,23663
0,23664
0,23672
1,23674
0,23676
0,23677
0,23678
0,23679
1,23680
1,23681
1,23682
1,23683
0,23688
0,23692
0,23694
1,23695
1,23696
1,23698
1,23704
0,23708
0,23710
1,23713
0,23714
1,23715
0,23718
0,23724
0,23725
0,23729
0,23730
0,23733
0,23736
0,23737
1,23740
0,23743
1,23748
1,23751
0,23752
1,23759
1,23762
0,23764
0,23768
1,23769
0,23773
0,23776
0,23780
1,23784
1,23786
1,23787
0,23790
0,23791
0,23792
1,23795
1,23796
1,23797
1,23803
0,23805
0,23806
0,23807
0,23813
0,23818
0,23819
0,23825
0,23827
0,23828
0,23829
1,23833
1,23834
1,23836
0,23843
0,23849
0,23850
0,23851
1,23855
0,23856
0,23861
0,23871
1,23872
0,23873
0,23880
1,23881
0,23882
0,23883
1,23885
0,23895
1,23897
1,23898
1,23900
0,23901
0,23902
0,23904
0,23905
1,23912
0,23913
0,23914
1,23917
0,23922
1,23923
1,23924
0,23925
1,23928
0,23929
1,23934
0,23935
1,23936
0,23939
0,23940
0,23941
1,23942
0,23943
1,23946
1,23948
1,23950
0,23963
0,23964
1,23971
1,23972
1,23975
0,23977
0,23979
0,23980
0,23982
1,23987
0,23988
0,23991
0,23994
0,23997
0,24000
1,24001
1,24002
0,24003
1,24005
1,24008
1,24010
0,24012
1,24013
1,24018
0,24019
0,24020
0,24022
0,24024
0,24029
1,24032
0,24033
0,24035
1,24036
0,24038
0,24041
1,24044
0,24048
0,24050
1,24052
1,24053
0,24055
0,24057
0,24061
1,24062
1,24063
0,24068
1,24073
1,24074
0,24075
0,24076
0,24077
0,24078
0,24079
0,24082
1,24084
1,24086
1,24088
1,24089
1,24090
0,24095
0,24096
0,24098
0,24102
0,24104
1,24107
0,24112
0,24113
0,24122
0,24123
0,24129
1,24134
1,24135
0,24136
1,24138
0,24147
0,24155
1,24161
0,24163
0,24167
0,24172
1,24173
0,24177
1,24186
1,24189
1,24191
0,24193
1,24197
0,24204
0,24206
0,24208
0,24209
0,24210
0,24212
1,24213
1,24214
0,24218
1,24219
1,24220
0,24223
0,24224
1,24229
1,24230
0,24232
0,24235
1,24236
0,24237
0,24239
1,24243
1,24245
1,24246
1,24248
1,24250
0,24253
0,24254
1,24258
0,24260
1,24262
1,24263
1,24264
1,24268
0,24270
1,24275
0,24277
1,24281
0,24283
0,24287
1,24288
0,24291
0,24299
0,24308
0,24309
0,24311
0,24312
0,24314
0,24316
0,24321
0,24324
0,24328
0,24329
0,24331
0,24333
1,24335
0,24336
0,24338
0,24340
0,24342
1,24344
0,24347
0,24349
0,24351
0,24352
1,24355
1,24356
1,24360
0,24370
1,24381
0,24382
0,24383
1,24384
0,24396
1,24397
0,24399
0,24404
0,24405
0,24406
0,24408
0,24410
0,24411
0,24414
1,24416
1,24419
0,24423
0,24424
1,24425
1,24427
0,24429
1,24434
0,24435
0,24436
0,24437
0,24439
1,24440
0,24443
0,24445
0,24449
0,24450
0,24451
1,24454
1,24457
1,24458
0,24462
1,24466
0,24468
1,24473
0,24475
0,24476
1,24477
0,24479
0,24482
0,24485
0,24488
0,24490
0,24492
0,24495
0,24496
1,24498
0,24500
1,24501
0,24504
1,24511
0,24515
0,24516
0,24517
0,24518
0,24519
1,24524
0,24526
0,24528
0,24531
0,24532
1,24534
0,24536
0,24537
1,24539
1,24540
0,24541
1,24543
0,24551
0,24552
1,24557
0,24560
1,24561
0,24571
0,24574
0,24575
0,24578
0,24581
0,24583
0,24585
0,24589
0,24593
0,24597
0,24600
0,24602
0,24607
1,24608
0,24613
1,24614
0,24616
1,24617
1,24619
0,24620
0,24621
0,24629
1,24633
0,24635
0,24636
0,24643
1,24644
1,24650
1,24651
0,24653
1,24654
0,24658
0,24660
0,24662
0,24664
1,24665
0,24666
0,24667
0,24668
1,24669
0,24670
0,24671
0,24674
0,24678
1,24679
1,24681
0,24683
0,24684
0,24686
1,24688
1,24691
0,24693
1,24698
0,24700
0,24701
0,24703
0,24704
0,24706
0,24708
0,24717
1,24721
0,24723
0,24724
0,24726
0,24728
0,24730
0,24732
1,24735
0,24741
1,24743
0,24749
1,24752
0,24754
0,24756
0,24760
0,24761
0,24763
0,24765
1,24772
0,24773
0,24774
1,24776
1,24777
0,24778
0,24784
0,24787
0,24790
1,24791
0,24793
0,24794
1,24796
0,24799
1,24800
0,24805
1,24806
0,24808
0,24810
0,24815
0,24823
1,24825
0,24827
0,24829
0,24831
0,24833
0,24834
1,24838
0,24841
0,24843
0,24846
1,24847
0,24848
0,24849
0,24853
0,24854
0,24855
0,24856
1,24858
0,24861
1,24862
0,24863
1,24871
0,24872
0,24874
0,24875
0,24879
0,24880
0,24882
1,24883
1,24884
0,24889
0,24891
0,24892
1,24894
0,24896
0,24902
1,24903
0,24907
0,24908
0,24910
0,24914
0,24915
1,24917
0,24921
0,24926
0,24927
0,24931
0,24934
0,24938
1,24939
0,24940
1,24941
1,24942
0,24943
0,24944
0,24947
1,24953
0,24954
1,24955
0,24956
1,24959
0,24961
0,24963
1,24965
0,24968
0,24971
0,24973
1,24978
0,24979
1,24983
0,24987
1,24988
0,24989
1,24993
1,24994
0,25000
0,25001
0,25006
0,25009
0,25012
0,25013
0,25016
0,25019
0,25023
0,25031
1,25032
0,25034
1,25037
0,25039
1,25040
0,25041
1,25042
1,25043
1,25044
0,25048
0,25049
0,25050
1,25052
0,25054
1,25056
0,25058
0,25059
0,25061
0,25064
0,25066
0,25067
0,25068
1,25069
0,25073
0,25074
1,25076
1,25077
1,25086
1,25091
0,25093
1,25096
0,25097
0,25098
1,25099
0,25100
0,25105
0,25108
0,25111
0,25112
0,25114
1,25122
0,25131
1,25132
0,25134
1,25137
1,25138
0,25139
0,25140
0,25143
0,25144
0,25146
1,25147
1,25148
0,25150
0,25152
0,25153
0,25155
1,25162
1,25163
0,25164
0,25165
0,25166
0,25168
1,25169
0,25171
0,25172
0,25177
0,25178
0,25179
1,25180
1,25182
0,25189
0,25190
0,25192
0,25193
1,25197
0,25198
0,25206
0,25215
0,25216
0,25218
1,25219
0,25222
1,25223
0,25225
1,25229
0,25230
0,25233
0,25234
1,25236
0,25237
1,25238
1,25240
0,25241
0,25242
1,25243
0,25245
0,25247
0,25248
1,25251
1,25254
1,25256
0,25258
0,25260
1,25261
1,25263
0,25264
0,25266
1,25276
1,25277
0,25280
0,25283
1,25286
0,25288
1,25290
1,25291
0,25293
0,25294
0,25296
0,25305
0,25312
1,25313
1,25315
1,25319
1,25320
1,25325
0,25327
0,25331
0,25333
0,25334
1,25335
0,25336
0,25341
0,25342
1,25346
0,25349
1,25352
0,25356
0,25358
0,25361
0,25363
0,25375
0,25376
1,25383
0,25386
0,25390
1,25393
1,25395
0,25399
0,25400
0,25404
0,25405
0,25406
0,25407
0,25408
0,25410
0,25412
0,25413
0,25415
0,25416
0,25417
0,25422
1,25423
0,25424
0,25425
0,25427
0,25430
1,25431
1,25432
0,25435
1,25442
1,25446
1,25449
0,25450
0,25451
0,25455
1,25457
0,25458
1,25459
1,25461
0,25462
0,25464
0,25465
0,25466
1,25467
0,25471
1,25473
0,25482
0,25483
1,25488
0,25493
0,25504
0,25505
0,25507
1,25510
0,25516
0,25518
1,25519
1,25520
1,25522
0,25526
0,25527
0,25530
0,25534
0,25536
0,25537
0,25540
1,25547
0,25548
0,25549
1,25551
0,25552
0,25553
0,25555
0,25556
1,25558
0,25561
0,25566
0,25567
0,25569
1,25571
0,25574
1,25576
1,25577
0,25579
1,25584
0,25585
1,25586
0,25588
0,25590
1,25591
0,25593
0,25594
0,25599
1,25600
0,25611
0,25613
0,25617
0,25620
0,25623
1,25625
0,25627
0,25628
1,25630
1,25632
0,25633
0,25634
0,25635
0,25637
0,25639
0,25643
0,25645
1,25647
0,25648
1,25649
1,25651
0,25656
0,25658
0,25659
0,25660
0,25662
1,25665
1,25667
1,25673
0,25675
1,25677
0,25678
0,25681
0,25682
1,25685
0,25686
1,25687
0,25690
0,25691
0,25692
0,25693
1,25694
0,25695
0,25699
0,25704
1,25707
0,25708
1,25709
0,25712
0,25722
1,25723
1,25727
0,25728
0,25729
0,25730
0,25734
1,25739
0,25740
0,25742
0,25744
0,25745
0,25748
0,25750
0,25752
0,25755
0,25758
1,25759
1,25760
0,25761
0,25764
0,25765
0,25769
0,25770
1,25773
0,25778
0,25779
1,25786
0,25789
0,25793
1,25796
0,25803
0,25804
0,25806
1,25808
0,25810
0,25813
0,25814
0,25817
1,25819
0,25821
0,25823
1,25829
0,25830
1,25832
0,25834
0,25838
1,25839
1,25840
0,25841
0,25842
1,25844
0,25847
1,25852
0,25854
0,25856
1,25858
1,25861
1,25867
0,25868
0,25872
0,25875
0,25876
0,25878
1,25879
0,25880
0,25882
0,25883
0,25887
0,25895
1,25896
0,25900
0,25905
0,25912
1,25914
1,25915
1,25917
0,25920
0,25923
0,25924
0,25925
1,25927
0,25931
1,25933
0,25936
1,25940
1,25944
0,25947
0,25948
0,25949
1,25951
0,25955
0,25956
0,25957
0,25958
0,25960
0,25962
0,25964
0,25966
0,25967
1,25970
0,25973
1,25974
1,25979
0,25981
0,25984
0,25985
0,25988
0,25994
1,25996
0,25997
0,25998
0,26000
0,26002
0,26004
0,26007
0,26008
0,26009
0,26010
1,26013
1,26016
0,26021
0,26032
0,26033
0,26034
1,26036
0,26037
0,26039
0,26040
1,26043
0,26045
1,26050
0,26054
0,26055
0,26056
0,26057
0,26059
1,26061
1,26063
1,26067
0,26069
1,26070
1,26071
1,26078
1,26081
1,26083
0,26088
0,26090
0,26093
1,26094
1,26101
0,26103
0,26108
0,26109
0,26111
1,26115
1,26116
1,26117
0,26124
1,26129
1,26131
0,26132
1,26136
0,26137
0,26140
0,26142
0,26147
0,26149
0,26151
1,26154
1,26157
0,26159
0,26160
1,26167
0,26173
0,26177
0,26178
0,26179
1,26181
0,26182
1,26184
0,26190
1,26191
0,26194
0,26195
0,26196
0,26198
0,26200
0,26201
0,26202
1,26203
1,26204
0,26206
0,26209
0,26210
0,26215
0,26218
0,26221
0,26222
1,26223
0,26224
0,26225
1,26228
0,26231
0,26234
0,26237
1,26239
0,26240
0,26243
1,26244
1,26245
0,26246
0,26248
0,26249
1,26251
0,26254
0,26255
0,26258
1,26259
0,26260
0,26262
1,26267
0,26269
0,26274
1,26277
0,26278
0,26279
0,26284
0,26288
0,26289
0,26292
1,26293
1,26294
0,26296
1,26298
1,26299
0,26303
0,26306
1,26307
0,26312
0,26314
0,26319
0,26320
0,26322
1,26329
0,26331
1,26333
0,26339
0,26341
0,26343
1,26346
0,26350
1,26351
0,26358
1,26360
0,26368
0,26371
0,26373
1,26379
0,26381
0,26382
1,26383
0,26384
0,26389
0,26395
1,26396
1,26397
0,26398
0,26400
0,26401
0,26411
0,26413
0,26414
0,26417
0,26421
0,26422
0,26423
0,26425
0,26429
0,26431
0,26432
0,26435
1,26437
0,26441
1,26442
0,26444
0,26445
0,26446
0,26447
0,26450
0,26451
0,26454
0,26455
1,26460
0,26464
0,26468
0,26473
0,26474
0,26480
0,26481
0,26484
0,26488
1,26491
1,26494
0,26496
0,26498
0,26500
0,26503
0,26504
1,26505
0,26506
0,26507
0,26509
0,26511
0,26512
0,26513
0,26514
1,26516
1,26522
0,26524
1,26525
0,26526
0,26527
0,26528
1,26529
0,26530
0,26533
0,26538
0,26543
0,26544
1,26552
1,26554
0,26555
0,26556
1,26560
0,26561
1,26562
0,26563
0,26565
1,26569
0,26570
0,26572
0,26573
1,26574
0,26576
0,26577
0,26586
0,26589
0,26590
0,26591
0,26592
0,26594
0,26595
0,26599
0,26600
0,26601
0,26604
1,26605
0,26608
0,26609
0,26610
1,26612
1,26613
0,26614
0,26615
1,26618
1,26619
0,26623
1,26627
0,26629
0,26631
0,26632
0,26634
0,26635
0,26636
1,26638
0,26646
0,26647
1,26648
0,26654
0,26655
0,26657
0,26660
0,26663
0,26664
0,26665
0,26670
0,26674
0,26677
1,26692
1,26695
0,26698
1,26699
0,26701
0,26702
1,26703
0,26704
0,26705
0,26707
0,26712
0,26714
0,26715
0,26717
0,26718
0,26719
0,26720
0,26721
0,26723
0,26726
0,26729
0,26733
0,26736
1,26743
0,26744
1,26747
0,26756
0,26767
0,26768
0,26770
0,26774
0,26775
0,26778
0,26779
1,26782
0,26786
0,26789
1,26791
0,26793
0,26797
0,26798
1,26800
0,26801
0,26804
0,26812
1,26830
1,26831
0,26833
1,26834
1,26835
1,26849
0,26853
0,26854
0,26855
0,26857
0,26861
0,26865
0,26866
1,26868
1,26869
0,26876
0,26879
0,26880
0,26881
1,26885
0,26886
0,26887
0,26889
0,26890
0,26892
1,26893
0,26894
0,26898
0,26900
0,26902
0,26903
1,26906
0,26910
0,26911
0,26916
0,26917
0,26918
0,26923
0,26924
0,26925
0,26933
1,26934
0,26936
0,26937
0,26938
0,26940
0,26941
0,26944
0,26945
0,26951
1,26952
0,26955
0,26962
0,26965
1,26967
0,26968
0,26974
0,26975
1,26976
0,26977
0,26978
0,26979
0,26982
0,26988
0,26994
0,26997
0,26998
0,27005
1,27009
1,27010
1,27011
0,27014
1,27015
0,27016
0,27017
0,27025
0,27027
0,27033
0,27037
1,27038
0,27042
0,27045
0,27046
0,27049
0,27051
0,27052
0,27053
0,27055
0,27057
0,27059
0,27060
0,27068
0,27069
1,27071
0,27075
0,27080
0,27081
0,27083
0,27085
1,27086
0,27087
1,27088
1,27091
0,27096
1,27097
0,27098
0,27101
0,27104
0,27105
0,27106
1,27109
0,27110
1,27116
1,27120
1,27122
0,27124
1,27125
1,27132
0,27133
1,27134
0,27135
0,27140
1,27142
1,27143
0,27144
0,27147
0,27148
0,27152
1,27154
0,27157
1,27158
0,27161
1,27162
0,27163
0,27167
0,27168
0,27178
0,27179
0,27180
0,27183
0,27185
1,27186
1,27189
0,27190
1,27197
1,27200
0,27201
0,27202
0,27204
0,27207
0,27209
0,27212
0,27214
0,27216
0,27220
0,27222
1,27224
0,27227
0,27228
0,27230
1,27231
0,27233
0,27234
0,27236
0,27239
1,27240
0,27243
1,27244
1,27250
0,27252
1,27254
0,27257
0,27258
0,27260
1,27263
0,27268
0,27271
0,27273
1,27276
1,27278
0,27279
0,27280
1,27281
0,27282
0,27284
0,27285
0,27287
0,27288
0,27289
1,27291
0,27293
0,27294
0,27297
0,27299
0,27300
0,27302
1,27303
0,27305
0,27307
0,27308
0,27309
0,27310
0,27315
0,27319
0,27328
0,27330
0,27331
0,27337
0,27339
1,27344
0,27346
1,27347
0,27348
1,27349
0,27350
0,27352
1,27356
0,27360
1,27368
0,27369
0,27371
0,27373
0,27377
0,27378
0,27379
0,27382
0,27383
0,27387
1,27388
0,27390
0,27391
0,27392
0,27393
1,27395
0,27396
1,27399
0,27401
0,27408
0,27412
0,27413
0,27416
0,27417
1,27421
0,27424
1,27426
0,27427
0,27428
1,27429
0,27430
0,27433
1,27436
1,27440
0,27441
0,27443
0,27445
0,27446
0,27447
0,27450
0,27454
0,27455
0,27456
0,27457
0,27458
0,27459
0,27461
0,27462
0,27466
1,27470
0,27471
0,27473
1,27474
1,27477
1,27479
0,27480
0,27482
0,27488
1,27492
0,27493
0,27495
0,27504
1,27507
0,27511
1,27512
1,27514
0,27517
1,27524
1,27525
0,27526
0,27535
0,27549
0,27551
0,27554
1,27555
1,27558
0,27560
0,27561
0,27563
0,27564
1,27566
0,27569
0,27571
0,27572
1,27573
0,27575
0,27579
0,27583
1,27584
0,27587
0,27588
1,27590
1,27593
0,27595
0,27598
1,27602
0,27609
1,27611
1,27613
1,27615
0,27618
0,27620
0,27621
1,27622
0,27625
0,27626
0,27627
1,27629
1,27634
1,27636
1,27637
0,27638
1,27639
1,27641
0,27644
1,27646
0,27651
0,27657
0,27658
1,27659
0,27661
1,27662
0,27671
0,27673
0,27676
0,27677
1,27679
0,27687
0,27691
0,27697
0,27701
0,27706
1,27710
1,27711
1,27712
0,27714
0,27717
0,27718
0,27720
0,27723
0,27724
1,27725
1,27726
0,27727
1,27730
0,27737
1,27741
0,27742
1,27743
1,27744
1,27745
0,27748
0,27750
0,27755
1,27756
1,27758
0,27759
0,27761
0,27763
1,27765
1,27768
0,27769
1,27771
0,27776
1,27778
0,27780
0,27783
0,27784
1,27789
0,27791
1,27795
0,27800
0,27801
0,27804
0,27806
1,27807
1,27813
1,27814
0,27817
1,27818
1,27819
0,27823
0,27828
0,27833
0,27835
0,27836
0,27837
0,27839
0,27841
0,27843
1,27844
0,27846
0,27848
1,27849
0,27852
0,27853
1,27855
0,27856
0,27857
1,27861
0,27864
1,27865
0,27867
0,27871
0,27873
1,27875
0,27876
1,27877
0,27880
0,27881
0,27885
0,27889
1,27890
1,27892
1,27896
1,27900
0,27902
0,27903
1,27904
0,27905
0,27908
1,27914
0,27915
1,27917
0,27919
0,27920
0,27921
0,27924
1,27925
1,27928
0,27932
1,27935
1,27936
0,27937
0,27941
1,27946
0,27947
1,27948
0,27949
0,27950
1,27952
0,27954
1,27962
1,27965
0,27967
1,27968
0,27970
0,27971
0,27975
1,27977
1,27978
1,27979
0,27980
1,27982
1,27984
0,27987
0,27988
0,27989
0,27993
0,27994
0,27997
0,28001
1,28002
0,28004
0,28010
0,28012
1,28013
1,28017
0,28019
1,28022
0,28024
0,28030
0,28032
1,28033
0,28034
1,28035
0,28036
1,28044
0,28045
1,28046
0,28049
0,28050
1,28051
1,28056
1,28059
0,28060
1,28062
1,28065
0,28067
0,28070
0,28073
0,28074
0,28075
0,28076
1,28077
0,28086
0,28087
1,28088
0,28091
0,28095
1,28097
1,28098
0,28101
0,28107
1,28109
0,28115
0,28118
0,28121
0,28123
1,28124
1,28125
1,28126
0,28128
0,28131
0,28136
1,28144
0,28146
0,28152
0,28157
1,28158
1,28162
0,28165
0,28169
0,28170
0,28171
0,28174
0,28175
1,28176
1,28177
1,28178
0,28179
1,28182
0,28187
1,28188
1,28189
0,28191
1,28192
1,28195
1,28196
0,28198
0,28199
1,28200
0,28202
1,28203
1,28206
0,28212
0,28214
1,28216
1,28217
0,28220
0,28221
0,28222
0,28225
0,28226
1,28228
0,28233
0,28235
0,28237
0,28240
0,28242
1,28244
1,28246
1,28247
1,28248
1,28249
1,28250
1,28252
1,28253
0,28259
0,28260
0,28262
0,28264
0,28269
1,28277
0,28282
0,28285
1,28289
1,28291
0,28297
0,28302
1,28303
0,28310
1,28311
1,28312
0,28313
0,28314
1,28317
1,28318
1,28322
0,28324
0,28327
1,28329
1,28330
0,28333
0,28337
0,28339
0,28342
0,28348
0,28350
0,28351
1,28355
1,28358
0,28359
1,28361
0,28362
0,28368
1,28370
0,28371
0,28372
0,28373
0,28374
0,28376
1,28382
0,28385
0,28389
1,28392
1,28394
0,28397
0,28400
0,28401
0,28402
0,28404
0,28405
0,28408
0,28409
0,28410
0,28411
0,28414
1,28418
0,28419
1,28423
1,28426
1,28428
1,28430
0,28431
1,28434
1,28435
0,28436
0,28441
0,28442
0,28443
1,28445
1,28450
0,28454
0,28455
0,28460
1,28461
1,28464
1,28466
1,28472
1,28475
1,28476
0,28480
0,28481
1,28482
0,28488
0,28492
0,28495
1,28497
1,28498
1,28501
0,28502
0,28503
1,28505
0,28511
0,28512
0,28516
1,28517
0,28518
0,28521
0,28522
1,28523
0,28524
0,28525
0,28526
1,28530
0,28531
1,28533
1,28534
1,28535
0,28537
1,28539
1,28540
0,28544
1,28549
1,28551
0,28552
0,28555
0,28562
0,28563
1,28566
0,28568
1,28570
0,28576
0,28581
0,28582
1,28589
1,28592
0,28593
1,28594
1,28596
0,28597
0,28598
1,28599
0,28601
0,28603
0,28607
1,28612
1,28613
1,28614
0,28616
1,28617
1,28619
1,28624
0,28626
1,28627
1,28628
0,28631
0,28634
0,28640
0,28641
1,28648
0,28649
0,28652
0,28654
0,28657
0,28659
1,28673
0,28674
1,28675
0,28676
0,28678
0,28680
0,28681
0,28691
0,28693
0,28697
0,28699
0,28702
1,28703
1,28704
1,28705
1,28706
0,28707
1,28709
1,28716
0,28718
0,28721
0,28723
1,28728
0,28729
1,28730
0,28735
0,28736
0,28738
0,28739
0,28741
1,28745
0,28746
1,28749
0,28751
0,28752
1,28758
0,28762
1,28763
0,28764
0,28769
0,28770
0,28771
0,28776
1,28777
0,28778
0,28779
0,28781
0,28785
0,28789
0,28790
0,28793
0,28794
0,28797
0,28798
0,28801
0,28803
0,28805
0,28806
1,28810
0,28812
1,28818
1,28819
1,28823
1,28825
1,28828
0,28829
0,28830
1,28831
0,28835
1,28837
0,28839
0,28844
0,28846
0,28848
0,28852
1,28855
1,28858
0,28861
1,28862
0,28863
1,28866
0,28870
0,28874
1,28875
0,28878
0,28882
0,28894
0,28898
1,28901
1,28902
0,28905
1,28907
1,28911
0,28913
0,28914
0,28917
1,28918
0,28920
1,28921
0,28922
1,28927
0,28931
0,28932
0,28933
0,28935
0,28936
1,28939
0,28942
1,28945
0,28948
0,28949
0,28950
0,28952
0,28954
0,28957
0,28959
0,28961
0,28962
1,28966
0,28969
0,28971
0,28972
0,28973
1,28974
1,28976
0,28977
0,28982
0,28983
1,28984
0,28985
0,28988
0,28996
0,28997
1,29002
0,29007
1,29009
0,29014
0,29015
0,29016
0,29018
1,29019
0,29020
0,29024
1,29025
0,29026
1,29031
0,29032
0,29035
0,29047
1,29049
1,29050
0,29051
0,29052
0,29053
0,29055
0,29058
0,29060
0,29061
1,29063
0,29066
0,29073
0,29074
1,29076
1,29078
1,29080
0,29083
0,29086
1,29089
0,29090
1,29091
0,29092
0,29099
0,29100
0,29105
0,29106
1,29107
0,29113
0,29114
0,29115
0,29116
0,29118
1,29120
1,29122
0,29124
1,29130
1,29132
0,29137
0,29139
0,29142
0,29143
0,29145
0,29146
0,29147
0,29148
0,29151
1,29153
1,29154
0,29162
0,29164
1,29166
0,29170
0,29171
0,29173
0,29176
0,29178
0,29180
0,29181
0,29185
1,29186
1,29189
0,29191
1,29192
0,29193
1,29196
1,29197
1,29198
0,29206
0,29210
0,29211
0,29215
0,29216
0,29222
1,29223
0,29224
1,29226
1,29228
0,29230
1,29233
1,29234
1,29236
0,29237
1,29238
1,29244
0,29245
1,29248
0,29253
0,29256
0,29261
0,29264
0,29267
1,29270
0,29271
0,29272
0,29274
0,29276
1,29279
1,29281
1,29283
0,29284
1,29285
1,29289
1,29291
0,29292
0,29295
1,29296
1,29297
0,29298
0,29299
0,29300
0,29301
1,29302
1,29310
1,29311
0,29315
0,29316
1,29322
0,29325
1,29331
1,29333
0,29336
0,29339
0,29350
1,29351
0,29354
0,29356
0,29357
1,29362
0,29371
0,29373
0,29374
0,29379
0,29380
1,29383
0,29385
0,29388
0,29390
1,29391
0,29393
1,29398
1,29399
0,29402
0,29403
1,29404
0,29409
0,29411
0,29412
0,29414
1,29415
1,29416
1,29418
1,29422
1,29423
1,29426
1,29427
0,29434
1,29435
1,29436
0,29437
0,29445
0,29447
1,29448
0,29449
0,29450
1,29453
0,29454
0,29456
0,29460
1,29463
1,29469
0,29473
0,29476
0,29477
0,29480
0,29481
1,29483
1,29486
1,29489
1,29493
1,29494
0,29495
0,29497
1,29499
0,29502
1,29506
1,29507
1,29509
1,29510
0,29513
0,29516
1,29523
1,29525
0,29528
0,29529
0,29531
0,29534
0,29536
1,29537
1,29539
0,29540
0,29541
0,29543
1,29545
0,29548
1,29555
0,29556
0,29559
1,29565
0,29566
0,29570
0,29571
0,29572
0,29573
1,29575
0,29576
1,29580
0,29581
1,29584
0,29586
1,29587
0,29588
0,29591
1,29593
0,29600
0,29603
1,29604
0,29606
1,29607
0,29612
0,29616
1,29618
1,29625
0,29630
0,29632
0,29633
1,29634
1,29637
1,29639
1,29642
0,29647
0,29648
1,29649
0,29652
0,29653
1,29654
0,29664
1,29667
1,29672
1,29673
1,29677
0,29682
0,29686
0,29690
1,29698
0,29705
1,29709
0,29710
0,29712
1,29713
1,29714
0,29717
1,29719
0,29720
0,29723
0,29725
1,29728
0,29729
0,29730
1,29731
1,29736
0,29737
1,29740
0,29741
0,29743
0,29747
1,29748
0,29752
0,29755
0,29757
1,29758
0,29761
0,29764
0,29773
0,29775
1,29776
0,29777
1,29778
1,29781
1,29783
1,29785
1,29788
0,29790
0,29791
1,29792
0,29794
1,29795
0,29796
0,29797
0,29799
0,29805
0,29807
0,29810
1,29811
1,29813
1,29821
0,29823
0,29825
0,29826
0,29827
0,29828
1,29829
0,29830
0,29831
1,29834
0,29836
0,29837
1,29845
0,29846
1,29848
0,29849
0,29851
0,29852
0,29854
1,29862
1,29865
0,29873
0,29874
0,29876
0,29879
0,29880
0,29882
0,29883
1,29885
0,29887
1,29888
1,29893
1,29895
1,29896
0,29901
0,29903
0,29907
1,29912
0,29915
1,29916
1,29920
1,29921
1,29922
0,29926
1,29930
1,29932
0,29933
1,29935
0,29938
0,29939
0,29940
1,29942
0,29944
0,29947
0,29951
0,29954
0,29956
0,29958
0,29962
0,29963
0,29971
0,29973
0,29975
0,29982
0,29987
1,29989
1,29990
0,29991
0,29992
0,29996
0,29997
0,29998
0,29999
0,30000
1,30002
0,30003
1,30005
1,30007
0,30010
0,30011
0,30012
0,30016
0,30019
1,30021
0,30029
0,30030
0,30031
1,30032
0,30038
1,30042
0,30043
1,30047
1,30048
0,30049
0,30052
0,30056
0,30057
0,30059
1,30060
0,30062
0,30063
0,30064
1,30070
0,30075
1,30076
0,30078
1,30080
0,30081
1,30084
0,30085
0,30086
1,30087
1,30089
1,30090
0,30092
0,30094
1,30098
0,30101
0,30103
1,30104
1,30105
0,30106
0,30111
0,30114
1,30117
0,30123
1,30125
0,30126
0,30131
1,30132
1,30133
0,30137
0,30140
0,30141
0,30145
1,30148
0,30149
0,30151
0,30152
1,30155
0,30156
1,30157
0,30159
1,30160
1,30161
1,30163
0,30164
1,30167
0,30168
1,30169
1,30171
0,30173
0,30174
0,30176
0,30181
1,30185
0,30187
1,30189
1,30194
1,30198
0,30200
0,30201
1,30202
0,30205
1,30206
0,30207
0,30208
0,30210
0,30213
0,30219
0,30227
1,30230
0,30231
0,30236
0,30237
1,30238
0,30242
0,30247
0,30249
0,30253
0,30254
1,30256
1,30257
0,30258
0,30260
1,30262
0,30267
1,30268
0,30270
1,30271
0,30273
1,30282
0,30283
0,30285
0,30286
1,30288
1,30300
1,30302
1,30307
0,30309
1,30312
1,30315
1,30317
0,30327
0,30328
0,30330
1,30331
1,30335
0,30336
1,30337
0,30342
0,30345
1,30347
1,30348
1,30349
0,30350
1,30351
0,30352
0,30353
0,30354
0,30356
0,30358
1,30359
0,30360
0,30361
1,30364
1,30366
0,30372
1,30376
0,30381
0,30383
1,30385
0,30390
0,30391
0,30393
1,30394
0,30395
1,30399
1,30407
0,30411
1,30414
0,30415
0,30417
0,30418
0,30419
1,30421
0,30423
1,30424
0,30429
0,30431
0,30432
1,30440
0,30444
0,30448
1,30449
0,30450
0,30451
0,30452
1,30456
0,30458
0,30459
0,30460
0,30461
0,30462
0,30463
1,30469
0,30470
0,30471
1,30472
0,30474
0,30476
1,30480
1,30482
0,30483
0,30485
0,30488
0,30493
0,30494
0,30495
0,30496
0,30498
0,30499
0,30502
0,30503
0,30504
0,30506
0,30507
0,30508
0,30513
0,30514
1,30518
0,30519
0,30520
1,30521
0,30528
0,30529
0,30532
0,30533
0,30534
0,30535
1,30536
0,30537
1,30538
1,30540
0,30541
0,30542
0,30543
1,30545
0,30546
0,30547
0,30548
1,30551
0,30553
1,30554
1,30556
0,30557
0,30566
1,30567
1,30568
1,30571
1,30578
0,30580
0,30581
1,30583
0,30584
0,30589
1,30593
0,30596
0,30599
0,30600
0,30601
0,30609
1,30611
1,30613
0,30617
1,30619
0,30621
0,30628
0,30631
0,30635
0,30636
0,30640
0,30642
0,30645
0,30646
1,30649
0,30651
0,30654
0,30656
0,30657
0,30660
1,30665
1,30666
0,30667
0,30668
1,30669
1,30670
1,30671
0,30677
1,30678
0,30679
0,30680
0,30686
1,30687
1,30689
0,30692
1,30695
1,30696
0,30697
0,30698
1,30702
0,30703
1,30714
1,30720
0,30721
0,30727
0,30728
0,30729
0,30730
0,30731
1,30733
1,30734
0,30737
0,30741
0,30742
0,30744
0,30746
1,30749
1,30752
0,30760
0,30765
0,30770
1,30772
0,30773
0,30775
1,30777
0,30779
0,30780
0,30784
0,30785
0,30789
1,30790
0,30791
0,30793
0,30796
1,30797
1,30798
1,30799
1,30801
0,30807
0,30808
1,30810
0,30812
0,30813
0,30815
1,30820
1,30821
0,30823
1,30825
0,30828
0,30830
0,30831
0,30832
0,30833
0,30835
1,30838
0,30846
0,30848
0,30849
0,30851
1,30852
1,30855
0,30856
0,30857
0,30860
0,30861
0,30867
0,30869
0,30871
0,30873
1,30874
1,30875
0,30880
0,30882
1,30885
1,30887
1,30889
1,30890
0,30891
0,30893
1,30894
0,30895
0,30896
0,30897
0,30899
1,30900
0,30902
0,30904
1,30905
1,30907
0,30909
0,30911
0,30912
0,30913
1,30916
0,30918
0,30919
0,30921
0,30925
0,30926
1,30927
0,30930
0,30932
0,30935
1,30938
0,30941
1,30945
0,30948
0,30951
0,30955
0,30957
1,30958
0,30961
0,30964
1,30968
0,30969
1,30971
0,30973
0,30974
0,30975
1,30976
0,30977
0,30979
1,30981
0,30985
1,30988
1,30989
0,30991
1,30994
0,30996
1,30999
1,31003
0,31005
0,31006
1,31010
0,31012
1,31014
0,31015
0,31017
0,31019
0,31020
0,31022
1,31023
1,31024
1,31026
0,31028
1,31029
0,31035
1,31038
0,31039
0,31048
0,31050
0,31051
0,31053
1,31055
0,31058
0,31060
1,31062
0,31063
0,31067
1,31068
0,31070
1,31071
0,31074
0,31078
0,31079
0,31080
0,31082
1,31085
1,31086
1,31088
0,31091
1,31093
1,31097
0,31101
1,31105
1,31107
0,31108
1,31111
0,31114
0,31119
1,31120
0,31124
0,31125
0,31127
1,31128
1,31129
1,31134
1,31136
0,31137
0,31138
1,31140
0,31143
0,31144
0,31148
0,31149
1,31152
1,31156
0,31158
1,31162
0,31174
1,31178
0,31179
0,31180
0,31183
0,31184
0,31186
0,31187
1,31188
0,31191
0,31199
0,31201
0,31203
0,31205
0,31207
0,31209
0,31211
1,31212
0,31215
0,31216
0,31217
0,31218
1,31220
1,31221
1,31222
0,31228
1,31230
1,31234
0,31240
1,31241
1,31243
0,31245
0,31249
0,31254
0,31260
1,31261
0,31264
0,31265
0,31268
0,31271
0,31276
0,31281
1,31282
0,31284
1,31286
1,31287
0,31289
0,31290
0,31291
0,31292
0,31294
1,31295
0,31296
0,31297
0,31299
1,31300
0,31303
1,31304
0,31305
0,31307
0,31316
0,31321
1,31323
1,31324
0,31325
1,31328
0,31331
0,31333
1,31334
1,31335
1,31337
1,31339
0,31340
0,31342
0,31343
0,31346
1,31348
1,31352
1,31354
0,31358
1,31360
0,31361
1,31362
1,31363
0,31365
1,31366
1,31367
1,31369
0,31370
0,31372
1,31379
1,31380
0,31381
0,31382
0,31385
0,31387
0,31389
0,31392
1,31394
1,31395
0,31396
1,31398
0,31399
1,31400
0,31404
0,31407
0,31408
0,31409
0,31410
0,31412
0,31415
0,31419
1,31420
0,31435
0,31436
0,31438
1,31441
0,31444
0,31449
0,31450
0,31451
0,31452
1,31457
0,31458
0,31460
0,31461
0,31465
1,31466
0,31468
0,31472
0,31474
0,31476
1,31478
0,31481
0,31484
0,31487
0,31491
1,31493
1,31494
1,31495
1,31496
0,31498
0,31499
0,31501
1,31502
0,31503
0,31507
0,31517
0,31518
0,31519
0,31524
1,31526
0,31529
1,31530
1,31532
0,31534
1,31538
0,31539
0,31540
0,31543
1,31546
1,31549
0,31550
0,31551
0,31553
1,31555
1,31557
0,31563
0,31566
1,31572
0,31574
0,31578
0,31580
0,31582
0,31583
0,31588
1,31589
0,31590
1,31593
0,31594
0,31595
1,31596
1,31600
1,31601
0,31606
0,31607
1,31608
1,31612
0,31613
1,31614
1,31615
0,31616
0,31618
0,31626
0,31627
1,31628
1,31629
0,31632
1,31635
0,31637
0,31640
1,31641
0,31642
0,31645
0,31647
0,31648
1,31650
1,31653
0,31656
0,31658
0,31664
0,31666
0,31669
0,31670
1,31671
0,31672
0,31673
0,31674
0,31681
0,31682
0,31689
0,31690
0,31694
0,31695
0,31697
1,31698
1,31700
0,31703
0,31704
1,31706
0,31707
0,31708
0,31712
0,31713
0,31714
1,31716
0,31717
0,31719
1,31722
0,31727
0,31728
0,31732
1,31734
0,31735
0,31736
1,31742
0,31747
0,31748
0,31749
0,31751
0,31752
0,31753
0,31754
0,31756
0,31759
0,31763
0,31766
0,31771
0,31774
0,31775
0,31776
0,31778
0,31780
0,31784
0,31785
0,31789
0,31790
0,31792
0,31793
0,31796
0,31799
0,31802
0,31804
0,31807
0,31808
1,31813
1,31816
0,31817
0,31818
0,31820
0,31821
0,31829
1,31832
0,31833
1,31834
0,31837
0,31842
0,31845
0,31847
1,31852
0,31854
1,31855
0,31856
0,31861
0,31863
1,31865
0,31871
1,31873
0,31876
0,31877
1,31880
0,31881
0,31885
1,31888
1,31889
0,31892
0,31894
1,31898
1,31899
0,31900
0,31906
0,31907
0,31909
1,31911
0,31912
1,31913
0,31917
0,31918
1,31920
1,31925
0,31926
1,31927
1,31930
1,31934
0,31935
1,31936
1,31937
0,31938
1,31939
1,31941
0,31942
0,31943
0,31947
0,31949
1,31951
0,31952
1,31953
0,31954
0,31962
1,31963
1,31965
1,31966
1,31968
0,31972
1,31973
0,31974
0,31975
0,31976
0,31979
0,31984
0,31986
0,31988
0,31989
1,31990
1,31991
0,31992
0,31994
0,32001
0,32004
0,32005
1,32006
0,32010
1,32011
0,32015
0,32017
1,32031
1,32032
1,32033
0,32034
1,32035
0,32036
0,32037
0,32038
1,32039
1,32041
0,32042
0,32047
0,32048
0,32050
0,32052
1,32053
0,32055
1,32056
0,32058
0,32059
0,32060
1,32067
1,32074
0,32075
1,32077
0,32080
0,32081
0,32082
0,32085
0,32088
1,32090
1,32094
1,32097
0,32098
0,32099
0,32104
1,32109
0,32115
0,32116
0,32118
0,32119
0,32130
0,32131
0,32132
0,32135
0,32136
0,32140
0,32145
0,32149
0,32150
0,32151
0,32153
0,32162
0,32165
1,32170
0,32175
0,32180
1,32181
1,32182
0,32183
0,32185
0,32188
1,32189
0,32194
1,32196
0,32203
0,32205
0,32206
0,32207
0,32208
1,32209
0,32210
0,32211
0,32220
0,32225
0,32233
0,32235
1,32236
0,32238
0,32240
0,32244
0,32246
0,32248
0,32250
0,32253
0,32254
0,32258
0,32261
1,32262
0,32264
0,32266
0,32268
0,32269
0,32272
0,32273
1,32277
0,32278
0,32281
0,32282
0,32288
0,32292
0,32295
0,32299
1,32301
0,32303
0,32306
1,32307
0,32309
1,32311
0,32313
0,32315
0,32316
1,32317
0,32325
0,32327
0,32329
0,32331
0,32332
1,32335
0,32337
0,32342
1,32346
0,32348
0,32350
0,32351
0,32352
1,32355
0,32356
1,32362
0,32365
1,32367
0,32368
0,32370
0,32372
0,32374
0,32378
0,32379
0,32381
0,32382
0,32389
0,32395
0,32396
0,32399
0,32400
0,32402
0,32405
1,32406
0,32412
0,32413
0,32414
0,32421
0,32423
1,32427
0,32435
0,32438
1,32440
1,32441
0,32443
1,32444
1,32445
0,32448
0,32450
0,32452
0,32454
0,32457
0,32460
0,32461
0,32462
0,32476
1,32477
1,32478
0,32479
1,32480
1,32483
1,32484
0,32485
0,32486
0,32488
0,32489
0,32492
1,32494
0,32495
0,32496
0,32506
0,32507
0,32515
1,32516
1,32518
0,32522
0,32523
0,32528
0,32530
1,32534
0,32535
1,32541
0,32543
0,32546
1,32548
0,32549
0,32550
1,32552
0,32554
0,32556
0,32561
0,32562
0,32564
0,32570
0,32571
0,32574
0,32578
1,32581
1,32585
0,32593
1,32595
0,32599
1,32605
0,32606
0,32608
0,32610
0,32611
0,32615
1,32616
0,32619
0,32621
0,32624
0,32625
0,32631
1,32633
0,32634
1,32635
1,32637
0,32639
0,32641
0,32645
0,32646
0,32647
0,32648
1,32649
1,32650
1,32651
0,32652
1,32654
1,32656
0,32661
1,32664
0,32666
0,32667
0,32669
0,32676
0,32677
0,32679
0,32682
0,32685
0,32686
0,32687
1,32692
0,32695
0,32697
1,32698
0,32699
0,32703
1,32705
1,32711
0,32714
0,32716
0,32720
0,32725
0,32728
0,32733
1,32734
1,32735
0,32740
1,32744
1,32746
0,32747
0,32748
0,32750
0,32751
0,32753
0,32754
0,32756
0,32757
0,32759
0,32761
1,32762
0,32763
1,32767
1,32770
0,32772
0,32773
1,32775
1,32777
0,32778
0,32781
1,32782
0,32786
0,32788
0,32789
0,32792
1,32795
0,32796
1,32798
1,32803
0,32805
1,32809
0,32812
1,32813
0,32816
0,32818
0,32819
0,32823
0,32824
1,32825
0,32829
0,32833
0,32836
0,32837
0,32839
1,32840
0,32841
0,32842
1,32847
1,32849
0,32850
0,32855
1,32858
1,32864
1,32869
0,32870
0,32872
1,32877
1,32878
0,32883
0,32885
1,32886
1,32887
1,32888
0,32889
1,32890
0,32891
0,32892
0,32893
0,32894
1,32895
0,32896
0,32898
0,32899
1,32900
0,32901
1,32902
0,32904
1,32906
1,32907
1,32908
0,32914
1,32915
1,32917
0,32919
1,32922
1,32923
0,32924
1,32925
1,32927
0,32928
0,32929
1,32931
1,32942
1,32944
0,32945
1,32951
1,32953
0,32954
0,32955
1,32958
0,32959
1,32960
0,32962
1,32965
0,32971
0,32973
0,32975
0,32976
0,32977
1,32982
1,32983
0,32986
0,32996
1,32999
0,33001
0,33003
0,33006
0,33011
1,33012
1,33014
0,33015
1,33023
1,33025
1,33027
0,33028
0,33031
1,33034
0,33035
0,33036
0,33037
0,33042
0,33057
0,33058
1,33068
0,33069
0,33070
1,33071
0,33073
0,33076
0,33081
1,33082
1,33085
0,33086
1,33088
1,33091
1,33092
0,33097
0,33100
0,33101
0,33103
0,33104
0,33106
1,33108
0,33110
0,33113
0,33116
1,33123
0,33124
1,33126
1,33128
1,33130
1,33133
0,33139
0,33141
0,33142
0,33144
0,33147
1,33148
0,33151
1,33152
1,33154
0,33157
0,33159
0,33160
0,33161
0,33167
0,33178
0,33179
0,33181
1,33183
0,33185
0,33186
0,33188
0,33190
0,33191
1,33192
1,33193
1,33194
0,33198
0,33200
1,33204
0,33206
0,33207
0,33208
0,33209
0,33211
1,33212
0,33213
0,33217
0,33224
0,33232
0,33233
1,33237
1,33242
1,33245
0,33246
0,33247
0,33248
1,33249
1,33250
1,33253
1,33256
1,33257
0,33263
0,33269
0,33271
0,33272
0,33274
0,33278
0,33280
1,33281
0,33283
0,33287
0,33290
1,33291
0,33294
0,33299
1,33309
0,33312
1,33313
1,33314
0,33315
0,33320
1,33322
1,33323
0,33325
0,33330
0,33332
0,33333
1,33334
0,33336
1,33343
0,33344
1,33345
1,33347
1,33349
0,33351
1,33356
0,33357
0,33359
1,33363
0,33364
0,33365
0,33366
1,33367
0,33373
1,33381
0,33383
0,33384
0,33388
0,33392
1,33396
0,33397
1,33403
0,33406
0,33408
0,33410
1,33412
0,33413
1,33423
1,33424
0,33425
0,33428
0,33431
0,33432
1,33437
0,33438
0,33440
0,33441
0,33442
1,33443
0,33444
0,33445
1,33452
0,33459
0,33460
0,33468
1,33470
0,33471
1,33472
0,33473
0,33477
0,33478
1,33482
0,33483
0,33484
1,33485
0,33491
0,33492
1,33494
0,33495
0,33496
1,33499
0,33502
1,33505
1,33508
0,33510
0,33514
1,33518
0,33519
1,33521
1,33522
0,33524
1,33527
1,33530
1,33536
0,33537
0,33539
0,33540
1,33541
0,33543
1,33545
1,33552
1,33554
1,33556
0,33559
1,33561
0,33563
0,33566
0,33567
1,33571
0,33573
0,33576
1,33583
1,33584
0,33588
0,33594
1,33597
0,33602
0,33605
1,33606
0,33607
0,33609
1,33610
1,33612
1,33614
0,33615
1,33616
0,33618
0,33619
1,33620
1,33626
0,33627
1,33630
1,33632
1,33634
1,33635
0,33637
0,33640
0,33643
0,33644
0,33645
0,33646
0,33648
1,33651
0,33653
1,33656
0,33658
1,33659
1,33663
0,33664
0,33666
0,33667
0,33668
0,33669
0,33670
0,33673
0,33677
0,33678
0,33682
1,33684
0,33685
0,33686
0,33687
1,33691
0,33695
0,33696
0,33697
0,33700
0,33702
1,33704
0,33705
0,33714
1,33719
0,33723
0,33724
0,33728
1,33732
0,33734
0,33735
0,33738
0,33743
0,33744
0,33745
1,33747
0,33748
1,33749
1,33750
0,33751
0,33752
0,33757
1,33758
0,33767
1,33769
0,33771
0,33778
0,33781
1,33784
1,33788
0,33790
1,33791
0,33793
0,33796
1,33798
0,33801
1,33806
0,33808
0,33810
1,33811
0,33814
0,33816
1,33817
1,33818
0,33821
0,33823
0,33827
0,33828
1,33831
1,33832
0,33834
0,33837
0,33838
1,33840
0,33843
1,33846
0,33847
0,33848
0,33849
1,33850
0,33851
0,33852
0,33853
0,33854
0,33856
0,33859
1,33865
0,33868
1,33870
1,33872
1,33876
1,33885
1,33887
0,33889
0,33891
0,33892
1,33893
1,33894
0,33898
0,33899
0,33901
0,33902
0,33903
1,33904
1,33907
0,33910
0,33920
0,33921
1,33924
1,33925
0,33927
1,33928
1,33930
0,33931
1,33933
0,33944
0,33945
1,33946
1,33947
1,33949
0,33954
0,33955
0,33956
0,33957
0,33959
0,33962
1,33964
1,33966
1,33967
0,33975
0,33976
0,33979
0,33980
1,33981
0,33984
0,33986
0,33989
0,33990
1,33991
1,33992
0,33996
0,34006
1,34007
0,34011
1,34012
1,34013
0,34014
1,34015
0,34017
0,34018
1,34019
0,34020
0,34022
0,34026
0,34030
0,34033
1,34036
0,34038
0,34040
0,34050
0,34051
1,34053
1,34055
0,34057
0,34058
1,34060
1,34066
1,34068
0,34070
0,34075
0,34077
1,34078
0,34079
0,34083
1,34084
0,34086
1,34087
0,34088
1,34089
0,34090
1,34092
0,34094
0,34097
1,34099
1,34103
0,34105
0,34107
1,34108
1,34110
0,34114
0,34124
0,34126
0,34129
0,34135
1,34141
0,34143
0,34145
1,34146
1,34148
1,34149
0,34150
1,34151
0,34154
0,34155
0,34158
1,34160
1,34161
1,34163
0,34173
1,34174
1,34175
1,34176
1,34182
1,34187
1,34189
1,34190
1,34193
1,34194
0,34195
0,34200
0,34201
1,34203
0,34206
0,34215
0,34218
0,34221
0,34223
0,34227
1,34234
0,34235
1,34237
0,34239
0,34250
1,34252
0,34256
0,34258
0,34265
0,34267
0,34271
1,34272
0,34275
0,34276
1,34277
0,34278
0,34280
1,34281
0,34286
0,34287
0,34289
1,34291
0,34300
0,34301
0,34302
0,34316
0,34317
0,34318
0,34320
0,34321
0,34324
0,34325
0,34331
0,34332
0,34333
0,34338
0,34342
0,34343
1,34351
0,34354
1,34358
1,34359
1,34360
0,34363
1,34365
1,34368
1,34370
1,34373
1,34375
1,34377
0,34378
0,34379
0,34381
0,34383
0,34385
0,34387
1,34389
0,34393
0,34394
1,34396
1,34397
0,34400
1,34410
1,34412
0,34414
0,34416
0,34417
0,34419
0,34420
0,34421
0,34422
0,34425
0,34427
0,34428
0,34429
0,34432
0,34433
0,34439
0,34441
0,34444
0,34446
1,34447
1,34449
1,34451
0,34452
0,34454
0,34455
0,34456
0,34457
0,34458
0,34463
1,34464
0,34465
0,34468
1,34469
1,34470
0,34471
0,34474
0,34475
1,34476
1,34480
1,34481
1,34482
0,34483
1,34486
0,34491
1,34492
0,34498
1,34499
1,34500
1,34503
0,34507
1,34509
0,34512
0,34513
0,34514
0,34515
0,34516
0,34517
1,34522
1,34527
1,34528
1,34529
0,34531
0,34534
0,34539
1,34545
0,34546
1,34547
1,34548
1,34549
1,34553
1,34555
0,34557
1,34560
0,34561
1,34563
0,34564
1,34570
1,34571
1,34572
0,34574
0,34578
0,34581
0,34582
1,34583
1,34585
0,34586
0,34588
0,34593
0,34594
1,34597
1,34598
0,34599
1,34600
0,34603
1,34604
0,34605
1,34607
0,34609
0,34613
0,34614
0,34618
0,34620
1,34626
0,34629
0,34630
1,34638
0,34639
1,34641
0,34642
0,34645
0,34649
1,34650
0,34651
0,34653
1,34655
0,34657
0,34658
1,34663
0,34664
0,34665
1,34666
0,34667
1,34668
0,34676
1,34680
0,34685
0,34687
0,34688
0,34689
0,34692
0,34695
1,34696
1,34697
0,34699
1,34703
1,34706
1,34709
1,34715
0,34716
0,34723
0,34728
1,34729
1,34730
1,34733
1,34735
1,34739
1,34740
0,34746
0,34749
0,34750
1,34755
0,34758
0,34759
1,34760
0,34768
0,34769
0,34771
0,34772
0,34773
0,34775
1,34780
0,34781
1,34789
0,34790
0,34792
1,34793
0,34798
0,34802
0,34804
1,34805
1,34809
0,34814
0,34815
0,34816
0,34818
0,34819
1,34822
1,34823
0,34824
0,34825
0,34826
0,34827
0,34828
0,34829
0,34831
1,34834
1,34836
1,34844
0,34845
0,34848
0,34849
0,34850
1,34855
0,34856
1,34860
0,34866
1,34867
0,34869
0,34871
0,34873
0,34874
0,34875
0,34877
0,34878
0,34880
1,34882
1,34883
0,34885
1,34886
0,34887
1,34889
1,34890
0,34896
1,34898
0,34899
1,34900
1,34901
0,34902
0,34905
0,34907
0,34911
0,34912
0,34913
0,34914
1,34915
0,34916
0,34920
0,34922
0,34924
0,34926
1,34927
0,34928
1,34932
0,34933
0,34938
1,34941
0,34943
0,34946
0,34948
0,34949
0,34950
1,34953
0,34954
1,34960
0,34963
0,34971
0,34972
0,34973
0,34974
1,34976
0,34979
0,34980
0,34984
1,34985
1,34993
0,34995
1,34997
0,35000
1,35002
0,35003
0,35004
0,35009
0,35010
0,35013
0,35014
0,35015
0,35019
1,35020
0,35024
1,35025
0,35029
0,35030
0,35033
0,35035
1,35040
0,35047
0,35048
0,35050
0,35051
0,35055
1,35057
1,35059
0,35060
0,35061
1,35062
0,35063
0,35064
0,35065
0,35066
0,35067
0,35068
1,35072
1,35077
1,35078
0,35081
0,35086
0,35089
1,35090
0,35096
0,35100
0,35101
0,35102
1,35104
0,35105
0,35107
0,35108
0,35109
1,35110
0,35115
1,35120
0,35121
0,35123
0,35125
0,35126
1,35127
1,35129
1,35130
1,35132
1,35133
0,35137
0,35138
0,35141
0,35143
0,35144
0,35146
0,35149
0,35150
0,35154
0,35158
0,35159
0,35165
1,35166
1,35167
0,35169
1,35170
0,35173
0,35175
0,35177
1,35180
0,35181
0,35182
1,35185
0,35188
0,35189
0,35190
1,35191
1,35193
0,35196
1,35202
1,35204
0,35206
0,35208
1,35209
0,35210
0,35211
0,35220
0,35222
1,35223
1,35228
0,35234
1,35236
0,35237
0,35238
0,35241
1,35243
0,35245
0,35248
1,35249
1,35253
1,35257
1,35259
0,35260
0,35267
0,35270
0,35271
1,35275
1,35276
1,35278
0,35283
1,35286
1,35287
0,35288
1,35292
1,35296
0,35297
0,35306
1,35315
0,35316
1,35321
0,35322
1,35325
1,35327
0,35330
0,35333
1,35334
0,35335
0,35337
0,35339
0,35341
0,35344
1,35347
0,35349
0,35351
0,35354
1,35356
0,35359
0,35362
1,35363
0,35364
1,35366
0,35367
1,35371
0,35374
0,35380
0,35381
0,35387
1,35390
0,35391
1,35392
0,35395
0,35397
0,35398
0,35401
0,35406
0,35408
0,35411
0,35414
1,35415
0,35418
1,35431
0,35437
1,35438
0,35439
1,35444
1,35446
0,35451
0,35453
0,35458
1,35460
0,35461
1,35462
1,35465
1,35466
0,35467
1,35470
0,35471
0,35473
0,35474
1,35475
1,35477
0,35479
0,35480
0,35481
0,35482
1,35486
0,35487
0,35488
0,35490
0,35491
1,35492
0,35495
0,35497
0,35500
0,35502
0,35507
0,35510
1,35512
1,35513
0,35514
0,35515
0,35517
1,35522
0,35523
0,35524
1,35525
1,35529
1,35530
1,35539
1,35542
0,35547
0,35549
1,35550
1,35556
0,35559
0,35561
0,35565
1,35566
1,35567
1,35568
0,35570
0,35571
1,35573
0,35574
1,35575
1,35576
1,35580
0,35582
1,35588
0,35590
0,35592
1,35595
0,35598
1,35601
0,35603
0,35605
0,35609
0,35610
0,35611
0,35614
0,35616
0,35617
0,35622
0,35626
1,35627
0,35628
0,35631
0,35632
1,35633
0,35640
0,35645
1,35647
0,35651
0,35653
0,35655
1,35656
1,35657
1,35660
0,35663
0,35666
0,35667
0,35672
0,35673
1,35676
0,35678
0,35680
0,35682
0,35684
1,35687
0,35688
0,35689
0,35691
1,35692
1,35699
0,35701
1,35702
0,35703
0,35705
1,35708
0,35710
0,35712
1,35713
1,35716
0,35717
1,35719
0,35722
0,35725
1,35726
0,35731
1,35734
0,35735
1,35736
1,35738
1,35740
0,35743
0,35744
0,35745
1,35746
0,35754
1,35758
0,35761
1,35762
1,35766
1,35770
1,35771
0,35772
0,35773
1,35774
1,35775
1,35777
0,35779
1,35783
1,35784
0,35787
0,35792
0,35796
0,35797
0,35799
0,35800
0,35802
0,35803
0,35804
0,35809
0,35813
1,35817
0,35818
0,35819
0,35821
1,35822
1,35828
0,35829
0,35832
0,35835
1,35836
1,35837
1,35838
0,35839
1,35840
0,35844
0,35846
0,35848
1,35852
0,35853
0,35855
0,35858
1,35859
1,35861
0,35862
1,35867
1,35868
0,35871
1,35872
1,35875
1,35879
1,35880
1,35883
0,35885
0,35891
1,35893
0,35895
0,35901
0,35903
1,35907
0,35910
1,35911
1,35914
1,35917
0,35919
0,35927
0,35929
0,35934
0,35937
0,35938
1,35941
0,35942
0,35943
0,35944
0,35945
0,35948
0,35952
1,35958
1,35961
0,35962
0,35963
1,35964
0,35966
1,35967
1,35969
0,35972
0,35975
0,35978
1,35982
0,35988
0,35994
0,35996
0,35998
0,36001
0,36002
1,36004
1,36007
0,36009
0,36014
0,36015
0,36016
0,36017
0,36018
1,36021
0,36022
0,36026
0,36031
0,36033
0,36034
0,36036
0,36039
0,36044
0,36045
0,36046
1,36051
1,36053
1,36055
0,36058
0,36060
0,36061
0,36068
0,36070
0,36072
0,36073
0,36074
0,36076
1,36080
0,36082
1,36084
1,36086
0,36090
0,36091
0,36092
0,36095
0,36100
1,36102
0,36103
0,36104
0,36111
1,36112
1,36117
1,36118
0,36119
0,36120
0,36121
1,36125
0,36129
1,36130
0,36131
0,36134
1,36137
1,36140
0,36141
1,36142
0,36147
1,36150
1,36152
0,36153
0,36156
1,36157
0,36165
0,36169
0,36170
0,36171
0,36172
0,36174
0,36175
1,36177
0,36181
0,36191
0,36192
0,36194
0,36195
0,36198
0,36199
0,36200
1,36202
1,36203
1,36205
0,36206
0,36208
0,36210
1,36211
0,36214
0,36218
0,36220
0,36225
1,36226
1,36229
0,36230
1,36232
0,36235
1,36243
0,36244
0,36246
0,36250
1,36251
0,36253
0,36254
1,36263
1,36265
0,36268
1,36280
0,36283
0,36285
1,36287
0,36288
1,36289
1,36290
0,36292
0,36294
1,36297
0,36300
0,36302
0,36304
1,36307
0,36311
0,36312
0,36314
0,36315
1,36317
0,36319
0,36322
0,36323
1,36325
0,36327
1,36328
1,36329
0,36336
1,36337
0,36338
1,36339
0,36341
0,36344
0,36345
1,36346
0,36347
0,36351
1,36354
0,36355
1,36357
0,36359
0,36363
1,36364
0,36365
0,36368
0,36372
0,36378
0,36379
0,36381
0,36384
0,36385
0,36393
0,36395
0,36396
1,36397
1,36398
1,36401
0,36404
0,36406
0,36408
1,36409
1,36410
0,36419
0,36420
0,36426
1,36427
1,36429
1,36431
0,36432
0,36433
1,36434
0,36437
1,36439
1,36440
0,36442
0,36446
0,36450
0,36453
0,36454
0,36456
0,36458
0,36462
1,36463
1,36464
1,36465
0,36466
0,36467
1,36468
0,36469
0,36472
1,36474
0,36476
0,36477
0,36478
1,36479
0,36484
0,36486
1,36494
0,36499
0,36502
1,36503
0,36504
1,36506
0,36508
0,36510
0,36513
0,36516
0,36523
1,36532
0,36535
1,36537
1,36540
1,36542
1,36543
0,36544
0,36545
0,36548
1,36549
0,36556
1,36558
0,36559
0,36563
0,36565
1,36571
0,36574
1,36582
1,36586
0,36590
0,36592
0,36593
0,36594
0,36595
1,36599
1,36602
0,36604
1,36606
1,36608
1,36610
0,36612
0,36613
0,36615
0,36620
1,36625
0,36627
0,36630
0,36632
0,36633
0,36634
0,36635
0,36636
0,36637
0,36641
0,36643
0,36646
1,36650
1,36653
0,36655
0,36657
0,36658
0,36660
1,36661
0,36663
0,36668
0,36671
1,36681
1,36685
0,36687
0,36688
1,36689
0,36695
1,36696
0,36700
0,36701
0,36703
0,36704
0,36708
1,36717
1,36718
1,36721
0,36725
0,36726
0,36729
1,36730
0,36732
0,36733
0,36736
0,36742
0,36743
0,36745
0,36747
0,36749
0,36757
0,36759
1,36760
1,36764
0,36765
0,36771
1,36772
0,36773
0,36776
0,36777
0,36779
1,36782
0,36787
1,36788
0,36789
1,36790
0,36792
0,36793
1,36796
0,36797
1,36798
0,36799
0,36806
0,36808
0,36810
0,36812
0,36818
0,36820
1,36822
0,36827
0,36828
0,36834
0,36837
1,36841
1,36842
0,36844
0,36846
0,36850
0,36853
0,36854
0,36859
0,36865
0,36867
1,36873
0,36878
0,36879
1,36882
0,36888
0,36892
0,36894
1,36906
1,36907
0,36909
0,36912
1,36913
0,36914
1,36916
0,36917
1,36918
0,36924
0,36925
1,36928
0,36929
0,36930
0,36931
0,36932
0,36937
0,36939
0,36941
0,36942
0,36945
1,36949
0,36951
0,36952
0,36955
1,36961
0,36962
0,36964
0,36965
0,36966
0,36971
0,36972
1,36973
1,36974
0,36975
0,36976
0,36978
0,36980
0,36981
0,36982
0,36985
0,36986
0,36987
0,36988
1,36989
0,36991
0,36993
1,36996
0,36998
0,37002
1,37003
0,37004
0,37005
1,37006
0,37007
0,37008
0,37009
0,37013
0,37015
1,37021
0,37025
1,37027
1,37028
1,37030
0,37031
1,37035
1,37036
0,37037
0,37040
0,37045
1,37046
0,37047
1,37048
1,37049
0,37050
0,37052
1,37053
1,37054
0,37055
0,37056
1,37060
1,37061
1,37065
0,37068
0,37069
0,37073
0,37078
0,37081
1,37084
1,37086
1,37094
0,37095
0,37101
0,37104
0,37106
1,37108
0,37109
0,37110
1,37111
1,37113
0,37115
1,37116
0,37123
1,37124
0,37127
1,37129
0,37137
1,37140
0,37144
0,37145
0,37146
0,37147
0,37151
0,37152
0,37156
0,37159
1,37163
1,37167
1,37173
0,37175
0,37176
0,37179
1,37180
1,37181
0,37186
0,37191
0,37193
1,37195
1,37197
0,37206
1,37211
0,37213
0,37214
1,37217
0,37220
0,37225
0,37232
0,37233
0,37235
0,37236
1,37237
0,37238
1,37240
0,37242
0,37245
0,37246
0,37249
1,37253
0,37258
0,37259
0,37260
0,37262
0,37265
0,37278
1,37280
0,37288
1,37293
0,37298
1,37299
0,37301
0,37302
0,37305
1,37312
0,37313
0,37317
1,37318
0,37319
0,37321
0,37322
0,37333
0,37335
1,37338
1,37339
1,37341
0,37343
1,37348
1,37349
0,37351
0,37352
1,37353
0,37355
0,37356
0,37357
0,37358
0,37360
0,37361
0,37362
0,37364
0,37367
0,37368
1,37371
0,37378
0,37379
0,37380
0,37382
0,37383
0,37384
0,37388
0,37391
1,37392
0,37393
1,37395
0,37396
0,37397
0,37398
1,37401
0,37402
0,37406
1,37407
0,37412
0,37413
1,37414
0,37417
0,37418
0,37420
1,37425
1,37427
0,37438
1,37441
0,37444
0,37446
0,37447
1,37448
1,37449
0,37450
0,37451
1,37452
1,37454
0,37457
1,37461
0,37463
1,37464
1,37465
1,37466
0,37467
1,37468
0,37469
0,37472
0,37475
0,37476
0,37477
0,37481
0,37487
1,37488
0,37491
1,37493
1,37500
0,37501
0,37502
0,37506
0,37507
0,37508
1,37512
0,37514
1,37516
0,37517
0,37528
0,37535
0,37540
1,37541
0,37542
1,37544
1,37549
0,37550
1,37551
0,37555
1,37558
1,37560
1,37561
1,37562
0,37563
0,37565
0,37566
0,37569
0,37570
0,37571
1,37573
1,37575
1,37578
0,37579
1,37581
1,37582
0,37583
0,37586
0,37587
0,37590
1,37599
0,37601
1,37606
0,37607
0,37609
0,37611
0,37612
0,37613
1,37614
1,37616
1,37619
0,37620
0,37622
0,37624
0,37625
0,37628
1,37629
0,37631
0,37633
0,37634
0,37639
1,37641
0,37642
0,37643
0,37644
0,37647
0,37649
1,37651
1,37652
1,37654
1,37655
0,37658
0,37661
0,37662
0,37663
1,37670
0,37673
1,37675
1,37676
0,37679
1,37681
1,37684
0,37688
0,37690
0,37692
0,37700
0,37701
0,37704
1,37705
0,37706
0,37708
1,37709
1,37710
1,37711
0,37712
0,37720
1,37722
1,37723
0,37724
0,37725
1,37727
0,37731
0,37736
0,37742
0,37743
1,37746
1,37750
0,37752
1,37753
0,37755
1,37759
1,37762
0,37765
0,37766
0,37767
1,37771
0,37772
1,37776
0,37777
0,37778
0,37781
1,37787
1,37788
0,37793
1,37795
0,37796
0,37797
0,37798
0,37801
0,37804
0,37808
0,37809
0,37812
0,37817
0,37821
0,37823
1,37824
0,37825
0,37827
0,37830
0,37832
0,37834
1,37835
0,37836
1,37842
1,37843
0,37844
1,37845
0,37850
0,37852
0,37853
0,37855
0,37856
0,37857
0,37859
1,37860
1,37861
0,37862
1,37865
0,37867
1,37868
1,37869
0,37871
0,37872
0,37874
1,37879
0,37885
0,37886
0,37887
0,37889
0,37891
0,37896
0,37898
0,37901
1,37905
1,37907
1,37911
0,37912
1,37913
1,37916
0,37917
0,37918
1,37919
0,37922
1,37925
0,37929
0,37932
1,37934
1,37936
0,37938
0,37940
0,37942
0,37948
0,37949
0,37951
1,37956
0,37957
0,37962
0,37963
1,37965
0,37967
0,37971
1,37972
0,37974
0,37976
0,37977
1,37979
0,37981
0,37983
0,37986
0,37987
0,37990
0,37996
1,37998
0,38001
0,38005
0,38008
0,38009
0,38010
1,38011
0,38017
0,38019
0,38020
1,38023
1,38025
0,38031
0,38033
0,38034
0,38035
0,38043
0,38046
1,38050
0,38054
1,38056
0,38057
0,38067
0,38070
0,38073
0,38076
1,38077
1,38080
0,38081
0,38085
0,38086
0,38088
0,38090
0,38092
0,38094
1,38100
0,38102
0,38103
1,38104
0,38105
0,38108
0,38114
0,38115
0,38117
0,38118
1,38121
0,38123
0,38124
0,38128
1,38132
1,38134
0,38136
0,38138
1,38144
1,38145
1,38148
1,38149
1,38150
0,38152
0,38153
1,38154
0,38156
1,38158
0,38160
1,38162
1,38163
0,38164
1,38165
0,38171
0,38176
1,38178
0,38181
1,38182
0,38184
0,38196
1,38197
0,38199
1,38203
0,38204
0,38207
1,38209
1,38211
0,38216
0,38219
1,38221
1,38224
0,38226
1,38232
0,38233
0,38235
1,38236
1,38237
1,38243
1,38245
1,38250
1,38251
0,38254
1,38258
1,38263
0,38264
0,38267
1,38271
0,38273
0,38274
1,38280
1,38282
0,38284
0,38285
0,38287
0,38288
0,38290
0,38291
1,38292
0,38293
0,38299
0,38301
0,38302
1,38303
0,38307
1,38308
0,38310
0,38315
1,38319
0,38320
0,38322
1,38323
1,38326
0,38327
0,38328
0,38329
1,38331
1,38332
0,38333
0,38334
0,38335
0,38337
0,38338
0,38339
0,38341
1,38342
0,38344
0,38345
0,38346
1,38348
1,38350
0,38351
0,38356
0,38358
1,38362
0,38363
0,38367
0,38368
0,38369
1,38371
0,38372
0,38373
0,38374
0,38377
1,38385
0,38386
1,38388
1,38391
0,38394
1,38395
0,38396
0,38399
0,38403
1,38405
0,38407
0,38412
0,38415
1,38420
1,38424
0,38426
0,38430
0,38432
0,38433
0,38438
1,38441
1,38446
0,38449
0,38450
1,38455
0,38458
1,38462
0,38465
1,38467
0,38468
0,38469
1,38470
0,38471
0,38472
1,38474
0,38475
0,38480
1,38485
0,38486
1,38488
0,38489
0,38491
0,38492
1,38499
0,38503
0,38504
1,38507
0,38512
0,38513
0,38514
0,38515
0,38516
0,38517
1,38519
1,38524
1,38531
0,38534
0,38539
0,38542
1,38547
0,38549
0,38551
0,38552
0,38555
0,38556
0,38567
0,38568
1,38569
0,38574
1,38576
1,38577
1,38578
1,38579
0,38580
0,38583
0,38584
0,38591
0,38592
0,38596
0,38598
1,38604
1,38615
1,38617
1,38618
0,38623
1,38627
0,38631
0,38632
0,38635
1,38638
1,38640
1,38642
1,38643
0,38644
0,38646
1,38647
1,38648
1,38650
0,38651
0,38654
1,38655
0,38658
1,38661
0,38663
0,38665
1,38668
0,38670
1,38671
1,38674
0,38675
0,38676
0,38680
1,38682
0,38685
0,38690
0,38695
0,38700
0,38703
1,38705
0,38706
0,38707
0,38709
1,38710
0,38711
0,38715
0,38719
1,38721
0,38722
0,38723
0,38725
0,38727
1,38729
1,38731
1,38733
0,38735
1,38743
0,38744
1,38749
0,38750
1,38751
0,38752
1,38753
0,38755
1,38756
1,38759
1,38761
1,38768
0,38772
0,38773
0,38777
0,38778
0,38781
0,38783
0,38784
0,38786
0,38787
0,38789
0,38791
1,38792
0,38793
1,38794
1,38795
0,38796
0,38798
0,38799
0,38800
1,38803
0,38805
0,38808
0,38811
0,38815
0,38817
0,38822
1,38824
0,38830
0,38833
1,38834
0,38835
1,38838
1,38840
1,38841
0,38850
1,38852
1,38853
0,38855
1,38856
0,38857
0,38860
0,38864
0,38866
1,38867
0,38868
1,38869
0,38872
1,38875
1,38880
0,38885
1,38889
1,38891
0,38892
0,38898
1,38901
0,38904
0,38906
1,38909
1,38911
1,38912
0,38915
0,38916
1,38923
1,38925
1,38926
0,38929
1,38930
1,38933
0,38934
0,38935
0,38937
1,38943
0,38944
0,38948
0,38949
1,38951
0,38952
0,38953
1,38954
1,38956
0,38958
1,38964
1,38966
0,38971
0,38972
0,38973
0,38977
0,38978
0,38979
0,38986
0,38987
1,38988
0,38990
0,38993
0,38994
0,38996
0,38998
0,39002
0,39005
1,39006
1,39011
1,39016
0,39019
1,39020
1,39023
0,39024
0,39025
1,39030
0,39036
1,39038
0,39039
0,39040
0,39042
1,39043
0,39045
0,39047
0,39051
1,39052
0,39053
0,39057
0,39058
0,39059
1,39060
1,39065
0,39069
0,39070
0,39072
0,39073
0,39078
0,39079
0,39081
0,39086
0,39087
1,39088
0,39089
1,39090
0,39095
1,39097
0,39098
1,39099
0,39100
0,39102
0,39108
1,39109
0,39110
0,39119
0,39120
0,39123
0,39125
0,39133
1,39134
1,39136
0,39140
1,39141
0,39143
0,39145
1,39146
0,39149
0,39152
0,39158
0,39160
1,39161
0,39162
0,39166
1,39167
1,39169
1,39171
0,39172
1,39173
0,39174
1,39175
1,39177
1,39178
0,39186
1,39190
0,39193
0,39200
0,39201
0,39202
0,39205
0,39206
1,39212
0,39214
0,39220
1,39223
1,39225
0,39230
1,39234
0,39235
1,39240
0,39243
0,39245
1,39249
0,39251
1,39252
0,39254
0,39255
1,39257
1,39260
0,39263
0,39265
1,39269
0,39270
1,39281
0,39283
0,39285
0,39286
1,39290
0,39296
1,39297
0,39298
0,39303
0,39304
1,39305
1,39307
1,39308
1,39309
0,39315
1,39316
0,39317
1,39319
0,39320
1,39322
1,39323
0,39326
0,39333
0,39334
1,39338
0,39347
0,39348
1,39349
1,39350
1,39352
0,39356
0,39357
0,39359
0,39360
0,39364
1,39365
0,39367
1,39368
1,39370
0,39371
0,39373
0,39374
0,39375
1,39376
1,39381
0,39386
1,39388
0,39394
0,39395
0,39399
0,39402
0,39403
0,39405
1,39410
0,39414
1,39419
0,39420
0,39426
0,39436
0,39438
1,39440
0,39444
0,39445
0,39448
1,39453
1,39456
1,39457
1,39460
1,39469
1,39470
0,39472
0,39473
0,39479
1,39491
0,39492
1,39493
0,39496
0,39498
0,39500
1,39502
1,39504
1,39507
0,39514
0,39517
0,39518
0,39520
0,39524
0,39525
1,39533
1,39534
0,39536
1,39538
0,39539
1,39545
0,39547
0,39549
0,39551
1,39552
1,39553
1,39556
1,39559
0,39562
1,39564
0,39569
0,39570
0,39572
1,39577
1,39578
1,39579
0,39580
0,39582
0,39583
0,39586
0,39587
0,39591
0,39594
0,39595
0,39600
0,39601
0,39602
1,39603
1,39604
0,39606
1,39611
1,39614
1,39617
0,39618
0,39620
0,39623
1,39626
0,39628
0,39631
0,39636
1,39638
0,39639
0,39650
0,39651
0,39654
1,39656
0,39661
1,39662
1,39663
0,39664
0,39665
0,39675
1,39682
0,39683
0,39684
1,39685
1,39695
0,39696
0,39698
0,39701
0,39707
0,39710
0,39713
0,39717
0,39720
0,39726
0,39729
0,39730
0,39734
0,39737
0,39739
0,39740
0,39741
1,39746
0,39749
1,39750
0,39756
0,39760
0,39765
0,39766
0,39767
0,39768
1,39771
0,39772
1,39774
0,39775
0,39776
1,39777
0,39778
0,39780
0,39781
1,39782
0,39783
1,39785
0,39791
0,39792
0,39793
0,39794
1,39795
1,39797
1,39798
0,39799
0,39804
1,39807
1,39808
0,39810
0,39811
0,39812
0,39816
0,39817
0,39819
0,39820
1,39823
1,39826
0,39827
0,39831
1,39832
1,39836
1,39837
0,39838
1,39845
1,39847
0,39850
1,39855
1,39859
1,39861
1,39862
1,39863
1,39864
1,39865
0,39867
0,39868
1,39869
0,39871
0,39875
0,39876
1,39879
0,39880
0,39883
0,39884
0,39891
0,39896
0,39897
1,39899
0,39900
1,39903
0,39905
0,39906
0,39909
1,39912
0,39914
1,39915
1,39917
0,39924
0,39927
0,39931
0,39932
0,39935
0,39938
0,39941
0,39944
0,39946
1,39949
1,39958
0,39964
0,39970
1,39971
1,39972
0,39976
1,39979
0,39980
1,39982
1,39983
0,39985
1,39987
1,39992
0,39996
0,39998
0,40007
0,40011
1,40016
0,40017
0,40019
0,40020
0,40022
0,40028
0,40030
0,40032
0,40035
0,40038
0,40044
0,40046
0,40047
0,40050
0,40053
1,40060
1,40061
0,40063
0,40064
0,40066
1,40068
0,40073
0,40078
1,40079
1,40081
0,40084
1,40089
0,40091
1,40094
0,40096
1,40097
0,40099
0,40100
0,40101
0,40104
0,40108
1,40109
1,40110
0,40113
0,40114
0,40115
1,40124
0,40126
0,40127
1,40128
0,40131
0,40133
1,40134
0,40136
0,40138
0,40139
1,40142
1,40145
0,40147
0,40151
0,40152
0,40154
0,40156
0,40157
0,40160
0,40164
1,40165
0,40168
0,40171
0,40176
0,40179
1,40184
0,40185
1,40187
0,40189
1,40190
0,40192
0,40193
0,40194
0,40195
0,40196
1,40201
0,40203
1,40205
1,40207
0,40211
1,40212
0,40213
0,40217
0,40223
0,40224
0,40226
1,40229
0,40232
0,40233
1,40244
1,40246
0,40247
0,40249
0,40252
0,40262
1,40264
0,40266
1,40267
0,40268
0,40277
0,40278
1,40282
1,40284
1,40286
0,40288
0,40291
0,40292
0,40294
0,40300
0,40301
1,40302
1,40303
0,40305
0,40307
1,40312
1,40313
0,40319
1,40320
0,40324
0,40325
1,40330
1,40342
0,40347
1,40349
0,40350
1,40353
1,40354
1,40355
0,40358
1,40366
1,40367
1,40371
0,40372
0,40373
1,40379
1,40383
0,40385
0,40390
1,40393
0,40394
1,40399
0,40402
0,40404
1,40406
0,40408
0,40409
0,40413
0,40414
0,40416
1,40418
0,40420
1,40421
0,40424
0,40426
0,40429
0,40431
0,40435
0,40444
0,40446
0,40451
0,40454
1,40456
0,40457
0,40458
0,40461
0,40463
1,40466
1,40467
0,40468
0,40470
1,40472
0,40479
0,40480
0,40481
0,40482
0,40485
1,40486
0,40487
0,40488
0,40490
0,40491
1,40493
1,40494
1,40496
0,40497
0,40498
0,40499
0,40501
0,40502
0,40504
0,40507
0,40509
1,40510
0,40511
0,40512
1,40513
0,40516
0,40525
0,40530
1,40534
1,40535
1,40539
0,40541
0,40542
0,40544
0,40545
0,40546
0,40549
0,40552
0,40556
0,40558
0,40559
0,40560
1,40561
0,40562
1,40564
1,40565
0,40578
0,40579
0,40583
1,40586
1,40587
1,40588
0,40593
0,40594
0,40599
0,40601
0,40604
0,40612
0,40615
0,40616
0,40617
1,40621
1,40628
1,40638
1,40640
0,40641
1,40642
1,40644
1,40645
1,40648
0,40653
1,40654
0,40656
0,40658
0,40662
0,40667
0,40670
0,40671
1,40678
1,40679
0,40682
0,40683
0,40684
1,40686
1,40688
0,40690
0,40691
0,40693
0,40696
0,40697
1,40701
0,40706
0,40707
1,40711
0,40715
0,40716
0,40717
0,40718
1,40720
1,40722
0,40723
1,40725
1,40726
0,40727
0,40729
0,40730
0,40732
1,40733
0,40739
1,40740
1,40741
1,40743
1,40744
0,40745
0,40746
0,40748
0,40749
0,40751
0,40752
1,40753
0,40754
1,40758
0,40759
0,40768
0,40775
0,40780
0,40782
1,40785
1,40786
0,40788
0,40791
0,40793
1,40794
1,40795
0,40797
0,40799
1,40803
0,40804
0,40816
1,40820
0,40822
1,40823
0,40829
1,40834
1,40835
0,40841
1,40842
0,40848
0,40851
0,40854
0,40855
0,40857
1,40858
0,40859
0,40861
1,40868
0,40874
1,40878
0,40880
0,40884
0,40891
0,40892
0,40894
1,40895
0,40896
1,40899
0,40900
0,40901
0,40903
0,40907
0,40914
0,40926
0,40929
0,40931
0,40932
0,40939
0,40943
1,40945
0,40946
0,40951
0,40955
1,40958
1,40960
0,40966
1,40968
0,40972
0,40973
1,40974
1,40975
1,40979
1,40980
0,40981
1,40986
0,40987
0,40988
0,40989
0,41002
0,41003
1,41009
0,41011
1,41015
0,41016
0,41017
1,41019
0,41022
0,41023
0,41026
1,41027
1,41028
0,41029
1,41030
1,41032
0,41036
1,41037
0,41040
1,41041
0,41044
0,41046
0,41047
1,41052
0,41053
0,41054
0,41055
0,41056
1,41057
0,41058
0,41060
0,41063
1,41064
0,41065
0,41068
0,41070
0,41071
0,41073
0,41074
0,41075
1,41077
0,41078
0,41081
1,41082
0,41083
0,41086
1,41089
1,41090
0,41091
0,41096
0,41099
0,41102
0,41108
0,41111
0,41112
0,41115
0,41116
1,41117
0,41118
0,41121
1,41122
1,41123
0,41125
1,41131
1,41132
0,41134
1,41135
1,41139
0,41140
0,41142
0,41147
1,41149
1,41150
0,41152
1,41157
0,41159
1,41163
1,41166
0,41167
0,41169
0,41170
0,41173
1,41175
1,41176
1,41181
0,41182
0,41183
0,41185
0,41188
0,41198
1,41201
1,41202
0,41203
0,41205
1,41209
0,41213
0,41214
0,41216
0,41218
0,41219
0,41220
0,41221
0,41225
1,41226
0,41228
1,41229
1,41233
0,41235
1,41240
0,41241
0,41244
0,41246
0,41247
0,41248
1,41249
0,41250
0,41254
0,41257
1,41258
1,41260
0,41265
1,41267
0,41268
0,41277
0,41280
0,41281
1,41282
0,41285
0,41291
0,41293
0,41297
0,41301
0,41303
0,41307
0,41310
0,41314
1,41316
1,41317
0,41319
0,41320
0,41325
1,41327
1,41328
1,41331
0,41335
0,41339
1,41343
0,41344
0,41345
0,41346
1,41347
0,41348
0,41350
0,41351
0,41354
0,41360
0,41361
1,41368
0,41371
1,41374
0,41378
1,41387
1,41394
0,41397
1,41401
1,41403
0,41405
0,41407
1,41414
1,41415
0,41417
1,41421
0,41428
0,41430
0,41431
0,41432
0,41433
0,41434
0,41436
1,41437
0,41442
0,41443
1,41446
1,41448
1,41453
1,41455
0,41456
0,41458
0,41461
0,41462
1,41464
0,41465
1,41467
1,41468
0,41474
0,41478
0,41479
1,41480
0,41483
0,41485
1,41486
1,41487
1,41488
0,41494
0,41498
0,41501
0,41503
1,41504
1,41507
1,41509
0,41511
0,41513
1,41514
0,41515
0,41516
0,41517
0,41519
0,41522
0,41523
0,41524
1,41527
0,41528
1,41531
1,41535
1,41536
0,41540
0,41544
0,41547
0,41549
1,41551
0,41558
0,41559
0,41561
0,41562
1,41563
0,41567
1,41568
0,41570
1,41571
0,41573
0,41582
1,41584
1,41585
0,41588
0,41590
0,41592
0,41593
0,41594
0,41596
1,41597
0,41599
1,41601
0,41602
0,41608
0,41611
0,41612
0,41614
1,41617
1,41619
1,41622
1,41628
1,41630
0,41636
0,41639
0,41642
0,41643
1,41644
0,41649
1,41651
0,41652
1,41657
0,41660
0,41663
0,41665
0,41669
0,41670
0,41671
0,41674
0,41675
1,41677
0,41680
1,41682
0,41683
0,41690
1,41692
0,41694
0,41701
1,41707
1,41708
1,41710
0,41712
0,41715
0,41717
0,41718
1,41720
1,41721
1,41729
0,41733
1,41734
1,41735
1,41742
1,41745
1,41749
0,41750
0,41754
0,41755
0,41759
1,41760
0,41761
0,41762
1,41763
1,41765
1,41766
1,41767
0,41768
1,41770
1,41771
1,41774
0,41775
0,41777
1,41778
0,41780
1,41784
1,41786
0,41787
0,41788
1,41794
0,41795
1,41798
0,41801
1,41802
0,41803
0,41805
0,41809
1,41810
1,41811
1,41813
0,41820
0,41822
0,41823
1,41825
0,41826
0,41829
1,41831
1,41833
1,41835
0,41836
1,41837
0,41839
0,41840
0,41843
0,41846
0,41848
1,41852
0,41854
1,41857
1,41860
1,41862
0,41863
0,41864
1,41865
1,41868
0,41872
1,41873
0,41875
1,41880
1,41882
0,41883
1,41887
1,41891
0,41894
0,41896
0,41897
1,41900
0,41901
0,41905
0,41909
0,41911
1,41912
1,41913
1,41917
0,41918
0,41919
0,41923
1,41926
0,41927
0,41928
0,41930
0,41932
1,41933
0,41937
0,41939
1,41940
1,41941
1,41942
0,41944
0,41947
1,41950
1,41955
0,41956
0,41958
0,41961
0,41963
1,41964
0,41971
1,41976
0,41978
1,41985
0,41988
0,41989
1,41996
1,41998
1,41999
1,42001
0,42006
1,42008
0,42010
0,42012
0,42015
0,42016
0,42017
1,42019
0,42020
0,42021
0,42022
0,42023
1,42024
0,42026
0,42028
0,42030
1,42031
0,42032
0,42033
0,42036
1,42041
0,42048
0,42049
1,42054
1,42055
1,42056
0,42060
0,42066
1,42070
1,42071
0,42073
0,42076
0,42078
0,42080
1,42081
0,42082
1,42088
0,42090
0,42092
0,42096
0,42097
1,42099
0,42104
1,42106
0,42111
0,42113
0,42116
1,42118
0,42120
0,42123
0,42126
1,42128
0,42129
1,42133
0,42137
0,42139
0,42145
0,42147
0,42148
1,42153
0,42157
0,42160
1,42161
0,42162
0,42164
1,42168
0,42174
1,42175
0,42176
1,42178
1,42182
0,42186
0,42187
0,42188
0,42194
1,42195
1,42202
0,42203
0,42204
0,42207
1,42209
0,42211
1,42213
0,42217
0,42219
0,42221
0,42223
1,42224
0,42230
1,42231
1,42232
1,42234
1,42235
1,42237
0,42238
0,42239
0,42240
0,42241
0,42247
1,42254
1,42255
1,42256
0,42261
1,42262
0,42266
1,42267
0,42270
0,42271
0,42272
0,42274
0,42276
0,42280
0,42290
0,42291
0,42294
0,42297
0,42307
0,42309
0,42314
0,42316
0,42317
0,42322
0,42323
1,42324
0,42325
0,42327
1,42328
0,42329
1,42330
1,42331
1,42332
0,42337
0,42338
0,42340
0,42344
1,42346
0,42366
0,42367
0,42372
0,42375
0,42377
0,42379
0,42383
0,42387
0,42388
1,42389
0,42390
0,42392
0,42393
1,42396
1,42399
1,42400
1,42403
1,42404
0,42406
0,42411
0,42413
0,42414
0,42415
0,42418
0,42419
1,42421
0,42425
0,42430
0,42431
0,42435
1,42436
0,42439
0,42440
1,42441
0,42444
0,42445
1,42446
0,42447
0,42448
0,42451
0,42453
0,42455
0,42456
1,42460
1,42461
0,42463
0,42467
1,42469
0,42470
0,42474
0,42479
0,42483
0,42485
1,42487
1,42489
0,42491
1,42493
0,42494
1,42495
1,42496
0,42500
0,42502
1,42505
1,42508
0,42511
0,42512
0,42513
0,42515
0,42516
0,42517
1,42518
0,42521
0,42536
1,42537
0,42538
0,42539
1,42545
1,42547
0,42552
1,42556
0,42559
1,42560
1,42563
1,42569
1,42572
1,42576
1,42577
0,42578
0,42580
1,42582
1,42583
0,42585
1,42589
1,42590
0,42598
0,42599
0,42607
0,42610
1,42611
1,42613
0,42614
0,42615
0,42616
0,42617
1,42622
1,42623
0,42625
0,42632
1,42633
0,42634
1,42636
0,42641
1,42642
0,42650
0,42651
0,42654
1,42656
0,42658
1,42659
0,42661
0,42664
0,42665
1,42667
1,42671
1,42672
1,42673
0,42674
0,42675
0,42676
0,42680
0,42682
0,42685
1,42688
0,42689
0,42690
1,42694
0,42695
0,42697
0,42701
0,42705
1,42706
1,42707
0,42709
1,42710
0,42711
0,42713
1,42714
0,42718
0,42721
1,42722
0,42724
0,42726
0,42727
1,42731
0,42732
0,42733
1,42734
0,42735
0,42736
1,42737
1,42739
0,42740
0,42742
0,42747
0,42751
0,42752
1,42753
0,42755
0,42759
0,42760
1,42770
0,42772
1,42774
0,42779
0,42780
0,42786
1,42792
0,42794
0,42795
0,42799
1,42800
1,42805
1,42807
1,42808
1,42810
1,42811
0,42812
0,42813
0,42815
0,42816
0,42817
1,42821
1,42822
1,42828
0,42829
0,42830
0,42831
0,42833
0,42834
0,42835
0,42836
0,42838
0,42839
0,42845
1,42848
0,42851
0,42852
1,42854
1,42855
0,42858
0,42860
0,42866
1,42868
1,42871
0,42872
0,42881
0,42882
1,42883
0,42884
1,42885
0,42886
0,42888
0,42891
1,42892
1,42893
0,42897
1,42898
1,42900
0,42903
0,42905
1,42906
0,42907
1,42911
0,42913
0,42916
0,42920
0,42923
0,42930
0,42933
0,42935
1,42937
0,42938
0,42943
1,42951
1,42953
1,42955
0,42956
1,42957
1,42959
1,42960
1,42963
1,42965
0,42966
0,42967
0,42968
0,42969
0,42977
1,42978
1,42980
0,42981
1,42982
0,42983
1,42984
0,42985
0,42986
0,42989
0,42996
0,43000
0,43001
0,43003
0,43004
1,43007
0,43011
0,43013
1,43015
1,43024
1,43026
0,43031
1,43033
1,43036
0,43038
1,43039
1,43042
0,43044
1,43045
0,43046
1,43047
1,43050
1,43052
0,43057
0,43059
0,43064
0,43065
1,43067
1,43068
0,43071
0,43074
0,43075
1,43076
1,43079
0,43085
1,43086
0,43091
0,43096
1,43099
0,43101
0,43106
0,43109
1,43114
1,43116
0,43117
0,43119
1,43120
1,43121
0,43122
1,43123
0,43125
0,43138
0,43145
1,43152
0,43154
1,43155
0,43159
0,43164
1,43165
0,43168
1,43169
1,43170
1,43173
0,43179
0,43184
0,43185
0,43187
0,43188
0,43192
0,43193
0,43194
1,43196
0,43204
1,43206
1,43208
0,43209
0,43212
1,43216
1,43227
0,43228
1,43229
1,43231
0,43232
1,43235
1,43237
0,43238
0,43242
0,43244
1,43247
0,43251
0,43252
0,43254
0,43255
0,43258
1,43260
1,43261
0,43262
0,43270
0,43272
1,43280
0,43282
1,43287
0,43288
0,43290
1,43291
1,43292
0,43293
0,43297
0,43298
0,43300
1,43302
0,43304
0,43306
0,43309
0,43310
0,43311
0,43312
1,43313
0,43315
0,43316
1,43317
0,43319
0,43321
0,43322
0,43323
1,43327
1,43328
0,43329
0,43332
1,43336
1,43338
1,43340
0,43346
0,43351
0,43353
0,43357
0,43358
0,43363
0,43364
1,43367
1,43377
0,43378
0,43379
0,43382
0,43387
1,43390
1,43395
0,43401
0,43406
0,43407
1,43409
0,43412
1,43414
0,43418
0,43419
0,43420
1,43424
1,43428
0,43429
1,43437
0,43441
1,43442
0,43444
1,43447
1,43449
1,43451
0,43452
0,43453
0,43456
1,43459
0,43461
1,43463
0,43470
1,43472
0,43473
1,43474
1,43476
0,43479
0,43481
0,43485
0,43488
0,43489
1,43491
0,43494
0,43495
1,43496
1,43498
0,43499
1,43500
0,43501
0,43505
0,43507
1,43508
1,43509
0,43510
1,43513
0,43515
0,43518
0,43519
0,43521
1,43524
0,43525
0,43526
0,43528
1,43529
1,43530
1,43531
0,43533
0,43538
1,43541
0,43546
0,43551
0,43552
0,43554
0,43573
0,43577
0,43578
0,43580
1,43581
0,43583
0,43584
0,43585
0,43588
1,43590
1,43593
0,43594
0,43595
0,43598
1,43606
0,43608
1,43610
0,43612
0,43614
0,43620
0,43621
0,43623
1,43624
0,43625
1,43626
0,43629
0,43631
0,43633
1,43635
1,43636
1,43637
0,43638
0,43641
0,43645
0,43647
0,43649
1,43654
1,43656
1,43659
1,43662
0,43664
0,43665
0,43666
0,43667
0,43668
0,43669
0,43675
0,43677
0,43679
0,43682
0,43683
0,43684
0,43685
0,43691
1,43693
0,43696
0,43699
0,43701
0,43709
0,43710
0,43712
1,43715
0,43721
0,43722
1,43725
1,43737
1,43746
0,43747
1,43749
1,43750
0,43751
0,43755
1,43756
0,43757
1,43758
0,43760
0,43761
0,43762
1,43768
0,43769
0,43771
0,43772
0,43773
1,43776
0,43777
0,43779
1,43780
0,43781
1,43783
0,43785
0,43786
1,43788
0,43791
0,43793
1,43794
1,43796
0,43797
0,43799
0,43805
0,43806
0,43808
0,43809
0,43811
0,43812
1,43815
1,43818
0,43819
0,43820
0,43824
0,43827
1,43828
1,43832
0,43837
0,43839
0,43842
0,43843
0,43846
1,43847
1,43848
1,43851
0,43853
1,43855
0,43857
1,43859
0,43861
0,43862
0,43864
0,43870
0,43871
0,43876
0,43880
1,43881
0,43883
1,43884
0,43887
0,43892
1,43894
0,43895
0,43901
0,43904
0,43906
0,43908
0,43912
0,43913
1,43916
0,43922
0,43923
0,43924
0,43929
0,43930
0,43936
1,43937
1,43938
1,43939
0,43947
1,43949
0,43950
0,43951
1,43955
1,43957
0,43958
0,43959
0,43960
0,43961
0,43962
0,43969
0,43971
0,43972
1,43985
0,43986
0,43987
1,43988
1,43990
0,43991
0,43996
0,44000
1,44001
1,44002
1,44004
0,44005
0,44006
0,44009
0,44015
1,44017
0,44019
1,44020
0,44021
0,44022
0,44023
0,44024
0,44026
0,44028
1,44031
0,44033
0,44038
1,44039
0,44041
0,44042
0,44044
0,44048
1,44049
0,44050
0,44053
1,44054
1,44058
0,44063
0,44065
0,44066
0,44067
0,44068
0,44074
0,44077
0,44079
1,44086
0,44088
0,44093
1,44095
1,44097
1,44098
0,44099
0,44102
0,44103
0,44106
0,44110
0,44111
0,44112
1,44113
0,44116
0,44122
0,44127
0,44128
1,44132
1,44134
0,44139
0,44140
0,44143
0,44144
0,44145
0,44146
0,44150
0,44151
0,44153
1,44154
0,44160
0,44165
1,44167
0,44168
0,44176
0,44178
0,44180
0,44182
0,44183
0,44187
1,44189
0,44194
0,44195
0,44196
0,44197
0,44198
1,44201
1,44202
0,44203
1,44205
1,44206
0,44208
0,44214
0,44215
1,44218
1,44222
0,44226
1,44229
0,44232
1,44233
1,44237
0,44240
0,44243
0,44244
1,44246
0,44247
1,44249
0,44252
1,44254
1,44261
1,44262
0,44272
0,44274
0,44276
1,44278
1,44279
0,44280
1,44282
1,44283
1,44289
1,44292
0,44293
1,44294
0,44297
0,44298
0,44299
0,44301
0,44306
0,44307
1,44309
1,44312
1,44313
0,44314
0,44315
0,44316
0,44318
1,44320
1,44321
0,44323
1,44326
0,44328
0,44330
0,44331
0,44334
1,44336
0,44339
0,44340
0,44341
0,44345
1,44348
0,44349
1,44350
0,44356
0,44361
1,44363
1,44366
1,44368
0,44371
0,44372
1,44374
1,44377
0,44378
0,44385
0,44387
1,44388
0,44389
1,44390
0,44391
1,44392
0,44393
0,44396
0,44397
0,44399
0,44402
0,44405
1,44406
0,44409
1,44410
1,44411
0,44412
0,44414
1,44418
0,44419
0,44420
1,44421
0,44423
0,44426
0,44429
0,44434
1,44436
0,44438
1,44442
0,44443
0,44444
0,44446
0,44448
0,44452
0,44458
0,44459
0,44460
1,44466
0,44471
0,44472
1,44475
0,44476
0,44477
1,44480
0,44481
1,44482
0,44483
1,44488
0,44490
0,44494
0,44496
0,44497
1,44499
0,44500
0,44501
0,44507
0,44508
0,44509
1,44511
0,44514
1,44517
0,44518
1,44519
0,44521
0,44522
1,44525
1,44530
1,44535
1,44540
1,44541
1,44544
0,44545
0,44547
0,44550
0,44553
0,44556
1,44557
0,44558
0,44559
0,44561
0,44562
0,44563
1,44565
1,44566
1,44571
0,44572
1,44573
0,44576
1,44577
1,44579
1,44580
1,44581
0,44589
0,44590
0,44599
0,44600
0,44602
1,44604
0,44608
0,44609
1,44612
1,44614
0,44616
1,44617
1,44621
1,44626
0,44631
0,44638
0,44639
0,44640
0,44642
0,44643
1,44649
0,44655
0,44656
1,44658
0,44664
0,44665
1,44666
1,44668
0,44670
0,44671
0,44673
0,44678
1,44682
1,44688
1,44690
0,44693
1,44696
0,44701
0,44702
0,44705
1,44708
0,44710
1,44712
0,44714
0,44717
0,44719
0,44722
0,44726
0,44728
1,44729
0,44738
0,44739
0,44742
0,44743
0,44745
0,44746
0,44748
1,44750
0,44751
0,44752
0,44756
0,44757
0,44759
0,44767
1,44774
0,44776
0,44777
0,44779
0,44780
1,44783
0,44784
1,44790
0,44793
1,44794
0,44795
0,44797
0,44798
0,44801
0,44802
0,44803
0,44804
0,44806
0,44807
0,44808
1,44809
0,44813
1,44816
0,44817
1,44821
1,44822
0,44829
1,44830
0,44831
1,44835
0,44836
0,44841
1,44845
1,44846
1,44847
0,44848
0,44853
0,44855
0,44857
0,44861
1,44863
1,44864
1,44865
1,44871
1,44872
1,44882
0,44884
0,44888
1,44890
0,44891
0,44892
1,44893
1,44894
1,44895
0,44897
0,44903
0,44904
0,44905
0,44908
0,44909
1,44910
0,44916
1,44918
0,44919
1,44920
1,44921
0,44922
0,44923
0,44924
1,44925
0,44928
1,44930
1,44931
0,44933
0,44934
0,44936
1,44937
1,44940
1,44945
0,44946
0,44947
0,44948
0,44950
0,44953
1,44956
0,44957
0,44959
1,44962
0,44963
0,44964
0,44965
0,44966
0,44967
1,44970
0,44971
1,44973
0,44974
0,44976
0,44984
0,44985
1,44986
0,44988
1,44989
1,44990
1,44991
0,44995
0,44996
1,45000
0,45002
0,45009
0,45011
1,45013
0,45014
0,45015
1,45016
0,45025
1,45028
1,45029
1,45033
1,45036
0,45037
0,45038
0,45039
0,45042
1,45044
1,45045
0,45046
0,45047
0,45057
0,45058
1,45059
0,45060
1,45062
0,45063
0,45064
0,45072
1,45077
1,45079
0,45081
1,45082
1,45083
1,45084
0,45085
0,45087
1,45088
1,45093
0,45094
0,45096
1,45099
1,45101
0,45104
1,45105
0,45109
0,45114
1,45116
0,45118
0,45121
0,45122
0,45124
0,45125
0,45128
0,45129
1,45131
0,45139
0,45142
0,45143
1,45145
1,45146
0,45147
1,45150
0,45153
1,45164
0,45166
0,45175
1,45177
0,45179
0,45189
0,45190
1,45193
1,45194
1,45202
0,45207
0,45208
1,45212
0,45213
0,45219
0,45220
1,45221
1,45223
0,45227
0,45229
0,45238
0,45239
0,45240
0,45241
0,45243
0,45246
0,45247
1,45248
1,45250
0,45255
0,45256
0,45263
1,45264
1,45268
1,45269
1,45273
1,45274
0,45276
0,45277
1,45278
0,45279
0,45282
1,45283
0,45285
1,45286
0,45287
0,45293
0,45294
0,45295
0,45296
0,45297
0,45300
0,45305
1,45306
0,45309
0,45310
1,45313
1,45319
0,45324
0,45328
0,45330
0,45332
0,45334
0,45338
1,45341
1,45343
0,45347
1,45348
0,45351
1,45357
0,45358
0,45360
0,45361
1,45362
0,45366
1,45368
1,45370
0,45373
0,45374
1,45375
1,45376
0,45377
1,45379
0,45380
0,45382
0,45389
0,45390
0,45393
0,45395
0,45397
0,45403
0,45404
1,45406
0,45412
0,45413
0,45416
1,45418
0,45421
0,45422
1,45423
0,45424
0,45426
0,45429
0,45430
0,45432
0,45434
0,45435
0,45436
0,45440
1,45446
0,45447
0,45449
1,45455
1,45456
1,45458
0,45459
1,45463
1,45464
0,45467
1,45468
0,45470
0,45473
0,45478
0,45479
0,45482
1,45484
0,45485
0,45488
1,45492
0,45493
1,45498
0,45499
1,45500
0,45501
1,45502
1,45505
1,45507
0,45508
0,45509
0,45517
0,45522
1,45523
1,45524
1,45525
0,45530
0,45532
0,45536
0,45539
0,45540
1,45541
0,45546
0,45548
0,45551
0,45553
0,45554
0,45555
1,45557
0,45559
1,45561
0,45562
0,45563
0,45566
0,45569
1,45572
0,45580
0,45583
1,45586
0,45587
0,45589
0,45592
0,45593
0,45594
1,45595
1,45598
1,45599
0,45600
1,45601
0,45603
0,45605
1,45606
1,45607
1,45609
0,45610
0,45613
0,45616
0,45619
0,45620
0,45621
0,45624
0,45631
0,45633
0,45635
0,45636
1,45639
1,45643
0,45644
0,45648
0,45653
1,45654
1,45655
1,45659
0,45665
1,45670
0,45671
0,45673
0,45675
0,45676
0,45677
1,45678
0,45679
1,45680
1,45684
1,45687
0,45689
1,45691
0,45693
0,45696
1,45697
0,45698
0,45700
1,45701
0,45703
0,45706
0,45707
0,45721
0,45722
0,45723
0,45727
0,45730
0,45738
0,45739
0,45741
1,45743
0,45745
1,45746
0,45747
0,45748
1,45754
1,45756
0,45757
0,45759
1,45760
0,45764
1,45765
1,45766
0,45772
0,45776
1,45779
1,45783
0,45785
1,45786
0,45788
0,45790
0,45791
0,45792
0,45798
0,45799
0,45800
0,45801
0,45805
1,45806
0,45807
0,45809
1,45811
1,45812
0,45813
0,45815
0,45817
0,45820
0,45821
1,45822
0,45825
1,45826
0,45828
1,45829
0,45830
1,45832
0,45835
1,45841
1,45842
1,45845
0,45846
0,45847
0,45849
0,45851
0,45857
1,45861
0,45862
0,45865
0,45866
0,45872
0,45878
0,45887
1,45891
1,45899
0,45900
0,45904
1,45905
1,45907
0,45909
0,45914
1,45917
0,45918
0,45923
1,45924
0,45925
0,45927
0,45932
1,45934
0,45935
0,45939
0,45940
1,45942
0,45943
1,45945
0,45947
1,45950
1,45956
0,45958
0,45960
0,45961
0,45963
0,45964
1,45972
0,45973
0,45979
0,45985
0,45986
0,45987
0,45990
1,45993
1,45994
0,46003
0,46005
0,46008
0,46011
1,46012
1,46015
0,46016
0,46020
0,46021
1,46023
1,46024
1,46026
1,46027
0,46029
0,46031
0,46032
0,46034
0,46035
0,46036
0,46037
0,46038
0,46039
0,46048
0,46051
0,46054
0,46056
0,46058
0,46059
1,46065
0,46067
0,46069
1,46072
0,46074
0,46077
0,46078
0,46080
0,46081
1,46082
0,46083
1,46086
0,46092
0,46095
1,46096
0,46100
0,46101
0,46106
1,46107
0,46108
0,46109
1,46110
1,46113
0,46120
0,46122
0,46123
0,46124
1,46125
0,46130
1,46133
0,46135
1,46138
1,46140
0,46141
0,46143
1,46144
0,46145
0,46146
0,46152
0,46154
0,46158
1,46162
1,46164
0,46165
0,46166
1,46167
0,46168
0,46170
0,46171
0,46174
1,46176
0,46179
1,46186
1,46189
1,46190
1,46196
1,46198
0,46204
0,46206
0,46207
0,46209
1,46210
0,46213
0,46215
0,46217
0,46218
0,46223
1,46231
0,46232
0,46235
1,46239
0,46240
1,46246
0,46249
1,46252
1,46254
0,46255
0,46257
0,46261
0,46262
0,46263
1,46264
1,46266
0,46268
0,46270
1,46272
0,46273
0,46274
0,46278
0,46279
1,46283
0,46285
0,46287
0,46290
0,46293
0,46294
0,46295
0,46302
0,46306
1,46308
0,46309
0,46311
0,46315
1,46317
0,46318
0,46324
0,46327
0,46330
0,46331
1,46333
0,46334
0,46335
0,46336
1,46337
0,46338
1,46341
0,46342
0,46345
0,46346
0,46348
0,46351
1,46353
0,46355
0,46356
1,46357
0,46364
0,46369
0,46372
0,46378
1,46385
0,46386
0,46387
0,46388
0,46392
0,46393
0,46394
1,46398
1,46407
0,46409
1,46410
0,46413
0,46414
1,46418
0,46420
0,46427
0,46428
0,46429
0,46435
0,46436
0,46437
0,46439
0,46444
0,46445
0,46448
1,46449
1,46451
0,46456
0,46459
0,46461
1,46462
0,46463
0,46465
0,46466
0,46467
1,46470
0,46471
1,46477
0,46482
0,46486
1,46487
1,46488
0,46490
0,46494
0,46496
1,46499
0,46500
1,46503
1,46507
0,46509
1,46512
1,46514
0,46515
0,46521
0,46522
0,46524
1,46526
0,46529
0,46531
0,46532
0,46534
0,46535
0,46538
0,46543
0,46544
1,46545
0,46547
0,46548
0,46550
0,46551
0,46558
1,46559
0,46561
1,46562
1,46566
1,46569
1,46571
1,46572
0,46578
0,46581
1,46582
0,46584
0,46585
0,46593
1,46594
0,46595
0,46596
1,46600
0,46602
1,46604
0,46606
0,46607
0,46609
0,46610
0,46612
0,46613
0,46614
0,46617
0,46618
0,46619
0,46622
1,46626
0,46627
0,46628
0,46629
0,46630
0,46632
0,46637
1,46639
0,46641
0,46642
1,46644
0,46646
0,46647
1,46651
0,46652
1,46653
0,46657
0,46658
0,46662
0,46665
1,46666
0,46670
0,46673
0,46674
0,46676
1,46678
1,46679
0,46681
0,46683
1,46685
0,46689
1,46697
0,46701
0,46704
0,46706
0,46708
0,46709
0,46710
0,46711
0,46713
0,46715
1,46717
1,46723
1,46725
0,46728
0,46729
1,46730
0,46732
1,46735
0,46738
0,46739
1,46743
0,46746
0,46751
1,46755
1,46756
1,46760
1,46763
0,46766
0,46767
0,46768
0,46772
0,46773
0,46779
0,46781
1,46785
0,46787
1,46789
0,46791
1,46792
0,46793
0,46796
0,46798
0,46803
0,46806
0,46811
1,46812
1,46813
0,46814
0,46815
0,46819
1,46820
0,46823
0,46830
0,46831
1,46834
1,46835
0,46837
0,46839
0,46842
0,46843
1,46844
1,46847
0,46848
0,46849
0,46851
0,46854
1,46855
1,46856
1,46859
0,46866
0,46867
0,46872
0,46873
0,46874
0,46875
0,46876
0,46879
0,46880
0,46881
0,46883
0,46884
0,46885
1,46891
0,46895
0,46896
0,46900
0,46903
1,46908
0,46912
0,46914
0,46916
0,46919
0,46920
0,46922
1,46925
0,46928
0,46930
0,46934
0,46938
0,46940
1,46941
0,46945
1,46947
1,46948
0,46950
1,46960
0,46965
1,46966
1,46967
0,46969
1,46971
1,46972
0,46973
1,46974
0,46975
0,46977
0,46978
0,46979
1,46981
0,46983
0,46984
1,46985
1,46986
1,46992
0,46994
0,46997
0,46998
0,46999
0,47003
0,47009
0,47010
0,47013
0,47015
1,47022
0,47023
0,47025
0,47029
0,47034
0,47036
1,47041
0,47042
0,47043
0,47044
0,47045
0,47047
0,47048
1,47049
1,47052
1,47053
1,47055
0,47056
0,47059
0,47060
1,47062
0,47064
0,47077
0,47079
0,47082
0,47085
0,47086
0,47087
0,47088
1,47089
1,47090
0,47094
0,47096
0,47097
0,47098
0,47100
0,47101
0,47102
0,47105
0,47106
0,47108
0,47109
0,47110
0,47112
0,47115
0,47124
0,47126
1,47127
0,47134
0,47137
1,47139
0,47143
0,47144
1,47145
1,47147
0,47149
0,47150
0,47151
0,47154
0,47157
0,47159
1,47160
0,47163
0,47165
1,47170
0,47172
1,47174
1,47176
0,47177
0,47183
1,47186
0,47187
1,47192
0,47194
0,47197
0,47203
1,47207
0,47208
1,47215
1,47216
0,47217
0,47218
1,47219
0,47220
0,47223
0,47224
0,47225
1,47227
0,47229
0,47230
0,47234
0,47235
0,47238
0,47242
0,47245
0,47247
0,47251
0,47253
0,47254
0,47258
1,47261
0,47262
1,47263
0,47264
0,47265
0,47268
0,47272
1,47274
1,47276
0,47281
0,47282
0,47285
1,47286
0,47288
0,47289
0,47291
0,47292
0,47298
0,47300
1,47301
0,47307
1,47308
1,47310
0,47317
0,47318
0,47324
0,47327
1,47330
0,47331
1,47333
1,47340
1,47344
1,47345
0,47347
0,47350
0,47351
0,47355
0,47358
1,47363
0,47366
1,47371
0,47375
0,47382
0,47383
0,47391
1,47392
0,47397
1,47398
0,47401
0,47402
0,47403
0,47404
0,47407
0,47408
1,47409
0,47413
0,47418
0,47420
1,47421
0,47423
0,47426
0,47429
0,47430
1,47431
1,47440
0,47442
0,47452
0,47457
0,47467
0,47474
0,47475
1,47480
0,47485
1,47489
1,47490
0,47494
1,47496
0,47497
0,47503
0,47506
0,47508
0,47510
0,47511
0,47518
0,47520
0,47524
0,47528
1,47529
0,47532
1,47536
0,47537
0,47546
0,47547
0,47549
1,47555
0,47557
0,47559
0,47562
0,47563
1,47564
0,47566
1,47578
0,47580
0,47581
1,47582
0,47583
0,47585
0,47588
0,47589
0,47594
0,47597
0,47601
0,47603
0,47605
0,47607
0,47611
1,47613
0,47617
0,47621
1,47623
0,47625
1,47626
0,47627
0,47628
0,47631
0,47633
0,47638
0,47639
0,47641
0,47642
0,47643
0,47652
0,47654
0,47656
0,47658
1,47660
0,47664
1,47667
0,47671
0,47673
0,47674
0,47676
0,47677
0,47678
0,47680
0,47681
0,47682
0,47683
1,47688
0,47689
0,47693
0,47694
0,47698
0,47703
0,47705
1,47706
1,47707
0,47708
1,47709
0,47716
0,47717
0,47718
0,47720
0,47726
1,47728
0,47729
0,47731
0,47732
0,47733
0,47735
0,47739
0,47741
1,47751
0,47753
1,47756
1,47757
0,47759
0,47760
0,47761
0,47766
0,47768
0,47769
0,47770
0,47777
0,47779
1,47780
0,47784
0,47785
1,47786
0,47787
0,47788
0,47789
0,47792
0,47794
0,47795
0,47799
0,47805
1,47806
1,47807
1,47811
0,47812
0,47814
0,47815
0,47818
0,47820
1,47821
0,47825
1,47829
0,47836
0,47837
0,47840
1,47841
0,47845
0,47849
0,47851
0,47852
0,47856
1,47859
0,47861
0,47862
0,47863
1,47866
1,47867
1,47868
0,47874
1,47876
0,47877
1,47881
0,47886
1,47889
1,47892
0,47893
1,47894
0,47895
0,47897
0,47903
0,47904
0,47905
0,47910
0,47911
0,47913
0,47917
0,47920
0,47921
0,47923
0,47925
0,47928
0,47931
1,47934
1,47935
1,47938
1,47939
1,47940
0,47941
0,47944
0,47947
0,47950
1,47953
0,47954
0,47958
1,47960
0,47961
0,47962
0,47964
0,47965
0,47969
0,47975
0,47977
0,47980
0,47982
0,47983
0,47992
0,47994
0,47999
0,48003
0,48004
0,48005
0,48006
0,48007
0,48009
1,48012
0,48013
0,48014
1,48015
0,48020
0,48021
0,48023
1,48024
0,48029
0,48031
0,48032
0,48038
0,48043
1,48044
0,48045
0,48059
1,48060
0,48062
0,48064
0,48066
1,48067
0,48068
0,48069
1,48070
0,48073
0,48074
1,48076
0,48077
0,48079
0,48086
0,48088
0,48091
1,48094
0,48096
1,48100
0,48101
0,48102
0,48106
0,48109
0,48111
0,48112
0,48114
0,48118
0,48126
1,48127
1,48128
0,48129
0,48134
0,48135
1,48138
0,48142
0,48143
1,48144
0,48148
0,48149
0,48152
0,48154
1,48155
0,48156
0,48159
0,48161
1,48162
0,48163
0,48165
0,48167
1,48168
0,48170
0,48182
0,48185
0,48186
0,48189
0,48190
0,48191
1,48192
0,48196
0,48197
0,48199
0,48201
0,48205
0,48207
0,48210
1,48211
0,48212
1,48218
0,48221
0,48222
0,48229
0,48233
1,48240
0,48243
1,48245
0,48248
0,48252
0,48255
0,48256
0,48257
0,48260
1,48261
0,48262
0,48265
0,48266
1,48267
0,48268
0,48270
0,48277
0,48279
1,48280
0,48281
1,48283
0,48284
0,48285
0,48286
0,48287
0,48289
0,48292
0,48293
1,48295
1,48297
0,48298
0,48301
0,48311
0,48314
0,48315
0,48317
0,48320
1,48322
1,48325
1,48326
0,48328
0,48333
0,48334
0,48336
0,48339
1,48340
0,48346
0,48350
0,48352
1,48354
0,48355
0,48356
1,48366
0,48367
0,48369
0,48373
0,48374
1,48377
1,48380
1,48390
0,48392
1,48399
0,48401
0,48403
0,48406
0,48407
0,48408
0,48410
1,48412
0,48413
0,48414
1,48415
0,48417
0,48421
0,48423
0,48425
0,48426
0,48427
0,48428
0,48429
0,48435
0,48436
0,48437
1,48439
0,48440
1,48444
0,48446
0,48447
1,48452
0,48454
0,48456
1,48461
1,48467
1,48468
0,48469
0,48470
0,48471
0,48473
0,48475
1,48477
0,48479
0,48482
0,48486
1,48489
0,48490
0,48491
0,48495
0,48496
0,48497
1,48500
0,48501
0,48506
0,48509
0,48511
1,48516
1,48517
1,48518
0,48520
0,48528
1,48529
0,48530
0,48531
0,48538
0,48541
0,48542
0,48544
0,48548
1,48549
0,48554
0,48557
0,48558
0,48560
0,48561
0,48565
1,48566
1,48572
0,48578
0,48579
0,48580
0,48584
0,48586
0,48591
1,48593
0,48597
0,48601
1,48603
0,48607
0,48610
0,48613
0,48614
0,48616
0,48619
0,48620
0,48621
0,48622
1,48624
0,48630
0,48634
0,48635
0,48637
1,48640
0,48642
0,48647
1,48648
0,48651
1,48654
1,48655
0,48657
0,48663
0,48664
1,48673
0,48681
0,48682
0,48686
1,48688
0,48691
0,48695
1,48696
0,48701
0,48702
0,48704
0,48707
0,48708
0,48710
0,48717
1,48720
0,48721
0,48724
0,48726
1,48728
0,48735
0,48736
0,48737
0,48738
1,48741
0,48742
0,48747
0,48749
0,48752
0,48753
1,48755
1,48758
0,48762
0,48765
0,48766
0,48767
1,48770
1,48772
0,48773
0,48775
0,48779
0,48782
0,48784
1,48793
0,48795
0,48798
0,48799
0,48803
0,48804
1,48805
0,48811
1,48812
0,48813
1,48814
0,48817
0,48820
0,48821
0,48822
0,48823
0,48827
1,48830
0,48833
1,48837
1,48838
1,48843
1,48844
1,48845
1,48846
0,48847
1,48849
0,48851
1,48853
0,48856
1,48857
0,48863
0,48864
0,48866
0,48867
0,48873
1,48875
1,48878
1,48879
1,48885
0,48886
0,48889
0,48891
0,48892
1,48898
0,48900
0,48902
0,48908
0,48909
0,48914
1,48915
0,48916
0,48917
0,48927
0,48928
1,48929
0,48930
1,48931
0,48933
0,48934
0,48937
0,48938
1,48941
1,48943
0,48945
0,48946
0,48948
1,48953
1,48957
0,48960
1,48961
0,48963
1,48967
0,48968
1,48969
0,48971
1,48976
0,48977
0,48978
0,48982
1,48984
0,48985
0,48986
0,48987
0,48998
0,49002
1,49003
1,49008
0,49011
1,49012
0,49016
0,49017
0,49021
1,49025
1,49027
0,49028
0,49031
0,49038
0,49043
0,49044
0,49047
0,49056
0,49065
0,49066
0,49067
1,49069
0,49070
0,49072
1,49073
0,49076
0,49080
0,49082
1,49085
0,49089
0,49090
0,49091
0,49092
0,49093
1,49094
1,49097
0,49101
0,49104
1,49105
0,49106
0,49107
0,49108
0,49109
0,49111
1,49112
0,49114
0,49115
1,49117
0,49118
0,49123
0,49129
0,49135
1,49136
0,49138
0,49139
0,49145
0,49146
0,49147
0,49148
0,49157
0,49160
0,49162
0,49166
1,49168
0,49169
0,49172
0,49174
0,49175
1,49180
0,49181
0,49187
0,49190
0,49192
1,49193
0,49194
0,49195
0,49200
0,49201
0,49204
1,49205
0,49206
0,49207
0,49208
1,49221
0,49223
1,49225
0,49228
1,49229
0,49230
0,49236
0,49237
0,49238
1,49244
1,49246
1,49248
1,49249
1,49251
0,49252
1,49254
0,49256
1,49257
0,49262
1,49265
1,49268
1,49270
1,49272
0,49274
0,49278
0,49281
0,49282
0,49283
0,49286
0,49288
0,49294
0,49296
0,49300
0,49302
1,49305
0,49308
0,49310
0,49313
0,49316
0,49317
0,49318
0,49323
0,49324
0,49325
0,49326
0,49328
0,49329
1,49333
0,49336
0,49337
0,49338
0,49340
0,49342
0,49345
0,49346
0,49347
0,49348
1,49350
1,49354
0,49357
1,49359
0,49362
0,49368
0,49372
0,49374
0,49377
1,49378
0,49379
0,49380
0,49387
0,49390
0,49395
0,49398
0,49401
0,49403
1,49409
0,49414
0,49418
0,49422
1,49423
0,49426
0,49431
1,49432
0,49436
0,49437
0,49440
1,49441
0,49444
0,49446
0,49450
0,49452
0,49455
1,49456
0,49457
0,49458
0,49460
1,49461
1,49465
0,49466
0,49467
0,49468
0,49472
1,49473
0,49474
0,49476
0,49479
0,49480
0,49488
0,49490
1,49494
1,49495
0,49498
0,49499
0,49501
0,49503
0,49505
0,49512
0,49516
0,49517
0,49518
0,49520
0,49524
1,49529
0,49531
1,49532
1,49538
1,49539
0,49541
0,49542
0,49545
0,49546
1,49547
0,49548
0,49551
0,49554
1,49556
0,49560
0,49563
0,49567
0,49568
0,49569
1,49572
0,49574
0,49576
0,49577
0,49579
1,49582
0,49583
0,49585
1,49586
0,49591
0,49592
1,49597
0,49600
0,49602
0,49606
0,49607
0,49608
1,49611
1,49612
0,49613
0,49614
0,49615
1,49621
0,49622
1,49623
1,49625
0,49627
1,49629
0,49630
0,49633
0,49635
1,49636
0,49638
0,49643
0,49644
1,49648
1,49666
0,49667
0,49674
0,49676
0,49680
0,49687
1,49690
0,49691
0,49692
0,49694
0,49695
0,49696
0,49697
0,49698
1,49699
0,49700
0,49701
0,49702
1,49705
1,49707
1,49713
0,49717
1,49722
0,49723
0,49724
0,49725
0,49726
1,49727
1,49734
0,49735
0,49737
0,49746
0,49747
1,49748
1,49752
1,49753
1,49754
0,49761
0,49763
0,49767
1,49768
1,49769
0,49771
0,49772
0,49774
0,49775
0,49776
1,49779
1,49780
0,49781
1,49782
1,49783
0,49785
0,49786
0,49787
0,49790
1,49793
0,49794
1,49796
0,49797
0,49801
1,49807
1,49808
0,49811
0,49815
0,49820
1,49824
0,49826
0,49829
0,49838
1,49839
0,49841
0,49844
0,49845
0,49847
0,49851
0,49855
0,49857
1,49860
0,49865
0,49866
0,49868
0,49870
0,49871
0,49872
0,49874
0,49876
1,49878
1,49880
1,49885
0,49888
0,49890
0,49891
0,49895
0,49900
1,49901
1,49906
0,49907
0,49908
1,49911
0,49914
1,49917
0,49920
0,49921
0,49922
1,49925
0,49926
0,49929
0,49934
0,49937
0,49939
1,49940
1,49941
0,49943
0,49951
1,49952
1,49955
1,49959
0,49960
1,49966
1,49969
0,49981
0,49986
0,49987
0,49988
0,49992
0,49994
0,49998
0,50000
0,50001
0,50010
0,50011
0,50015
0,50016
1,50017
1,50021
0,50026
1,50027
0,50033
0,50035
0,50036
0,50038
0,50043
0,50045
1,50050
1,50052
0,50054
0,50056
1,50057
0,50058
0,50061
0,50064
0,50066
0,50071
0,50073
0,50077
0,50080
0,50081
0,50082
0,50084
1,50086
0,50092
0,50093
0,50095
0,50100
1,50101
0,50102
0,50108
0,50109
0,50111
1,50113
0,50116
1,50117
0,50118
0,50119
0,50121
0,50124
0,50127
1,50130
0,50132
1,50133
0,50136
0,50140
0,50141
0,50142
0,50143
0,50144
1,50149
0,50150
1,50156
0,50157
0,50162
0,50165
1,50168
0,50172
0,50174
0,50179
1,50181
0,50182
0,50184
0,50186
0,50187
0,50192
0,50193
0,50194
0,50196
0,50200
0,50201
0,50205
1,50207
0,50209
0,50211
1,50214
0,50218
0,50220
1,50222
0,50223
0,50225
1,50233
0,50235
0,50236
1,50238
0,50242
1,50248
1,50249
0,50252
1,50254
1,50255
1,50256
0,50257
0,50258
1,50259
0,50260
0,50264
0,50265
0,50269
0,50273
0,50275
0,50277
0,50278
1,50280
0,50286
0,50288
0,50290
0,50294
0,50298
0,50300
0,50303
0,50304
1,50306
0,50307
1,50311
1,50314
1,50317
0,50318
1,50319
0,50322
0,50324
0,50329
0,50331
0,50332
1,50335
1,50336
0,50340
0,50343
1,50344
0,50347
1,50350
0,50353
1,50356
0,50357
0,50361
1,50362
0,50367
0,50370
0,50371
0,50374
0,50383
0,50393
1,50394
0,50396
1,50397
0,50399
0,50400
0,50407
0,50408
1,50413
0,50415
0,50416
0,50421
0,50424
0,50426
0,50428
1,50430
0,50440
1,50441
1,50442
0,50444
0,50447
0,50448
0,50451
0,50452
1,50454
0,50455
0,50456
0,50459
0,50464
0,50465
0,50467
1,50468
0,50473
0,50474
0,50477
1,50480
0,50484
0,50489
0,50490
1,50492
0,50495
0,50498
0,50499
0,50500
0,50501
1,50502
1,50503
0,50504
1,50505
1,50509
0,50512
0,50513
1,50515
0,50516
0,50521
0,50523
1,50525
0,50527
0,50534
1,50538
0,50540
1,50546
0,50547
0,50549
1,50550
0,50555
0,50562
0,50563
0,50566
0,50569
1,50570
0,50572
0,50576
0,50580
0,50581
0,50589
0,50592
1,50593
1,50599
0,50600
1,50601
0,50607
1,50608
0,50609
0,50612
0,50614
1,50615
0,50620
0,50624
0,50627
0,50629
1,50631
1,50634
0,50635
0,50636
0,50638
1,50640
0,50651
0,50653
0,50656
0,50657
0,50662
0,50664
0,50665
0,50667
1,50669
0,50670
0,50673
1,50675
0,50679
0,50681
0,50683
1,50686
0,50693
0,50694
0,50696
0,50698
0,50706
0,50712
0,50721
0,50722
0,50724
0,50730
1,50731
1,50732
1,50736
1,50743
0,50745
1,50746
0,50747
0,50748
0,50750
1,50752
0,50753
1,50760
0,50762
0,50764
0,50767
0,50768
0,50770
1,50779
0,50780
1,50784
0,50791
0,50795
0,50797
0,50799
1,50805
0,50806
0,50807
1,50808
0,50810
1,50814
0,50817
0,50818
0,50819
1,50820
0,50822
0,50823
0,50825
0,50826
0,50827
0,50828
1,50829
1,50832
0,50837
0,50843
0,50847
0,50851
1,50856
0,50859
0,50861
1,50862
1,50866
0,50868
1,50869
0,50871
1,50875
0,50876
0,50878
1,50880
1,50884
1,50887
1,50888
0,50890
0,50891
0,50896
0,50898
1,50904
0,50906
0,50911
0,50912
0,50914
1,50916
0,50918
0,50919
0,50922
0,50924
1,50927
0,50928
0,50930
0,50931
0,50933
0,50935
0,50936
1,50937
1,50938
0,50939
0,50940
0,50941
0,50943
1,50944
1,50946
0,50947
1,50948
1,50955
1,50956
0,50957
1,50959
0,50960
0,50961
0,50964
1,50971
0,50972
0,50974
0,50975
1,50986
0,50989
1,50991
0,50993
0,50995
0,50996
0,50997
0,50998
0,50999
0,51000
0,51002
1,51003
1,51004
0,51005
0,51006
1,51007
0,51009
0,51010
0,51011
0,51021
0,51024
0,51025
1,51026
0,51027
0,51028
0,51030
0,51033
0,51034
0,51037
0,51042
0,51046
1,51049
0,51050
1,51052
0,51054
1,51057
0,51063
1,51066
0,51067
0,51070
0,51071
0,51073
0,51074
0,51075
0,51076
0,51077
0,51078
1,51083
0,51090
0,51095
0,51096
0,51097
1,51098
1,51102
0,51103
0,51109
0,51110
0,51111
1,51113
0,51116
0,51120
1,51123
0,51124
0,51125
0,51130
1,51133
0,51135
1,51136
1,51138
0,51143
0,51145
0,51147
1,51151
1,51152
0,51153
1,51154
0,51155
0,51156
0,51157
0,51162
1,51163
1,51169
0,51174
0,51175
0,51178
1,51180
0,51182
0,51185
0,51188
1,51191
1,51194
0,51197
1,51198
0,51199
0,51200
0,51202
0,51205
1,51208
0,51210
0,51211
1,51213
0,51217
1,51219
0,51221
0,51223
1,51226
1,51230
0,51234
0,51237
0,51238
0,51239
0,51241
0,51245
1,51246
1,51247
0,51252
1,51253
1,51254
0,51256
0,51257
0,51258
1,51259
0,51263
1,51266
1,51267
0,51270
0,51272
0,51275
0,51279
0,51283
0,51284
0,51286
0,51287
0,51288
1,51295
0,51297
1,51298
0,51300
0,51303
1,51307
0,51309
0,51310
0,51312
1,51315
0,51318
0,51319
0,51321
1,51322
0,51326
0,51327
1,51328
0,51330
0,51338
0,51339
0,51343
1,51344
0,51347
1,51350
0,51353
0,51354
1,51355
0,51358
0,51359
0,51361
0,51363
0,51365
1,51370
0,51373
0,51376
1,51377
1,51380
0,51381
0,51383
0,51384
0,51388
1,51389
1,51391
0,51395
1,51396
1,51398
1,51402
0,51405
0,51411
0,51412
0,51415
0,51417
1,51420
1,51421
0,51426
0,51427
0,51429
0,51435
0,51439
0,51442
0,51445
1,51446
1,51451
0,51452
0,51453
0,51455
0,51456
0,51467
0,51468
0,51470
1,51472
0,51475
1,51476
1,51477
0,51480
1,51481
1,51483
0,51486
1,51494
0,51495
1,51496
0,51497
0,51498
0,51499
0,51502
0,51505
0,51506
1,51513
0,51516
0,51520
1,51525
0,51534
0,51535
0,51536
0,51537
0,51538
0,51541
0,51542
1,51550
0,51551
0,51552
0,51553
0,51555
1,51557
0,51563
0,51565
0,51568
0,51570
0,51571
0,51572
0,51573
1,51576
1,51578
0,51581
1,51584
1,51586
0,51587
1,51589
0,51591
0,51592
1,51593
0,51598
1,51601
0,51602
0,51604
0,51605
1,51609
0,51610
0,51614
1,51615
0,51616
0,51620
1,51621
0,51623
0,51627
1,51628
0,51630
0,51632
0,51636
0,51637
0,51639
0,51641
0,51642
0,51644
0,51651
0,51654
0,51656
0,51661
0,51662
0,51663
1,51664
0,51665
1,51667
1,51670
0,51671
0,51675
0,51678
0,51679
1,51681
1,51682
1,51683
1,51689
1,51691
0,51692
0,51704
0,51712
0,51720
0,51721
0,51724
0,51726
0,51729
1,51730
1,51731
1,51732
0,51735
0,51739
0,51740
0,51741
1,51744
0,51745
0,51750
0,51753
0,51755
1,51758
0,51759
0,51762
0,51763
0,51764
0,51765
0,51766
0,51770
0,51771
1,51777
0,51778
0,51780
1,51782
0,51787
0,51790
1,51793
0,51794
0,51796
0,51799
1,51800
0,51801
0,51803
0,51806
0,51809
1,51814
1,51815
0,51817
1,51824
0,51827
1,51829
0,51832
1,51836
0,51838
0,51842
0,51843
1,51849
0,51851
0,51852
0,51853
1,51854
0,51857
1,51858
0,51859
0,51860
0,51868
1,51870
0,51872
0,51874
1,51878
0,51883
1,51886
1,51887
1,51888
0,51891
0,51895
1,51897
1,51901
1,51902
0,51905
0,51909
0,51910
1,51913
1,51914
0,51915
0,51918
1,51922
0,51925
0,51928
0,51932
0,51935
0,51938
0,51940
0,51941
0,51942
1,51943
0,51944
0,51946
1,51953
0,51955
0,51958
1,51960
0,51961
0,51968
1,51977
0,51979
1,51980
1,51981
1,51983
1,51984
1,51985
1,51987
0,51988
1,51993
0,51995
1,51997
1,52001
1,52006
1,52008
1,52009
0,52011
1,52013
0,52019
1,52022
0,52025
0,52027
1,52030
0,52032
0,52036
1,52038
1,52041
0,52042
1,52044
0,52045
0,52049
0,52051
0,52055
0,52056
0,52057
0,52059
0,52062
0,52068
0,52073
0,52075
1,52079
0,52082
1,52086
1,52087
1,52088
0,52090
0,52095
1,52097
1,52099
1,52102
0,52103
0,52106
1,52108
0,52112
0,52114
1,52120
0,52121
0,52122
0,52124
0,52127
0,52128
0,52135
0,52137
0,52138
0,52139
0,52142
1,52143
0,52145
0,52147
0,52148
0,52157
0,52159
0,52165
0,52166
0,52167
0,52171
1,52172
1,52174
1,52176
0,52177
0,52178
0,52179
0,52180
0,52182
1,52183
1,52189
0,52190
0,52191
0,52192
1,52195
1,52197
0,52204
0,52207
0,52209
0,52210
1,52216
1,52220
0,52222
0,52223
1,52230
1,52232
0,52235
0,52237
0,52239
1,52240
0,52248
0,52256
0,52257
0,52259
0,52262
0,52264
1,52269
0,52272
0,52274
1,52277
0,52279
0,52280
0,52283
0,52287
0,52294
0,52295
1,52296
1,52305
0,52306
0,52308
0,52310
0,52314
0,52315
0,52317
0,52319
1,52327
1,52330
0,52331
1,52335
1,52337
0,52342
1,52345
0,52347
0,52348
0,52349
0,52352
0,52353
1,52357
0,52358
0,52360
0,52361
1,52367
1,52371
0,52373
0,52375
1,52378
0,52381
1,52382
1,52386
0,52389
1,52392
0,52393
0,52394
0,52395
1,52401
0,52402
0,52404
0,52405
1,52406
1,52410
0,52411
1,52415
0,52417
1,52418
0,52422
1,52427
1,52428
1,52431
0,52433
1,52435
1,52437
0,52439
1,52443
0,52445
0,52446
1,52447
1,52450
0,52452
1,52456
0,52457
0,52458
1,52460
0,52462
1,52467
0,52471
0,52475
0,52479
1,52481
0,52484
1,52485
1,52486
0,52488
0,52489
0,52491
0,52492
1,52499
0,52501
0,52502
0,52504
0,52505
1,52508
1,52509
0,52510
0,52512
0,52514
0,52516
1,52522
0,52523
1,52524
0,52525
1,52526
1,52527
1,52534
0,52539
1,52540
0,52542
0,52545
0,52546
0,52548
1,52549
0,52552
0,52558
1,52561
0,52564
0,52565
1,52566
0,52568
1,52570
0,52575
0,52577
0,52579
0,52580
1,52581
1,52585
1,52586
1,52589
0,52594
0,52595
1,52596
1,52602
0,52603
1,52605
1,52606
1,52607
1,52611
0,52613
1,52615
1,52617
1,52618
0,52621
0,52629
0,52630
1,52632
0,52633
1,52636
1,52642
0,52644
1,52645
1,52646
0,52648
0,52650
0,52651
1,52653
1,52654
1,52655
0,52657
0,52661
0,52662
1,52663
0,52665
0,52669
1,52670
1,52673
0,52675
0,52677
0,52681
0,52682
0,52683
0,52685
0,52693
0,52694
0,52695
0,52697
1,52698
0,52699
1,52703
0,52705
0,52706
0,52707
0,52709
0,52712
0,52716
0,52718
0,52719
0,52724
1,52727
0,52728
0,52730
0,52731
0,52733
0,52741
0,52742
0,52746
1,52747
0,52750
0,52754
1,52757
0,52768
0,52770
0,52771
0,52772
0,52774
0,52775
1,52778
0,52780
0,52782
1,52783
1,52784
0,52786
0,52787
1,52788
0,52789
0,52792
0,52796
0,52797
0,52800
0,52804
1,52805
0,52806
0,52809
0,52810
0,52813
0,52815
1,52822
0,52825
1,52826
0,52832
0,52834
1,52838
1,52839
0,52840
0,52843
0,52845
0,52848
1,52849
1,52851
1,52853
0,52855
1,52861
1,52866
1,52869
0,52871
1,52872
0,52873
0,52874
0,52875
1,52876
1,52879
0,52880
0,52885
1,52891
0,52895
0,52898
0,52900
0,52903
0,52905
0,52906
0,52909
0,52913
0,52914
0,52915
0,52917
0,52918
0,52919
1,52923
0,52925
0,52926
1,52929
0,52931
0,52932
0,52933
0,52934
0,52936
0,52942
1,52943
0,52948
1,52952
1,52953
0,52955
0,52956
0,52957
0,52959
0,52963
0,52965
0,52968
0,52970
1,52971
0,52973
0,52974
0,52976
0,52979
1,52982
0,52984
0,52985
0,52986
0,52989
1,52992
0,52993
1,52994
0,52999
1,53002
0,53004
0,53005
0,53006
0,53007
0,53010
0,53011
0,53015
0,53018
1,53021
0,53022
0,53027
0,53033
1,53047
0,53048
0,53049
0,53051
0,53052
0,53055
0,53056
0,53061
0,53062
0,53063
0,53066
1,53068
0,53070
1,53080
0,53083
1,53085
1,53087
1,53099
0,53100
0,53101
0,53103
0,53108
1,53111
0,53118
1,53119
0,53120
0,53121
0,53127
0,53129
0,53132
1,53134
0,53136
1,53141
1,53145
0,53146
0,53149
1,53150
1,53151
0,53159
1,53162
0,53163
1,53167
1,53170
0,53184
0,53187
1,53191
1,53192
0,53195
1,53196
0,53201
0,53204
0,53206
0,53210
0,53212
0,53213
0,53217
1,53221
1,53222
0,53223
1,53225
0,53226
0,53230
1,53231
0,53233
0,53243
1,53244
0,53245
0,53246
1,53253
0,53254
0,53259
0,53262
0,53263
0,53266
0,53270
0,53273
0,53276
1,53277
1,53279
0,53280
1,53284
0,53286
0,53291
0,53294
1,53296
0,53297
0,53298
0,53302
1,53308
0,53311
0,53312
0,53314
0,53315
0,53316
0,53317
0,53321
0,53322
0,53326
1,53327
1,53329
0,53332
1,53335
0,53337
1,53340
0,53343
0,53344
0,53347
0,53353
0,53354
0,53356
0,53357
0,53360
0,53362
1,53364
0,53370
1,53371
1,53375
0,53376
0,53377
0,53380
0,53381
0,53382
0,53384
1,53388
0,53390
1,53397
0,53398
0,53399
0,53406
0,53408
1,53409
0,53418
0,53419
0,53422
0,53423
0,53425
1,53426
1,53433
0,53437
0,53440
1,53443
0,53447
0,53450
0,53456
0,53460
0,53464
0,53466
0,53467
1,53468
0,53469
1,53470
0,53471
0,53473
0,53475
0,53476
0,53477
1,53479
1,53480
0,53483
1,53487
1,53489
1,53492
0,53493
0,53495
0,53497
1,53499
0,53501
1,53504
1,53506
0,53508
1,53511
0,53512
0,53513
0,53515
0,53517
1,53520
0,53521
0,53524
1,53530
0,53533
0,53535
1,53536
1,53537
0,53540
0,53541
1,53542
0,53543
1,53544
0,53546
0,53550
0,53552
0,53554
0,53557
0,53559
0,53562
0,53564
1,53565
0,53566
1,53572
1,53574
1,53575
1,53577
0,53585
1,53586
0,53587
1,53591
0,53593
1,53594
0,53596
1,53597
0,53599
1,53601
0,53603
0,53605
0,53614
0,53616
0,53617
0,53619
0,53623
1,53627
0,53630
0,53632
1,53634
0,53635
1,53636
1,53640
0,53641
0,53642
0,53644
1,53659
0,53662
0,53664
0,53665
1,53666
0,53667
0,53671
0,53672
1,53673
0,53675
0,53679
0,53682
0,53687
0,53689
1,53690
1,53692
1,53700
1,53701
1,53702
0,53703
0,53705
1,53708
0,53710
0,53711
0,53712
0,53716
1,53720
1,53730
1,53732
1,53733
0,53738
1,53741
1,53744
1,53745
1,53749
1,53753
0,53755
1,53757
0,53758
0,53760
0,53761
0,53762
1,53763
1,53764
0,53769
1,53772
0,53774
0,53783
1,53788
0,53789
1,53795
0,53796
1,53799
0,53800
0,53801
0,53808
0,53810
1,53812
0,53815
1,53818
0,53820
0,53821
1,53822
0,53823
1,53824
1,53826
1,53829
1,53831
1,53832
1,53835
0,53836
0,53837
0,53838
0,53840
1,53841
1,53843
0,53844
0,53849
0,53851
1,53852
0,53854
1,53860
0,53861
1,53866
0,53869
1,53871
0,53872
0,53878
0,53879
0,53881
0,53885
0,53888
1,53889
0,53890
0,53891
1,53892
1,53894
0,53896
1,53898
1,53899
0,53901
0,53903
1,53905
1,53906
1,53909
0,53914
0,53917
0,53926
0,53928
1,53930
0,53931
0,53932
0,53934
0,53941
0,53943
1,53945
0,53949
0,53950
0,53954
0,53956
1,53958
1,53959
0,53960
1,53963
1,53968
0,53969
0,53970
0,53976
1,53978
0,53981
0,53982
0,53985
0,53986
0,53987
0,53989
1,53990
1,53992
1,53993
0,53994
1,53995
1,53996
0,53999
0,54000
0,54001
0,54005
1,54009
1,54010
0,54011
0,54015
0,54023
0,54024
0,54026
1,54028
0,54029
1,54032
0,54035
1,54036
0,54037
0,54040
0,54044
0,54046
1,54047
0,54048
0,54050
0,54052
1,54056
0,54057
0,54059
0,54063
0,54064
0,54065
0,54069
1,54072
0,54073
0,54076
1,54081
0,54082
0,54085
1,54087
0,54088
0,54095
1,54097
0,54102
0,54108
1,54112
1,54114
0,54118
1,54119
0,54120
0,54123
0,54124
0,54126
0,54129
1,54132
1,54138
0,54141
0,54142
0,54146
1,54151
0,54152
0,54159
0,54160
0,54162
0,54164
0,54166
0,54167
0,54170
0,54173
0,54178
1,54179
1,54180
0,54181
0,54182
1,54184
0,54185
0,54186
0,54188
0,54190
1,54192
0,54193
0,54196
1,54197
1,54198
0,54201
0,54202
0,54203
1,54204
0,54206
1,54209
0,54210
0,54218
1,54219
1,54221
0,54225
1,54228
1,54238
0,54239
0,54242
0,54247
0,54248
0,54251
0,54252
0,54254
0,54255
0,54256
0,54257
0,54258
0,54264
1,54271
1,54273
0,54275
0,54276
0,54279
1,54280
1,54284
0,54288
1,54293
0,54295
0,54296
0,54299
0,54301
1,54304
0,54309
0,54310
0,54318
0,54322
0,54323
0,54331
0,54333
0,54340
1,54341
1,54346
1,54347
1,54351
0,54352
1,54353
1,54355
0,54359
1,54361
1,54362
0,54363
0,54364
0,54367
1,54380
0,54386
0,54389
0,54398
1,54401
0,54402
0,54403
0,54405
0,54406
0,54408
0,54409
0,54412
0,54414
1,54416
0,54417
0,54422
1,54423
0,54425
1,54426
0,54428
0,54435
1,54437
0,54439
0,54443
0,54445
1,54447
0,54448
0,54449
1,54451
1,54461
0,54465
0,54468
1,54471
0,54472
0,54473
0,54474
0,54476
0,54480
1,54481
0,54482
0,54483
0,54484
0,54485
0,54486
0,54488
0,54491
0,54492
1,54494
0,54500
0,54501
1,54502
1,54504
0,54505
0,54506
0,54507
0,54508
0,54509
1,54512
0,54518
0,54521
1,54532
1,54534
1,54535
0,54537
0,54539
1,54541
0,54551
1,54552
1,54553
1,54554
0,54555
0,54559
1,54563
0,54564
0,54566
1,54567
0,54568
0,54569
1,54579
1,54580
0,54581
0,54583
0,54585
0,54586
0,54593
0,54595
1,54601
0,54602
0,54605
0,54608
0,54609
1,54610
0,54612
0,54617
1,54620
0,54621
0,54624
0,54630
1,54631
0,54637
1,54642
1,54646
0,54647
0,54648
1,54654
0,54656
0,54661
0,54662
0,54663
0,54664
1,54672
1,54673
0,54674
0,54675
0,54677
1,54682
0,54683
1,54688
1,54690
0,54693
1,54694
1,54696
0,54700
0,54701
0,54704
1,54705
0,54707
1,54708
1,54711
1,54712
1,54714
1,54722
0,54723
0,54725
0,54728
0,54732
1,54736
0,54737
0,54738
1,54739
1,54741
1,54742
0,54743
0,54744
0,54745
0,54750
0,54755
0,54756
1,54759
0,54760
0,54765
0,54767
0,54779
0,54781
0,54783
0,54784
0,54788
0,54789
1,54790
1,54795
1,54796
0,54801
0,54802
0,54811
0,54814
0,54815
0,54816
1,54817
0,54820
0,54822
0,54825
0,54828
0,54829
0,54832
0,54833
1,54838
1,54841
0,54844
0,54845
0,54847
0,54848
1,54849
0,54852
0,54853
0,54854
0,54855
1,54856
0,54858
1,54860
0,54863
1,54866
0,54868
1,54871
1,54872
0,54874
1,54879
0,54887
1,54888
0,54889
0,54890
0,54891
0,54893
0,54894
1,54895
0,54896
0,54897
1,54898
0,54899
0,54902
1,54927
1,54928
0,54932
0,54934
1,54937
0,54945
0,54950
0,54952
0,54956
1,54958
0,54959
1,54960
1,54961
0,54964
0,54969
1,54972
1,54977
1,54978
0,54985
0,54986
0,54991
1,54996
1,55002
1,55004
0,55005
1,55006
1,55011
1,55013
1,55014
0,55020
1,55022
0,55029
0,55032
0,55033
1,55034
1,55035
1,55041
0,55043
0,55044
0,55045
0,55046
1,55048
0,55053
0,55055
1,55058
0,55062
0,55063
1,55067
0,55068
0,55069
0,55070
0,55072
0,55074
0,55077
0,55079
1,55082
0,55083
1,55085
0,55088
0,55089
0,55090
0,55091
0,55092
0,55094
1,55095
1,55098
0,55101
1,55103
0,55108
0,55112
1,55113
1,55114
0,55115
0,55121
0,55123
1,55124
1,55125
0,55139
1,55140
0,55142
1,55144
0,55146
1,55148
1,55149
0,55151
0,55154
0,55155
0,55157
1,55160
0,55162
0,55163
0,55171
0,55174
0,55175
0,55176
0,55181
0,55184
0,55185
1,55188
1,55193
1,55194
1,55196
1,55199
0,55200
1,55204
1,55205
0,55210
0,55211
0,55212
1,55215
0,55218
0,55219
1,55224
0,55231
1,55233
0,55241
0,55242
0,55246
0,55247
0,55248
0,55249
0,55253
0,55254
0,55256
1,55257
0,55258
1,55261
1,55267
0,55270
0,55271
0,55273
1,55277
1,55278
0,55281
0,55282
0,55284
0,55286
0,55288
1,55289
0,55290
0,55292
0,55294
0,55295
0,55297
1,55299
0,55302
1,55303
1,55308
0,55310
1,55312
0,55313
0,55315
0,55317
0,55319
0,55327
1,55330
1,55335
0,55343
0,55345
0,55348
0,55350
0,55352
0,55354
0,55356
1,55357
1,55361
0,55362
1,55364
0,55365
0,55369
1,55370
1,55372
0,55373
0,55374
1,55376
0,55377
1,55378
1,55379
1,55380
0,55381
1,55385
0,55386
0,55388
1,55400
0,55401
1,55403
0,55405
1,55406
1,55410
1,55412
0,55413
0,55414
1,55415
0,55418
0,55423
0,55424
0,55425
0,55426
1,55430
0,55434
0,55435
0,55436
1,55437
0,55438
1,55439
0,55443
1,55448
1,55450
0,55455
0,55458
0,55460
0,55461
0,55462
0,55463
0,55464
1,55467
1,55468
0,55469
1,55470
0,55473
1,55474
0,55475
1,55476
0,55477
0,55479
1,55480
0,55482
0,55484
1,55492
1,55493
0,55494
0,55499
1,55503
1,55504
0,55505
0,55507
0,55510
1,55511
1,55515
0,55517
1,55518
1,55522
0,55528
1,55530
1,55532
1,55534
0,55536
1,55539
1,55541
0,55542
1,55545
1,55546
1,55547
1,55548
0,55550
0,55551
0,55552
0,55554
1,55556
0,55558
1,55559
0,55560
0,55561
0,55562
1,55563
1,55567
0,55569
1,55570
1,55573
0,55586
0,55587
0,55591
0,55593
0,55595
0,55596
1,55600
1,55605
0,55610
0,55613
0,55617
0,55619
0,55620
0,55624
1,55628
1,55629
0,55631
0,55633
1,55634
0,55637
1,55638
0,55639
1,55640
0,55644
1,55648
1,55650
0,55651
0,55655
0,55656
0,55658
0,55659
0,55660
0,55661
1,55662
0,55665
0,55668
0,55672
0,55673
0,55675
1,55682
0,55688
1,55694
0,55697
0,55698
0,55701
0,55702
1,55704
0,55705
1,55706
0,55709
0,55711
1,55713
0,55715
1,55718
0,55721
0,55726
1,55731
0,55739
0,55740
0,55744
1,55745
1,55747
1,55748
1,55750
0,55752
1,55756
1,55757
0,55758
0,55760
0,55763
0,55765
1,55777
0,55783
0,55785
0,55786
0,55789
1,55793
1,55794
1,55795
1,55796
1,55798
0,55800
0,55806
0,55807
0,55808
0,55811
0,55812
0,55813
1,55814
0,55817
0,55818
1,55819
0,55820
0,55821
0,55822
0,55823
0,55824
1,55826
0,55827
0,55828
0,55830
0,55831
0,55833
0,55839
0,55840
0,55843
1,55845
0,55852
0,55853
0,55856
0,55859
0,55862
0,55864
1,55866
0,55867
1,55872
1,55873
0,55875
0,55876
0,55878
0,55884
0,55885
1,55886
1,55887
0,55888
0,55889
1,55893
1,55898
0,55899
0,55901
0,55904
0,55907
1,55908
0,55910
0,55912
1,55915
0,55919
0,55920
0,55921
0,55923
0,55924
0,55926
0,55927
1,55928
1,55935
0,55937
0,55942
0,55947
0,55948
0,55951
1,55953
0,55957
1,55959
1,55961
1,55962
0,55965
0,55966
1,55967
0,55973
0,55975
0,55977
0,55979
1,55980
1,55982
0,55984
1,55985
1,55987
0,55988
1,55989
0,55990
0,55995
0,55997
0,56001
0,56003
1,56004
0,56005
0,56009
0,56011
0,56014
0,56015
1,56016
0,56017
0,56021
0,56022
0,56023
0,56027
0,56028
0,56029
0,56031
0,56034
1,56037
1,56038
0,56040
0,56042
0,56046
0,56047
0,56056
0,56061
1,56062
1,56066
1,56070
0,56074
1,56077
0,56078
0,56081
0,56084
0,56086
0,56088
1,56089
0,56094
0,56097
0,56099
0,56101
1,56104
1,56111
1,56113
1,56115
1,56120
1,56121
0,56125
0,56130
1,56131
0,56132
0,56135
1,56136
0,56139
1,56140
0,56142
0,56143
1,56144
0,56145
1,56149
0,56151
0,56153
1,56155
0,56156
0,56159
0,56162
0,56164
1,56165
0,56173
1,56174
0,56175
0,56176
0,56177
1,56178
0,56180
0,56182
0,56188
0,56192
1,56194
0,56197
1,56201
0,56202
1,56203
1,56204
0,56205
0,56206
0,56208
0,56213
0,56215
0,56218
1,56222
1,56223
0,56224
0,56225
0,56226
1,56227
0,56231
0,56233
0,56235
0,56240
0,56241
0,56247
1,56251
1,56252
0,56253
0,56257
0,56259
1,56261
1,56266
1,56269
0,56270
0,56273
1,56274
0,56276
1,56278
0,56281
0,56282
0,56283
1,56286
0,56287
0,56293
0,56295
0,56298
0,56299
0,56305
0,56307
0,56311
1,56312
1,56313
0,56316
0,56317
1,56318
0,56319
0,56320
1,56321
1,56323
0,56325
0,56326
1,56328
1,56331
0,56332
0,56338
0,56339
1,56340
0,56342
0,56343
0,56344
0,56347
0,56348
0,56350
0,56357
0,56359
1,56360
1,56363
1,56365
0,56368
0,56369
0,56374
0,56376
0,56378
0,56379
0,56383
1,56384
0,56386
1,56388
0,56392
0,56396
0,56399
0,56401
0,56405
0,56407
1,56408
0,56409
0,56412
1,56416
0,56418
0,56420
1,56421
0,56423
1,56426
0,56433
1,56434
0,56436
0,56437
0,56438
0,56439
0,56440
0,56442
0,56443
1,56445
1,56446
0,56447
0,56448
0,56449
0,56450
0,56452
0,56456
0,56457
0,56458
0,56464
1,56468
0,56469
0,56471
0,56473
0,56474
0,56477
1,56483
1,56484
0,56486
0,56487
0,56489
0,56490
1,56496
0,56499
0,56500
0,56502
0,56507
1,56508
0,56510
0,56517
0,56520
1,56521
0,56523
0,56527
1,56529
1,56532
0,56539
0,56545
1,56546
0,56549
0,56552
0,56553
0,56560
0,56563
1,56566
0,56569
0,56571
0,56573
0,56575
0,56579
0,56580
0,56581
0,56583
0,56585
0,56589
1,56591
0,56593
0,56595
1,56598
0,56599
0,56600
1,56603
0,56604
0,56605
1,56606
1,56607
0,56608
0,56609
1,56611
0,56613
1,56616
0,56617
1,56620
0,56621
1,56622
0,56623
1,56626
1,56636
0,56637
0,56638
0,56639
1,56640
0,56642
0,56644
0,56646
0,56649
0,56651
1,56655
0,56659
1,56660
0,56662
1,56666
0,56668
0,56673
0,56676
0,56679
0,56680
0,56681
0,56682
0,56684
1,56685
0,56686
0,56688
1,56690
0,56692
0,56693
0,56694
0,56695
0,56703
0,56704
1,56707
0,56708
0,56709
0,56712
1,56714
1,56717
0,56718
1,56720
0,56721
0,56723
0,56725
1,56726
0,56727
1,56728
0,56736
0,56741
0,56746
0,56750
0,56751
0,56755
0,56756
0,56757
0,56758
0,56759
0,56761
0,56762
0,56763
0,56765
1,56766
1,56769
0,56771
0,56778
1,56781
0,56785
0,56793
0,56798
0,56804
0,56805
0,56810
1,56811
0,56812
0,56813
0,56814
0,56816
1,56817
0,56818
0,56820
0,56821
0,56822
1,56826
1,56828
0,56829
1,56831
0,56834
0,56835
0,56836
1,56841
0,56856
0,56859
0,56862
0,56863
0,56864
1,56865
0,56866
1,56869
0,56870
0,56871
0,56872
0,56875
0,56877
0,56879
0,56880
1,56882
0,56884
0,56886
0,56889
0,56890
0,56891
0,56892
0,56895
1,56899
1,56900
1,56901
0,56904
0,56905
0,56908
0,56910
0,56916
0,56917
0,56919
0,56921
0,56923
1,56926
0,56931
0,56933
0,56934
0,56935
0,56936
0,56937
0,56939
0,56943
1,56944
0,56949
0,56950
1,56951
0,56955
0,56956
0,56957
0,56959
0,56963
0,56964
0,56966
0,56971
0,56972
1,56973
0,56974
1,56979
1,56982
1,56984
0,56986
0,56991
0,56993
0,56995
0,57000
0,57001
0,57009
0,57010
0,57016
0,57018
0,57023
0,57026
0,57030
0,57035
0,57044
0,57049
0,57050
0,57051
0,57052
1,57053
0,57054
0,57056
1,57057
0,57063
0,57066
1,57072
0,57076
1,57078
0,57083
1,57084
0,57085
0,57086
0,57087
0,57090
0,57092
1,57099
0,57100
0,57102
0,57103
1,57105
0,57107
1,57111
1,57117
0,57119
1,57120
1,57122
0,57124
0,57125
0,57127
0,57128
1,57129
0,57130
0,57134
0,57137
1,57138
1,57139
0,57140
0,57143
1,57149
1,57152
0,57153
0,57154
0,57156
0,57157
0,57161
1,57163
0,57173
0,57174
0,57175
1,57176
1,57178
0,57180
0,57181
1,57182
1,57183
0,57188
0,57191
1,57195
0,57200
0,57201
0,57207
0,57208
0,57209
0,57216
0,57220
0,57221
0,57222
1,57223
0,57224
0,57229
0,57230
0,57232
1,57234
0,57236
0,57238
1,57239
1,57240
1,57241
0,57242
0,57244
1,57247
0,57249
1,57250
0,57256
0,57258
0,57260
0,57261
0,57262
0,57264
0,57266
0,57268
0,57272
0,57273
0,57274
0,57275
0,57278
1,57280
0,57288
1,57289
1,57291
0,57294
1,57295
1,57296
0,57298
0,57300
0,57301
0,57302
0,57306
0,57307
1,57310
0,57311
0,57313
1,57316
1,57318
0,57319
0,57322
0,57324
0,57325
0,57327
0,57332
0,57339
0,57343
0,57346
0,57348
0,57349
0,57351
1,57356
1,57357
0,57359
0,57361
0,57362
0,57366
0,57369
1,57370
1,57373
0,57375
0,57382
0,57385
1,57388
1,57391
0,57392
0,57393
1,57398
0,57399
0,57400
0,57402
0,57403
1,57405
0,57408
1,57411
0,57421
0,57422
0,57424
1,57425
1,57426
1,57431
1,57438
0,57448
0,57450
0,57451
0,57454
0,57455
0,57458
0,57460
0,57466
0,57468
1,57469
1,57470
0,57471
0,57473
0,57477
0,57478
1,57479
1,57481
0,57485
0,57488
0,57494
0,57495
0,57498
0,57500
0,57503
0,57505
1,57507
0,57509
0,57511
0,57513
0,57515
1,57519
1,57520
0,57523
0,57528
0,57530
0,57531
0,57533
0,57534
0,57538
0,57540
0,57545
0,57547
0,57548
1,57556
0,57558
0,57559
1,57564
0,57565
0,57568
0,57576
0,57577
1,57580
0,57582
0,57585
1,57588
1,57592
0,57593
0,57594
1,57595
0,57600
1,57601
1,57602
0,57605
1,57607
1,57608
0,57611
0,57612
0,57614
1,57618
1,57620
0,57624
0,57628
1,57630
0,57633
0,57634
0,57636
1,57643
0,57644
0,57648
1,57652
1,57654
0,57658
0,57664
0,57666
0,57671
0,57678
1,57680
0,57681
0,57683
1,57684
0,57685
0,57686
1,57689
0,57692
0,57693
0,57699
1,57701
0,57702
1,57703
1,57705
1,57711
0,57713
0,57714
1,57716
0,57718
0,57726
0,57731
1,57732
1,57733
0,57737
0,57739
1,57740
0,57741
0,57742
1,57744
1,57746
1,57747
0,57748
0,57752
1,57756
1,57757
0,57763
0,57765
0,57766
1,57769
1,57770
0,57771
1,57772
0,57773
1,57774
0,57775
1,57776
0,57777
1,57778
1,57781
0,57783
0,57784
1,57785
0,57791
0,57796
1,57797
0,57799
0,57807
0,57816
0,57817
0,57818
0,57823
0,57826
1,57827
0,57828
1,57829
0,57830
1,57832
0,57835
0,57841
1,57843
0,57849
1,57854
1,57856
1,57857
1,57859
1,57860
0,57861
1,57863
1,57865
0,57877
0,57878
0,57885
0,57889
0,57894
0,57895
0,57898
0,57899
0,57900
1,57904
0,57906
0,57909
0,57910
1,57912
1,57913
0,57914
0,57916
0,57917
0,57918
0,57921
0,57927
1,57928
0,57929
1,57931
0,57932
0,57933
0,57934
1,57935
1,57940
1,57942
0,57943
1,57945
1,57949
0,57951
0,57953
1,57959
0,57960
0,57962
1,57963
0,57965
0,57966
0,57969
0,57974
1,57983
0,57984
0,57985
1,57986
0,57989
1,57991
0,57992
0,57998
0,58001
1,58002
0,58005
0,58006
0,58007
1,58008
0,58010
1,58011
0,58018
0,58019
1,58023
0,58029
0,58030
0,58032
1,58033
1,58034
0,58036
0,58037
0,58039
0,58041
0,58047
0,58049
1,58051
1,58053
1,58054
0,58056
0,58059
0,58062
1,58065
0,58066
0,58068
1,58069
0,58071
1,58072
0,58073
0,58074
0,58078
0,58079
0,58083
1,58085
1,58088
1,58089
1,58092
1,58099
1,58101
0,58102
1,58107
0,58108
0,58113
0,58114
1,58117
1,58118
0,58119
1,58122
1,58123
0,58124
0,58128
0,58130
1,58135
0,58137
0,58138
0,58143
1,58144
0,58145
0,58148
0,58149
0,58151
0,58152
1,58153
0,58156
1,58157
1,58158
1,58159
0,58161
1,58167
0,58175
0,58176
0,58177
0,58179
0,58182
0,58183
0,58184
1,58187
1,58190
0,58192
1,58196
0,58197
0,58205
0,58212
0,58214
1,58215
0,58217
0,58221
0,58222
1,58226
0,58227
0,58230
1,58232
0,58242
0,58245
0,58247
1,58249
1,58250
1,58251
0,58255
0,58258
0,58260
1,58263
1,58265
0,58267
1,58268
1,58269
1,58271
1,58274
1,58275
0,58276
1,58278
0,58279
0,58280
0,58281
1,58283
0,58285
0,58286
0,58289
1,58291
0,58292
0,58296
1,58297
0,58298
0,58299
1,58300
1,58301
0,58302
1,58305
1,58308
0,58311
0,58312
0,58314
0,58315
1,58318
0,58321
0,58322
1,58323
1,58329
0,58330
0,58333
0,58336
1,58341
1,58342
0,58347
1,58348
0,58349
0,58351
1,58352
0,58353
0,58358
0,58360
1,58362
1,58363
0,58367
0,58370
0,58374
1,58375
0,58377
0,58378
0,58380
1,58384
0,58385
0,58388
0,58389
0,58391
0,58393
1,58394
0,58396
1,58398
0,58399
0,58400
0,58401
0,58405
0,58407
0,58409
0,58410
0,58412
0,58416
1,58419
1,58421
0,58422
1,58423
0,58424
0,58425
0,58426
1,58431
0,58434
1,58436
0,58439
0,58442
1,58446
0,58447
1,58451
0,58453
0,58455
0,58457
0,58458
1,58459
1,58464
1,58465
0,58470
0,58473
0,58477
0,58481
0,58487
1,58489
0,58497
0,58500
0,58509
0,58510
1,58511
1,58514
0,58516
0,58517
0,58520
1,58522
1,58524
0,58526
0,58528
0,58539
1,58547
1,58549
0,58552
0,58555
0,58557
0,58562
0,58565
0,58566
1,58567
1,58569
0,58570
1,58573
0,58575
1,58577
0,58579
0,58580
1,58581
0,58584
0,58585
0,58590
0,58591
1,58598
1,58609
0,58610
0,58614
0,58617
0,58618
0,58621
1,58623
0,58624
0,58627
1,58628
0,58629
1,58630
0,58632
0,58635
1,58636
0,58638
0,58640
0,58642
0,58646
1,58649
1,58650
0,58652
1,58656
1,58661
0,58662
0,58663
0,58664
0,58665
0,58666
0,58667
1,58669
1,58670
0,58672
0,58673
0,58674
1,58675
0,58678
0,58681
0,58687
0,58688
0,58691
0,58692
0,58697
0,58698
0,58708
0,58711
0,58715
0,58719
0,58726
1,58727
1,58729
1,58730
1,58732
1,58736
1,58737
0,58744
0,58745
0,58746
0,58747
0,58748
0,58753
0,58755
0,58760
0,58761
0,58762
0,58763
0,58770
1,58771
0,58772
0,58774
0,58782
0,58787
0,58788
0,58790
1,58791
0,58797
0,58799
0,58801
1,58802
1,58804
0,58806
0,58808
1,58812
0,58813
0,58814
1,58815
1,58816
0,58818
0,58819
1,58821
1,58823
1,58828
1,58829
0,58830
1,58832
1,58833
0,58836
0,58842
1,58845
0,58847
0,58851
0,58856
1,58857
0,58858
1,58860
0,58862
1,58864
1,58867
0,58868
0,58878
0,58879
0,58880
0,58881
1,58883
1,58884
0,58885
0,58886
0,58887
1,58892
1,58894
1,58895
1,58898
0,58905
1,58906
0,58911
1,58912
0,58914
0,58915
0,58917
0,58918
0,58920
0,58921
1,58927
0,58928
1,58930
0,58931
0,58932
0,58935
0,58936
1,58937
0,58938
0,58940
1,58941
1,58942
1,58945
0,58946
1,58950
0,58951
0,58955
1,58957
0,58960
0,58961
1,58964
0,58967
1,58977
1,58985
1,58987
1,58989
0,58992
1,58993
0,58996
1,58998
1,59004
0,59005
0,59008
1,59010
0,59011
0,59015
1,59018
0,59019
0,59020
0,59022
0,59023
0,59033
0,59034
1,59039
0,59040
1,59041
1,59042
0,59045
0,59046
1,59048
0,59054
1,59057
0,59058
0,59059
0,59060
0,59062
0,59064
1,59065
1,59068
0,59069
1,59074
1,59076
1,59077
1,59083
1,59084
0,59086
0,59087
1,59088
1,59094
0,59095
1,59100
1,59103
0,59104
1,59107
1,59108
1,59111
0,59112
0,59113
1,59117
1,59126
1,59128
1,59130
0,59131
0,59135
1,59139
0,59144
1,59148
1,59153
0,59155
0,59165
0,59166
0,59170
0,59176
0,59180
1,59181
0,59182
0,59183
0,59185
1,59189
0,59190
1,59191
1,59198
0,59199
1,59202
0,59204
1,59214
0,59217
1,59221
0,59222
0,59224
0,59225
1,59226
0,59229
0,59232
0,59233
1,59234
0,59239
0,59240
1,59241
0,59246
0,59247
0,59248
1,59249
1,59252
1,59253
0,59262
1,59263
0,59264
0,59265
1,59266
0,59268
1,59274
0,59277
1,59279
0,59281
0,59285
1,59288
0,59295
0,59300
0,59303
0,59306
1,59308
1,59313
1,59316
1,59322
1,59323
1,59324
0,59328
0,59329
0,59330
0,59331
1,59334
0,59335
1,59336
0,59342
0,59345
1,59350
0,59351
0,59359
0,59360
0,59363
0,59365
0,59369
0,59370
0,59373
0,59376
0,59379
1,59380
0,59381
1,59383
0,59386
0,59389
0,59391
1,59396
0,59397
1,59399
0,59403
0,59404
0,59408
0,59416
0,59417
0,59418
1,59419
1,59423
1,59425
0,59427
0,59431
0,59432
0,59433
0,59436
0,59437
1,59438
1,59439
0,59444
0,59445
0,59446
0,59449
0,59450
0,59454
0,59455
1,59459
1,59460
0,59462
0,59467
0,59468
1,59471
0,59473
1,59474
0,59479
1,59480
0,59485
0,59486
1,59490
0,59493
0,59498
0,59506
1,59510
1,59513
1,59514
1,59521
1,59522
0,59528
1,59530
1,59531
0,59535
1,59536
0,59546
0,59549
0,59551
0,59553
0,59556
0,59564
0,59565
0,59566
1,59574
0,59575
0,59577
1,59582
1,59587
0,59599
1,59601
0,59603
0,59604
0,59610
0,59612
1,59614
1,59615
0,59617
1,59618
0,59623
0,59625
1,59627
1,59629
0,59636
0,59637
0,59640
0,59647
0,59648
0,59649
1,59651
1,59653
0,59654
0,59655
0,59657
0,59659
1,59664
0,59667
0,59668
0,59669
0,59670
1,59671
0,59673
1,59674
0,59675
0,59676
0,59677
1,59678
0,59679
1,59680
0,59683
1,59689
0,59690
1,59692
0,59694
1,59700
1,59702
0,59707
1,59712
0,59721
0,59723
1,59734
1,59737
1,59742
0,59744
0,59745
0,59746
0,59747
0,59748
1,59750
0,59753
0,59754
0,59759
0,59760
0,59763
1,59767
0,59768
0,59769
0,59771
0,59775
0,59776
0,59779
0,59784
0,59786
1,59790
0,59797
0,59799
0,59803
1,59807
0,59808
0,59809
0,59810
1,59811
1,59814
1,59815
0,59819
0,59825
0,59826
1,59828
1,59829
0,59830
0,59831
0,59832
1,59836
1,59838
0,59839
1,59854
0,59857
0,59861
0,59862
1,59863
0,59864
1,59866
1,59867
0,59870
0,59873
0,59874
0,59878
0,59880
1,59882
1,59883
0,59885
1,59886
1,59888
1,59889
0,59890
1,59893
1,59894
1,59896
1,59897
0,59901
0,59903
0,59905
0,59907
0,59912
1,59913
0,59914
0,59916
0,59922
0,59923
1,59931
1,59932
0,59939
1,59940
0,59943
0,59945
1,59946
1,59949
0,59951
0,59952
0,59955
1,59958
0,59959
0,59960
1,59961
0,59965
0,59967
1,59972
0,59974
0,59976
0,59977
0,59980
0,59985
1,59992
0,59995
0,59999
1,60001
1,60003
0,60006
0,60009
0,60010
0,60014
0,60016
0,60017
0,60018
0,60019
1,60020
0,60021
0,60025
0,60028
1,60030
0,60031
1,60032
0,60035
0,60037
0,60039
0,60040
0,60043
0,60045
0,60049
1,60054
0,60055
1,60057
1,60061
0,60062
1,60066
0,60070
0,60074
1,60075
0,60076
0,60077
0,60080
1,60089
1,60090
0,60093
0,60095
0,60096
0,60102
0,60109
0,60111
0,60113
0,60114
1,60118
1,60119
0,60120
0,60121
1,60124
0,60131
0,60134
0,60135
0,60136
0,60138
0,60139
0,60142
0,60145
1,60150
0,60151
1,60152
0,60153
0,60154
0,60157
1,60159
0,60160
1,60161
1,60164
0,60166
0,60173
1,60174
1,60181
1,60186
0,60188
0,60189
0,60190
0,60192
0,60197
0,60199
0,60201
0,60202
0,60203
1,60204
0,60205
0,60210
1,60212
1,60213
0,60219
0,60221
0,60222
0,60223
1,60226
1,60228
1,60230
0,60232
1,60237
1,60238
1,60241
0,60245
0,60246
1,60249
0,60250
0,60251
0,60253
0,60255
0,60258
1,60264
0,60265
0,60266
1,60271
0,60272
0,60274
0,60275
1,60281
1,60284
0,60285
1,60286
1,60287
1,60288
0,60293
0,60297
0,60298
1,60300
1,60302
0,60306
1,60313
0,60315
1,60316
0,60317
1,60318
0,60320
0,60321
0,60322
0,60323
0,60324
0,60327
0,60335
1,60339
0,60340
0,60343
0,60347
1,60348
1,60349
0,60353
1,60354
1,60358
0,60359
1,60360
0,60361
0,60363
0,60367
0,60368
0,60374
0,60376
0,60377
1,60378
0,60380
0,60392
0,60393
1,60397
1,60401
0,60409
0,60417
0,60420
0,60423
0,60428
0,60434
1,60435
1,60436
0,60439
0,60440
0,60441
0,60443
0,60445
1,60446
0,60447
0,60452
0,60453
0,60455
1,60456
0,60460
1,60467
0,60477
1,60482
0,60483
0,60485
1,60487
0,60491
1,60496
0,60497
1,60501
0,60509
1,60510
0,60511
1,60520
1,60521
0,60524
0,60525
1,60527
0,60531
0,60532
0,60533
1,60536
1,60537
0,60538
0,60540
0,60544
1,60547
1,60548
1,60549
1,60551
0,60555
0,60556
0,60558
0,60562
0,60565
0,60574
1,60576
0,60577
0,60580
0,60581
1,60583
0,60584
0,60587
1,60588
1,60593
0,60601
1,60603
0,60605
1,60606
0,60608
1,60610
0,60611
0,60612
0,60613
1,60614
0,60616
0,60620
1,60621
1,60622
0,60624
0,60625
0,60630
0,60633
1,60634
1,60640
1,60641
0,60642
0,60644
0,60645
0,60646
1,60648
0,60651
1,60654
0,60658
0,60663
0,60666
1,60667
0,60668
1,60676
1,60677
1,60680
1,60684
0,60685
1,60686
1,60689
0,60692
0,60693
1,60696
0,60698
0,60701
0,60702
0,60703
0,60704
0,60705
0,60710
1,60711
1,60712
0,60718
0,60719
0,60725
0,60727
0,60728
0,60730
1,60734
1,60735
0,60739
1,60742
0,60744
0,60745
0,60746
0,60750
0,60751
1,60754
0,60760
0,60762
1,60764
0,60765
1,60766
1,60770
0,60775
0,60776
1,60777
0,60780
0,60781
1,60784
1,60785
1,60792
1,60796
0,60797
0,60799
0,60800
1,60801
1,60802
1,60803
0,60804
1,60808
1,60814
0,60815
1,60817
0,60818
0,60819
0,60821
1,60823
0,60824
1,60826
0,60830
1,60834
0,60838
0,60839
1,60841
0,60842
0,60843
0,60844
1,60847
0,60852
1,60853
1,60854
0,60856
0,60857
0,60859
0,60860
0,60863
0,60864
0,60866
1,60869
0,60871
1,60872
1,60873
0,60879
0,60882
0,60886
0,60894
0,60897
0,60899
0,60901
1,60903
1,60904
0,60908
0,60911
0,60914
1,60917
0,60919
0,60920
1,60921
1,60924
0,60926
1,60928
0,60929
0,60930
0,60931
0,60935
0,60938
0,60940
0,60942
1,60943
1,60944
0,60948
1,60952
1,60953
0,60958
1,60959
1,60963
0,60964
1,60968
1,60971
1,60976
0,60977
0,60979
0,60986
0,60990
1,61001
0,61002
1,61005
0,61006
1,61008
0,61009
0,61013
0,61016
0,61018
1,61020
0,61022
0,61024
0,61026
0,61027
1,61029
0,61031
1,61034
0,61038
0,61039
0,61040
0,61045
1,61046
1,61047
0,61048
1,61050
0,61051
0,61052
0,61058
0,61064
0,61070
0,61074
0,61081
0,61083
0,61084
0,61085
0,61088
1,61090
0,61091
0,61095
0,61098
0,61099
0,61100
1,61101
1,61102
0,61103
0,61104
0,61113
1,61114
0,61116
0,61120
0,61123
0,61125
1,61128
0,61129
0,61133
1,61148
0,61151
0,61161
1,61163
1,61164
1,61168
0,61170
1,61171
0,61172
0,61175
0,61178
1,61182
0,61183
0,61189
0,61192
0,61197
0,61198
0,61199
1,61201
0,61205
1,61210
1,61216
0,61217
1,61218
0,61219
1,61220
1,61221
0,61222
0,61225
1,61226
0,61227
0,61231
0,61233
0,61234
0,61238
0,61241
0,61245
1,61246
0,61249
1,61250
0,61251
0,61253
0,61255
0,61256
1,61257
0,61267
0,61268
0,61270
0,61271
0,61275
0,61276
1,61281
0,61283
0,61284
1,61285
1,61286
0,61290
1,61292
0,61293
0,61295
0,61297
0,61302
0,61308
0,61313
1,61315
0,61318
1,61319
0,61320
0,61322
1,61323
1,61326
0,61328
0,61336
1,61338
1,61339
0,61340
1,61342
0,61343
0,61350
1,61353
0,61354
0,61357
0,61360
0,61362
1,61363
0,61365
0,61367
0,61371
1,61374
0,61375
0,61377
0,61378
0,61383
0,61385
0,61386
1,61387
1,61391
1,61392
0,61395
0,61396
0,61405
0,61408
0,61411
0,61415
0,61416
0,61419
0,61420
1,61425
0,61426
1,61427
1,61429
0,61434
1,61435
0,61439
1,61440
0,61441
0,61445
1,61448
0,61449
1,61450
0,61451
0,61453
1,61457
0,61467
0,61469
0,61473
0,61478
0,61481
0,61484
1,61489
1,61490
0,61493
0,61494
0,61495
0,61496
0,61498
0,61499
1,61505
0,61507
0,61510
0,61512
1,61514
0,61516
0,61517
1,61519
1,61520
1,61522
0,61529
1,61531
1,61534
0,61535
1,61536
0,61537
0,61538
0,61541
0,61542
0,61549
1,61554
0,61555
0,61557
0,61560
0,61561
0,61563
1,61564
0,61572
0,61573
0,61577
0,61578
0,61579
0,61581
1,61583
0,61585
0,61587
1,61590
1,61592
0,61594
0,61595
0,61598
0,61600
0,61602
0,61603
1,61606
0,61611
1,61612
0,61614
1,61616
1,61620
0,61622
0,61623
0,61626
1,61631
0,61632
0,61636
0,61642
0,61647
0,61652
1,61656
1,61657
1,61660
0,61666
0,61668
1,61669
0,61670
0,61671
1,61675
0,61676
1,61682
0,61684
0,61685
0,61688
0,61689
0,61691
0,61695
0,61696
1,61697
0,61699
0,61707
1,61710
0,61711
1,61714
1,61715
0,61721
0,61722
0,61723
0,61725
0,61728
1,61730
1,61731
0,61732
0,61733
0,61735
0,61736
0,61737
0,61742
1,61743
0,61744
0,61745
0,61746
0,61747
1,61755
1,61756
0,61757
0,61759
1,61763
0,61764
0,61765
1,61767
1,61769
1,61770
0,61771
0,61772
0,61774
0,61775
0,61778
0,61780
0,61781
0,61785
1,61787
0,61788
0,61789
0,61790
0,61791
1,61792
0,61794
0,61795
0,61796
0,61797
1,61798
0,61799
1,61801
0,61802
1,61804
0,61805
0,61807
0,61808
1,61816
0,61817
0,61818
0,61823
0,61827
0,61828
0,61834
0,61835
0,61838
1,61839
0,61840
0,61841
0,61844
0,61848
1,61851
1,61852
0,61853
0,61854
0,61855
0,61857
1,61867
1,61868
1,61869
0,61872
0,61874
0,61875
0,61876
0,61877
1,61878
0,61882
1,61885
0,61888
0,61890
0,61892
1,61893
0,61895
0,61896
0,61898
1,61901
0,61906
0,61911
1,61914
0,61915
0,61920
0,61921
0,61925
0,61926
0,61927
1,61930
0,61932
0,61933
1,61934
0,61935
0,61937
1,61939
0,61944
1,61948
0,61949
0,61952
0,61953
0,61956
0,61957
0,61959
1,61962
0,61966
0,61968
1,61969
1,61970
0,61972
0,61973
0,61976
1,61977
1,61979
0,61986
0,61989
0,61994
0,61995
0,61997
1,61998
0,61999
1,62000
1,62001
0,62002
0,62003
1,62004
1,62006
0,62008
0,62009
1,62011
0,62012
0,62015
0,62016
0,62019
0,62021
0,62022
0,62024
0,62025
0,62027
0,62028
1,62031
1,62033
0,62034
1,62035
0,62042
1,62044
0,62047
0,62051
0,62052
0,62054
0,62059
1,62060
0,62061
0,62067
0,62071
0,62073
0,62074
0,62083
0,62084
0,62085
0,62092
0,62094
0,62099
0,62100
0,62101
0,62103
1,62104
0,62106
1,62109
1,62119
0,62120
0,62122
0,62125
1,62128
0,62130
1,62137
0,62141
0,62143
0,62146
1,62149
1,62152
1,62153
0,62154
0,62155
1,62156
0,62162
1,62164
1,62165
0,62166
0,62177
0,62178
1,62179
0,62183
1,62184
0,62188
0,62190
0,62191
0,62192
0,62193
1,62194
0,62196
0,62198
0,62200
0,62202
1,62203
0,62205
0,62208
1,62210
0,62219
0,62222
0,62224
1,62227
0,62230
0,62235
0,62242
1,62245
1,62246
0,62250
0,62251
0,62252
0,62253
1,62256
0,62259
1,62262
1,62265
1,62268
0,62269
0,62270
1,62276
0,62279
1,62282
1,62285
0,62286
1,62289
1,62290
0,62299
1,62300
0,62304
1,62306
1,62311
1,62312
0,62313
0,62316
1,62319
0,62326
0,62328
0,62330
0,62333
1,62335
1,62336
1,62341
0,62343
0,62347
0,62348
0,62349
0,62351
1,62352
0,62353
0,62357
1,62361
0,62363
0,62365
0,62366
0,62367
0,62368
0,62369
0,62370
0,62373
0,62379
0,62381
1,62388
1,62391
1,62392
0,62393
0,62395
0,62401
0,62402
1,62404
0,62406
0,62407
0,62410
1,62411
0,62413
0,62414
1,62416
0,62419
0,62421
0,62422
0,62426
0,62430
0,62431
1,62436
0,62439
1,62441
0,62442
0,62445
1,62451
0,62452
0,62453
0,62456
0,62457
0,62458
0,62460
0,62466
0,62467
0,62476
0,62478
1,62482
1,62483
0,62484
0,62485
1,62488
0,62489
0,62491
0,62502
0,62505
1,62517
0,62519
0,62520
0,62521
0,62527
1,62528
1,62529
0,62531
1,62532
0,62533
0,62536
1,62538
0,62539
0,62544
1,62545
0,62555
0,62557
0,62558
0,62559
0,62565
0,62568
0,62569
1,62570
1,62571
1,62572
0,62573
0,62576
1,62577
0,62582
1,62597
0,62600
1,62604
0,62605
0,62606
0,62608
0,62609
0,62610
1,62613
0,62614
0,62618
0,62620
1,62624
0,62625
0,62628
0,62629
0,62632
1,62634
0,62635
0,62636
0,62646
0,62650
1,62654
1,62655
0,62657
0,62658
0,62664
0,62668
0,62669
0,62676
1,62677
1,62679
0,62681
1,62683
0,62684
1,62685
1,62688
0,62691
1,62693
1,62694
1,62696
0,62699
0,62701
0,62703
1,62708
1,62710
0,62712
0,62713
0,62714
1,62716
0,62720
0,62725
0,62729
0,62730
0,62731
0,62734
0,62735
1,62740
0,62743
0,62745
0,62749
0,62751
0,62754
0,62755
0,62756
0,62758
0,62759
1,62760
0,62761
0,62767
0,62770
0,62772
0,62774
1,62775
0,62780
1,62783
0,62785
1,62787
0,62789
0,62792
1,62793
1,62794
0,62796
0,62801
0,62803
0,62805
0,62806
0,62807
0,62810
0,62813
0,62817
0,62821
1,62822
1,62828
0,62829
0,62834
1,62835
0,62836
0,62839
1,62845
0,62846
0,62848
1,62850
1,62851
0,62852
0,62856
0,62864
0,62865
0,62868
1,62869
1,62870
1,62871
0,62872
0,62876
0,62884
1,62886
1,62888
0,62891
1,62893
0,62894
0,62911
0,62913
0,62919
0,62922
1,62923
1,62927
1,62928
1,62933
0,62934
0,62935
0,62936
0,62937
1,62944
1,62945
0,62946
1,62951
0,62954
0,62959
0,62962
0,62963
0,62966
0,62967
0,62969
0,62970
0,62971
0,62975
1,62976
1,62977
0,62981
0,62982
0,62985
0,62987
0,62990
0,62991
1,62992
1,62995
0,62996
0,62999
1,63002
0,63003
0,63007
1,63014
1,63016
0,63028
1,63029
0,63030
1,63032
0,63034
0,63039
0,63041
1,63042
0,63043
0,63044
0,63045
0,63046
0,63047
0,63049
1,63053
0,63055
0,63057
0,63058
0,63059
0,63064
0,63069
1,63071
0,63072
1,63073
0,63074
1,63076
0,63080
0,63083
0,63084
1,63089
0,63090
0,63093
0,63094
0,63096
0,63098
1,63100
0,63108
0,63109
0,63113
1,63115
1,63117
1,63122
0,63123
0,63126
1,63127
1,63134
0,63135
1,63136
1,63140
1,63143
0,63146
0,63147
0,63148
1,63153
0,63157
1,63168
0,63169
0,63170
0,63171
0,63173
0,63177
1,63178
0,63180
0,63181
0,63186
0,63189
0,63191
1,63196
0,63199
1,63200
0,63201
0,63202
1,63204
0,63206
0,63209
0,63214
0,63217
0,63218
0,63227
0,63231
0,63232
0,63238
1,63242
1,63243
1,63245
1,63249
0,63250
1,63257
0,63260
0,63261
0,63262
0,63263
1,63264
0,63267
1,63270
1,63278
0,63283
1,63290
0,63292
1,63293
0,63294
0,63295
0,63296
0,63297
1,63298
0,63302
0,63303
0,63304
1,63309
0,63313
0,63314
0,63316
0,63318
0,63319
1,63320
0,63321
1,63323
0,63326
0,63327
0,63328
0,63329
1,63333
0,63335
0,63336
0,63341
1,63343
1,63344
1,63347
0,63349
1,63350
1,63353
0,63354
1,63355
0,63357
0,63362
1,63363
1,63368
1,63376
0,63380
0,63384
0,63385
1,63387
1,63388
1,63390
0,63394
0,63398
0,63399
0,63402
0,63403
0,63405
1,63406
0,63412
1,63413
0,63419
0,63420
1,63422
0,63424
0,63426
0,63429
0,63431
1,63432
0,63434
1,63439
1,63442
1,63443
1,63445
0,63446
1,63447
1,63450
0,63451
0,63453
1,63454
1,63459
0,63464
0,63465
0,63467
0,63468
0,63469
0,63472
0,63473
0,63477
1,63478
0,63480
0,63493
1,63494
0,63497
1,63498
1,63502
1,63504
1,63507
0,63512
0,63518
0,63519
0,63520
0,63521
1,63522
0,63526
0,63529
0,63534
0,63535
0,63536
0,63538
0,63540
1,63545
0,63546
0,63547
0,63549
1,63550
0,63553
0,63556
1,63557
0,63563
0,63565
1,63566
0,63567
0,63569
1,63570
0,63571
0,63575
0,63578
1,63582
1,63583
0,63586
1,63590
1,63591
0,63592
0,63595
1,63598
0,63599
1,63601
0,63602
0,63603
0,63605
0,63607
1,63608
0,63609
0,63610
1,63613
1,63615
1,63616
0,63619
0,63623
1,63624
1,63637
0,63640
0,63641
0,63642
0,63643
1,63644
1,63646
0,63647
0,63649
0,63650
0,63653
0,63658
0,63659
0,63660
0,63662
1,63666
1,63667
0,63670
0,63671
1,63674
1,63682
0,63687
0,63690
1,63691
0,63692
0,63695
1,63696
1,63698
0,63700
0,63702
1,63704
0,63707
0,63712
1,63714
0,63715
1,63716
1,63721
0,63723
0,63724
1,63726
0,63728
0,63731
0,63732
1,63734
0,63738
0,63739
1,63742
0,63747
1,63748
0,63750
0,63755
0,63757
0,63760
0,63764
0,63765
1,63766
1,63767
0,63768
1,63770
0,63771
0,63774
0,63775
1,63780
0,63782
0,63783
1,63787
0,63788
0,63790
0,63792
1,63794
0,63795
0,63798
0,63802
0,63812
0,63813
1,63814
0,63816
1,63823
1,63825
1,63826
0,63829
0,63831
1,63836
0,63839
0,63843
0,63846
1,63850
0,63852
0,63865
0,63866
0,63868
0,63869
0,63870
1,63872
1,63875
1,63881
1,63885
1,63886
0,63892
1,63902
0,63903
0,63906
0,63907
1,63912
0,63919
0,63920
1,63923
1,63925
1,63927
0,63928
1,63930
1,63931
0,63932
1,63933
0,63937
0,63938
0,63940
0,63943
1,63944
0,63946
0,63947
0,63952
0,63954
0,63956
0,63957
0,63958
0,63960
0,63961
0,63964
1,63968
0,63969
0,63971
1,63972
0,63974
0,63975
0,63976
0,63978
0,63980
1,63981
1,63982
0,63984
1,63987
0,63988
0,63990
0,63993
0,63994
0,64003
0,64007
0,64008
0,64015
0,64022
0,64023
0,64025
0,64027
0,64030
1,64031
0,64039
0,64042
0,64045
0,64046
1,64047
1,64049
0,64051
0,64052
0,64054
0,64055
0,64058
1,64061
1,64062
0,64063
0,64064
0,64066
0,64071
0,64072
0,64074
1,64081
0,64087
0,64091
1,64093
0,64095
1,64096
0,64099
0,64103
0,64105
0,64106
0,64112
0,64114
0,64117
1,64118
0,64121
0,64126
0,64131
0,64133
0,64135
0,64136
0,64137
0,64138
0,64139
0,64143
0,64145
1,64146
0,64147
0,64148
0,64149
0,64150
0,64153
1,64155
0,64165
0,64168
0,64171
0,64172
0,64173
0,64175
0,64178
0,64181
1,64185
0,64191
0,64194
0,64197
0,64199
0,64200
0,64202
0,64203
1,64206
1,64207
0,64210
0,64211
0,64216
1,64218
1,64224
0,64225
1,64227
0,64230
0,64234
0,64239
0,64240
0,64241
0,64250
0,64251
0,64252
0,64254
1,64255
0,64259
0,64260
1,64262
0,64264
1,64265
1,64266
0,64267
0,64269
0,64270
1,64272
0,64273
1,64285
0,64286
0,64290
0,64291
1,64292
0,64293
1,64296
1,64297
1,64298
0,64301
0,64308
0,64309
0,64310
1,64313
0,64314
0,64315
1,64317
1,64320
1,64326
0,64329
0,64330
0,64334
0,64339
0,64340
1,64342
0,64343
0,64346
0,64348
0,64349
1,64351
1,64353
1,64354
1,64355
1,64356
0,64357
1,64362
0,64364
0,64365
1,64366
1,64367
1,64368
1,64369
0,64371
0,64377
0,64379
0,64385
0,64388
1,64389
0,64390
0,64391
0,64392
1,64394
0,64397
0,64400
0,64401
1,64403
1,64405
0,64406
0,64408
1,64409
0,64412
0,64414
1,64416
0,64418
1,64419
1,64422
1,64427
0,64429
0,64430
0,64431
1,64432
1,64441
1,64445
1,64449
1,64454
0,64455
0,64456
1,64460
0,64464
0,64465
1,64467
0,64469
0,64471
0,64473
0,64474
0,64478
0,64479
1,64482
0,64485
1,64487
1,64488
0,64499
0,64500
0,64507
0,64509
1,64511
0,64512
1,64513
0,64521
0,64522
1,64524
0,64525
0,64527
0,64528
0,64531
1,64534
0,64540
0,64541
0,64544
0,64545
1,64546
0,64549
0,64550
1,64552
0,64553
0,64557
0,64559
0,64560
0,64563
1,64565
1,64568
0,64569
0,64570
1,64571
1,64579
1,64580
0,64582
1,64585
0,64586
0,64587
1,64588
1,64591
0,64592
0,64595
1,64596
0,64598
0,64601
0,64607
0,64608
0,64609
0,64610
1,64616
0,64621
0,64624
0,64625
1,64626
0,64627
0,64632
0,64636
0,64640
1,64644
1,64647
0,64648
0,64650
0,64653
0,64656
1,64662
1,64665
1,64670
0,64671
0,64672
1,64674
1,64675
0,64680
0,64687
0,64688
1,64689
1,64693
0,64696
1,64697
0,64698
1,64700
1,64701
1,64705
0,64709
1,64715
0,64719
0,64726
1,64728
1,64729
0,64731
1,64732
1,64734
1,64735
0,64740
0,64741
1,64742
1,64743
1,64744
0,64750
0,64751
0,64753
1,64754
0,64756
0,64760
0,64761
0,64762
0,64765
0,64768
0,64769
1,64771
0,64773
0,64775
1,64777
0,64778
0,64789
0,64790
0,64791
0,64793
0,64797
1,64800
0,64801
0,64802
1,64805
0,64806
0,64807
1,64808
1,64809
0,64810
1,64812
0,64814
0,64815
0,64823
0,64830
0,64833
1,64834
1,64837
0,64838
0,64839
0,64840
1,64845
1,64847
0,64849
1,64851
0,64856
0,64858
0,64861
0,64863
1,64865
1,64866
1,64867
0,64872
0,64876
0,64877
0,64879
0,64882
0,64884
0,64888
0,64890
1,64891
1,64892
0,64893
0,64894
1,64895
0,64896
0,64897
0,64900
0,64903
0,64906
1,64909
0,64913
1,64915
0,64916
0,64917
1,64918
1,64921
1,64922
0,64923
1,64924
1,64927
0,64930
0,64932
1,64933
0,64934
1,64935
1,64937
1,64938
0,64939
0,64945
0,64947
1,64949
0,64957
1,64959
1,64960
0,64962
0,64963
0,64967
1,64968
0,64970
0,64976
1,64977
0,64982
0,64985
0,64986
0,64989
0,64990
0,64991
0,64995
0,65001
1,65003
0,65008
0,65009
1,65014
1,65015
0,65023
0,65025
1,65028
1,65030
0,65032
1,65033
0,65035
0,65037
0,65038
0,65041
1,65045
1,65050
0,65052
0,65053
1,65054
0,65055
0,65057
1,65060
0,65061
0,65063
1,65064
0,65066
0,65069
1,65070
0,65071
1,65072
0,65078
1,65080
0,65082
1,65084
1,65085
1,65088
1,65089
0,65097
1,65098
1,65109
0,65114
0,65116
0,65117
0,65119
0,65124
0,65127
0,65130
0,65134
0,65135
1,65136
1,65139
0,65146
1,65153
0,65154
1,65155
0,65156
0,65157
0,65158
0,65159
0,65162
0,65163
0,65166
0,65167
1,65169
0,65172
0,65183
1,65184
1,65185
1,65186
1,65187
0,65189
0,65193
0,65196
1,65198
1,65202
0,65203
0,65204
1,65206
0,65208
0,65210
1,65215
0,65216
1,65219
1,65224
1,65226
1,65227
0,65228
1,65232
0,65233
0,65234
0,65236
1,65240
0,65241
0,65243
1,65244
0,65245
1,65248
0,65249
0,65251
0,65253
1,65255
0,65258
0,65264
0,65267
1,65271
0,65275
0,65276
0,65279
1,65280
1,65282
1,65287
0,65288
1,65296
0,65303
0,65304
0,65306
0,65307
1,65317
0,65322
0,65324
0,65327
1,65328
0,65329
0,65331
1,65332
0,65335
0,65336
0,65341
0,65344
0,65346
0,65347
1,65349
0,65350
0,65353
1,65356
0,65358
1,65364
0,65365
1,65366
0,65371
0,65374
1,65381
0,65382
1,65383
0,65387
0,65388
0,65391
0,65393
0,65396
1,65397
0,65399
0,65412
0,65413
1,65420
1,65424
0,65425
0,65436
0,65439
0,65441
0,65444
0,65446
0,65450
0,65451
0,65453
0,65454
0,65455
0,65456
0,65458
1,65459
1,65461
0,65463
0,65464
1,65465
0,65468
1,65469
0,65470
0,65472
1,65473
1,65474
1,65481
1,65482
0,65484
0,65491
0,65494
0,65497
1,65502
0,65507
0,65508
0,65509
1,65510
1,65511
1,65514
0,65515
0,65517
1,65520
0,65525
1,65527
0,65531
1,65532
1,65537
0,65541
1,65550
0,65551
0,65556
0,65557
0,65559
0,65563
0,65569
0,65570
0,65574
1,65577
1,65581
1,65582
1,65589
0,65590
0,65597
0,65599
0,65600
1,65603
1,65606
0,65608
0,65612
1,65613
0,65618
0,65622
1,65625
1,65626
0,65638
1,65639
0,65641
0,65643
1,65644
0,65648
0,65655
0,65656
0,65657
0,65658
1,65659
0,65660
1,65662
0,65663
0,65664
1,65670
1,65672
0,65675
0,65677
0,65678
1,65679
1,65681
1,65682
0,65692
0,65694
1,65700
0,65703
0,65705
0,65706
0,65707
1,65708
0,65712
0,65713
0,65714
0,65717
1,65718
1,65719
0,65720
0,65721
1,65723
0,65725
0,65727
0,65730
0,65731
0,65732
1,65733
1,65735
0,65736
0,65737
1,65740
0,65741
0,65747
1,65748
1,65750
1,65753
0,65760
1,65764
0,65765
0,65768
0,65769
0,65770
0,65780
0,65783
0,65785
0,65786
1,65787
0,65788
0,65789
0,65790
0,65792
0,65793
1,65795
0,65796
0,65800
1,65804
1,65807
1,65811
1,65812
0,65814
1,65816
0,65820
0,65831
1,65836
0,65842
0,65844
1,65845
0,65848
0,65850
0,65853
0,65854
0,65855
0,65857
0,65859
0,65860
0,65862
0,65863
0,65866
0,65868
0,65869
0,65870
1,65874
0,65876
0,65880
0,65881
0,65885
1,65886
0,65887
1,65889
0,65899
0,65902
0,65904
0,65906
0,65907
0,65912
0,65916
1,65918
1,65919
0,65922
0,65925
1,65928
0,65929
0,65930
1,65933
0,65937
1,65938
1,65943
0,65948
1,65951
0,65952
1,65956
0,65957
1,65958
0,65959
1,65960
0,65961
1,65963
0,65966
0,65975
0,65982
0,65984
0,65985
1,65986
0,65991
0,65992
0,66001
0,66003
0,66006
1,66009
0,66012
1,66015
1,66017
1,66021
1,66024
0,66027
0,66030
0,66032
0,66034
0,66035
0,66037
1,66038
1,66042
0,66043
1,66044
0,66048
0,66050
0,66052
0,66054
0,66056
1,66058
1,66060
1,66061
1,66063
0,66064
1,66071
1,66072
0,66082
1,66083
1,66084
1,66085
1,66086
0,66087
1,66090
0,66097
1,66099
1,66103
1,66107
0,66108
0,66109
0,66110
0,66111
0,66113
0,66114
0,66115
1,66116
0,66117
1,66122
1,66123
0,66125
1,66126
0,66127
0,66128
0,66129
0,66130
0,66131
0,66132
0,66133
1,66135
0,66145
1,66153
0,66158
0,66160
0,66163
0,66166
0,66170
1,66172
0,66175
1,66177
1,66178
1,66179
1,66183
1,66184
0,66185
0,66189
1,66190
0,66193
0,66195
0,66196
1,66197
1,66203
1,66204
0,66208
0,66211
0,66213
0,66216
0,66218
1,66219
0,66222
1,66227
0,66229
0,66232
1,66236
1,66237
0,66238
1,66241
0,66245
1,66250
1,66251
0,66253
1,66254
0,66256
0,66257
1,66259
0,66262
0,66265
0,66267
0,66271
1,66272
0,66276
1,66280
1,66281
1,66282
1,66287
0,66288
1,66289
1,66290
1,66298
0,66299
0,66300
0,66306
0,66307
1,66308
0,66309
1,66311
0,66312
0,66315
0,66321
0,66324
0,66327
0,66328
0,66332
1,66334
1,66335
1,66337
1,66341
0,66342
0,66344
0,66345
0,66346
0,66347
0,66348
0,66349
1,66350
0,66351
1,66354
1,66358
0,66362
0,66363
0,66365
0,66368
0,66369
1,66373
1,66375
1,66378
1,66379
0,66380
0,66381
0,66383
0,66384
0,66385
0,66387
1,66388
0,66389
1,66394
1,66395
0,66398
0,66401
1,66402
0,66403
0,66412
0,66413
0,66418
1,66419
1,66421
1,66424
0,66427
0,66430
0,66432
0,66436
0,66437
0,66438
0,66439
0,66440
1,66442
1,66444
0,66449
0,66452
0,66453
1,66455
0,66456
1,66457
1,66459
1,66460
0,66462
0,66467
1,66470
1,66471
0,66472
0,66473
0,66474
0,66478
0,66480
1,66483
0,66484
0,66491
0,66493
0,66494
1,66496
1,66499
0,66500
0,66501
0,66502
0,66511
0,66514
0,66516
1,66525
0,66527
1,66529
0,66530
1,66532
1,66534
1,66537
0,66538
0,66539
0,66542
0,66543
1,66544
0,66545
0,66546
0,66549
0,66552
0,66554
0,66555
0,66556
0,66559
0,66561
0,66563
0,66564
0,66567
1,66569
0,66574
0,66578
0,66579
0,66582
1,66583
0,66585
1,66586
0,66587
0,66589
0,66594
0,66596
0,66599
1,66603
0,66604
0,66605
0,66606
1,66607
1,66608
1,66610
1,66615
0,66617
0,66619
0,66621
0,66622
0,66623
0,66627
0,66629
1,66631
0,66633
1,66634
0,66635
1,66636
0,66641
0,66642
0,66644
1,66645
0,66651
0,66652
0,66655
1,66657
0,66658
0,66660
1,66661
0,66675
0,66676
0,66677
1,66679
0,66680
1,66681
1,66683
1,66689
0,66691
1,66693
1,66697
0,66699
0,66701
0,66707
0,66708
1,66709
0,66712
0,66713
1,66716
1,66718
1,66722
0,66723
1,66726
0,66727
0,66728
0,66729
0,66730
0,66743
0,66749
0,66750
0,66752
0,66753
0,66758
1,66759
0,66760
0,66768
0,66770
0,66771
0,66773
1,66774
0,66776
0,66779
1,66780
0,66784
0,66793
0,66794
0,66801
0,66803
0,66804
0,66805
0,66809
0,66813
0,66814
0,66819
0,66821
1,66822
0,66824
1,66826
1,66827
0,66828
1,66832
0,66834
0,66835
0,66836
1,66842
0,66846
1,66848
0,66849
0,66855
1,66857
0,66858
1,66861
0,66864
0,66867
0,66870
0,66872
1,66873
1,66880
0,66881
0,66882
1,66883
1,66884
1,66886
1,66888
0,66889
1,66890
1,66892
1,66893
0,66894
0,66901
0,66903
0,66906
0,66907
1,66910
0,66911
0,66920
0,66921
0,66923
1,66929
0,66930
1,66942
0,66946
0,66947
0,66948
0,66949
0,66952
0,66954
1,66955
0,66956
0,66958
0,66960
1,66961
1,66962
0,66963
0,66968
0,66970
0,66971
1,66972
0,66979
0,66982
0,66985
1,66988
0,66991
1,66994
0,66995
0,66997
0,66999
0,67000
0,67001
0,67002
0,67004
0,67008
0,67010
1,67012
1,67013
1,67015
0,67023
0,67025
0,67027
0,67028
1,67030
0,67031
0,67035
0,67044
0,67051
0,67053
0,67056
1,67057
0,67058
1,67059
0,67060
0,67064
1,67065
0,67069
1,67071
0,67075
1,67076
0,67077
0,67078
1,67081
0,67082
0,67084
0,67088
0,67092
1,67093
0,67094
0,67095
0,67096
1,67097
1,67101
1,67105
0,67106
0,67107
0,67110
0,67118
0,67120
0,67121
1,67126
1,67129
1,67130
0,67132
1,67133
0,67137
0,67139
0,67142
1,67145
0,67148
0,67149
1,67154
0,67155
0,67161
0,67164
0,67167
0,67168
1,67171
1,67179
0,67180
1,67181
0,67182
1,67183
0,67186
0,67190
0,67191
0,67192
0,67199
1,67202
0,67204
0,67213
1,67215
0,67216
0,67217
1,67221
0,67222
0,67225
0,67228
0,67232
0,67237
0,67238
1,67240
0,67243
0,67245
0,67247
0,67248
0,67249
0,67250
0,67254
0,67255
0,67256
1,67259
1,67263
1,67264
1,67266
0,67270
1,67273
0,67277
0,67280
0,67281
0,67283
1,67287
1,67290
0,67295
0,67298
0,67302
1,67303
1,67305
0,67312
0,67316
0,67319
0,67321
0,67325
0,67331
0,67336
0,67338
0,67340
1,67344
0,67345
0,67346
0,67349
0,67350
0,67355
1,67360
0,67361
0,67368
0,67376
1,67382
1,67383
0,67385
0,67386
0,67387
0,67389
0,67390
0,67391
0,67392
1,67396
0,67399
0,67404
1,67405
0,67406
1,67407
0,67411
0,67413
0,67415
0,67416
1,67418
0,67419
1,67422
0,67424
0,67425
0,67431
0,67438
1,67439
1,67443
0,67448
1,67449
0,67450
1,67451
1,67454
1,67457
0,67458
0,67459
0,67463
1,67465
1,67470
1,67472
0,67474
0,67475
0,67476
0,67479
0,67483
1,67484
1,67487
0,67489
0,67491
0,67495
0,67497
1,67498
0,67502
0,67503
1,67504
1,67505
0,67507
0,67512
1,67517
1,67518
0,67526
0,67528
0,67531
1,67533
1,67534
0,67535
0,67542
0,67544
0,67546
0,67548
0,67549
0,67551
1,67555
1,67557
0,67560
1,67565
1,67568
0,67569
0,67576
0,67577
0,67579
1,67581
0,67583
0,67585
0,67587
0,67589
1,67592
0,67593
0,67596
1,67599
1,67600
0,67607
0,67608
0,67613
0,67614
0,67615
0,67616
1,67617
0,67623
0,67624
0,67628
1,67634
0,67636
0,67644
1,67645
0,67649
0,67650
0,67651
0,67652
0,67654
0,67655
1,67659
1,67665
0,67666
0,67670
1,67674
0,67676
0,67677
1,67680
0,67682
0,67683
0,67684
0,67689
1,67692
1,67693
1,67697
0,67699
1,67700
1,67704
0,67705
0,67707
1,67708
0,67709
0,67710
0,67711
0,67716
0,67718
1,67728
0,67732
1,67733
0,67734
1,67736
0,67737
0,67738
0,67740
0,67742
0,67743
0,67744
0,67745
0,67750
0,67754
0,67756
0,67758
0,67761
0,67762
0,67763
0,67765
0,67766
0,67767
0,67769
0,67770
0,67772
0,67773
0,67774
0,67777
1,67779
1,67782
1,67785
0,67788
0,67790
0,67792
1,67794
1,67795
0,67798
0,67799
0,67800
0,67807
0,67814
0,67815
0,67816
1,67819
0,67822
0,67823
0,67826
1,67827
0,67829
0,67830
0,67831
1,67833
1,67834
0,67835
0,67836
0,67837
0,67839
0,67841
1,67842
0,67843
0,67845
0,67846
1,67847
0,67848
0,67850
1,67853
0,67856
0,67858
0,67870
0,67873
1,67875
0,67877
0,67878
0,67879
1,67880
1,67884
1,67885
1,67888
0,67890
0,67893
0,67895
0,67896
0,67897
0,67901
0,67902
1,67903
0,67904
0,67908
0,67915
1,67916
0,67920
0,67923
1,67925
0,67934
0,67935
0,67936
0,67941
0,67946
1,67947
0,67948
0,67949
0,67954
0,67955
0,67956
0,67958
0,67960
0,67961
0,67971
0,67972
0,67974
1,67976
0,67977
0,67978
0,67979
0,67980
0,67982
0,67986
0,67987
0,67988
1,67992
0,67993
0,67995
1,67996
0,68002
1,68007
0,68010
1,68015
0,68016
0,68020
1,68025
0,68026
0,68030
1,68031
0,68032
1,68033
0,68035
1,68037
0,68038
0,68039
0,68047
0,68050
1,68053
1,68055
0,68059
0,68060
1,68063
0,68064
0,68065
1,68066
0,68067
1,68068
1,68069
0,68075
0,68076
0,68080
0,68082
1,68083
0,68085
1,68090
1,68091
1,68094
0,68095
0,68096
1,68097
0,68099
0,68100
1,68104
0,68106
1,68107
1,68108
0,68109
0,68113
1,68114
1,68119
0,68128
0,68129
1,68135
1,68139
0,68147
0,68151
1,68152
0,68153
0,68158
0,68162
0,68164
1,68167
1,68171
0,68173
0,68175
1,68177
0,68183
0,68185
1,68188
0,68192
0,68198
0,68201
0,68202
1,68205
0,68207
0,68208
1,68209
0,68210
0,68213
1,68216
0,68217
0,68218
0,68220
1,68222
0,68224
0,68228
0,68229
0,68231
1,68232
0,68236
0,68239
1,68243
1,68245
0,68246
0,68249
0,68250
0,68252
1,68253
0,68258
0,68259
0,68260
1,68263
0,68266
0,68267
1,68270
0,68271
0,68281
1,68283
0,68288
1,68289
0,68293
0,68294
0,68296
0,68307
0,68310
0,68311
1,68314
0,68316
1,68319
0,68320
0,68321
0,68324
1,68328
0,68330
1,68337
0,68338
1,68341
1,68342
0,68343
0,68346
0,68348
0,68352
0,68355
0,68356
0,68359
0,68361
0,68363
0,68368
0,68369
0,68371
1,68375
0,68379
1,68380
0,68383
0,68386
0,68387
0,68389
0,68390
0,68391
0,68394
1,68395
0,68398
1,68407
0,68409
0,68413
0,68414
0,68420
1,68421
1,68425
1,68428
0,68429
1,68430
0,68432
1,68433
1,68434
1,68435
0,68438
0,68448
1,68449
0,68451
0,68454
0,68457
0,68458
1,68459
0,68460
0,68461
0,68462
0,68465
0,68470
0,68471
1,68475
0,68477
0,68479
0,68480
1,68481
0,68483
0,68486
1,68487
0,68488
0,68489
1,68492
0,68495
0,68496
0,68497
0,68500
0,68501
0,68502
0,68504
0,68505
0,68511
1,68512
0,68513
0,68515
0,68518
0,68519
1,68521
0,68523
0,68531
0,68535
0,68541
1,68547
0,68550
1,68551
1,68554
0,68555
0,68557
1,68559
0,68564
1,68566
0,68571
1,68576
0,68587
1,68590
1,68594
0,68596
0,68597
0,68604
0,68608
0,68611
0,68614
1,68618
1,68620
0,68623
0,68624
0,68625
0,68627
0,68628
0,68629
1,68630
1,68631
0,68632
0,68633
0,68635
0,68639
0,68640
0,68641
1,68644
1,68645
1,68647
0,68652
1,68657
1,68658
0,68661
0,68666
0,68668
0,68670
0,68671
1,68672
0,68673
0,68676
1,68679
0,68682
0,68685
0,68686
0,68692
1,68696
0,68702
0,68704
1,68705
1,68707
1,68709
0,68711
1,68712
1,68713
0,68714
0,68716
0,68717
1,68718
1,68720
0,68721
1,68723
0,68728
0,68729
0,68731
0,68732
0,68744
1,68745
0,68750
1,68752
0,68753
0,68754
1,68755
0,68758
0,68761
0,68764
0,68765
0,68768
0,68769
0,68771
0,68774
1,68776
0,68779
1,68781
0,68785
0,68787
0,68788
0,68791
0,68793
1,68795
1,68796
0,68797
1,68800
0,68807
0,68809
0,68812
0,68814
1,68818
0,68827
1,68828
1,68833
1,68835
0,68838
0,68839
1,68842
0,68843
0,68846
0,68855
1,68856
1,68860
1,68865
0,68869
1,68871
1,68875
0,68878
0,68879
0,68884
0,68885
0,68886
0,68889
0,68890
0,68893
0,68896
0,68897
0,68898
1,68905
0,68907
1,68909
0,68910
0,68911
0,68917
1,68918
0,68921
1,68923
1,68925
1,68929
1,68932
0,68936
0,68937
0,68938
0,68944
0,68945
0,68949
1,68950
0,68954
1,68958
0,68960
0,68963
1,68964
0,68967
1,68975
0,68979
0,68984
0,68985
1,68986
0,68990
1,68992
1,68993
0,68994
0,68995
1,68997
0,68999
0,69001
0,69006
0,69007
0,69009
0,69011
0,69012
0,69013
0,69015
1,69019
0,69021
0,69026
0,69027
1,69028
1,69029
1,69031
0,69035
0,69037
1,69041
0,69044
0,69045
0,69047
0,69053
1,69055
1,69058
0,69059
0,69071
1,69074
1,69075
0,69076
0,69083
0,69084
0,69086
0,69089
0,69092
0,69094
0,69100
1,69103
0,69104
0,69105
0,69106
0,69107
0,69109
0,69110
0,69115
0,69119
0,69120
0,69123
0,69124
1,69129
0,69131
0,69134
0,69136
0,69141
0,69144
0,69145
0,69151
1,69152
0,69154
1,69155
0,69158
0,69160
0,69163
0,69166
0,69173
0,69174
0,69176
0,69182
0,69185
0,69187
0,69189
0,69190
1,69197
1,69199
1,69202
1,69205
0,69208
1,69209
0,69211
0,69212
0,69216
0,69217
1,69220
1,69221
0,69224
0,69226
0,69227
1,69229
0,69240
0,69247
0,69248
0,69251
1,69252
1,69254
0,69257
0,69258
0,69259
0,69260
0,69263
0,69266
1,69267
0,69268
0,69269
1,69273
1,69274
1,69276
1,69278
0,69279
0,69280
1,69281
0,69282
0,69284
0,69285
1,69286
0,69287
0,69288
0,69289
0,69299
0,69302
0,69306
0,69309
0,69312
0,69314
0,69315
0,69318
0,69319
0,69323
0,69324
0,69326
1,69329
0,69334
1,69340
0,69341
1,69342
1,69345
1,69347
0,69349
1,69350
0,69351
0,69353
0,69361
1,69363
0,69364
1,69368
1,69369
0,69372
0,69373
1,69376
0,69382
0,69386
1,69387
0,69388
0,69389
0,69393
0,69395
0,69398
1,69402
0,69403
0,69405
0,69406
0,69408
0,69409
0,69410
1,69413
0,69414
0,69418
0,69420
0,69428
0,69430
0,69431
0,69437
1,69440
1,69441
0,69442
0,69449
1,69451
0,69453
1,69455
1,69458
0,69461
1,69463
0,69465
0,69466
0,69471
0,69475
1,69476
0,69482
0,69484
0,69486
0,69491
1,69493
1,69495
0,69501
0,69504
1,69505
0,69509
0,69512
1,69515
0,69517
0,69521
0,69522
1,69531
0,69534
0,69537
0,69539
0,69544
0,69549
0,69555
0,69557
0,69558
0,69560
0,69561
0,69562
0,69564
0,69573
0,69574
0,69580
0,69581
0,69582
1,69584
1,69591
0,69592
0,69593
0,69596
0,69598
0,69600
0,69603
0,69606
0,69607
0,69611
0,69616
0,69617
1,69618
1,69619
0,69625
0,69626
0,69628
0,69629
0,69630
1,69632
0,69634
0,69638
0,69646
0,69650
0,69653
1,69654
1,69663
0,69664
0,69668
1,69669
0,69670
0,69672
0,69673
1,69683
0,69684
0,69685
0,69686
1,69687
0,69691
0,69693
0,69694
0,69696
0,69697
0,69698
0,69700
0,69701
0,69703
0,69704
0,69711
1,69717
0,69720
0,69721
0,69723
0,69725
0,69726
1,69729
1,69734
1,69739
1,69740
0,69745
0,69747
0,69753
1,69760
1,69762
0,69764
0,69765
0,69766
0,69768
0,69772
1,69783
0,69784
0,69785
0,69786
1,69787
0,69788
0,69790
1,69791
0,69793
1,69797
1,69799
0,69800
0,69805
0,69806
0,69811
1,69812
1,69817
0,69820
0,69821
0,69824
0,69828
0,69829
1,69830
0,69831
0,69832
0,69833
0,69837
1,69838
0,69839
1,69844
1,69846
0,69850
0,69854
0,69856
0,69858
1,69859
1,69862
0,69865
1,69869
0,69871
0,69872
0,69873
0,69874
0,69875
0,69878
0,69879
0,69882
0,69886
0,69888
0,69890
0,69891
1,69893
0,69897
0,69899
1,69901
0,69902
1,69903
0,69904
0,69905
0,69908
1,69913
0,69923
0,69926
0,69927
1,69930
0,69932
0,69933
0,69935
0,69940
1,69942
0,69945
0,69948
0,69949
0,69952
0,69953
0,69956
0,69959
0,69968
1,69970
1,69977
1,69979
0,69980
0,69985
0,69987
0,69988
0,69989
1,69990
0,69992
0,69994
1,69995
1,69996
0,69998
0,69999
0,70003
1,70004
0,70005
0,70008
0,70011
1,70012
0,70013
1,70017
0,70020
0,70023
1,70024
1,70025
0,70028
0,70031
0,70033
1,70034
1,70042
0,70044
0,70048
0,70052
0,70054
0,70055
0,70056
0,70060
1,70062
1,70064
1,70067
0,70070
0,70072
0,70073
0,70074
1,70077
0,70079
1,70080
0,70081
1,70082
1,70084
1,70087
0,70092
0,70096
1,70097
0,70098
0,70104
0,70107
0,70110
0,70111
0,70113
1,70115
0,70118
0,70119
1,70124
0,70127
0,70128
0,70131
1,70132
0,70134
0,70141
1,70143
0,70144
0,70146
0,70148
1,70152
1,70153
1,70156
0,70163
1,70166
1,70169
1,70173
1,70174
0,70176
0,70179
0,70180
0,70187
0,70188
0,70192
1,70195
0,70200
0,70202
0,70203
0,70206
0,70208
0,70210
1,70220
0,70225
0,70228
1,70233
0,70239
0,70240
0,70242
0,70243
0,70245
1,70248
1,70251
0,70252
0,70255
0,70260
0,70262
1,70266
0,70267
1,70268
0,70272
0,70278
0,70285
1,70287
0,70295
0,70296
1,70299
0,70302
0,70306
0,70309
0,70310
1,70313
0,70315
1,70318
0,70321
0,70322
0,70324
1,70326
0,70332
1,70334
0,70335
0,70338
1,70342
0,70343
0,70346
0,70348
1,70349
0,70350
1,70352
1,70354
1,70355
0,70361
1,70362
1,70365
0,70367
1,70368
0,70371
0,70372
1,70373
1,70376
0,70377
0,70379
0,70381
1,70385
1,70386
1,70387
1,70388
1,70391
0,70392
0,70399
1,70401
0,70404
1,70408
0,70412
1,70415
0,70417
0,70419
0,70421
0,70424
0,70428
0,70429
1,70430
1,70431
0,70432
0,70433
1,70436
0,70438
1,70442
0,70446
1,70449
0,70450
0,70455
1,70456
0,70457
1,70463
0,70466
1,70467
0,70468
0,70469
1,70470
0,70471
0,70473
0,70474
0,70475
0,70478
0,70479
0,70480
0,70481
1,70484
0,70485
0,70486
0,70487
1,70490
0,70491
1,70493
1,70494
0,70495
0,70502
0,70503
0,70505
1,70506
0,70508
1,70511
0,70514
1,70517
0,70518
0,70520
1,70523
1,70524
0,70531
1,70534
1,70537
0,70538
0,70539
0,70541
1,70542
1,70543
1,70548
0,70551
1,70553
0,70555
0,70556
0,70557
0,70558
1,70559
0,70560
0,70561
0,70567
0,70569
1,70571
0,70573
0,70578
0,70582
0,70584
0,70585
0,70587
0,70588
0,70590
0,70591
0,70592
0,70595
1,70601
1,70603
0,70604
1,70605
0,70606
1,70609
1,70610
0,70611
0,70614
1,70616
0,70617
1,70619
0,70621
0,70623
0,70624
0,70626
0,70627
0,70630
0,70631
1,70635
1,70636
1,70637
0,70641
1,70642
0,70643
0,70651
1,70652
0,70653
1,70654
1,70655
0,70658
0,70661
0,70662
0,70663
1,70664
0,70665
0,70666
0,70668
0,70670
0,70672
1,70673
0,70674
1,70675
0,70677
1,70683
0,70685
0,70686
1,70687
0,70694
0,70695
0,70698
0,70699
0,70700
0,70703
0,70705
1,70708
1,70712
0,70714
0,70715
0,70718
0,70719
0,70721
1,70722
0,70723
0,70727
0,70728
1,70729
0,70730
1,70732
0,70733
1,70734
0,70735
0,70739
0,70740
0,70743
0,70744
1,70750
0,70757
0,70761
0,70764
0,70765
1,70768
0,70771
1,70772
0,70774
0,70775
1,70777
1,70778
0,70779
0,70781
0,70782
0,70783
0,70788
1,70789
0,70791
0,70793
1,70798
1,70799
0,70800
1,70801
0,70802
0,70807
0,70808
0,70809
0,70811
1,70813
0,70814
0,70817
0,70818
1,70824
0,70830
0,70831
1,70832
0,70834
1,70835
0,70843
0,70846
1,70847
0,70849
1,70851
0,70860
1,70861
1,70862
0,70865
0,70869
0,70877
0,70878
0,70879
0,70881
0,70884
1,70885
1,70892
0,70897
0,70904
0,70907
0,70910
0,70911
1,70916
1,70921
1,70923
0,70925
0,70927
0,70928
0,70929
1,70934
0,70935
0,70937
0,70942
0,70946
0,70948
1,70952
0,70953
0,70956
1,70957
1,70962
0,70968
1,70972
0,70973
1,70975
1,70977
1,70978
1,70980
1,70995
0,70996
0,70998
0,70999
0,71000
0,71002
0,71005
0,71020
1,71021
0,71024
0,71028
0,71030
1,71033
0,71034
0,71038
1,71039
0,71041
0,71042
0,71043
1,71049
0,71053
0,71054
0,71056
0,71057
0,71060
1,71061
0,71064
1,71065
1,71066
0,71067
0,71072
1,71075
1,71078
1,71079
0,71082
1,71083
0,71084
1,71088
0,71089
0,71090
0,71091
0,71092
0,71096
0,71098
0,71100
0,71101
0,71102
1,71103
0,71104
0,71105
1,71106
0,71108
0,71110
0,71111
1,71112
1,71113
1,71115
1,71119
0,71125
0,71128
1,71130
0,71131
0,71133
0,71135
0,71137
0,71138
1,71140
0,71143
0,71145
0,71146
0,71147
0,71148
0,71149
0,71150
0,71151
0,71154
0,71157
0,71159
0,71160
1,71161
0,71166
0,71168
0,71174
1,71175
0,71176
0,71181
0,71184
0,71186
0,71187
0,71188
0,71190
0,71191
0,71198
0,71201
0,71202
0,71206
0,71207
0,71208
0,71212
0,71213
1,71216
0,71224
0,71227
1,71230
1,71232
0,71234
0,71236
0,71240
0,71243
1,71244
0,71245
0,71248
0,71252
0,71255
1,71256
0,71257
0,71263
0,71264
1,71268
1,71272
0,71276
1,71280
0,71282
0,71286
0,71287
0,71290
0,71291
0,71293
0,71294
1,71299
1,71302
1,71303
0,71306
0,71308
1,71309
0,71311
0,71312
1,71313
1,71315
0,71317
1,71322
0,71323
0,71326
1,71328
0,71329
0,71330
1,71331
0,71334
1,71336
0,71337
1,71339
0,71340
1,71343
0,71345
0,71346
0,71347
1,71348
1,71350
0,71361
0,71362
0,71367
0,71368
0,71370
0,71376
1,71377
0,71378
0,71380
0,71382
1,71386
0,71387
1,71390
1,71393
1,71395
1,71399
0,71401
0,71403
0,71405
1,71407
0,71414
0,71415
0,71416
0,71417
1,71418
0,71425
0,71428
0,71434
0,71437
0,71438
0,71439
1,71444
1,71447
1,71448
0,71451
0,71457
1,71458
0,71459
0,71461
0,71464
0,71465
1,71466
0,71467
0,71468
0,71470
0,71471
1,71472
0,71475
1,71476
0,71478
0,71480
1,71484
0,71485
0,71486
0,71488
0,71490
0,71493
1,71496
1,71499
0,71501
0,71502
0,71506
1,71507
0,71516
0,71517
1,71518
0,71519
0,71522
0,71523
0,71524
0,71527
1,71529
0,71532
0,71539
0,71540
0,71541
1,71543
0,71545
0,71548
0,71554
1,71558
0,71559
1,71561
0,71565
1,71567
0,71570
0,71578
0,71580
0,71583
0,71587
1,71590
1,71591
0,71594
1,71595
1,71605
1,71611
0,71612
1,71613
0,71614
0,71618
1,71619
1,71622
0,71629
0,71631
0,71633
1,71634
1,71638
0,71640
0,71641
0,71643
0,71646
0,71647
0,71648
0,71650
1,71651
0,71653
0,71656
0,71662
0,71664
1,71667
1,71668
1,71669
0,71671
0,71672
1,71674
0,71680
0,71683
0,71691
0,71693
0,71696
0,71698
1,71704
0,71705
0,71708
0,71711
0,71712
0,71716
0,71717
0,71719
1,71721
0,71722
0,71724
0,71728
0,71730
0,71731
0,71737
1,71738
0,71742
0,71748
0,71750
0,71751
0,71753
0,71754
1,71757
0,71758
0,71761
0,71764
1,71766
0,71771
0,71772
0,71776
1,71779
0,71780
1,71783
0,71787
0,71789
0,71791
0,71798
0,71799
0,71801
0,71803
0,71804
0,71806
1,71807
0,71810
1,71812
1,71814
1,71815
0,71816
0,71817
0,71818
0,71819
0,71821
1,71824
0,71827
0,71830
0,71833
1,71834
1,71837
1,71838
1,71839
0,71844
0,71849
0,71850
1,71855
0,71858
0,71860
0,71861
0,71866
0,71870
1,71872
0,71873
0,71875
1,71877
0,71880
0,71883
0,71885
1,71887
0,71888
0,71890
0,71891
1,71894
1,71896
0,71897
0,71901
1,71904
0,71905
1,71910
0,71911
0,71914
0,71915
0,71917
0,71919
1,71920
0,71921
0,71924
1,71925
0,71926
0,71928
1,71932
1,71933
0,71937
1,71938
0,71939
0,71940
0,71941
0,71943
1,71946
0,71948
0,71951
0,71954
0,71955
1,71958
0,71959
0,71961
0,71968
0,71970
1,71971
0,71972
0,71973
1,71975
0,71978
0,71979
0,71980
0,71981
1,71982
0,71989
0,71990
0,71993
1,71996
0,72002
0,72003
0,72005
0,72006
1,72010
0,72011
0,72023
0,72024
0,72028
1,72029
1,72031
0,72032
0,72035
0,72038
0,72039
0,72040
0,72041
1,72043
0,72045
0,72046
0,72050
0,72051
1,72054
1,72056
0,72057
0,72058
0,72066
1,72071
0,72076
1,72077
0,72080
0,72082
0,72086
0,72091
0,72093
0,72095
0,72096
0,72100
1,72102
0,72105
1,72111
0,72114
0,72116
1,72117
1,72120
1,72124
0,72125
0,72128
0,72130
0,72132
0,72136
0,72139
0,72140
0,72142
0,72146
0,72150
0,72152
1,72153
0,72156
1,72157
1,72159
1,72164
0,72166
1,72167
1,72168
1,72178
1,72182
0,72183
1,72187
1,72188
0,72191
1,72192
0,72194
0,72195
0,72196
0,72197
0,72198
0,72200
0,72202
1,72203
1,72207
0,72209
0,72211
1,72213
0,72214
0,72216
0,72220
0,72224
0,72225
0,72231
0,72233
1,72235
0,72240
0,72242
1,72249
0,72254
1,72256
0,72258
0,72261
0,72262
0,72264
0,72265
0,72267
1,72268
1,72270
1,72271
0,72272
0,72280
0,72281
0,72282
0,72283
0,72285
0,72287
0,72289
0,72290
0,72292
1,72295
0,72296
0,72305
0,72306
1,72309
1,72311
0,72312
0,72314
1,72315
0,72316
0,72317
1,72318
0,72319
0,72320
1,72321
0,72322
0,72324
0,72325
1,72327
0,72331
1,72332
0,72334
0,72336
1,72337
1,72339
1,72345
1,72352
1,72355
0,72357
0,72359
0,72361
0,72362
1,72363
0,72365
1,72366
1,72367
1,72369
0,72371
0,72372
0,72373
0,72374
1,72378
1,72382
1,72383
1,72384
1,72390
0,72391
1,72392
1,72396
0,72397
0,72399
1,72401
0,72402
0,72403
1,72404
0,72416
0,72421
0,72423
0,72426
1,72429
0,72430
0,72435
0,72436
0,72439
1,72441
0,72442
0,72444
0,72447
1,72448
0,72455
0,72456
0,72457
0,72458
0,72459
0,72461
0,72463
1,72465
0,72467
0,72468
1,72469
0,72470
1,72471
0,72473
1,72474
0,72475
1,72479
0,72480
0,72481
0,72484
1,72485
1,72489
0,72490
0,72491
1,72492
0,72503
0,72504
0,72507
1,72508
0,72509
0,72510
0,72512
0,72514
1,72516
0,72517
1,72525
1,72528
1,72530
1,72531
0,72533
0,72539
0,72540
0,72542
0,72543
0,72545
1,72546
0,72549
0,72550
1,72553
0,72561
1,72562
1,72564
0,72570
1,72573
1,72577
0,72580
0,72582
1,72588
0,72589
0,72592
1,72595
0,72603
0,72605
0,72607
0,72611
1,72615
0,72618
0,72619
0,72622
0,72623
0,72625
0,72626
0,72627
0,72632
0,72634
0,72636
0,72637
0,72640
0,72641
0,72645
1,72647
0,72649
0,72650
1,72651
0,72653
1,72654
1,72655
1,72657
0,72661
0,72664
0,72665
1,72666
0,72669
0,72671
1,72672
1,72677
1,72679
1,72684
1,72685
0,72690
0,72693
0,72696
1,72700
0,72703
0,72709
1,72711
1,72716
1,72717
1,72719
0,72720
1,72721
0,72722
0,72728
1,72731
0,72737
1,72740
0,72741
0,72745
0,72746
0,72748
0,72749
0,72750
1,72754
1,72756
1,72762
1,72763
0,72768
0,72777
0,72778
1,72779
0,72783
0,72787
0,72794
1,72795
0,72796
0,72800
0,72803
1,72808
0,72809
0,72810
0,72811
1,72812
1,72814
0,72818
0,72829
0,72830
1,72832
1,72833
0,72835
1,72836
1,72837
1,72838
0,72840
0,72846
0,72847
0,72848
0,72849
0,72850
0,72852
1,72856
1,72858
0,72863
0,72866
0,72885
1,72888
0,72890
0,72893
0,72896
0,72903
0,72904
0,72905
1,72908
0,72909
0,72910
1,72912
0,72914
0,72918
0,72920
1,72922
0,72923
1,72933
1,72934
0,72937
0,72939
1,72940
0,72942
0,72943
0,72945
0,72947
0,72948
1,72949
0,72951
1,72954
0,72956
0,72960
1,72962
1,72965
1,72968
0,72969
1,72971
0,72972
1,72975
0,72976
0,72978
1,72979
1,72981
0,72985
1,72987
0,72989
1,72992
1,72997
0,72998
1,72999
0,73001
1,73002
0,73005
0,73006
1,73007
0,73008
1,73011
1,73020
1,73022
1,73023
1,73024
1,73025
0,73028
0,73035
1,73036
1,73043
0,73045
0,73046
0,73050
1,73051
0,73052
1,73057
1,73059
0,73060
1,73061
1,73064
0,73067
0,73070
0,73071
0,73072
0,73078
1,73079
0,73080
0,73082
1,73085
0,73088
0,73091
0,73093
0,73095
0,73099
0,73101
1,73104
1,73105
0,73106
0,73107
0,73108
1,73109
1,73111
1,73112
0,73116
0,73117
1,73128
1,73129
1,73130
1,73134
1,73135
1,73138
1,73140
0,73142
1,73148
1,73151
1,73156
0,73157
1,73159
1,73164
0,73169
0,73172
0,73178
0,73179
0,73180
0,73181
1,73184
0,73188
1,73193
1,73196
0,73198
1,73200
0,73201
0,73202
0,73204
1,73206
1,73213
0,73216
0,73217
1,73220
1,73221
0,73222
0,73223
0,73227
0,73228
0,73230
1,73231
0,73233
1,73234
0,73238
1,73241
0,73246
1,73247
1,73249
0,73252
0,73253
0,73254
0,73256
1,73264
1,73270
0,73271
0,73272
1,73273
0,73274
0,73277
0,73285
0,73287
0,73293
0,73294
1,73297
0,73299
0,73300
1,73302
1,73308
0,73310
0,73312
1,73313
0,73314
0,73316
1,73317
0,73318
0,73319
1,73320
1,73321
0,73323
0,73324
0,73328
0,73332
1,73336
0,73337
0,73338
0,73340
0,73341
0,73342
0,73346
0,73352
0,73355
0,73356
0,73357
0,73362
1,73363
1,73365
1,73366
1,73371
0,73373
0,73375
1,73382
1,73384
0,73386
1,73391
0,73392
0,73394
0,73395
0,73397
0,73398
0,73399
1,73400
1,73401
1,73402
0,73403
0,73406
0,73407
1,73410
0,73413
1,73419
0,73423
0,73424
1,73425
0,73430
0,73433
0,73434
1,73436
0,73439
0,73442
1,73443
1,73446
0,73448
1,73449
0,73454
0,73456
1,73457
1,73458
0,73460
0,73461
0,73462
0,73463
0,73466
0,73468
1,73471
1,73473
0,73475
1,73487
0,73488
0,73490
0,73494
1,73502
0,73507
1,73509
0,73511
0,73514
0,73517
0,73518
0,73520
0,73522
0,73525
0,73526
0,73528
0,73529
1,73530
0,73537
0,73538
0,73540
1,73545
0,73547
1,73548
1,73550
0,73551
1,73554
1,73559
1,73561
0,73564
0,73567
1,73568
1,73574
1,73575
0,73584
0,73585
0,73590
1,73593
0,73610
0,73612
0,73613
1,73619
0,73620
0,73621
0,73624
0,73625
0,73626
0,73627
1,73628
0,73631
1,73633
1,73634
0,73635
0,73643
0,73646
0,73648
0,73652
0,73654
0,73655
1,73660
0,73664
0,73666
1,73668
1,73673
0,73676
1,73679
1,73680
0,73685
1,73687
1,73688
1,73689
1,73690
0,73701
0,73704
1,73707
0,73710
1,73718
1,73719
0,73721
0,73723
0,73726
1,73729
1,73731
0,73740
0,73744
0,73745
0,73746
0,73747
1,73748
0,73752
0,73753
1,73755
0,73758
0,73759
0,73764
0,73767
1,73773
1,73774
0,73776
0,73784
1,73786
0,73787
0,73793
1,73795
0,73796
0,73797
0,73799
0,73805
1,73812
0,73813
0,73816
0,73817
1,73821
0,73825
0,73826
0,73830
0,73832
0,73833
1,73834
0,73838
0,73839
1,73840
0,73841
0,73842
0,73845
1,73847
0,73849
1,73852
1,73858
0,73860
0,73861
0,73862
0,73866
0,73869
0,73871
0,73878
0,73879
1,73882
1,73883
1,73887
0,73893
1,73897
1,73899
0,73904
1,73905
0,73906
0,73907
0,73908
0,73909
1,73911
1,73916
0,73917
0,73919
1,73926
0,73928
0,73932
0,73937
0,73941
0,73945
0,73948
0,73949
1,73954
1,73956
1,73957
1,73964
1,73966
0,73968
1,73969
0,73971
0,73974
0,73975
1,73981
0,73983
0,73984
0,73985
0,73987
1,73991
0,73993
1,73999
0,74000
0,74003
0,74005
1,74006
0,74007
0,74010
0,74020
1,74021
1,74025
0,74027
1,74028
0,74029
0,74030
0,74032
0,74040
1,74043
1,74047
0,74054
0,74055
0,74057
0,74059
1,74062
0,74066
1,74068
0,74069
0,74071
1,74073
0,74074
1,74078
0,74080
0,74081
0,74087
0,74088
0,74089
0,74094
0,74095
1,74101
1,74106
0,74109
1,74114
0,74115
0,74119
0,74120
0,74124
0,74125
1,74129
0,74130
0,74131
0,74135
1,74139
0,74142
1,74143
1,74146
1,74147
0,74149
1,74150
0,74151
0,74154
0,74155
0,74157
0,74159
0,74162
0,74163
1,74165
0,74166
1,74171
0,74176
0,74177
1,74183
0,74185
0,74188
0,74190
1,74191
0,74192
1,74193
0,74197
0,74198
1,74199
0,74201
1,74202
0,74204
0,74207
0,74210
0,74212
1,74213
0,74214
0,74215
1,74219
0,74221
1,74225
1,74228
1,74230
1,74233
1,74235
1,74237
1,74242
1,74243
0,74247
1,74248
1,74251
0,74252
0,74256
0,74258
0,74259
0,74260
0,74262
1,74263
1,74264
1,74265
0,74272
1,74273
0,74274
0,74278
0,74281
1,74282
0,74285
0,74286
0,74290
0,74291
0,74293
0,74297
0,74298
0,74299
0,74304
0,74305
0,74307
1,74310
0,74312
0,74315
0,74317
0,74318
0,74319
1,74320
1,74324
0,74328
1,74329
0,74330
0,74334
1,74335
1,74344
1,74346
0,74350
1,74353
0,74357
0,74358
1,74360
0,74366
0,74370
1,74373
0,74375
0,74382
1,74387
0,74393
1,74395
0,74397
1,74401
0,74407
0,74408
0,74410
1,74411
0,74412
0,74414
0,74415
1,74417
1,74421
0,74423
1,74426
1,74430
1,74432
0,74434
1,74435
0,74436
0,74437
1,74438
0,74443
0,74445
0,74446
0,74448
0,74449
0,74450
1,74451
0,74452
0,74453
0,74454
1,74457
0,74459
0,74463
1,74470
0,74472
1,74474
0,74475
1,74483
0,74484
0,74488
0,74491
0,74493
1,74497
0,74498
0,74501
1,74502
0,74503
0,74506
1,74507
0,74508
0,74513
0,74515
0,74524
0,74528
0,74529
1,74534
0,74535
0,74540
1,74543
1,74544
1,74545
1,74547
0,74553
1,74556
1,74558
0,74559
1,74560
1,74562
0,74565
1,74573
0,74576
1,74584
0,74588
1,74589
0,74590
0,74592
0,74593
1,74598
1,74602
1,74603
0,74609
0,74611
0,74613
1,74614
0,74618
0,74619
0,74620
1,74624
0,74627
0,74629
0,74630
0,74631
0,74638
1,74639
0,74640
0,74643
0,74644
1,74649
0,74650
1,74654
0,74655
0,74661
1,74664
0,74665
0,74666
0,74669
0,74672
0,74673
0,74677
0,74678
0,74680
1,74686
0,74688
0,74689
1,74690
0,74695
1,74697
0,74707
0,74708
0,74711
0,74716
1,74717
0,74718
0,74720
0,74723
0,74726
1,74727
0,74729
0,74730
1,74732
1,74733
1,74734
0,74740
0,74743
0,74744
0,74746
0,74747
0,74750
0,74752
0,74753
0,74760
0,74763
0,74764
0,74765
0,74766
0,74768
1,74769
0,74770
1,74777
1,74778
0,74780
0,74786
1,74791
0,74793
1,74794
0,74799
0,74807
0,74808
0,74809
0,74814
1,74815
0,74818
1,74821
0,74827
1,74828
1,74831
1,74834
0,74835
0,74838
0,74840
0,74843
1,74846
0,74850
1,74853
1,74856
0,74858
1,74860
0,74862
0,74863
1,74865
0,74866
1,74870
0,74871
0,74872
0,74873
0,74876
0,74877
0,74880
1,74881
0,74882
0,74886
0,74887
1,74890
0,74892
0,74895
1,74896
0,74897
0,74900
0,74904
0,74905
0,74910
0,74915
0,74919
0,74921
1,74926
1,74937
1,74938
0,74940
0,74942
0,74944
0,74945
1,74947
0,74948
0,74950
1,74953
1,74955
0,74957
0,74960
1,74962
0,74964
1,74966
0,74968
0,74969
0,74970
1,74972
0,74973
0,74974
1,74978
0,74981
1,74982
0,74983
0,74985
1,74986
1,74992
0,75000
0,75003
0,75007
0,75009
0,75010
0,75011
0,75013
0,75016
0,75017
0,75018
0,75020
1,75023
1,75024
1,75032
0,75038
0,75040
0,75041
1,75043
0,75048
1,75049
0,75058
0,75060
0,75061
1,75069
0,75070
0,75071
0,75072
1,75073
0,75075
0,75079
0,75082
1,75083
1,75088
0,75090
1,75091
0,75093
1,75094
0,75095
1,75098
0,75099
0,75101
0,75107
0,75110
0,75112
1,75114
0,75118
1,75119
0,75124
0,75127
0,75128
0,75129
0,75131
0,75136
0,75137
0,75139
1,75140
0,75141
1,75142
0,75144
0,75145
0,75146
0,75150
0,75154
0,75156
0,75158
0,75159
1,75163
1,75164
0,75169
0,75170
1,75174
1,75176
1,75177
0,75178
1,75185
1,75187
1,75189
0,75192
0,75194
1,75197
1,75200
0,75202
0,75203
0,75204
1,75205
0,75209
1,75210
0,75214
0,75215
1,75216
0,75217
0,75220
0,75221
1,75223
0,75226
1,75228
0,75232
1,75233
1,75234
1,75235
0,75237
0,75242
0,75246
0,75247
0,75250
0,75254
0,75260
1,75264
1,75266
1,75270
0,75272
0,75275
0,75276
1,75277
0,75279
0,75280
0,75281
0,75286
0,75289
0,75290
0,75293
0,75294
1,75298
0,75300
0,75302
0,75303
0,75304
0,75307
0,75308
0,75310
0,75311
1,75312
0,75313
0,75316
0,75317
1,75322
0,75323
0,75324
0,75326
0,75327
0,75328
0,75333
1,75335
0,75338
0,75339
0,75340
0,75342
1,75344
1,75345
1,75347
1,75348
1,75353
0,75360
0,75361
0,75362
0,75366
1,75368
1,75369
0,75370
1,75371
0,75373
0,75376
1,75378
1,75382
0,75384
0,75387
1,75389
1,75392
0,75394
1,75395
1,75396
1,75397
0,75398
0,75399
0,75404
1,75407
1,75413
1,75415
1,75418
0,75419
0,75421
1,75427
0,75429
0,75430
0,75434
0,75435
0,75437
0,75438
1,75439
0,75441
1,75442
0,75444
1,75445
1,75447
1,75448
0,75449
0,75451
0,75452
0,75453
1,75454
0,75457
0,75458
1,75462
1,75463
0,75464
0,75465
0,75466
1,75468
1,75469
0,75472
0,75474
0,75475
0,75476
0,75477
0,75478
0,75479
1,75488
1,75489
0,75490
0,75496
0,75497
0,75501
1,75502
0,75504
0,75505
1,75508
0,75510
1,75513
0,75514
0,75515
0,75520
1,75521
0,75524
1,75528
0,75529
0,75533
0,75534
1,75537
1,75541
0,75544
0,75547
1,75548
1,75551
0,75554
1,75556
1,75560
0,75562
1,75564
0,75565
0,75572
1,75575
0,75576
0,75579
0,75581
1,75582
0,75583
0,75584
0,75586
1,75590
1,75593
0,75596
0,75600
0,75602
0,75604
0,75606
0,75610
0,75611
1,75612
1,75614
1,75615
1,75616
0,75617
0,75618
1,75623
1,75625
1,75626
1,75627
1,75628
1,75629
0,75631
0,75632
0,75634
0,75638
0,75639
0,75640
0,75641
0,75643
0,75647
0,75648
0,75649
1,75651
0,75657
0,75664
0,75665
0,75667
0,75668
1,75671
1,75672
0,75673
1,75674
0,75676
0,75677
1,75682
1,75683
1,75685
1,75689
0,75693
0,75696
1,75703
1,75704
1,75708
0,75710
0,75713
0,75715
0,75720
0,75722
1,75725
0,75726
0,75727
0,75731
0,75733
0,75734
1,75738
0,75740
1,75746
0,75748
0,75749
0,75750
0,75753
0,75759
1,75762
1,75768
0,75774
0,75775
1,75782
1,75783
0,75784
0,75787
1,75788
0,75794
0,75796
0,75799
0,75802
0,75809
1,75817
0,75820
1,75821
0,75826
0,75828
1,75830
0,75831
0,75834
0,75836
0,75844
0,75845
0,75846
1,75847
0,75849
0,75853
0,75855
0,75857
1,75858
0,75861
0,75863
1,75864
0,75865
0,75868
0,75873
0,75876
0,75877
1,75878
1,75879
0,75883
0,75884
1,75886
0,75889
0,75891
0,75893
1,75897
0,75899
1,75902
1,75903
0,75905
0,75906
0,75908
0,75909
1,75911
0,75913
0,75916
0,75917
1,75921
0,75923
1,75926
0,75933
1,75935
1,75938
0,75939
0,75942
1,75955
0,75956
0,75957
1,75963
0,75964
1,75966
0,75967
1,75968
1,75969
0,75970
0,75972
0,75973
0,75974
1,75976
1,75977
0,75982
0,75984
0,75985
1,75987
1,75988
0,75992
1,75994
0,76000
1,76005
1,76006
0,76010
1,76011
0,76013
0,76018
1,76025
1,76026
1,76028
0,76031
1,76034
0,76036
0,76040
0,76042
0,76043
0,76044
0,76048
0,76049
0,76052
0,76054
0,76055
0,76057
0,76058
0,76061
1,76062
1,76068
0,76070
0,76071
0,76074
1,76075
0,76079
1,76081
1,76082
0,76084
1,76091
0,76092
1,76095
0,76098
0,76100
0,76102
0,76103
0,76107
0,76108
1,76112
1,76114
0,76116
1,76117
1,76120
0,76121
0,76122
1,76124
1,76125
1,76126
0,76127
0,76128
0,76129
1,76131
0,76134
0,76136
0,76138
0,76139
0,76145
1,76148
0,76153
0,76155
1,76156
1,76160
0,76163
0,76164
0,76168
0,76170
0,76172
1,76173
0,76174
0,76176
0,76180
0,76181
1,76182
0,76183
0,76185
0,76187
0,76188
0,76195
0,76199
0,76200
0,76206
0,76213
0,76214
1,76215
0,76218
1,76220
1,76223
0,76226
0,76228
0,76229
0,76236
0,76237
1,76238
0,76242
1,76243
0,76247
0,76250
0,76254
0,76256
0,76262
0,76266
0,76271
0,76272
0,76273
0,76277
1,76279
0,76280
0,76285
0,76286
0,76288
1,76290
0,76292
0,76294
1,76296
0,76298
0,76299
1,76300
1,76305
0,76307
0,76311
0,76314
0,76315
0,76317
1,76320
1,76322
0,76324
0,76325
0,76326
0,76327
0,76329
0,76331
0,76332
0,76335
0,76337
1,76339
0,76340
0,76342
1,76343
1,76344
0,76347
0,76351
1,76352
0,76353
0,76356
1,76358
0,76360
0,76361
0,76363
0,76366
0,76367
0,76369
0,76370
0,76372
1,76374
0,76376
0,76382
0,76383
0,76384
1,76387
0,76388
1,76391
1,76394
0,76395
0,76397
0,76400
0,76402
1,76404
1,76406
1,76410
0,76413
0,76416
1,76419
1,76420
0,76422
0,76423
1,76427
0,76428
0,76432
0,76435
0,76437
0,76438
0,76441
1,76444
0,76446
0,76447
0,76448
1,76451
1,76455
0,76456
0,76458
1,76459
1,76461
0,76462
0,76463
1,76465
0,76466
1,76467
1,76474
1,76475
0,76480
0,76481
0,76482
1,76488
0,76489
0,76491
0,76492
0,76495
1,76497
0,76501
1,76502
0,76503
0,76506
1,76508
0,76510
0,76515
0,76518
1,76520
0,76525
0,76527
0,76529
0,76532
0,76533
0,76537
0,76547
1,76549
0,76552
1,76555
0,76558
0,76559
1,76560
0,76564
1,76565
0,76566
0,76570
1,76571
1,76574
0,76576
0,76582
0,76585
1,76586
1,76588
0,76589
1,76591
1,76592
0,76593
0,76594
1,76606
1,76607
0,76610
1,76611
1,76614
1,76615
0,76617
0,76618
0,76619
1,76622
0,76625
1,76629
1,76630
1,76631
1,76632
0,76633
0,76634
0,76636
1,76637
0,76639
0,76640
0,76641
1,76642
0,76643
0,76646
1,76652
0,76653
1,76654
1,76656
0,76657
1,76659
1,76661
0,76663
1,76672
0,76675
1,76676
1,76678
0,76680
0,76682
0,76684
1,76685
1,76688
0,76694
1,76695
1,76697
0,76703
1,76706
0,76710
0,76713
1,76720
0,76721
0,76723
0,76727
0,76729
1,76732
1,76733
0,76735
0,76742
1,76744
1,76747
1,76751
0,76752
1,76754
0,76758
1,76759
0,76760
0,76762
1,76763
0,76764
0,76768
0,76769
0,76774
0,76776
0,76779
0,76784
0,76786
0,76787
0,76789
0,76790
1,76791
0,76794
0,76796
0,76798
1,76799
1,76801
1,76802
1,76803
0,76806
0,76810
0,76812
0,76814
0,76818
0,76819
0,76821
0,76822
0,76823
0,76826
1,76830
0,76831
1,76832
0,76834
0,76835
1,76837
0,76839
1,76844
0,76849
0,76853
1,76855
0,76859
1,76861
0,76862
0,76865
1,76868
0,76870
1,76873
0,76879
1,76880
0,76887
1,76889
1,76891
0,76893
1,76896
1,76899
1,76906
0,76908
1,76910
1,76911
0,76912
1,76913
0,76916
1,76920
0,76921
0,76926
0,76931
1,76936
0,76937
1,76941
0,76943
0,76944
1,76945
0,76949
1,76950
1,76951
1,76955
1,76956
1,76959
0,76960
0,76964
0,76966
0,76967
0,76968
0,76969
0,76970
0,76971
0,76972
0,76976
1,76977
1,76983
0,76985
0,76989
1,76990
0,76992
0,76996
0,76999
1,77000
0,77005
1,77006
0,77010
0,77011
1,77012
0,77017
1,77018
1,77025
1,77027
0,77035
0,77036
0,77043
0,77046
1,77048
1,77051
0,77055
0,77056
0,77058
1,77060
1,77065
0,77066
0,77067
1,77071
1,77072
0,77075
1,77078
1,77081
1,77083
0,77084
0,77086
1,77087
0,77090
0,77091
0,77094
0,77095
0,77099
0,77101
0,77104
1,77108
0,77111
1,77116
1,77118
0,77121
1,77128
0,77131
0,77133
0,77137
1,77138
0,77139
1,77140
0,77143
1,77145
1,77151
1,77152
1,77156
0,77159
0,77161
1,77164
0,77165
1,77167
1,77169
0,77171
0,77172
0,77173
0,77175
0,77178
0,77179
0,77184
0,77185
0,77188
1,77189
1,77195
0,77197
0,77198
1,77201
0,77202
0,77205
0,77206
1,77207
0,77209
0,77211
1,77218
0,77222
1,77228
0,77229
0,77230
0,77236
0,77239
0,77240
0,77241
0,77242
0,77243
0,77246
0,77254
0,77259
1,77263
1,77266
0,77268
1,77269
0,77275
0,77277
0,77281
0,77286
1,77287
0,77290
1,77292
0,77293
0,77294
0,77296
1,77297
1,77299
1,77300
0,77302
1,77304
1,77308
1,77309
0,77313
1,77318
0,77319
1,77324
1,77325
1,77327
0,77329
0,77330
0,77345
0,77349
1,77351
1,77355
0,77357
1,77358
0,77359
1,77361
1,77364
1,77366
0,77368
1,77370
0,77371
1,77373
1,77378
1,77380
0,77381
0,77382
1,77384
1,77388
0,77393
0,77394
0,77397
1,77399
1,77402
0,77403
0,77405
1,77408
0,77410
0,77411
0,77412
0,77414
1,77418
0,77420
0,77421
0,77423
1,77427
1,77428
0,77433
0,77435
1,77436
1,77438
1,77439
1,77440
0,77450
0,77451
0,77453
0,77455
1,77461
0,77463
0,77465
0,77466
0,77470
0,77472
0,77476
1,77477
0,77482
0,77487
0,77488
1,77489
0,77490
0,77491
1,77492
1,77496
1,77497
1,77498
0,77500
1,77501
1,77503
0,77512
1,77513
0,77514
1,77517
0,77518
1,77519
1,77521
1,77522
0,77524
0,77525
0,77526
1,77527
1,77532
0,77534
0,77536
0,77542
0,77544
0,77546
1,77548
0,77551
1,77553
1,77555
0,77557
0,77558
1,77559
1,77561
1,77562
0,77567
0,77568
0,77570
0,77573
0,77574
1,77576
1,77577
1,77580
1,77581
1,77583
0,77585
0,77587
0,77590
0,77592
1,77594
1,77596
1,77598
0,77602
1,77603
0,77606
1,77608
0,77609
1,77618
0,77619
0,77620
0,77624
0,77628
0,77634
0,77635
0,77638
0,77642
0,77645
1,77647
1,77649
0,77650
0,77654
0,77656
1,77657
1,77659
0,77665
1,77666
1,77667
0,77668
1,77670
1,77671
0,77672
0,77674
1,77678
0,77680
0,77686
0,77687
1,77690
0,77692
1,77695
0,77696
1,77697
0,77699
0,77704
1,77706
1,77708
0,77709
1,77711
0,77713
0,77726
0,77730
1,77734
0,77737
0,77741
1,77743
0,77746
0,77747
0,77750
1,77753
0,77755
0,77758
0,77761
0,77764
0,77768
1,77770
0,77774
0,77776
1,77779
0,77781
1,77786
1,77788
1,77789
1,77790
1,77792
0,77794
1,77795
0,77796
0,77797
0,77801
1,77805
0,77808
1,77811
1,77814
1,77815
1,77816
0,77817
0,77818
0,77820
0,77821
1,77822
1,77828
0,77830
0,77831
1,77838
0,77839
0,77840
0,77845
0,77846
0,77848
0,77849
0,77852
1,77853
0,77862
0,77873
0,77874
0,77877
0,77882
1,77887
0,77889
1,77897
1,77899
0,77901
1,77903
1,77904
0,77905
0,77908
0,77909
1,77915
1,77917
1,77918
0,77920
1,77921
0,77924
0,77925
0,77927
0,77928
0,77930
0,77931
0,77933
0,77936
0,77938
0,77939
1,77941
1,77954
1,77958
1,77959
0,77962
0,77963
1,77964
0,77965
0,77966
0,77978
1,77981
1,77983
0,77985
0,77987
0,77991
0,77992
0,77993
0,77996
0,78000
0,78001
1,78008
0,78010
0,78011
1,78012
1,78017
0,78019
0,78022
0,78023
0,78025
1,78032
0,78034
1,78035
0,78037
0,78040
0,78043
0,78045
0,78048
0,78050
0,78054
0,78057
0,78059
0,78063
0,78064
1,78068
1,78069
0,78074
1,78077
0,78081
1,78082
0,78088
0,78090
1,78091
1,78093
0,78096
0,78097
1,78099
0,78103
0,78105
1,78113
0,78117
1,78119
0,78120
1,78123
1,78125
1,78128
0,78139
0,78142
0,78149
0,78151
1,78152
0,78153
0,78158
0,78159
1,78161
1,78162
0,78165
0,78169
1,78171
1,78180
1,78186
1,78188
0,78190
0,78191
0,78192
0,78196
1,78203
0,78205
0,78207
0,78208
0,78209
1,78215
1,78216
1,78218
1,78220
1,78221
1,78224
1,78229
0,78231
1,78234
0,78236
0,78238
0,78241
0,78242
1,78243
1,78244
0,78245
1,78247
1,78248
1,78249
1,78252
0,78256
0,78258
0,78260
0,78262
0,78264
0,78267
0,78268
0,78270
1,78273
0,78274
1,78276
0,78281
1,78287
0,78291
1,78292
0,78295
0,78296
0,78297
0,78299
1,78300
1,78301
0,78302
0,78303
1,78306
1,78309
1,78317
1,78326
1,78327
1,78328
0,78329
0,78333
1,78335
0,78336
0,78337
1,78338
0,78346
0,78347
0,78348
0,78349
0,78350
1,78352
0,78362
0,78369
0,78372
0,78373
0,78379
0,78380
0,78382
0,78383
1,78384
0,78389
0,78396
1,78397
1,78403
1,78408
0,78409
1,78410
1,78416
0,78421
0,78425
0,78426
0,78428
1,78430
1,78432
0,78434
0,78438
0,78439
0,78440
0,78445
1,78446
0,78449
1,78450
0,78451
0,78452
0,78457
1,78458
0,78462
0,78464
0,78467
0,78468
0,78470
0,78471
0,78474
1,78475
1,78478
0,78485
0,78488
0,78489
0,78492
0,78496
1,78498
0,78500
0,78501
1,78506
0,78507
1,78510
0,78511
1,78513
0,78516
1,78517
0,78518
1,78519
0,78520
1,78522
0,78527
1,78528
0,78532
0,78535
0,78537
0,78538
1,78541
0,78543
0,78544
0,78545
0,78547
1,78553
1,78558
0,78563
0,78564
1,78565
0,78567
1,78569
0,78571
0,78572
1,78576
1,78577
0,78578
1,78582
0,78585
0,78590
0,78594
1,78599
0,78600
1,78602
0,78604
0,78607
0,78608
0,78610
0,78614
0,78616
0,78617
0,78621
0,78626
1,78627
1,78630
0,78631
0,78633
1,78634
0,78635
0,78638
1,78640
1,78642
1,78643
0,78644
0,78646
0,78647
1,78649
0,78650
0,78652
0,78653
1,78655
1,78656
1,78657
1,78661
1,78662
1,78666
1,78667
1,78674
1,78676
0,78677
0,78678
0,78679
1,78683
0,78686
1,78687
0,78688
1,78689
0,78693
0,78695
1,78697
0,78698
0,78703
0,78708
0,78712
1,78716
0,78717
0,78720
0,78726
1,78727
0,78733
0,78741
0,78745
0,78747
0,78748
0,78752
0,78757
1,78758
0,78759
1,78760
0,78761
0,78762
0,78765
0,78766
0,78772
0,78774
1,78775
0,78783
0,78785
0,78797
0,78806
0,78808
0,78809
1,78814
0,78817
0,78831
0,78833
0,78835
0,78836
0,78840
1,78842
1,78844
1,78847
0,78848
1,78851
1,78852
0,78853
1,78858
0,78861
0,78862
0,78870
0,78871
1,78872
0,78874
0,78879
1,78880
1,78881
1,78882
0,78883
1,78886
0,78896
0,78897
0,78899
0,78901
0,78902
0,78912
0,78915
0,78920
0,78921
1,78922
0,78923
0,78924
0,78930
0,78933
0,78934
0,78941
1,78942
0,78945
0,78946
0,78950
0,78951
0,78952
0,78953
0,78955
0,78959
0,78960
0,78961
1,78963
0,78966
0,78967
0,78968
1,78972
1,78974
1,78975
1,78976
0,78981
0,78985
0,78987
0,78990
0,78994
0,78995
0,78997
1,78999
0,79002
0,79003
1,79005
0,79007
0,79011
0,79015
0,79017
0,79019
1,79026
0,79027
0,79030
0,79031
0,79032
1,79033
1,79034
0,79035
1,79036
0,79044
0,79045
0,79047
0,79048
0,79057
0,79058
0,79060
0,79061
1,79062
1,79065
0,79068
0,79071
0,79072
0,79076
0,79084
0,79088
1,79089
1,79091
0,79093
1,79094
1,79095
1,79101
1,79102
0,79103
0,79105
1,79109
1,79112
1,79119
1,79123
0,79124
0,79125
0,79126
0,79129
1,79132
0,79135
0,79138
0,79141
0,79143
0,79144
1,79148
0,79151
0,79154
0,79157
0,79161
1,79162
1,79164
0,79165
1,79166
1,79169
0,79178
0,79189
0,79190
1,79191
0,79192
0,79193
0,79194
0,79195
0,79196
0,79198
1,79201
0,79203
0,79205
0,79210
0,79217
0,79218
1,79221
0,79225
1,79236
0,79240
0,79241
0,79245
0,79246
0,79252
0,79256
0,79263
1,79270
0,79271
1,79272
0,79278
0,79279
1,79281
0,79283
1,79288
0,79291
0,79292
0,79294
0,79296
1,79299
0,79300
0,79301
0,79303
1,79307
0,79310
0,79313
1,79315
0,79316
1,79320
1,79322
0,79326
0,79329
0,79331
1,79335
0,79336
0,79338
0,79341
0,79346
0,79348
0,79349
0,79350
0,79361
0,79362
0,79366
1,79369
1,79372
0,79374
0,79377
0,79379
0,79380
1,79383
0,79385
1,79388
0,79390
1,79392
1,79395
0,79396
0,79397
1,79401
1,79402
0,79409
0,79411
0,79414
1,79421
1,79422
0,79423
1,79426
0,79428
1,79429
1,79432
1,79434
0,79436
1,79437
0,79439
0,79441
0,79442
1,79444
0,79445
0,79449
1,79452
0,79453
0,79454
1,79456
1,79458
1,79459
1,79460
0,79467
0,79469
1,79471
0,79472
1,79473
0,79477
0,79478
0,79480
1,79481
0,79482
0,79484
0,79486
1,79488
0,79491
0,79493
1,79494
0,79495
0,79498
0,79499
0,79502
1,79503
1,79504
1,79509
0,79510
0,79511
0,79512
1,79514
0,79516
0,79518
0,79520
0,79521
1,79526
0,79529
1,79541
0,79546
0,79547
0,79548
0,79551
0,79556
0,79561
0,79562
0,79563
1,79566
0,79567
0,79568
1,79570
0,79572
0,79573
0,79579
1,79580
0,79581
0,79583
0,79586
1,79588
0,79589
1,79593
1,79594
0,79595
0,79597
0,79598
0,79599
1,79600
0,79602
0,79604
0,79605
0,79606
1,79608
0,79610
0,79611
0,79617
0,79621
0,79623
1,79624
0,79627
1,79629
0,79633
0,79634
1,79635
0,79639
0,79641
0,79644
1,79648
1,79649
0,79651
0,79652
0,79653
0,79655
0,79660
0,79663
0,79665
1,79666
0,79670
1,79674
0,79679
0,79683
1,79684
1,79687
0,79688
0,79693
0,79694
0,79697
0,79698
0,79699
1,79700
1,79701
1,79703
1,79704
0,79705
1,79707
0,79711
1,79716
0,79717
1,79722
1,79726
1,79729
1,79731
1,79737
1,79740
0,79742
1,79744
0,79753
0,79755
1,79760
0,79765
0,79768
1,79773
0,79774
1,79775
0,79776
1,79778
0,79779
0,79780
1,79782
1,79786
1,79789
0,79790
1,79792
0,79793
0,79798
0,79799
0,79801
0,79803
0,79804
1,79806
0,79807
0,79808
0,79810
0,79814
0,79815
0,79818
1,79819
0,79820
0,79823
1,79826
1,79829
0,79830
0,79831
0,79833
0,79834
1,79838
0,79841
0,79844
0,79845
1,79847
0,79848
0,79849
0,79850
0,79851
1,79858
1,79859
1,79860
0,79865
0,79866
0,79867
0,79870
0,79873
0,79875
0,79878
0,79885
0,79886
0,79887
0,79888
0,79890
0,79891
0,79892
0,79894
1,79895
1,79901
1,79902
0,79903
0,79905
1,79911
0,79912
1,79921
0,79924
0,79930
1,79933
1,79937
0,79941
1,79943
0,79945
1,79951
0,79953
0,79955
0,79959
1,79961
0,79969
0,79975
0,79976
0,79977
1,79978
0,79980
0,79982
0,79987
1,79988
1,79989
0,79991
1,79993
0,79994
1,79997
0,79998
0,80000
0,80001
1,80005
1,80006
0,80008
1,80010
0,80011
1,80014
0,80015
0,80016
1,80025
1,80028
1,80032
0,80035
0,80036
0,80039
0,80041
0,80043
0,80048
0,80052
0,80056
1,80065
1,80067
0,80069
1,80070
1,80071
0,80073
0,80075
1,80076
1,80078
1,80080
0,80081
0,80084
0,80087
0,80088
0,80090
0,80091
0,80092
0,80094
0,80097
0,80103
0,80107
0,80119
0,80120
0,80125
0,80127
0,80129
1,80130
1,80133
0,80135
0,80136
0,80137
0,80139
1,80142
0,80144
0,80145
1,80146
0,80152
0,80157
0,80160
0,80161
0,80162
1,80163
0,80164
1,80165
0,80166
1,80170
0,80171
0,80173
1,80179
0,80182
0,80187
1,80188
0,80189
0,80193
0,80194
1,80195
0,80202
0,80210
0,80212
0,80213
0,80215
1,80223
0,80225
0,80226
0,80228
1,80229
0,80230
0,80231
1,80236
1,80238
1,80239
0,80242
0,80244
1,80248
0,80250
0,80252
0,80253
1,80255
0,80261
1,80263
0,80264
1,80268
1,80269
0,80277
0,80278
1,80283
1,80286
0,80287
0,80288
0,80292
1,80293
1,80302
0,80303
1,80304
0,80308
0,80309
0,80310
0,80311
0,80315
1,80321
0,80326
1,80334
1,80336
0,80337
1,80338
1,80345
1,80347
0,80350
0,80351
1,80352
0,80360
0,80362
0,80366
0,80368
0,80370
1,80385
0,80386
0,80387
0,80389
0,80390
0,80392
0,80393
0,80394
0,80395
0,80396
0,80403
0,80407
0,80408
0,80410
0,80411
1,80412
0,80414
0,80415
0,80418
0,80422
0,80423
0,80425
0,80431
0,80434
0,80435
0,80436
0,80441
1,80442
0,80447
0,80448
0,80453
0,80454
1,80455
0,80458
0,80459
0,80463
0,80464
0,80465
0,80466
0,80467
0,80468
0,80471
0,80476
0,80477
0,80480
1,80487
0,80488
0,80489
0,80490
1,80492
0,80493
0,80500
0,80503
1,80506
1,80509
0,80510
0,80512
1,80515
0,80519
0,80522
1,80526
0,80528
0,80530
0,80531
0,80532
0,80536
1,80542
0,80543
0,80545
0,80548
1,80560
0,80563
0,80564
1,80566
0,80568
1,80572
0,80574
0,80575
0,80580
0,80584
0,80586
1,80587
0,80588
0,80590
0,80591
1,80594
0,80597
0,80598
1,80599
0,80603
0,80605
0,80607
0,80608
1,80610
0,80615
0,80616
1,80621
1,80625
0,80629
1,80635
0,80637
1,80640
1,80641
1,80647
0,80653
0,80656
1,80657
0,80659
0,80660
1,80662
1,80666
0,80667
0,80668
1,80669
0,80671
0,80672
1,80673
0,80675
0,80677
0,80678
0,80681
0,80683
0,80690
1,80692
0,80693
0,80694
1,80695
0,80696
0,80699
0,80701
0,80702
0,80703
1,80705
1,80706
1,80711
0,80714
1,80715
0,80716
0,80719
0,80720
0,80721
0,80724
0,80727
0,80728
1,80730
1,80732
1,80733
0,80734
0,80737
1,80738
0,80739
0,80741
0,80742
0,80748
1,80750
0,80752
0,80753
0,80755
0,80758
0,80770
0,80772
0,80773
0,80774
1,80776
0,80777
0,80778
0,80781
0,80784
0,80788
1,80791
0,80793
0,80795
0,80801
0,80803
0,80804
1,80805
0,80807
0,80808
0,80813
1,80816
1,80819
1,80831
0,80832
0,80835
0,80836
0,80841
0,80843
1,80848
0,80849
0,80851
0,80852
1,80857
1,80859
1,80865
0,80866
0,80871
0,80873
1,80874
0,80880
1,80881
0,80882
0,80886
0,80889
1,80895
0,80900
0,80901
1,80902
1,80903
0,80907
0,80908
0,80909
0,80911
1,80912
1,80914
1,80916
0,80917
1,80920
0,80923
1,80928
1,80932
1,80935
0,80936
0,80938
0,80941
0,80944
0,80946
1,80947
0,80948
1,80951
1,80952
1,80957
0,80958
0,80962
0,80966
0,80970
0,80971
0,80974
0,80976
0,80977
1,80978
0,80979
0,80980
0,80982
1,80983
1,80985
0,80990
1,80991
0,80996
0,80997
0,80999
0,81000
0,81001
0,81002
0,81003
0,81006
0,81007
1,81009
0,81010
0,81011
0,81012
0,81016
1,81023
1,81031
0,81032
0,81036
0,81039
1,81043
1,81052
0,81054
0,81056
1,81057
0,81058
0,81059
0,81063
0,81068
0,81069
0,81071
1,81072
0,81074
0,81078
0,81083
0,81084
1,81087
0,81091
0,81092
0,81094
0,81095
1,81097
0,81104
0,81105
0,81107
0,81109
0,81112
0,81113
0,81115
0,81116
0,81118
0,81119
1,81120
1,81121
1,81122
0,81127
1,81128
0,81129
0,81131
0,81132
0,81135
0,81138
0,81139
0,81141
1,81144
0,81145
1,81150
0,81152
0,81157
1,81158
0,81161
0,81164
0,81168
0,81170
0,81174
0,81175
1,81177
1,81178
0,81184
0,81186
1,81189
0,81191
1,81194
1,81195
0,81196
0,81201
0,81203
1,81204
0,81208
0,81210
0,81213
0,81216
0,81218
1,81219
0,81222
0,81223
0,81226
1,81228
1,81229
1,81230
0,81231
1,81233
0,81234
1,81237
0,81243
1,81248
0,81253
0,81258
0,81259
0,81261
0,81267
0,81271
0,81276
1,81279
1,81280
0,81283
1,81284
1,81287
1,81291
0,81293
0,81299
0,81300
0,81304
0,81306
0,81307
1,81316
1,81319
0,81321
1,81323
1,81325
0,81328
0,81329
1,81333
0,81336
0,81338
1,81339
1,81341
1,81345
1,81348
0,81350
0,81352
1,81355
0,81357
0,81360
0,81361
0,81366
0,81367
0,81368
0,81371
0,81372
0,81373
1,81375
1,81382
1,81383
0,81385
0,81389
1,81391
1,81393
0,81394
0,81395
0,81396
0,81399
1,81400
0,81402
1,81407
1,81408
1,81415
0,81417
0,81418
0,81419
1,81423
1,81425
0,81427
0,81429
0,81430
0,81431
1,81434
0,81437
0,81439
0,81441
0,81449
0,81450
1,81452
0,81453
1,81454
0,81459
0,81460
0,81465
0,81466
1,81468
1,81469
1,81470
1,81474
1,81475
0,81477
0,81478
1,81479
0,81482
1,81483
0,81484
0,81489
0,81490
0,81493
1,81497
1,81498
0,81499
0,81503
0,81504
0,81505
1,81506
0,81507
0,81508
1,81510
0,81513
0,81516
0,81517
0,81518
0,81519
0,81520
0,81524
1,81525
0,81526
1,81532
1,81536
0,81542
0,81545
0,81546
1,81548
0,81552
1,81555
1,81559
0,81560
1,81565
1,81568
1,81570
0,81571
0,81574
0,81575
1,81578
0,81581
1,81585
0,81586
0,81590
0,81598
0,81601
0,81603
1,81616
0,81622
1,81625
1,81626
0,81628
0,81629
1,81632
0,81633
1,81635
1,81641
0,81643
0,81644
0,81646
0,81654
0,81655
1,81657
0,81658
1,81659
0,81663
0,81664
0,81666
0,81668
0,81673
0,81679
1,81685
0,81690
0,81691
0,81693
0,81694
0,81696
1,81698
0,81700
0,81701
0,81702
1,81705
0,81707
0,81708
0,81709
0,81710
0,81713
0,81714
0,81715
0,81716
0,81718
1,81728
0,81730
0,81736
1,81744
1,81746
0,81748
0,81749
1,81751
0,81755
0,81761
0,81762
0,81768
1,81770
0,81779
0,81781
0,81782
1,81783
0,81786
1,81787
0,81791
1,81793
0,81798
1,81800
0,81807
0,81808
0,81809
0,81810
1,81816
0,81820
0,81824
0,81827
0,81828
0,81829
0,81830
0,81833
0,81836
1,81837
1,81838
1,81842
1,81844
0,81847
0,81848
1,81853
0,81855
0,81858
1,81859
0,81862
0,81864
0,81867
1,81870
0,81872
0,81875
0,81880
1,81882
1,81883
0,81885
1,81891
1,81893
1,81895
0,81902
1,81906
0,81907
0,81910
0,81914
0,81916
0,81917
1,81921
1,81928
0,81932
0,81934
0,81935
0,81937
1,81939
0,81940
0,81941
0,81942
0,81943
0,81947
0,81948
1,81951
0,81952
0,81954
0,81955
0,81957
0,81961
1,81967
0,81969
0,81971
1,81972
1,81973
0,81975
1,81979
0,81983
0,81985
0,81990
0,81996
1,81998
0,82000
0,82001
0,82002
0,82005
0,82006
1,82010
0,82015
0,82017
0,82019
0,82020
1,82022
0,82025
0,82027
1,82028
1,82031
0,82038
1,82042
1,82046
0,82047
0,82049
0,82050
1,82052
0,82054
1,82055
1,82057
1,82061
0,82064
1,82065
0,82072
1,82073
0,82074
0,82081
0,82085
0,82095
1,82096
1,82098
0,82105
0,82107
1,82108
1,82109
1,82110
1,82111
0,82112
1,82113
1,82116
1,82117
0,82130
0,82133
0,82134
1,82138
1,82140
0,82141
1,82142
0,82143
0,82145
1,82146
0,82147
0,82150
0,82151
0,82153
1,82154
0,82155
0,82157
0,82158
0,82162
0,82163
1,82164
0,82165
1,82166
0,82172
0,82174
0,82181
0,82182
1,82184
1,82185
0,82189
0,82191
0,82192
1,82193
0,82194
0,82196
1,82201
1,82204
0,82207
1,82208
0,82210
0,82211
1,82212
0,82213
0,82215
0,82216
0,82221
1,82223
1,82224
0,82226
1,82230
0,82231
1,82232
0,82239
1,82241
0,82244
1,82247
1,82249
0,82254
0,82256
0,82257
0,82260
1,82263
0,82267
1,82268
0,82269
1,82282
0,82286
1,82287
0,82291
1,82296
0,82297
0,82301
1,82305
1,82306
0,82312
0,82313
0,82314
0,82315
0,82316
0,82318
0,82319
0,82321
0,82326
0,82327
1,82328
0,82331
0,82332
0,82337
0,82338
0,82343
0,82348
1,82351
0,82352
0,82356
0,82357
0,82358
0,82360
1,82362
0,82364
0,82366
0,82368
0,82369
0,82370
0,82371
1,82372
1,82373
1,82376
1,82377
0,82378
0,82381
1,82382
0,82384
0,82388
0,82391
0,82392
1,82396
0,82398
0,82400
0,82401
1,82403
0,82404
0,82406
1,82408
0,82410
0,82417
0,82423
1,82426
0,82427
1,82429
1,82437
0,82438
1,82440
0,82441
1,82442
0,82443
0,82445
0,82448
0,82449
1,82451
1,82452
1,82453
0,82458
0,82460
0,82461
0,82463
0,82466
1,82469
0,82472
0,82473
0,82477
0,82478
0,82479
1,82481
0,82483
1,82485
0,82488
0,82496
1,82497
1,82498
1,82499
0,82502
1,82503
0,82504
0,82505
0,82506
1,82508
1,82509
0,82510
0,82512
1,82514
1,82516
0,82527
0,82528
1,82529
0,82536
0,82538
0,82544
0,82547
0,82550
0,82551
0,82552
0,82554
0,82555
0,82558
1,82567
1,82573
0,82574
0,82577
0,82578
0,82581
1,82582
0,82583
0,82586
1,82588
1,82592
1,82594
0,82595
1,82599
0,82600
0,82601
1,82603
0,82607
0,82608
0,82611
0,82612
0,82613
1,82620
0,82623
0,82626
0,82629
0,82634
0,82637
1,82642
0,82643
0,82644
0,82645
0,82646
0,82648
0,82649
0,82650
1,82653
0,82654
0,82658
0,82660
0,82661
0,82662
0,82664
1,82668
0,82669
1,82675
0,82681
0,82685
0,82686
1,82696
0,82697
0,82698
0,82706
1,82707
0,82709
1,82711
0,82714
1,82716
0,82717
0,82718
0,82723
0,82724
1,82725
1,82728
0,82729
0,82730
0,82736
0,82738
0,82741
0,82743
0,82747
0,82749
1,82756
1,82758
0,82763
0,82766
0,82767
0,82770
1,82772
0,82775
1,82777
0,82778
0,82779
1,82780
1,82784
0,82785
0,82787
0,82788
0,82789
0,82791
0,82800
0,82803
0,82806
0,82807
0,82808
0,82811
0,82812
0,82813
1,82814
1,82815
1,82818
1,82820
1,82823
1,82825
0,82827
0,82835
1,82841
1,82844
0,82852
1,82853
0,82854
0,82855
0,82858
1,82859
0,82861
0,82865
0,82867
0,82870
0,82874
0,82875
1,82879
1,82884
0,82885
0,82889
0,82891
1,82892
0,82894
0,82896
0,82900
0,82903
0,82904
0,82905
1,82907
0,82908
0,82912
1,82915
1,82921
1,82922
0,82926
0,82927
0,82928
0,82934
0,82935
0,82938
1,82939
1,82941
0,82943
0,82946
1,82947
0,82948
0,82949
0,82950
0,82951
0,82957
0,82958
1,82961
0,82964
1,82965
0,82966
0,82972
1,82973
0,82975
1,82977
0,82979
1,82989
1,82990
0,82993
1,82994
0,82997
0,82999
0,83000
0,83003
1,83005
0,83007
0,83009
0,83015
1,83018
1,83022
0,83032
0,83033
1,83034
0,83037
0,83052
0,83054
1,83055
0,83056
1,83062
0,83064
0,83067
0,83069
0,83070
0,83071
1,83072
1,83076
1,83088
0,83089
0,83090
0,83093
0,83094
0,83096
0,83097
0,83098
0,83100
0,83102
0,83105
1,83107
0,83110
0,83111
0,83114
0,83117
1,83121
0,83122
1,83123
0,83127
1,83128
1,83139
0,83141
0,83147
1,83148
1,83152
1,83154
0,83155
0,83156
1,83157
1,83160
0,83162
1,83163
1,83168
0,83170
0,83171
0,83175
0,83181
0,83185
1,83186
0,83188
0,83194
0,83195
0,83202
0,83204
1,83206
1,83211
1,83212
0,83214
0,83218
1,83221
0,83224
0,83225
0,83226
1,83228
0,83229
0,83231
0,83233
0,83237
0,83243
0,83245
1,83247
0,83248
1,83249
0,83251
1,83264
1,83267
0,83268
0,83269
1,83271
1,83272
0,83273
0,83276
1,83282
0,83285
0,83287
0,83291
1,83292
0,83300
0,83302
1,83308
1,83311
0,83317
0,83318
0,83319
0,83321
0,83322
0,83326
0,83328
1,83331
0,83333
0,83336
0,83343
1,83346
0,83347
0,83348
1,83349
0,83353
0,83354
0,83355
0,83356
1,83357
0,83358
0,83362
1,83365
1,83367
0,83368
0,83370
1,83374
1,83378
0,83380
0,83381
1,83384
0,83385
0,83386
0,83387
1,83394
1,83395
0,83396
0,83399
0,83401
0,83406
1,83410
1,83420
0,83421
0,83422
0,83423
0,83425
0,83426
0,83427
0,83433
1,83434
0,83441
0,83442
1,83447
0,83449
1,83450
0,83453
0,83458
0,83459
0,83461
0,83462
0,83464
0,83465
0,83467
0,83473
0,83474
0,83476
1,83478
0,83481
1,83482
0,83483
0,83484
0,83487
1,83494
0,83495
1,83497
0,83499
1,83506
0,83509
1,83510
0,83511
1,83512
1,83519
1,83520
1,83521
1,83523
0,83526
0,83531
0,83532
0,83533
0,83534
0,83537
1,83538
0,83539
0,83541
1,83543
0,83545
0,83547
1,83548
1,83550
1,83551
0,83557
1,83560
0,83564
0,83567
0,83568
1,83569
1,83574
1,83575
0,83578
0,83579
1,83582
1,83585
1,83590
0,83591
0,83594
0,83600
0,83602
0,83604
0,83609
0,83610
0,83612
0,83613
0,83614
1,83616
1,83620
0,83623
0,83628
0,83633
1,83635
0,83636
0,83637
0,83638
0,83642
0,83643
0,83644
0,83645
1,83646
0,83647
1,83649
0,83652
1,83660
1,83662
1,83663
0,83666
0,83673
0,83674
0,83675
0,83678
0,83679
0,83680
1,83683
0,83684
0,83685
1,83686
1,83687
0,83688
0,83690
0,83692
0,83694
0,83695
0,83699
0,83703
1,83706
1,83708
0,83709
0,83711
1,83716
1,83717
0,83721
0,83722
1,83723
0,83725
0,83726
0,83730
0,83731
1,83735
1,83738
0,83739
0,83740
1,83741
0,83743
0,83744
0,83747
0,83749
1,83750
0,83753
0,83754
0,83755
0,83757
0,83758
0,83759
1,83760
1,83762
1,83763
0,83767
0,83768
0,83769
0,83770
1,83773
0,83774
0,83775
0,83778
0,83779
0,83787
1,83788
1,83789
0,83792
0,83795
1,83798
0,83800
0,83805
0,83806
0,83808
1,83809
0,83811
0,83814
1,83815
0,83817
0,83821
1,83822
1,83824
0,83829
0,83831
1,83834
1,83840
0,83841
0,83842
0,83851
0,83852
0,83854
1,83855
0,83858
0,83859
0,83865
0,83866
0,83867
0,83868
0,83869
0,83872
0,83873
0,83876
1,83878
0,83881
0,83883
1,83886
0,83888
0,83889
0,83890
0,83891
0,83893
0,83894
0,83896
0,83899
0,83904
0,83910
0,83912
0,83914
0,83919
0,83920
0,83921
0,83923
1,83929
1,83930
0,83932
0,83938
0,83942
0,83943
0,83947
0,83949
0,83952
0,83953
1,83954
1,83958
0,83959
0,83960
0,83961
0,83963
0,83964
0,83965
0,83966
0,83967
0,83972
0,83974
0,83975
0,83976
0,83978
0,83985
0,83986
1,83987
0,83989
0,83992
0,83995
0,83999
0,84000
0,84003
0,84005
0,84006
0,84007
0,84009
0,84010
1,84015
0,84018
0,84024
1,84025
0,84026
1,84027
1,84031
1,84032
1,84033
0,84034
1,84036
0,84037
0,84041
1,84043
0,84045
1,84060
0,84062
1,84066
0,84067
0,84068
0,84074
0,84076
1,84077
0,84081
1,84083
0,84088
0,84089
0,84090
0,84091
0,84099
1,84101
1,84103
0,84105
0,84106
0,84109
0,84110
1,84112
1,84115
1,84122
0,84126
0,84128
1,84136
0,84138
1,84140
0,84142
0,84143
1,84146
1,84150
0,84161
0,84164
0,84168
0,84169
1,84172
1,84173
0,84174
1,84175
0,84182
0,84185
1,84189
1,84191
1,84193
0,84195
0,84200
1,84201
0,84203
1,84205
0,84206
0,84210
0,84211
0,84213
1,84215
0,84216
0,84218
0,84221
0,84222
1,84224
0,84225
0,84227
0,84229
0,84231
0,84235
0,84237
1,84239
1,84241
1,84246
1,84248
1,84250
1,84252
1,84253
0,84254
0,84255
0,84257
0,84258
0,84260
0,84261
0,84262
0,84264
0,84267
1,84272
1,84273
0,84275
1,84276
0,84277
1,84282
0,84293
0,84294
1,84302
0,84304
1,84310
0,84312
1,84316
1,84320
0,84324
0,84325
0,84327
0,84334
0,84335
0,84337
0,84338
0,84339
0,84342
0,84344
1,84345
1,84347
1,84349
0,84350
1,84353
0,84354
0,84355
1,84357
0,84358
0,84360
0,84361
0,84363
0,84364
0,84366
1,84370
0,84374
1,84376
0,84377
0,84379
0,84382
0,84385
1,84388
0,84390
0,84392
1,84393
1,84395
0,84396
1,84401
0,84403
0,84406
0,84408
0,84410
0,84414
0,84418
0,84420
0,84421
1,84424
0,84426
1,84427
0,84428
0,84429
0,84432
1,84433
0,84440
1,84441
0,84443
0,84446
0,84449
0,84451
1,84452
1,84453
0,84454
0,84457
1,84463
0,84467
1,84468
1,84470
0,84472
1,84473
0,84476
0,84481
0,84484
0,84485
1,84486
1,84489
0,84491
1,84495
0,84498
1,84502
0,84503
1,84504
0,84509
1,84511
1,84512
1,84514
0,84516
0,84517
1,84518
0,84520
0,84521
0,84523
1,84528
0,84532
0,84543
1,84544
1,84546
1,84550
1,84551
0,84552
0,84553
1,84561
0,84570
0,84571
1,84573
1,84575
0,84576
1,84577
1,84579
0,84580
0,84584
0,84586
0,84588
1,84589
0,84590
1,84593
0,84594
0,84595
1,84596
0,84597
1,84598
1,84601
1,84605
0,84606
0,84607
0,84609
0,84610
1,84612
1,84613
0,84614
0,84615
0,84616
0,84619
1,84623
1,84626
0,84629
0,84630
1,84631
0,84632
0,84635
0,84637
0,84638
1,84645
0,84647
1,84648
0,84649
1,84650
0,84652
1,84655
1,84661
0,84664
0,84665
0,84666
0,84667
0,84670
1,84672
0,84673
0,84676
0,84677
1,84681
0,84687
0,84693
1,84694
0,84695
1,84697
1,84699
1,84701
1,84702
0,84704
0,84705
1,84706
0,84708
0,84710
0,84713
1,84714
0,84715
0,84716
1,84717
0,84720
0,84722
0,84724
0,84726
0,84729
0,84735
0,84740
0,84742
1,84743
0,84745
0,84749
1,84751
1,84752
0,84756
0,84757
0,84758
0,84761
0,84766
1,84774
1,84775
0,84779
1,84780
0,84783
0,84784
0,84786
0,84787
0,84788
1,84796
1,84798
1,84800
0,84801
1,84802
1,84803
0,84805
0,84806
0,84810
0,84811
0,84812
0,84814
1,84815
1,84816
1,84820
0,84826
1,84829
1,84830
0,84831
1,84834
0,84835
0,84837
1,84838
1,84841
1,84845
1,84847
0,84849
0,84850
0,84852
1,84854
0,84858
0,84865
0,84866
0,84867
1,84868
1,84873
0,84875
1,84876
0,84883
0,84884
1,84886
0,84887
1,84888
0,84890
0,84891
0,84894
0,84895
1,84896
1,84900
1,84901
0,84904
0,84907
0,84910
0,84916
0,84920
0,84923
1,84924
1,84928
0,84929
0,84930
0,84931
0,84932
0,84934
0,84936
1,84937
0,84938
0,84941
0,84948
0,84951
0,84956
1,84959
0,84960
1,84961
0,84964
0,84966
0,84971
1,84975
0,84976
1,84981
0,84982
0,84983
0,84985
0,84986
0,84987
1,84989
0,84990
1,84991
1,84999
1,85002
0,85004
1,85005
0,85006
0,85008
1,85010
1,85013
0,85014
1,85016
1,85017
1,85020
1,85025
0,85027
1,85029
1,85030
1,85032
0,85034
0,85035
1,85036
0,85040
1,85042
1,85043
0,85044
0,85047
1,85053
1,85055
0,85058
0,85059
0,85071
0,85074
0,85077
1,85078
0,85079
1,85084
1,85087
1,85093
1,85094
0,85096
0,85098
0,85101
1,85102
1,85104
0,85105
0,85106
1,85109
1,85110
0,85112
1,85117
0,85118
0,85122
1,85123
0,85124
0,85133
0,85137
1,85139
0,85140
0,85141
1,85142
0,85143
1,85144
1,85145
0,85146
1,85147
0,85150
1,85153
1,85156
1,85157
1,85158
0,85161
0,85168
1,85172
0,85173
0,85174
1,85176
1,85178
1,85179
0,85180
0,85182
1,85183
0,85185
0,85188
1,85190
0,85192
1,85195
0,85197
0,85198
1,85199
1,85201
0,85206
0,85209
0,85214
0,85218
0,85221
0,85222
0,85224
1,85227
1,85229
0,85233
1,85235
1,85244
0,85245
0,85246
0,85247
1,85249
1,85252
0,85255
0,85256
1,85258
0,85261
1,85264
1,85266
1,85268
1,85269
1,85274
0,85275
0,85277
0,85278
0,85279
1,85281
1,85283
0,85287
0,85290
1,85293
0,85301
0,85302
1,85305
0,85306
0,85311
1,85312
1,85313
0,85317
0,85318
0,85329
0,85330
0,85331
0,85335
0,85337
0,85339
0,85343
0,85346
0,85350
0,85353
0,85358
0,85361
0,85363
1,85364
1,85366
1,85367
0,85369
1,85371
0,85374
0,85375
0,85376
1,85378
0,85379
1,85381
0,85383
0,85385
0,85386
0,85387
1,85389
0,85394
0,85397
1,85399
0,85400
0,85402
0,85404
0,85406
0,85407
1,85408
1,85412
1,85413
0,85419
1,85424
0,85425
0,85426
0,85427
0,85434
1,85444
0,85445
1,85446
1,85447
0,85449
1,85451
0,85455
1,85456
0,85459
1,85461
0,85467
1,85473
0,85474
0,85477
0,85483
0,85488
1,85489
1,85500
0,85501
1,85505
0,85506
1,85511
1,85518
0,85525
0,85528
0,85532
0,85535
1,85538
1,85539
0,85541
0,85543
1,85546
1,85552
1,85553
0,85554
0,85555
0,85557
0,85559
0,85560
0,85562
0,85564
0,85568
0,85569
0,85571
0,85574
1,85575
0,85578
1,85579
1,85585
1,85589
0,85590
0,85593
0,85594
0,85597
0,85602
0,85608
0,85610
1,85611
0,85613
1,85616
0,85627
0,85629
0,85630
0,85634
0,85638
1,85640
1,85641
1,85642
0,85643
1,85646
1,85647
0,85648
0,85650
0,85652
1,85654
0,85656
0,85658
0,85659
0,85660
1,85666
1,85668
0,85679
0,85683
1,85688
1,85690
1,85697
1,85698
0,85699
0,85703
0,85704
0,85709
1,85714
0,85715
0,85716
0,85717
0,85726
1,85730
1,85732
0,85736
0,85737
1,85739
1,85741
0,85746
0,85747
1,85749
0,85753
0,85754
0,85757
0,85761
1,85762
0,85763
1,85764
0,85769
1,85771
0,85772
0,85774
1,85779
0,85781
1,85782
1,85784
0,85786
0,85790
1,85791
0,85794
1,85795
0,85799
0,85801
0,85802
0,85807
0,85812
1,85813
1,85815
1,85816
1,85817
1,85821
0,85822
1,85828
0,85831
0,85834
0,85835
0,85836
0,85837
0,85843
0,85844
0,85845
1,85850
1,85852
0,85856
0,85857
1,85858
0,85859
0,85865
0,85866
0,85867
0,85868
0,85870
0,85873
0,85877
1,85879
0,85888
0,85890
1,85893
0,85897
0,85899
0,85900
1,85902
1,85905
0,85907
0,85910
0,85913
0,85915
1,85918
1,85921
0,85924
1,85930
0,85931
1,85937
0,85938
0,85939
0,85941
1,85944
1,85945
0,85948
0,85950
1,85951
0,85953
0,85954
1,85958
1,85961
1,85965
0,85970
0,85971
0,85973
0,85975
0,85977
1,85978
0,85979
0,85980
0,85981
1,85982
0,85983
0,85988
0,85989
0,85991
1,85992
1,85993
1,85995
1,86000
0,86001
0,86003
1,86004
1,86005
0,86007
0,86008
0,86009
1,86010
0,86012
1,86016
1,86018
0,86020
1,86024
0,86026
0,86030
0,86031
1,86032
0,86033
0,86034
0,86037
1,86046
1,86047
1,86050
0,86053
0,86056
0,86057
1,86059
0,86060
1,86065
0,86069
0,86072
1,86073
0,86077
0,86078
1,86079
1,86086
0,86088
0,86090
1,86093
0,86099
0,86101
0,86102
1,86106
1,86110
0,86113
1,86120
0,86121
0,86122
0,86123
1,86124
0,86126
0,86127
0,86133
0,86135
0,86137
0,86138
0,86140
0,86141
0,86144
0,86145
1,86148
0,86151
1,86152
1,86153
1,86156
0,86158
0,86159
0,86160
0,86162
0,86164
1,86170
0,86172
0,86173
0,86178
0,86182
0,86183
0,86186
1,86188
1,86191
1,86192
0,86193
1,86197
0,86198
1,86199
1,86200
0,86201
1,86207
1,86209
1,86212
1,86213
0,86218
1,86221
0,86222
1,86223
0,86225
1,86229
0,86230
0,86232
0,86234
0,86237
0,86239
0,86243
0,86245
0,86248
1,86254
0,86258
1,86259
1,86260
1,86261
0,86263
0,86267
0,86269
0,86270
0,86275
1,86276
0,86277
0,86279
1,86282
1,86289
0,86290
1,86293
0,86294
0,86299
0,86303
0,86304
0,86309
0,86310
0,86311
0,86312
0,86314
1,86315
0,86316
1,86318
0,86319
0,86321
0,86322
0,86323
0,86324
1,86326
1,86327
0,86331
0,86332
1,86333
0,86334
0,86335
0,86336
0,86344
1,86345
1,86350
1,86352
0,86358
0,86362
0,86367
0,86368
0,86370
0,86375
0,86377
0,86381
1,86382
1,86383
0,86391
1,86392
0,86394
1,86395
0,86398
1,86399
0,86400
1,86406
0,86407
0,86408
0,86409
0,86412
1,86413
1,86414
1,86415
1,86419
0,86421
0,86422
0,86424
0,86428
0,86429
0,86430
0,86434
1,86437
0,86440
1,86444
1,86446
0,86447
1,86451
0,86453
0,86456
1,86460
0,86461
1,86462
0,86463
1,86467
1,86472
0,86475
0,86479
0,86480
1,86481
0,86485
0,86487
0,86488
0,86494
0,86498
1,86501
1,86504
0,86506
1,86508
0,86511
0,86518
0,86522
0,86524
0,86525
0,86529
1,86530
1,86531
0,86532
0,86533
1,86535
0,86540
1,86542
0,86543
1,86548
0,86550
0,86552
0,86553
0,86555
0,86558
0,86559
0,86566
0,86568
0,86569
0,86570
0,86572
0,86574
0,86577
1,86579
1,86580
1,86581
1,86584
0,86585
0,86589
1,86590
0,86595
1,86596
1,86601
0,86604
0,86605
1,86612
1,86617
1,86619
1,86624
0,86628
0,86630
0,86631
0,86634
0,86638
0,86639
1,86640
0,86641
1,86647
0,86648
0,86656
1,86657
0,86661
1,86662
1,86663
0,86668
0,86670
1,86671
0,86673
0,86675
1,86677
0,86681
0,86682
0,86683
1,86684
1,86685
0,86686
0,86688
1,86689
0,86690
0,86692
0,86693
0,86695
0,86701
0,86704
0,86706
0,86707
0,86708
1,86714
0,86717
0,86719
0,86728
1,86730
0,86731
0,86732
0,86734
1,86735
1,86737
0,86738
0,86739
0,86740
1,86741
0,86742
0,86743
0,86749
0,86753
0,86754
0,86756
0,86758
0,86761
0,86762
0,86764
0,86766
0,86768
0,86773
1,86774
0,86776
0,86777
1,86779
1,86783
0,86784
0,86787
0,86788
1,86790
0,86791
1,86793
0,86794
0,86795
1,86797
0,86801
0,86802
0,86804
0,86807
1,86809
1,86811
0,86813
0,86815
0,86819
0,86821
0,86823
1,86825
0,86826
0,86829
0,86831
0,86837
1,86840
1,86842
0,86851
0,86853
0,86858
1,86861
0,86867
0,86868
1,86869
1,86871
1,86872
1,86874
0,86877
1,86883
0,86884
0,86886
0,86890
0,86893
1,86899
1,86900
0,86905
0,86906
1,86908
0,86909
1,86910
0,86913
1,86915
0,86918
0,86920
1,86923
1,86926
0,86929
0,86933
0,86935
1,86936
0,86937
1,86942
1,86943
0,86946
0,86950
1,86954
1,86955
0,86959
1,86963
0,86966
1,86968
0,86969
0,86974
0,86977
1,86981
1,86983
0,86984
1,86987
0,86991
1,86992
0,86993
1,86996
0,86998
0,87002
0,87005
0,87008
0,87009
1,87011
0,87013
0,87015
0,87016
0,87020
0,87021
0,87024
0,87026
0,87028
0,87029
0,87033
0,87037
1,87038
1,87042
1,87043
1,87045
0,87051
0,87052
1,87056
0,87057
1,87061
0,87064
0,87065
0,87066
0,87068
0,87071
0,87072
0,87073
1,87075
1,87076
0,87078
1,87080
0,87081
0,87087
0,87091
0,87092
0,87093
0,87097
1,87098
0,87102
1,87110
0,87114
0,87117
0,87121
1,87128
0,87129
0,87132
0,87133
1,87134
0,87136
1,87139
0,87146
1,87147
0,87149
0,87150
0,87151
0,87154
1,87158
0,87160
0,87164
0,87165
0,87166
1,87167
1,87168
0,87170
0,87176
0,87178
1,87179
0,87180
0,87183
0,87187
0,87188
1,87189
0,87191
0,87192
1,87193
1,87195
0,87199
0,87200
1,87203
1,87204
1,87205
0,87207
0,87211
1,87216
1,87217
0,87219
1,87221
0,87222
0,87223
1,87225
1,87230
0,87233
1,87235
1,87236
0,87239
0,87242
0,87243
0,87245
0,87249
1,87251
1,87254
0,87256
0,87258
0,87269
1,87270
1,87273
1,87275
0,87278
0,87280
0,87285
0,87286
1,87288
1,87295
0,87296
0,87298
1,87300
0,87304
0,87317
0,87318
0,87320
0,87321
0,87323
0,87326
0,87327
0,87328
1,87330
0,87331
1,87333
0,87334
0,87335
1,87339
0,87340
0,87341
1,87342
1,87351
0,87352
0,87353
0,87354
0,87357
0,87359
0,87364
1,87367
0,87369
0,87370
0,87380
0,87381
1,87384
0,87386
1,87387
0,87389
0,87391
0,87392
0,87394
0,87395
1,87396
0,87397
1,87399
0,87400
1,87403
0,87411
0,87412
0,87415
0,87416
0,87417
0,87420
0,87422
0,87430
0,87437
1,87438
1,87439
1,87443
1,87448
0,87449
0,87450
1,87453
0,87455
0,87457
0,87458
0,87459
0,87463
0,87464
1,87467
1,87468
0,87471
0,87475
0,87476
1,87477
0,87482
1,87483
1,87484
0,87485
0,87489
0,87491
0,87493
0,87496
0,87497
1,87498
0,87500
0,87504
0,87505
0,87506
1,87507
0,87508
1,87510
0,87511
0,87514
1,87517
0,87522
0,87524
0,87526
0,87528
0,87530
1,87534
1,87535
0,87536
0,87539
1,87542
1,87543
0,87544
0,87545
0,87548
0,87551
0,87552
1,87559
0,87560
0,87561
0,87562
0,87563
0,87570
0,87572
1,87573
1,87577
1,87582
0,87586
1,87587
0,87588
1,87591
0,87597
0,87599
0,87600
0,87607
1,87608
0,87611
0,87615
0,87616
0,87621
1,87629
0,87634
0,87636
0,87637
0,87644
0,87645
0,87651
0,87653
0,87654
0,87655
1,87657
0,87659
1,87663
0,87664
1,87666
0,87668
0,87670
0,87675
0,87677
1,87679
0,87680
1,87682
1,87685
0,87690
0,87691
1,87694
1,87696
0,87699
1,87700
0,87702
0,87706
0,87708
0,87716
0,87717
1,87720
0,87722
1,87723
0,87724
0,87730
1,87732
0,87738
0,87742
1,87743
0,87745
0,87746
1,87749
0,87750
0,87751
1,87757
0,87763
0,87764
0,87765
0,87773
0,87776
0,87779
1,87782
0,87788
0,87794
0,87795
1,87796
0,87797
0,87799
0,87800
0,87801
0,87802
1,87804
0,87805
0,87806
0,87809
0,87810
0,87816
1,87817
0,87818
0,87820
0,87821
1,87822
0,87824
1,87825
0,87826
1,87827
0,87829
1,87832
0,87834
1,87836
0,87844
0,87845
1,87846
0,87847
1,87849
0,87856
0,87859
0,87860
0,87862
0,87864
1,87870
1,87871
0,87877
0,87883
1,87886
0,87887
0,87892
0,87893
0,87894
0,87895
0,87898
1,87899
0,87900
0,87901
0,87902
0,87903
0,87906
0,87907
0,87911
1,87912
1,87922
0,87924
0,87925
0,87929
0,87931
0,87932
0,87937
1,87943
0,87947
0,87950
1,87954
0,87956
0,87963
0,87965
0,87966
1,87972
0,87974
0,87975
0,87977
1,87981
1,87983
1,87985
0,87986
0,87988
0,87992
1,87996
0,87997
0,88001
0,88002
0,88007
0,88010
1,88011
0,88012
1,88014
0,88015
0,88019
0,88020
1,88021
1,88022
1,88023
0,88025
0,88026
0,88027
0,88032
1,88035
0,88036
0,88037
1,88038
0,88043
0,88045
0,88046
0,88049
0,88052
0,88053
0,88054
0,88055
0,88056
0,88059
1,88061
1,88063
1,88064
1,88067
0,88069
0,88072
0,88077
0,88080
0,88084
0,88087
0,88088
0,88090
1,88091
0,88095
0,88096
1,88104
1,88106
0,88110
0,88112
0,88116
1,88118
0,88127
0,88134
0,88136
1,88145
1,88146
0,88147
1,88148
0,88150
0,88153
0,88154
1,88157
0,88158
0,88159
1,88162
0,88170
1,88173
1,88175
0,88176
0,88181
1,88183
1,88184
1,88186
0,88189
0,88191
1,88193
1,88194
1,88195
0,88197
0,88198
0,88202
1,88206
0,88208
0,88215
0,88216
0,88224
0,88228
0,88231
0,88232
0,88233
0,88238
0,88240
0,88241
0,88243
0,88246
1,88249
0,88253
0,88254
0,88255
1,88261
0,88262
1,88264
0,88267
0,88268
0,88269
1,88271
0,88274
0,88275
0,88276
1,88281
1,88282
1,88283
0,88290
0,88293
0,88295
0,88299
0,88300
0,88301
0,88305
0,88308
0,88309
0,88311
0,88313
1,88315
0,88316
1,88320
0,88321
1,88324
1,88325
1,88329
1,88330
1,88331
1,88333
1,88334
0,88337
1,88339
0,88343
1,88345
1,88346
0,88347
1,88349
0,88351
1,88354
1,88364
0,88365
0,88366
0,88370
0,88371
1,88372
0,88376
0,88377
0,88379
0,88385
1,88386
0,88387
0,88389
0,88394
0,88395
0,88399
1,88402
0,88403
0,88407
0,88409
0,88411
0,88412
1,88416
1,88418
0,88422
0,88423
1,88429
1,88432
0,88434
0,88435
1,88436
1,88439
0,88440
0,88442
1,88445
0,88447
1,88448
0,88451
1,88452
0,88453
0,88460
1,88461
0,88462
0,88464
0,88465
0,88467
1,88468
0,88469
1,88470
1,88472
0,88473
0,88474
1,88476
1,88480
0,88483
0,88485
0,88486
1,88488
0,88490
0,88493
0,88495
0,88496
0,88497
0,88498
1,88500
1,88502
0,88503
1,88513
1,88516
0,88517
1,88518
0,88523
1,88526
0,88527
0,88529
1,88531
1,88532
0,88533
0,88535
0,88539
0,88543
0,88548
0,88549
1,88551
0,88553
1,88557
1,88562
0,88563
0,88564
1,88570
1,88572
0,88578
0,88579
0,88580
0,88581
0,88587
0,88588
1,88591
0,88593
1,88594
1,88597
0,88603
0,88605
1,88609
0,88613
0,88616
1,88619
1,88620
0,88621
0,88623
0,88625
0,88627
0,88628
0,88629
1,88630
0,88631
1,88633
1,88634
0,88635
0,88636
0,88638
0,88639
0,88640
0,88644
0,88647
1,88652
1,88653
0,88660
0,88661
1,88664
0,88666
0,88669
1,88670
1,88673
0,88679
0,88681
0,88684
0,88687
0,88692
1,88695
0,88696
0,88701
0,88702
0,88703
0,88707
0,88708
0,88709
0,88710
1,88711
1,88722
0,88723
1,88730
0,88732
1,88733
0,88739
0,88743
1,88745
1,88746
0,88747
0,88751
1,88753
0,88754
0,88755
0,88762
1,88763
0,88764
1,88765
0,88768
0,88771
1,88775
0,88777
1,88783
0,88788
0,88790
0,88793
0,88797
0,88799
1,88800
0,88801
0,88805
0,88812
0,88814
0,88816
0,88820
0,88821
1,88823
1,88824
1,88825
0,88826
0,88831
1,88832
1,88833
1,88834
1,88836
0,88838
1,88839
0,88842
1,88845
0,88847
1,88848
1,88850
1,88851
0,88855
1,88856
1,88857
0,88858
1,88862
0,88864
0,88866
0,88867
0,88870
0,88871
1,88874
0,88875
1,88876
1,88879
1,88883
0,88886
1,88889
0,88890
0,88892
1,88893
0,88895
0,88899
1,88902
0,88904
0,88909
1,88912
0,88913
1,88917
1,88918
1,88919
0,88920
0,88924
0,88926
0,88933
0,88934
0,88935
0,88937
0,88941
0,88943
1,88944
0,88946
0,88948
0,88952
0,88954
1,88956
1,88965
1,88967
0,88968
0,88969
0,88970
1,88971
0,88975
0,88980
0,88983
1,88985
0,88988
1,88992
0,88993
0,88994
0,88998
1,89004
0,89005
0,89007
0,89010
0,89011
0,89013
1,89014
0,89016
1,89017
0,89018
0,89022
0,89025
0,89029
0,89030
0,89032
0,89035
0,89037
1,89040
1,89041
1,89048
1,89049
1,89051
1,89057
0,89059
0,89060
1,89069
1,89070
1,89072
0,89077
0,89078
0,89079
0,89081
1,89084
0,89090
0,89091
1,89094
0,89096
0,89097
1,89100
0,89101
0,89102
0,89103
0,89105
1,89106
1,89107
0,89114
0,89115
0,89116
0,89117
1,89118
0,89120
1,89126
0,89130
1,89133
1,89135
0,89137
1,89139
0,89141
0,89143
0,89144
0,89147
0,89148
0,89153
0,89154
1,89155
1,89156
1,89157
0,89164
0,89165
0,89168
0,89170
0,89171
0,89172
0,89174
0,89176
0,89177
0,89178
0,89181
0,89185
0,89188
0,89189
0,89193
1,89196
0,89197
1,89200
0,89201
0,89202
1,89204
0,89205
0,89208
0,89211
0,89213
1,89217
1,89218
0,89221
1,89225
1,89228
0,89239
0,89244
0,89247
1,89252
0,89254
1,89260
0,89262
0,89263
0,89264
0,89268
0,89271
0,89272
0,89273
1,89275
0,89277
0,89278
0,89279
0,89281
0,89284
1,89286
0,89287
0,89288
0,89292
1,89294
0,89297
0,89298
0,89300
0,89303
1,89304
0,89307
1,89308
0,89310
0,89315
0,89321
0,89322
0,89324
0,89326
0,89333
0,89336
1,89337
1,89338
0,89340
0,89342
0,89346
0,89348
1,89352
0,89355
0,89356
0,89357
0,89359
1,89360
0,89363
0,89364
0,89378
0,89385
0,89386
0,89388
0,89389
1,89391
0,89392
0,89393
0,89397
0,89399
0,89401
0,89402
1,89406
0,89413
0,89415
0,89416
0,89418
1,89420
1,89423
1,89424
0,89427
0,89428
0,89432
0,89433
0,89436
0,89442
0,89443
0,89445
1,89446
0,89447
1,89449
0,89450
0,89451
1,89453
0,89456
1,89457
0,89460
0,89462
0,89464
0,89465
1,89467
0,89472
1,89474
1,89484
0,89485
1,89488
0,89489
0,89490
0,89491
1,89494
0,89497
0,89498
1,89504
0,89505
0,89506
0,89509
0,89510
1,89512
0,89515
0,89518
0,89520
0,89525
1,89526
1,89528
0,89540
0,89542
0,89546
1,89548
0,89550
0,89551
1,89564
0,89569
0,89573
0,89574
1,89576
0,89577
1,89581
1,89583
1,89587
0,89590
0,89593
0,89594
1,89595
0,89596
0,89598
0,89599
1,89603
0,89604
1,89605
0,89608
1,89610
1,89611
0,89616
1,89619
0,89621
0,89624
0,89625
0,89627
0,89629
0,89631
1,89635
1,89636
0,89637
0,89639
0,89640
0,89641
0,89642
1,89646
0,89648
1,89649
1,89650
0,89651
1,89652
1,89653
0,89655
0,89661
0,89662
1,89663
0,89665
1,89666
0,89671
1,89677
0,89681
0,89682
0,89684
0,89690
0,89691
1,89693
1,89694
0,89697
0,89698
1,89701
0,89704
1,89707
0,89710
1,89711
0,89712
0,89716
1,89719
0,89722
0,89726
1,89727
0,89730
0,89733
0,89734
0,89736
0,89738
0,89739
1,89740
0,89741
0,89744
0,89745
0,89748
0,89749
1,89755
1,89758
0,89762
0,89764
0,89765
1,89766
1,89767
0,89769
0,89770
0,89771
0,89775
1,89782
1,89785
0,89786
0,89790
1,89792
0,89793
0,89797
0,89800
0,89802
1,89809
1,89810
0,89814
0,89818
1,89819
1,89820
0,89829
0,89831
1,89832
0,89834
0,89835
0,89836
0,89838
0,89841
1,89842
0,89846
0,89849
0,89856
0,89858
0,89859
1,89861
0,89862
0,89864
0,89866
1,89867
0,89869
0,89878
0,89884
1,89886
0,89887
0,89890
1,89895
0,89906
0,89907
0,89908
0,89909
0,89914
0,89915
0,89916
0,89919
0,89920
0,89921
0,89922
0,89923
0,89924
0,89926
0,89930
0,89938
1,89940
1,89942
0,89944
0,89945
0,89946
0,89947
1,89948
1,89950
1,89952
0,89953
1,89955
0,89958
0,89959
0,89960
0,89962
1,89964
1,89966
0,89967
1,89972
0,89980
0,89985
0,89988
0,89990
1,89993
0,89995
0,89997
0,89998
0,90000
0,90001
1,90006
0,90007
0,90008
1,90010
0,90013
0,90016
1,90017
1,90018
0,90019
0,90027
1,90029
0,90032
0,90034
0,90036
1,90037
0,90039
0,90044
0,90048
0,90055
1,90058
0,90063
0,90065
0,90066
1,90068
1,90073
0,90078
1,90080
1,90081
0,90085
0,90086
1,90088
0,90089
1,90090
0,90091
1,90092
0,90093
0,90097
0,90099
0,90101
1,90102
0,90104
0,90108
1,90109
0,90116
1,90117
0,90118
0,90120
0,90121
0,90123
0,90131
1,90137
0,90141
1,90142
0,90145
0,90147
0,90150
0,90151
1,90152
0,90154
1,90158
0,90159
0,90160
0,90163
0,90166
0,90167
1,90168
1,90169
0,90172
0,90173
0,90174
0,90176
1,90180
0,90181
1,90184
1,90185
0,90187
1,90188
1,90189
0,90191
0,90192
0,90193
0,90194
0,90199
0,90201
1,90203
0,90204
0,90208
0,90210
0,90211
0,90213
0,90214
0,90218
0,90219
0,90220
0,90222
0,90224
1,90225
0,90229
0,90231
0,90232
1,90233
0,90235
0,90237
0,90241
1,90244
0,90245
1,90246
0,90248
1,90251
1,90253
0,90256
1,90261
0,90265
1,90267
0,90268
0,90273
0,90275
1,90282
0,90284
0,90285
1,90286
1,90287
0,90288
0,90289
1,90290
0,90299
1,90300
0,90302
0,90303
1,90307
1,90308
0,90309
0,90318
0,90319
1,90320
1,90326
1,90331
0,90332
0,90333
0,90335
0,90338
0,90340
1,90343
0,90344
0,90345
0,90353
1,90356
0,90357
1,90359
0,90360
1,90362
0,90363
0,90365
1,90367
1,90370
0,90372
0,90379
1,90384
0,90389
0,90392
0,90393
1,90396
1,90398
1,90403
0,90404
1,90410
1,90412
1,90413
0,90416
0,90419
1,90421
1,90422
1,90423
0,90426
1,90428
0,90431
0,90432
0,90436
1,90438
1,90441
1,90444
0,90449
0,90450
1,90452
0,90454
0,90458
0,90461
1,90463
1,90464
0,90465
0,90466
0,90467
0,90471
0,90472
0,90473
0,90475
0,90476
0,90477
0,90478
0,90482
0,90485
1,90486
1,90487
0,90488
0,90493
1,90496
0,90497
0,90502
0,90503
1,90505
0,90510
0,90511
1,90512
0,90513
0,90523
1,90525
0,90526
0,90527
0,90528
1,90530
0,90532
0,90535
0,90540
0,90541
0,90542
0,90545
1,90546
0,90547
1,90550
0,90553
1,90556
0,90557
0,90562
0,90564
0,90565
1,90567
0,90569
1,90571
0,90572
0,90573
0,90574
1,90575
0,90581
1,90583
1,90586
1,90587
0,90588
0,90591
0,90592
0,90594
0,90597
1,90598
0,90599
0,90600
0,90604
0,90605
0,90606
0,90611
1,90617
0,90620
0,90624
1,90625
0,90626
1,90628
1,90630
1,90631
1,90638
0,90639
0,90645
1,90647
1,90648
0,90653
0,90656
1,90662
0,90664
0,90665
0,90666
1,90667
0,90669
0,90671
1,90672
1,90675
1,90676
0,90678
0,90681
0,90682
1,90684
0,90685
1,90686
0,90687
0,90688
0,90689
1,90690
1,90693
1,90697
0,90698
1,90702
1,90703
0,90707
1,90708
0,90716
0,90718
1,90728
0,90729
0,90730
0,90731
1,90733
0,90734
0,90737
1,90738
1,90742
0,90747
0,90749
0,90750
0,90751
1,90752
0,90753
0,90754
1,90763
1,90764
1,90766
0,90767
0,90771
0,90773
1,90774
1,90777
1,90778
1,90782
1,90786
0,90787
0,90788
0,90790
0,90791
0,90795
0,90796
1,90797
0,90798
0,90802
0,90803
1,90804
0,90806
0,90809
1,90818
1,90825
1,90827
0,90829
1,90830
0,90831
1,90832
0,90833
0,90836
0,90842
0,90843
1,90844
0,90846
0,90852
1,90854
0,90857
0,90858
1,90860
0,90863
0,90869
0,90871
0,90874
0,90875
0,90877
1,90878
1,90882
1,90884
1,90886
0,90887
0,90890
0,90892
0,90893
0,90899
1,90900
1,90903
0,90904
1,90906
0,90909
1,90910
0,90912
0,90913
0,90915
1,90917
1,90918
1,90919
1,90924
1,90925
1,90926
0,90927
0,90929
0,90933
1,90934
0,90935
0,90939
0,90942
0,90944
0,90951
0,90953
0,90957
0,90959
0,90961
1,90962
0,90965
1,90967
0,90971
0,90972
0,90973
0,90976
0,90983
0,90984
0,90987
0,90988
0,90992
0,90994
1,90995
1,90997
1,90998
1,90999
1,91000
1,91001
1,91002
1,91003
1,91004
0,91007
1,91010
0,91011
1,91014
1,91016
0,91019
1,91026
0,91032
0,91037
0,91039
0,91040
1,91045
0,91047
0,91048
0,91049
0,91052
0,91055
1,91059
0,91064
0,91065
0,91066
1,91069
1,91070
1,91072
1,91074
0,91075
0,91076
0,91078
1,91080
0,91084
1,91086
0,91087
0,91088
0,91089
1,91096
0,91101
0,91103
1,91106
0,91109
0,91110
0,91112
0,91114
1,91120
0,91126
0,91130
0,91131
1,91133
0,91139
0,91142
0,91144
1,91145
0,91146
0,91148
1,91149
0,91151
1,91155
0,91158
1,91162
0,91164
0,91167
0,91168
1,91171
1,91173
1,91175
0,91180
0,91181
0,91182
0,91185
0,91188
0,91190
0,91193
1,91196
0,91198
1,91201
1,91203
0,91208
1,91209
0,91212
0,91213
0,91214
1,91219
0,91229
1,91233
0,91239
1,91243
1,91246
0,91247
0,91250
0,91253
0,91258
0,91259
0,91262
0,91264
0,91267
1,91270
0,91272
0,91273
1,91275
1,91279
0,91281
0,91283
0,91284
0,91287
0,91288
1,91292
0,91298
0,91299
0,91300
0,91304
1,91306
0,91307
1,91308
0,91309
0,91311
1,91314
1,91315
1,91321
1,91323
0,91324
0,91325
0,91329
1,91334
0,91335
1,91338
0,91339
0,91340
0,91342
0,91345
0,91347
0,91350
1,91351
0,91352
1,91355
0,91356
1,91358
1,91362
0,91366
1,91367
0,91368
0,91369
1,91373
0,91375
0,91378
1,91385
0,91387
0,91391
0,91392
0,91393
0,91394
1,91395
1,91396
0,91397
0,91398
0,91400
0,91401
0,91402
0,91404
0,91405
0,91406
0,91408
1,91409
0,91410
1,91414
0,91415
1,91420
0,91421
1,91424
0,91426
0,91429
0,91430
0,91431
0,91433
1,91435
1,91436
0,91441
0,91442
0,91445
1,91451
0,91456
1,91458
0,91459
0,91460
1,91467
1,91469
1,91471
0,91479
1,91484
1,91485
1,91486
0,91487
1,91489
0,91492
0,91496
0,91497
0,91503
1,91508
1,91509
0,91513
1,91517
0,91523
1,91525
0,91526
1,91527
0,91530
0,91531
0,91536
1,91537
1,91541
0,91550
1,91551
0,91557
0,91558
1,91566
0,91567
0,91571
0,91572
0,91574
0,91575
0,91582
0,91584
0,91587
0,91591
0,91593
0,91599
0,91600
0,91607
0,91610
0,91615
0,91617
0,91621
0,91624
1,91627
0,91631
0,91632
0,91636
0,91637
0,91640
0,91642
1,91648
0,91650
0,91651
1,91656
1,91660
0,91665
1,91667
0,91668
0,91673
0,91674
0,91681
0,91683
0,91686
1,91688
1,91690
0,91693
0,91694
1,91695
0,91697
1,91698
0,91699
0,91702
0,91704
0,91705
1,91706
1,91707
0,91708
0,91709
1,91714
0,91715
1,91723
1,91725
1,91726
0,91731
1,91732
0,91733
0,91734
0,91738
0,91739
0,91741
0,91743
0,91747
0,91749
0,91751
1,91753
0,91760
1,91762
0,91765
1,91766
1,91769
0,91773
0,91775
0,91776
1,91777
0,91778
0,91779
0,91780
0,91782
1,91783
0,91784
1,91786
1,91795
0,91796
0,91798
0,91799
0,91802
0,91807
0,91809
0,91810
0,91811
0,91812
1,91823
0,91824
0,91826
1,91828
0,91829
1,91831
1,91834
1,91837
1,91841
0,91842
0,91843
0,91844
1,91846
1,91848
1,91849
1,91850
1,91852
0,91855
0,91861
1,91864
1,91866
0,91872
1,91873
0,91878
1,91881
0,91884
1,91886
0,91891
0,91894
0,91896
0,91897
1,91899
0,91900
0,91901
1,91903
0,91904
0,91906
1,91907
1,91908
1,91911
0,91912
1,91917
0,91921
1,91922
1,91930
0,91932
0,91935
0,91937
0,91938
0,91939
0,91941
0,91942
1,91945
1,91947
0,91948
1,91950
0,91951
0,91953
1,91955
0,91957
0,91958
1,91960
1,91965
0,91967
1,91968
1,91970
0,91971
1,91972
0,91974
1,91975
0,91980
0,91982
1,91984
0,91985
0,91988
0,91990
0,91992
0,91993
0,91994
1,91995
0,91998
1,92005
0,92012
0,92013
1,92014
0,92015
0,92020
0,92023
0,92024
0,92027
1,92028
0,92029
1,92033
0,92034
0,92035
0,92037
1,92039
1,92042
0,92048
0,92054
0,92055
1,92057
0,92061
1,92062
0,92063
1,92066
0,92067
0,92077
1,92078
1,92080
0,92085
0,92086
1,92092
0,92093
0,92095
1,92099
0,92103
0,92106
0,92107
0,92108
0,92110
0,92113
0,92117
0,92121
0,92129
0,92131
0,92132
0,92134
1,92135
1,92139
1,92140
1,92142
1,92146
1,92147
0,92153
1,92156
0,92157
0,92161
0,92163
0,92164
0,92166
0,92168
0,92169
1,92170
0,92180
1,92185
0,92187
1,92189
0,92191
0,92193
1,92196
0,92198
1,92199
0,92200
0,92201
0,92202
0,92203
0,92205
0,92207
0,92215
0,92221
0,92226
0,92228
1,92235
0,92236
0,92237
0,92238
0,92243
0,92244
0,92249
0,92251
0,92255
1,92256
1,92258
1,92260
0,92263
1,92266
0,92272
0,92274
1,92276
0,92277
0,92285
0,92287
1,92292
1,92293
0,92294
1,92295
0,92296
1,92298
0,92299
0,92300
0,92301
1,92303
0,92304
1,92305
0,92306
0,92308
1,92310
0,92314
1,92316
0,92317
0,92318
0,92324
0,92328
0,92330
0,92333
0,92334
0,92335
1,92338
0,92340
1,92341
1,92343
1,92345
1,92349
1,92352
0,92356
0,92357
0,92364
0,92365
0,92367
0,92369
0,92371
0,92372
0,92373
0,92380
0,92381
1,92389
0,92390
0,92392
1,92397
1,92398
0,92399
0,92401
0,92404
1,92405
0,92407
0,92412
0,92413
0,92415
1,92417
0,92422
0,92423
0,92428
0,92436
0,92440
0,92442
0,92443
0,92444
0,92446
0,92448
0,92451
0,92454
0,92455
0,92456
0,92459
1,92461
1,92463
0,92470
0,92472
0,92475
0,92477
1,92479
0,92482
0,92483
0,92485
0,92486
0,92489
0,92491
1,92494
0,92496
0,92499
0,92503
1,92508
0,92509
1,92513
0,92514
1,92518
0,92519
0,92522
1,92527
0,92528
1,92529
0,92531
0,92533
0,92534
0,92536
0,92541
0,92542
0,92543
0,92544
0,92549
1,92552
0,92554
0,92556
1,92559
0,92560
1,92563
0,92564
1,92565
0,92566
1,92568
1,92569
0,92571
1,92573
1,92574
1,92578
0,92585
1,92586
0,92590
1,92592
1,92594
1,92596
0,92598
1,92599
0,92600
1,92603
0,92605
0,92606
0,92609
0,92611
1,92612
0,92614
1,92616
1,92617
0,92620
0,92623
0,92624
0,92625
0,92627
1,92629
0,92630
0,92634
0,92635
1,92636
0,92639
1,92641
1,92642
0,92646
1,92649
1,92655
0,92656
0,92659
0,92661
0,92664
0,92665
1,92666
0,92672
1,92673
1,92676
0,92677
1,92680
0,92681
0,92682
0,92683
0,92685
0,92688
0,92689
1,92690
0,92693
0,92694
0,92696
0,92698
1,92699
1,92700
0,92701
0,92706
0,92707
0,92713
0,92715
0,92722
1,92724
1,92728
0,92734
1,92735
0,92736
1,92738
0,92742
0,92745
0,92746
0,92749
1,92758
0,92759
1,92764
0,92766
0,92769
1,92770
0,92771
1,92776
0,92780
0,92785
1,92790
0,92793
0,92794
0,92795
0,92796
0,92797
1,92802
0,92805
0,92806
0,92807
1,92812
0,92816
0,92818
0,92819
1,92820
0,92821
1,92822
1,92826
0,92827
0,92830
0,92832
1,92833
0,92835
1,92837
0,92838
0,92843
1,92845
0,92850
0,92851
0,92854
0,92855
0,92860
0,92861
1,92864
0,92869
0,92870
0,92872
1,92878
0,92881
0,92885
1,92886
0,92888
0,92895
1,92896
0,92899
1,92901
0,92903
0,92907
0,92911
1,92912
0,92913
1,92914
1,92920
0,92922
0,92923
1,92924
0,92927
0,92928
0,92929
0,92930
1,92931
0,92932
0,92933
0,92935
1,92937
0,92938
0,92939
0,92945
0,92946
1,92954
1,92956
0,92958
0,92961
1,92963
0,92966
0,92970
1,92973
0,92977
0,92978
0,92979
0,92984
0,92989
0,92991
0,92994
1,92996
1,93002
0,93003
0,93004
0,93008
1,93018
0,93019
1,93023
0,93026
1,93029
1,93030
0,93032
0,93033
0,93034
0,93035
0,93036
1,93039
0,93041
0,93044
0,93046
0,93048
0,93049
1,93057
0,93059
1,93063
1,93065
0,93066
0,93070
0,93071
0,93075
0,93077
0,93078
0,93081
0,93085
1,93087
0,93088
0,93093
0,93095
1,93097
0,93098
1,93101
0,93103
0,93104
0,93106
1,93111
1,93112
1,93113
1,93114
0,93115
1,93117
0,93121
0,93123
0,93124
1,93129
0,93133
0,93134
1,93135
0,93139
1,93140
0,93143
0,93144
0,93146
0,93147
0,93148
0,93152
0,93153
0,93154
0,93158
0,93162
1,93164
0,93165
0,93168
0,93171
0,93173
0,93178
0,93179
0,93181
0,93182
0,93184
0,93187
0,93191
0,93195
0,93197
1,93202
1,93207
1,93208
0,93210
1,93216
0,93217
0,93218
1,93221
0,93224
1,93225
0,93227
0,93228
0,93233
1,93234
0,93237
0,93239
0,93240
1,93241
0,93245
0,93248
0,93250
0,93253
1,93261
0,93269
0,93270
0,93271
0,93274
0,93276
0,93278
0,93282
0,93285
0,93292
0,93293
1,93294
1,93297
0,93299
1,93300
0,93308
1,93309
0,93312
0,93313
0,93316
0,93319
0,93320
1,93324
0,93327
0,93332
0,93333
1,93336
1,93337
0,93338
1,93340
0,93346
0,93352
1,93353
0,93355
1,93357
1,93359
1,93362
1,93368
0,93372
0,93373
0,93374
0,93376
0,93379
1,93385
0,93395
1,93397
1,93398
0,93399
0,93403
1,93406
0,93407
1,93413
1,93417
1,93418
0,93421
1,93422
1,93425
0,93429
1,93431
0,93432
0,93433
1,93434
1,93435
0,93440
1,93442
0,93445
0,93451
0,93452
1,93455
0,93462
0,93463
0,93466
0,93467
0,93468
1,93469
1,93471
0,93480
1,93481
0,93482
1,93484
1,93485
0,93486
0,93488
0,93489
0,93490
0,93492
0,93494
0,93495
0,93496
0,93497
0,93500
0,93501
0,93502
1,93503
0,93505
0,93506
0,93508
0,93509
0,93511
1,93512
1,93523
1,93527
0,93529
0,93530
0,93531
1,93532
0,93535
1,93537
1,93545
0,93549
0,93556
0,93560
0,93561
0,93562
1,93564
0,93565
0,93566
0,93570
0,93574
0,93576
0,93578
1,93579
1,93580
0,93582
0,93584
0,93585
0,93586
0,93587
1,93592
0,93593
1,93594
1,93598
0,93599
0,93606
1,93607
0,93608
1,93609
1,93610
0,93611
0,93615
0,93616
1,93617
0,93618
0,93619
1,93620
0,93622
0,93625
0,93627
1,93628
1,93629
0,93630
0,93631
0,93633
0,93640
0,93641
0,93645
0,93646
0,93647
0,93648
0,93650
1,93651
1,93652
0,93660
0,93662
0,93663
1,93666
0,93668
0,93670
0,93671
0,93672
0,93674
0,93675
0,93676
1,93677
0,93679
1,93681
0,93682
0,93683
0,93686
0,93687
0,93688
0,93690
0,93692
1,93693
1,93694
0,93697
0,93700
0,93701
1,93702
0,93706
0,93707
0,93709
0,93710
0,93715
1,93719
0,93721
0,93724
1,93725
0,93728
0,93729
0,93735
0,93738
0,93740
0,93745
0,93746
0,93754
0,93756
0,93760
1,93769
0,93773
0,93776
0,93777
0,93778
0,93779
0,93780
1,93782
1,93783
1,93787
0,93793
0,93794
0,93799
0,93802
0,93803
0,93806
0,93807
1,93810
0,93812
1,93813
1,93814
0,93821
0,93823
0,93824
0,93827
1,93829
1,93831
1,93834
1,93836
0,93840
0,93842
0,93844
0,93853
0,93856
1,93857
0,93858
0,93860
0,93861
0,93862
0,93863
1,93865
0,93866
0,93870
1,93881
1,93882
1,93887
1,93889
0,93891
1,93900
0,93904
0,93905
0,93911
0,93913
0,93914
1,93918
1,93919
0,93921
0,93924
0,93925
0,93928
1,93929
0,93931
1,93934
0,93935
0,93938
0,93940
0,93942
0,93943
1,93949
0,93950
0,93955
0,93957
0,93958
0,93962
0,93969
1,93971
0,93977
0,93978
0,93980
1,93982
0,93985
0,93986
1,93988
1,93989
0,93994
0,93996
0,93997
0,93998
1,94000
0,94001
0,94002
0,94004
0,94005
0,94007
1,94009
1,94010
0,94012
0,94013
1,94017
0,94020
1,94021
0,94023
1,94024
0,94026
0,94027
1,94031
0,94033
1,94034
0,94035
0,94036
0,94045
0,94046
0,94047
0,94050
0,94052
1,94055
0,94058
0,94060
0,94061
0,94064
0,94065
0,94066
1,94067
1,94068
0,94069
0,94078
1,94082
0,94091
0,94094
1,94095
0,94096
0,94097
0,94102
0,94104
0,94106
0,94109
0,94110
0,94114
0,94116
0,94117
1,94120
0,94122
1,94123
1,94128
0,94131
0,94132
0,94133
0,94135
0,94145
0,94147
0,94148
0,94150
0,94153
0,94157
0,94159
0,94160
0,94162
0,94163
0,94165
0,94168
1,94169
1,94171
0,94173
0,94174
0,94175
1,94176
0,94177
0,94182
0,94185
1,94189
1,94192
0,94193
0,94199
1,94200
1,94205
0,94206
1,94207
0,94208
1,94210
0,94211
0,94215
0,94216
0,94217
1,94220
1,94225
0,94226
0,94227
0,94228
1,94229
0,94230
0,94231
1,94232
1,94235
0,94240
0,94241
0,94242
0,94243
0,94244
1,94246
0,94247
0,94248
0,94252
0,94253
1,94257
1,94258
0,94261
0,94263
0,94264
0,94265
1,94267
1,94268
0,94285
0,94286
0,94287
0,94288
0,94289
0,94292
1,94294
0,94295
0,94296
0,94297
0,94298
1,94299
0,94303
0,94323
1,94324
1,94326
1,94328
0,94329
0,94331
0,94332
0,94334
0,94335
0,94341
0,94347
0,94348
0,94350
0,94351
0,94355
0,94357
0,94366
0,94375
0,94378
0,94379
0,94381
0,94382
1,94383
1,94385
1,94386
0,94389
0,94390
0,94392
0,94403
0,94406
1,94407
0,94409
0,94410
1,94411
1,94412
0,94417
0,94419
1,94420
0,94425
0,94430
0,94434
0,94435
0,94437
0,94441
0,94442
1,94445
1,94446
0,94447
0,94450
0,94451
0,94453
0,94456
1,94458
0,94459
0,94460
0,94463
0,94466
1,94470
1,94472
0,94479
0,94480
1,94484
0,94487
1,94488
1,94489
0,94493
0,94499
0,94501
0,94502
1,94504
0,94508
0,94510
0,94511
0,94517
1,94521
0,94529
0,94535
0,94541
1,94543
0,94544
1,94546
0,94548
0,94550
0,94552
1,94553
0,94556
0,94559
0,94560
1,94562
1,94563
0,94564
0,94566
0,94571
0,94575
1,94584
0,94585
0,94587
0,94588
1,94594
0,94595
0,94596
0,94599
1,94600
0,94601
0,94602
0,94604
0,94605
1,94609
1,94613
1,94614
1,94615
0,94619
1,94620
0,94621
0,94623
0,94626
0,94628
0,94631
1,94635
0,94636
0,94638
0,94642
0,94644
0,94645
0,94647
0,94649
1,94655
0,94657
0,94664
0,94665
0,94666
0,94670
1,94671
0,94672
0,94674
0,94677
0,94681
0,94682
0,94683
0,94686
0,94691
0,94692
0,94693
0,94699
1,94700
0,94703
0,94705
0,94706
0,94707
0,94708
0,94712
1,94716
1,94719
0,94720
0,94721
0,94724
0,94725
1,94726
1,94728
0,94729
0,94730
0,94733
0,94735
1,94736
1,94739
1,94741
0,94744
0,94745
0,94751
0,94753
0,94757
0,94758
0,94768
0,94773
0,94774
0,94775
0,94777
0,94778
0,94780
0,94782
0,94789
0,94790
0,94792
0,94794
0,94801
0,94802
0,94805
0,94811
1,94815
0,94821
0,94823
1,94826
1,94827
0,94830
1,94831
0,94832
1,94833
0,94836
0,94842
1,94843
0,94844
1,94845
0,94846
1,94847
0,94853
0,94854
0,94855
0,94856
0,94863
0,94866
1,94868
0,94869
1,94871
0,94872
0,94876
0,94880
0,94891
0,94892
1,94893
0,94894
0,94896
1,94898
1,94900
0,94901
0,94905
1,94906
0,94908
0,94909
0,94914
0,94916
1,94917
0,94918
0,94920
1,94921
1,94923
0,94927
0,94929
1,94930
0,94931
1,94932
0,94935
1,94937
0,94941
0,94942
0,94944
0,94949
0,94950
0,94951
0,94958
1,94963
0,94965
1,94967
1,94968
0,94969
1,94971
1,94975
0,94976
1,94978
0,94980
0,94982
1,94983
0,94986
1,94988
0,94989
0,94990
1,94992
0,94993
0,94994
0,94996
1,94998
0,95000
1,95001
1,95002
0,95003
1,95011
0,95012
0,95016
0,95019
0,95020
0,95021
0,95023
0,95024
1,95027
0,95031
0,95033
0,95034
1,95040
1,95043
1,95046
1,95047
0,95048
0,95049
1,95050
0,95051
0,95052
0,95053
0,95055
0,95058
0,95063
1,95064
0,95068
1,95069
1,95071
0,95073
1,95074
1,95076
1,95077
0,95078
0,95081
0,95082
0,95083
0,95084
1,95090
0,95092
1,95098
0,95111
0,95115
0,95120
0,95122
1,95123
1,95124
0,95128
0,95129
0,95130
0,95133
1,95136
0,95137
0,95141
0,95143
0,95145
1,95146
1,95151
0,95153
0,95157
0,95161
1,95162
0,95169
1,95171
0,95173
1,95174
1,95176
0,95177
1,95180
0,95182
1,95184
0,95187
1,95188
1,95189
1,95191
1,95193
0,95194
1,95196
0,95200
1,95201
1,95202
1,95208
1,95211
1,95212
1,95217
1,95219
0,95220
1,95221
0,95223
0,95224
0,95226
0,95229
1,95237
0,95238
1,95240
0,95243
0,95246
0,95249
0,95251
0,95253
0,95254
0,95255
0,95256
0,95259
1,95261
0,95262
0,95267
0,95268
1,95272
1,95274
0,95281
0,95283
0,95284
1,95287
1,95289
1,95290
0,95291
0,95292
0,95293
0,95298
1,95302
0,95308
0,95309
0,95313
0,95315
0,95316
0,95318
0,95320
0,95326
1,95327
0,95336
0,95338
1,95339
1,95340
0,95341
0,95342
0,95343
0,95345
0,95349
0,95351
1,95352
0,95357
0,95359
1,95360
0,95361
1,95362
0,95364
0,95366
1,95368
0,95369
0,95376
1,95380
0,95384
0,95386
0,95388
1,95389
1,95392
0,95395
0,95398
0,95400
0,95401
0,95404
0,95405
1,95406
0,95409
1,95413
0,95415
1,95416
1,95420
0,95421
1,95422
1,95424
0,95428
0,95429
0,95430
0,95433
0,95435
0,95436
0,95438
0,95441
0,95442
0,95444
1,95446
1,95451
1,95453
0,95456
0,95458
0,95460
1,95463
0,95466
1,95468
0,95469
1,95470
1,95471
0,95474
0,95475
1,95476
0,95477
0,95478
0,95479
0,95480
0,95482
0,95483
0,95485
0,95486
1,95487
0,95490
0,95492
1,95496
0,95498
1,95499
0,95500
0,95501
1,95503
0,95507
0,95509
0,95511
0,95515
0,95517
0,95522
0,95523
0,95525
0,95526
0,95530
0,95534
1,95543
1,95544
0,95546
0,95549
1,95550
0,95552
0,95553
1,95554
0,95556
0,95558
0,95559
1,95560
1,95562
0,95563
0,95564
1,95566
1,95570
1,95576
0,95577
0,95579
1,95589
1,95590
0,95591
0,95592
1,95598
0,95602
0,95603
1,95605
1,95609
0,95610
1,95611
1,95612
0,95613
0,95615
0,95621
0,95622
0,95641
0,95649
1,95650
1,95651
0,95654
0,95658
0,95660
0,95662
0,95664
1,95665
1,95674
0,95675
0,95677
0,95679
1,95682
1,95685
0,95686
0,95689
0,95690
0,95691
1,95692
1,95693
0,95696
1,95697
0,95698
0,95699
1,95702
1,95704
0,95706
1,95707
1,95711
0,95713
0,95716
0,95718
0,95719
0,95721
0,95725
0,95727
1,95728
1,95729
1,95731
0,95732
0,95733
0,95738
1,95747
0,95749
0,95751
0,95754
1,95755
0,95757
0,95758
1,95759
0,95761
0,95762
0,95763
1,95766
0,95768
0,95769
1,95779
1,95782
0,95784
1,95785
1,95789
0,95793
1,95794
1,95795
0,95798
0,95799
1,95800
0,95804
0,95805
1,95806
1,95808
0,95809
1,95811
1,95816
0,95818
1,95822
0,95823
0,95825
0,95827
0,95829
0,95834
1,95835
1,95838
0,95841
0,95842
0,95844
1,95845
0,95847
1,95849
1,95851
0,95852
0,95853
1,95856
0,95859
1,95860
0,95862
0,95868
0,95874
0,95875
0,95877
1,95878
0,95880
0,95882
0,95883
0,95885
0,95886
0,95890
1,95892
0,95894
0,95899
0,95901
0,95903
0,95908
0,95909
1,95911
1,95912
1,95917
0,95921
0,95924
0,95930
0,95931
0,95933
0,95934
0,95935
0,95937
0,95944
0,95946
0,95947
0,95948
0,95954
1,95955
0,95960
1,95961
1,95963
1,95965
0,95967
0,95968
0,95970
0,95971
0,95976
0,95978
0,95980
1,95983
1,95984
0,95985
1,95986
0,95995
0,95998
0,95999
0,96007
0,96008
1,96009
1,96014
0,96016
0,96019
0,96024
0,96025
1,96026
1,96032
1,96034
0,96035
0,96037
0,96039
0,96044
0,96045
0,96046
1,96051
0,96054
1,96056
1,96063
0,96064
1,96066
0,96067
0,96068
0,96071
0,96075
0,96079
0,96082
1,96083
0,96089
1,96094
1,96096
0,96097
1,96103
0,96104
0,96105
1,96106
0,96110
0,96113
0,96121
1,96124
0,96130
0,96139
1,96140
0,96142
0,96143
0,96144
1,96145
0,96147
1,96150
1,96151
1,96153
0,96155
0,96156
0,96159
0,96161
1,96165
0,96170
1,96171
0,96173
1,96174
0,96182
0,96183
0,96186
1,96187
0,96190
0,96198
1,96199
0,96200
0,96203
1,96207
0,96213
1,96214
0,96215
0,96224
1,96225
0,96226
1,96231
1,96238
0,96243
1,96244
0,96245
1,96246
0,96248
0,96250
0,96254
0,96255
0,96258
0,96259
0,96262
1,96267
1,96268
0,96271
0,96272
1,96273
0,96274
0,96279
1,96281
1,96282
0,96283
0,96284
0,96288
0,96289
1,96290
1,96291
0,96292
0,96294
0,96295
0,96296
0,96297
1,96300
0,96301
0,96303
0,96309
0,96311
0,96313
0,96315
0,96318
0,96320
0,96324
0,96325
1,96326
1,96335
0,96336
0,96337
0,96342
0,96343
0,96345
0,96346
0,96350
1,96351
1,96355
1,96368
1,96375
0,96376
0,96381
0,96382
0,96383
0,96386
1,96387
1,96389
0,96391
0,96394
1,96399
0,96404
0,96413
0,96417
0,96418
0,96421
0,96423
0,96425
0,96428
0,96429
0,96432
0,96436
0,96437
1,96442
1,96443
0,96444
0,96446
0,96451
0,96455
1,96461
0,96464
1,96468
1,96471
1,96473
1,96477
0,96479
1,96481
1,96483
0,96485
1,96490
0,96491
0,96493
0,96495
1,96496
0,96505
0,96506
0,96512
0,96515
0,96516
0,96518
1,96519
0,96520
0,96524
0,96527
1,96531
0,96532
0,96535
0,96536
0,96544
0,96550
1,96554
0,96564
0,96565
0,96566
0,96567
0,96574
0,96579
0,96580
0,96583
0,96586
1,96587
1,96590
0,96593
0,96594
1,96596
0,96599
1,96604
0,96611
1,96614
0,96629
0,96630
0,96631
0,96633
0,96636
1,96638
0,96640
0,96645
0,96647
1,96652
1,96653
0,96656
0,96657
0,96661
1,96663
1,96664
0,96666
0,96669
1,96671
1,96675
1,96677
0,96678
0,96681
1,96684
0,96690
0,96693
0,96694
0,96697
0,96698
0,96700
0,96703
0,96704
0,96705
1,96706
0,96709
0,96716
0,96718
0,96720
0,96721
1,96723
0,96724
1,96727
1,96729
0,96734
0,96735
0,96739
1,96741
1,96743
0,96744
0,96745
0,96746
0,96748
1,96752
0,96755
0,96756
1,96757
0,96759
1,96765
0,96767
0,96769
0,96770
1,96772
1,96774
0,96775
0,96776
0,96784
1,96785
0,96787
0,96788
1,96789
0,96792
0,96794
1,96796
0,96798
0,96799
0,96801
0,96804
0,96807
1,96808
1,96809
0,96811
0,96812
1,96822
1,96823
0,96828
0,96830
1,96831
0,96833
0,96834
1,96839
0,96840
0,96843
1,96844
1,96845
0,96853
1,96856
0,96858
0,96860
0,96867
0,96868
0,96873
1,96874
1,96879
1,96880
1,96882
1,96883
0,96888
1,96889
0,96890
0,96891
0,96893
0,96894
0,96895
1,96898
1,96899
0,96902
0,96905
1,96907
0,96908
0,96910
1,96912
0,96913
0,96916
0,96917
0,96925
0,96936
0,96940
0,96942
0,96948
1,96952
1,96953
0,96954
0,96955
0,96957
0,96959
0,96962
1,96963
0,96965
0,96966
0,96967
0,96970
0,96971
0,96975
0,96976
0,96978
0,96980
0,96981
1,96983
0,96986
1,96987
0,96988
1,96990
1,96997
1,96998
0,96999
1,97004
0,97007
0,97008
0,97010
0,97012
0,97014
0,97016
1,97020
1,97022
0,97023
0,97024
1,97025
0,97026
0,97028
0,97030
0,97031
1,97033
0,97034
1,97036
0,97038
0,97043
0,97047
0,97048
0,97054
0,97055
0,97057
0,97058
0,97061
0,97065
0,97069
1,97072
0,97077
1,97079
1,97082
0,97084
1,97090
0,97091
0,97092
1,97095
0,97100
0,97102
0,97104
0,97106
1,97107
0,97109
1,97111
1,97112
0,97119
0,97120
0,97121
0,97125
1,97128
0,97129
0,97132
0,97134
0,97137
0,97140
1,97145
0,97146
0,97147
1,97153
0,97157
0,97158
0,97162
0,97167
1,97169
0,97170
0,97173
1,97175
0,97176
0,97180
0,97181
0,97182
1,97186
0,97187
0,97189
1,97190
0,97194
0,97196
0,97198
0,97202
0,97203
0,97205
1,97208
0,97209
1,97210
0,97211
1,97212
0,97214
0,97215
0,97217
0,97218
0,97219
1,97225
0,97231
1,97234
1,97235
1,97236
1,97238
0,97239
0,97240
0,97241
1,97242
0,97243
0,97244
0,97246
1,97249
0,97252
1,97255
0,97259
0,97260
0,97261
1,97269
1,97273
1,97274
1,97277
0,97279
0,97281
0,97282
0,97283
0,97284
0,97285
0,97286
1,97289
0,97290
0,97291
0,97293
0,97294
1,97296
0,97300
1,97301
0,97302
1,97304
0,97307
1,97310
0,97312
0,97314
0,97317
0,97319
0,97321
1,97326
0,97327
0,97329
0,97332
0,97335
0,97338
0,97341
1,97343
1,97347
0,97349
1,97351
0,97354
0,97357
0,97361
0,97363
0,97364
1,97366
0,97368
0,97369
1,97370
0,97371
0,97373
1,97376
0,97378
0,97380
0,97382
1,97383
0,97387
0,97388
0,97389
1,97393
0,97396
1,97398
0,97402
0,97403
1,97409
0,97410
1,97412
0,97413
0,97414
0,97415
0,97421
1,97422
0,97425
0,97428
0,97431
0,97433
0,97434
0,97436
0,97437
0,97438
0,97439
0,97440
0,97441
1,97446
0,97448
1,97449
1,97450
0,97451
1,97453
0,97461
0,97462
0,97466
1,97467
1,97469
1,97471
1,97473
0,97474
1,97476
1,97477
0,97478
1,97480
0,97481
1,97482
1,97490
0,97491
0,97494
0,97495
1,97496
0,97497
1,97499
0,97500
1,97506
0,97507
0,97510
0,97516
0,97517
1,97518
1,97519
0,97520
0,97522
0,97524
1,97525
0,97526
0,97531
1,97532
1,97533
0,97535
1,97539
0,97540
1,97541
0,97550
1,97552
0,97554
0,97555
1,97559
0,97560
1,97566
0,97567
1,97571
1,97572
1,97575
0,97576
0,97577
0,97578
0,97580
1,97582
0,97586
1,97587
0,97593
0,97594
0,97596
1,97599
1,97600
0,97601
0,97604
0,97605
0,97610
0,97612
1,97613
0,97615
0,97621
0,97625
0,97627
0,97629
0,97634
0,97635
0,97636
1,97639
0,97642
1,97644
1,97649
0,97653
0,97655
0,97658
0,97659
0,97660
1,97662
0,97667
0,97668
0,97672
1,97682
0,97684
0,97687
0,97688
0,97690
1,97691
1,97692
0,97695
0,97696
0,97699
0,97701
1,97706
0,97707
0,97709
0,97710
0,97713
0,97714
0,97715
0,97716
0,97717
0,97718
1,97721
1,97724
0,97726
1,97728
0,97729
0,97731
0,97732
0,97733
0,97734
0,97736
0,97739
1,97742
0,97747
0,97749
1,97750
0,97751
0,97752
0,97759
0,97763
0,97765
1,97767
1,97768
1,97769
1,97771
1,97772
1,97778
0,97782
1,97786
0,97787
0,97788
0,97789
0,97791
0,97797
0,97799
1,97800
0,97801
0,97805
0,97809
1,97811
1,97815
1,97816
0,97818
0,97820
0,97821
0,97822
0,97826
0,97827
1,97828
0,97829
1,97832
0,97833
1,97834
1,97837
0,97839
1,97840
0,97841
0,97842
0,97846
0,97847
0,97851
0,97852
0,97853
1,97861
0,97865
1,97866
0,97870
0,97873
0,97875
0,97876
0,97877
0,97879
0,97882
0,97884
0,97887
0,97888
1,97895
0,97896
0,97899
0,97900
0,97903
0,97904
0,97908
1,97910
0,97913
0,97919
0,97921
0,97925
0,97928
0,97930
0,97931
1,97935
0,97937
1,97938
0,97939
0,97941
0,97943
1,97944
1,97950
0,97951
1,97953
0,97958
0,97959
1,97961
1,97962
0,97963
0,97966
0,97969
1,97972
0,97975
1,97976
0,97977
0,97978
1,97979
1,97980
1,97983
1,97985
0,97988
1,97989
0,97992
0,97995
0,97998
0,97999
0,98001
1,98002
1,98005
0,98007
0,98008
0,98011
0,98013
1,98015
0,98017
0,98022
1,98024
1,98025
1,98027
1,98030
1,98031
0,98033
1,98034
0,98037
0,98038
0,98041
0,98042
1,98043
1,98044
0,98047
0,98048
0,98050
0,98052
0,98053
0,98056
1,98058
0,98060
0,98062
0,98063
0,98067
1,98069
0,98071
0,98072
0,98077
1,98078
0,98079
1,98080
0,98082
0,98084
1,98085
1,98086
0,98087
0,98088
0,98089
0,98090
0,98092
1,98097
0,98105
0,98108
1,98109
1,98114
1,98117
0,98118
0,98120
0,98123
0,98126
0,98128
1,98129
0,98133
0,98135
1,98136
0,98137
1,98139
0,98141
0,98145
0,98146
0,98152
1,98154
0,98155
0,98158
1,98160
0,98161
0,98162
0,98164
1,98166
0,98167
1,98168
0,98169
0,98170
0,98171
0,98173
0,98174
0,98176
1,98178
1,98180
1,98181
0,98183
0,98186
1,98188
0,98189
0,98190
1,98192
0,98193
1,98197
1,98205
0,98206
1,98210
1,98212
0,98216
0,98218
0,98220
0,98222
1,98223
0,98225
1,98229
0,98230
0,98232
1,98234
1,98240
0,98242
0,98251
1,98252
0,98256
1,98257
0,98258
1,98260
0,98262
0,98263
0,98264
0,98265
1,98267
1,98269
0,98273
0,98278
0,98284
1,98288
0,98295
0,98300
0,98303
0,98305
0,98308
0,98309
0,98317
1,98320
0,98324
1,98327
0,98330
0,98332
0,98337
0,98338
0,98340
1,98342
0,98343
0,98347
1,98352
1,98354
1,98355
1,98357
0,98358
0,98362
0,98363
1,98364
0,98370
1,98373
1,98376
1,98377
0,98384
0,98394
1,98395
0,98398
0,98399
0,98401
1,98407
1,98411
1,98414
1,98416
0,98417
0,98421
1,98423
0,98426
0,98427
1,98432
1,98433
0,98435
0,98436
1,98439
0,98441
0,98444
0,98445
1,98446
0,98448
0,98449
0,98451
0,98452
1,98453
1,98454
1,98456
0,98458
0,98460
0,98462
1,98463
0,98466
1,98467
1,98471
0,98472
0,98474
0,98475
1,98479
0,98480
1,98481
0,98482
0,98483
0,98487
1,98489
0,98492
1,98495
1,98496
0,98500
1,98505
0,98507
0,98509
1,98513
0,98516
0,98517
1,98518
0,98519
0,98520
0,98521
0,98527
1,98528
1,98529
1,98533
0,98534
0,98535
1,98536
0,98537
1,98538
1,98539
0,98541
0,98542
0,98543
1,98544
1,98546
1,98553
0,98555
0,98559
1,98562
1,98564
1,98571
0,98575
0,98583
1,98585
0,98589
0,98590
0,98592
0,98593
1,98594
1,98595
1,98597
0,98600
1,98602
0,98604
0,98607
0,98608
0,98609
0,98617
0,98619
0,98623
1,98625
1,98628
0,98631
0,98634
0,98636
0,98637
0,98638
1,98639
0,98640
1,98643
0,98644
0,98646
1,98651
1,98654
0,98655
1,98657
0,98658
0,98659
1,98660
0,98661
1,98666
1,98669
1,98670
1,98673
1,98674
0,98675
1,98676
1,98679
0,98682
1,98684
0,98689
1,98693
0,98697
1,98699
0,98705
0,98706
0,98707
0,98708
0,98710
1,98711
0,98712
0,98713
1,98714
0,98716
0,98719
1,98721
0,98725
1,98727
0,98731
0,98732
1,98736
1,98737
1,98739
1,98740
0,98741
0,98743
0,98744
1,98747
1,98749
1,98752
0,98755
0,98756
0,98757
1,98761
0,98763
0,98764
0,98766
1,98768
0,98770
1,98780
0,98783
0,98784
1,98785
0,98786
0,98787
0,98795
0,98801
0,98804
1,98805
1,98806
0,98808
0,98811
0,98812
0,98814
0,98816
0,98817
0,98820
0,98822
0,98823
0,98827
0,98828
0,98829
1,98831
0,98833
1,98835
1,98839
0,98840
1,98841
1,98842
1,98843
0,98846
0,98850
1,98851
0,98854
1,98859
0,98860
0,98862
1,98865
1,98869
0,98871
1,98873
1,98874
0,98875
1,98876
0,98879
0,98882
0,98884
1,98886
0,98887
0,98888
0,98890
1,98892
1,98902
1,98905
0,98907
1,98908
0,98909
1,98916
0,98919
1,98920
1,98925
1,98928
0,98932
1,98933
0,98936
0,98938
1,98946
0,98950
0,98952
0,98953
1,98956
0,98959
0,98969
0,98970
0,98971
1,98972
0,98973
1,98974
1,98982
1,98983
1,98986
0,98989
1,98991
0,98993
1,98994
0,98995
0,98997
1,98998
1,98999
1,99004
1,99006
0,99008
1,99010
1,99011
1,99012
1,99017
0,99020
1,99024
0,99025
1,99033
0,99034
0,99038
1,99041
0,99042
0,99043
1,99045
0,99046
1,99047
0,99048
0,99049
0,99052
0,99054
1,99055
0,99056
0,99057
0,99062
0,99063
1,99066
0,99071
1,99072
1,99073
0,99075
0,99078
0,99079
1,99082
0,99084
1,99086
1,99090
1,99091
1,99092
0,99093
0,99096
1,99097
0,99099
1,99102
0,99104
1,99105
1,99106
1,99109
0,99111
0,99114
0,99115
0,99117
0,99121
0,99124
0,99125
1,99127
0,99128
1,99129
0,99130
0,99138
1,99144
0,99146
0,99148
1,99151
1,99157
1,99158
1,99161
0,99162
0,99167
0,99172
1,99174
1,99179
0,99183
1,99186
0,99187
1,99192
0,99195
0,99199
1,99201
1,99202
0,99203
1,99206
1,99213
0,99216
1,99217
0,99218
0,99220
1,99221
0,99228
0,99229
0,99230
1,99231
0,99233
0,99234
0,99235
1,99236
0,99239
0,99240
1,99245
0,99246
0,99247
0,99251
0,99252
1,99255
0,99259
1,99260
1,99262
0,99268
0,99269
0,99270
0,99272
1,99275
0,99277
0,99282
0,99285
1,99287
0,99289
1,99293
1,99295
0,99297
1,99298
1,99299
1,99301
0,99303
0,99307
0,99309
0,99310
1,99314
0,99319
0,99320
0,99323
1,99325
1,99327
1,99328
1,99329
1,99332
0,99333
0,99335
1,99337
0,99340
1,99341
0,99345
0,99346
0,99357
0,99359
0,99360
0,99361
1,99365
1,99368
1,99371
0,99373
0,99375
1,99376
0,99378
1,99380
0,99383
0,99384
0,99387
1,99388
0,99391
0,99392
1,99397
0,99399
0,99400
1,99402
0,99403
1,99404
0,99406
0,99413
1,99415
0,99416
1,99423
0,99424
1,99430
0,99431
0,99433
0,99448
1,99451
1,99453
1,99455
0,99456
0,99460
0,99463
0,99464
0,99467
1,99469
1,99470
0,99473
1,99477
1,99481
0,99482
0,99485
0,99486
0,99487
0,99491
1,99494
1,99496
1,99498
0,99501
0,99508
0,99517
1,99519
0,99521
1,99522
0,99523
0,99525
1,99528
0,99529
1,99533
1,99534
0,99535
0,99536
1,99537
0,99541
0,99543
1,99545
0,99546
0,99549
0,99550
1,99552
0,99556
0,99559
0,99564
0,99566
1,99567
1,99571
0,99572
0,99574
0,99576
0,99585
0,99586
0,99588
0,99589
1,99595
0,99597
1,99598
0,99599
0,99602
0,99603
0,99606
0,99608
1,99612
1,99618
1,99619
0,99621
0,99623
1,99626
0,99631
0,99633
0,99634
0,99637
1,99642
0,99647
1,99648
1,99649
0,99653
1,99654
0,99656
0,99658
0,99659
0,99663
0,99664
1,99666
0,99669
0,99670
1,99671
0,99672
0,99673
0,99678
0,99681
1,99687
0,99688
1,99690
0,99692
0,99693
0,99702
0,99703
0,99704
0,99711
1,99712
0,99713
0,99715
1,99722
0,99725
0,99726
0,99731
0,99733
0,99735
1,99739
0,99742
1,99743
1,99745
0,99750
1,99753
1,99754
1,99755
0,99756
0,99757
0,99761
0,99770
0,99771
0,99774
0,99776
1,99777
0,99779
0,99782
1,99783
0,99784
0,99786
0,99787
1,99789
0,99791
0,99792
0,99793
1,99794
0,99799
0,99801
0,99803
0,99805
0,99811
1,99812
1,99815
0,99816
1,99817
0,99818
0,99821
0,99822
0,99825
1,99828
0,99829
0,99830
0,99835
0,99837
0,99839
0,99841
0,99844
0,99845
1,99851
0,99855
0,99856
0,99865
0,99866
1,99869
1,99873
0,99877
1,99879
1,99880
0,99881
0,99887
1,99889
0,99890
0,99891
1,99892
0,99896
0,99898
0,99902
0,99906
0,99909
0,99910
0,99911
0,99913
0,99915
1,99917
1,99920
0,99926
0,99930
0,99931
1,99932
0,99933
0,99935
0,99941
0,99946
0,99947
0,99950
1,99956
1,99963
0,99964
0,99965
1,99967
0,99968
1,99969
1,99971
0,99972
0,99973
1,99976
0,99980
0,99981
0,99984
0,99986
0,99987
0,99990
0,99993
0,99996
0,99997
0,100000
0,100001
0,100002
0,100006
0,100007
1,100010
0,100011
0,100012
1,100018
1,100019
0,100022
1,100023
0,100027
0,100029
0,100035
1,100041
0,100044
0,100048
1,100055
1,100056
0,100057
0,100060
1,100062
1,100063
1,100064
0,100066
0,100068
0,100072
1,100074
0,100075
0,100077
0,100081
0,100082
0,100083
1,100085
0,100087
0,100088
0,100094
0,100097
1,100098
0,100101
1,100102
0,100104
0,100106
1,100110
0,100111
0,100112
1,100113
0,100114
0,100116
1,100117
0,100118
1,100120
0,100125
1,100126
0,100128
1,100132
0,100135
0,100136
0,100138
0,100142
0,100144
0,100145
0,100146
1,100147
0,100150
0,100153
0,100157
0,100158
0,100161
1,100163
0,100170
0,100177
1,100184
0,100185
0,100186
1,100192
0,100193
1,100195
0,100197
0,100198
0,100199
0,100204
0,100205
0,100213
1,100215
0,100216
1,100218
1,100223
0,100229
1,100231
0,100232
1,100234
0,100238
0,100239
0,100240
1,100242
1,100243
1,100246
0,100250
0,100252
1,100253
1,100254
1,100266
0,100273
0,100274
0,100280
0,100281
0,100283
1,100286
1,100288
1,100289
1,100290
0,100291
1,100293
0,100294
0,100299
0,100300
1,100301
1,100302
1,100304
0,100305
0,100308
0,100309
0,100313
0,100316
0,100320
0,100322
1,100323
0,100324
1,100331
0,100335
0,100336
0,100340
0,100341
0,100346
0,100348
1,100350
1,100351
0,100354
1,100356
1,100358
0,100363
0,100366
1,100370
1,100374
0,100375
0,100376
0,100378
1,100380
1,100382
1,100384
0,100388
1,100389
1,100390
1,100391
0,100395
1,100400
1,100403
1,100404
0,100412
0,100417
0,100418
0,100421
0,100422
0,100427
0,100432
0,100437
0,100439
1,100440
1,100441
1,100443
0,100445
0,100446
0,100447
0,100448
0,100450
1,100453
0,100454
1,100455
0,100459
0,100462
0,100464
0,100465
0,100467
1,100468
0,100471
0,100472
0,100473
0,100474
1,100476
1,100477
1,100478
0,100479
0,100480
0,100482
1,100484
0,100487
1,100491
0,100494
1,100499
1,100500
0,100502
0,100504
1,100507
1,100509
0,100511
0,100517
1,100521
0,100524
0,100525
0,100526
1,100527
1,100533
0,100534
0,100536
0,100537
1,100539
0,100541
1,100543
1,100544
1,100547
0,100551
0,100553
1,100554
0,100555
1,100558
1,100562
0,100569
1,100570
1,100571
0,100572
1,100573
1,100575
0,100578
0,100579
0,100581
0,100583
0,100585
1,100586
0,100588
0,100595
0,100596
0,100597
1,100601
1,100602
1,100604
0,100614
1,100616
0,100617
0,100619
0,100622
0,100623
0,100627
0,100629
0,100632
0,100633
1,100634
0,100636
0,100637
0,100639
0,100644
0,100645
0,100647
1,100650
0,100651
0,100652
0,100654
0,100656
1,100659
1,100662
1,100676
0,100680
1,100683
1,100687
0,100693
1,100696
0,100704
0,100705
1,100706
0,100708
0,100712
1,100713
0,100717
0,100720
0,100723
1,100724
0,100727
0,100731
0,100734
1,100737
0,100738
0,100739
0,100741
1,100743
1,100744
1,100746
0,100748
1,100749
0,100755
0,100757
1,100759
0,100761
0,100762
0,100763
1,100767
0,100768
0,100769
0,100774
1,100779
1,100781
0,100784
1,100786
0,100794
0,100795
0,100798
0,100800
1,100803
0,100805
0,100806
0,100811
0,100812
0,100814
0,100817
1,100818
0,100820
0,100823
0,100825
1,100826
1,100843
0,100844
0,100847
0,100848
1,100849
0,100852
1,100855
0,100857
0,100860
0,100862
0,100863
1,100865
1,100866
0,100870
1,100873
0,100874
1,100879
0,100882
0,100887
0,100895
1,100896
0,100899
0,100901
1,100902
0,100905
0,100909
0,100916
1,100918
1,100919
1,100922
1,100925
1,100926
0,100927
0,100929
0,100932
0,100935
0,100936
0,100938
0,100942
0,100945
1,100946
1,100947
0,100948
0,100950
0,100951
1,100952
0,100957
1,100958
0,100959
1,100961
0,100962
1,100963
1,100965
0,100969
1,100973
0,100974
0,100978
0,100979
0,100980
1,100981
0,100982
0,100983
0,100984
1,100985
1,100987
1,100989
0,100990
0,100995
0,100999
0,101001
0,101002
1,101004
1,101005
1,101010
0,101015
1,101017
0,101018
1,101020
0,101024
0,101029
0,101034
0,101035
0,101038
1,101040
0,101042
0,101043
0,101049
1,101050
1,101052
0,101053
0,101055
1,101056
0,101060
0,101064
1,101069
0,101071
1,101075
0,101076
0,101078
0,101080
1,101084
1,101085
0,101088
0,101090
1,101092
0,101093
0,101098
1,101099
0,101101
0,101102
0,101103
0,101106
0,101110
1,101111
0,101112
0,101115
0,101116
0,101117
1,101123
0,101128
1,101133
0,101135
1,101138
0,101145
0,101146
0,101148
1,101150
0,101154
1,101156
0,101157
1,101158
0,101160
0,101162
1,101166
0,101170
0,101177
0,101179
0,101181
0,101186
0,101188
0,101189
1,101191
0,101200
0,101206
1,101208
1,101209
0,101219
0,101221
1,101223
0,101229
1,101231
0,101233
0,101238
0,101239
0,101240
0,101242
0,101244
0,101245
0,101247
0,101255
0,101259
1,101261
0,101262
1,101264
0,101265
1,101266
0,101273
0,101274
0,101275
0,101277
0,101280
0,101281
0,101282
0,101289
0,101290
0,101293
1,101294
0,101298
0,101300
1,101301
0,101302
0,101303
1,101305
1,101308
0,101309
1,101311
1,101312
1,101314
1,101319
1,101321
0,101323
0,101324
0,101327
1,101330
0,101332
0,101333
1,101335
0,101336
1,101339
0,101342
1,101343
0,101344
0,101348
1,101350
0,101357
0,101360
0,101367
0,101368
0,101371
0,101373
0,101374
1,101375
0,101376
0,101378
0,101379
0,101380
0,101381
0,101382
0,101386
1,101390
0,101392
0,101393
1,101395
1,101399
1,101400
1,101404
0,101407
0,101413
0,101414
0,101415
1,101418
1,101421
0,101429
0,101430
0,101431
1,101433
0,101436
1,101437
0,101446
1,101447
0,101448
0,101450
1,101452
0,101453
1,101455
0,101458
0,101459
1,101463
0,101467
0,101468
0,101474
0,101475
1,101479
0,101484
0,101487
0,101488
0,101490
0,101491
0,101499
0,101501
0,101503
1,101505
1,101510
1,101511
0,101516
0,101519
0,101520
0,101524
0,101529
0,101534
0,101536
0,101539
0,101542
0,101547
0,101556
1,101560
1,101563
0,101564
1,101565
0,101568
0,101570
1,101571
1,101573
0,101574
0,101575
0,101576
1,101578
1,101583
0,101588
0,101589
0,101590
1,101591
1,101593
0,101594
1,101596
1,101598
1,101605
0,101608
0,101609
0,101613
0,101616
1,101620
1,101622
1,101623
0,101624
1,101625
0,101628
1,101629
1,101633
0,101634
1,101636
1,101638
1,101639
0,101642
1,101643
1,101645
0,101647
0,101649
0,101650
0,101652
0,101653
1,101654
0,101655
0,101656
1,101657
1,101664
1,101666
1,101669
1,101670
1,101673
0,101675
0,101677
0,101679
0,101680
0,101682
0,101684
0,101685
0,101688
0,101689
1,101693
0,101696
0,101700
0,101701
1,101704
1,101705
0,101712
1,101713
1,101714
0,101716
1,101717
0,101723
0,101727
0,101730
1,101732
0,101733
1,101739
1,101740
1,101745
1,101752
0,101753
0,101754
1,101755
0,101756
1,101757
1,101759
1,101762
0,101763
0,101764
1,101765
0,101773
0,101775
0,101777
1,101779
0,101781
1,101787
1,101790
1,101795
0,101796
0,101797
0,101798
0,101800
0,101801
0,101802
1,101804
0,101809
0,101810
0,101811
0,101812
0,101818
0,101819
1,101820
0,101822
1,101823
0,101825
1,101832
0,101834
1,101837
0,101838
1,101843
0,101844
0,101845
0,101847
0,101851
0,101857
1,101858
0,101861
0,101862
0,101864
0,101865
1,101866
0,101867
0,101869
0,101871
0,101879
0,101887
1,101888
1,101890
1,101894
1,101895
0,101897
0,101899
1,101900
0,101903
0,101906
0,101912
0,101917
0,101924
0,101925
1,101927
0,101928
1,101930
1,101932
0,101933
0,101936
0,101937
0,101938
0,101939
0,101940
0,101943
0,101944
0,101946
0,101951
1,101953
0,101958
0,101959
0,101960
0,101963
0,101964
0,101966
0,101969
0,101970
1,101971
0,101972
0,101973
0,101974
0,101975
1,101977
0,101979
0,101980
0,101984
0,101985
0,101989
0,101990
1,101992
1,101994
0,101995
0,101996
0,101999
0,102005
1,102007
1,102012
1,102014
0,102015
0,102018
1,102019
0,102020
1,102021
1,102022
0,102023
0,102024
1,102027
1,102028
0,102030
1,102036
0,102039
0,102041
1,102042
0,102045
0,102046
1,102048
1,102049
1,102050
0,102054
0,102057
0,102059
1,102066
0,102067
1,102068
0,102070
0,102072
0,102075
0,102082
0,102085
1,102088
0,102089
0,102090
0,102091
0,102094
0,102097
0,102104
1,102105
0,102106
1,102107
1,102108
0,102109
0,102111
0,102112
1,102113
0,102114
1,102115
0,102117
0,102123
0,102124
0,102127
1,102128
0,102130
0,102131
0,102133
0,102134
0,102137
1,102145
1,102147
0,102152
0,102153
0,102157
0,102159
0,102161
0,102162
0,102167
1,102169
1,102177
0,102182
0,102184
0,102185
0,102189
0,102190
0,102194
0,102195
0,102198
1,102204
1,102205
0,102206
1,102209
0,102215
0,102216
0,102217
0,102218
0,102219
1,102220
0,102222
0,102223
0,102224
1,102225
0,102226
0,102227
1,102228
0,102230
0,102235
1,102236
0,102237
0,102240
1,102242
0,102245
0,102247
0,102257
1,102259
1,102264
0,102266
0,102276
0,102277
0,102278
1,102279
0,102282
1,102285
0,102288
0,102292
0,102293
1,102294
0,102295
0,102296
1,102298
1,102304
0,102312
0,102314
0,102317
0,102319
1,102322
1,102325
1,102326
0,102330
1,102331
0,102333
1,102335
1,102336
0,102338
1,102344
1,102348
0,102350
0,102351
0,102352
0,102357
1,102371
1,102372
1,102375
1,102377
1,102382
0,102386
0,102387
0,102392
0,102393
0,102394
0,102396
0,102398
0,102400
0,102403
1,102412
0,102415
0,102416
1,102418
0,102420
1,102423
0,102424
0,102425
1,102428
1,102435
1,102437
1,102439
1,102447
0,102448
1,102450
1,102454
0,102455
0,102458
0,102459
0,102461
1,102467
0,102471
0,102472
1,102474
0,102476
0,102479
0,102484
0,102487
1,102489
0,102495
1,102496
1,102499
1,102503
1,102508
0,102510
1,102515
1,102516
0,102517
0,102518
0,102523
0,102524
0,102529
0,102531
0,102533
1,102535
0,102536
1,102540
0,102543
0,102547
0,102550
0,102551
1,102553
0,102554
1,102555
0,102556
0,102557
1,102560
1,102567
0,102569
1,102571
0,102573
1,102576
1,102578
0,102580
0,102582
0,102583
0,102585
0,102587
1,102590
0,102592
1,102605
1,102608
1,102611
0,102614
0,102615
1,102616
0,102619
0,102624
0,102625
0,102626
0,102629
0,102630
0,102633
0,102634
0,102635
1,102637
0,102639
1,102642
1,102645
0,102652
1,102657
0,102659
0,102666
0,102667
0,102668
0,102672
0,102675
0,102676
0,102678
0,102679
0,102680
0,102681
0,102682
1,102683
1,102686
1,102687
0,102689
0,102690
0,102694
0,102696
0,102697
1,102698
0,102701
0,102702
1,102704
1,102706
0,102709
0,102712
1,102717
1,102719
0,102720
0,102724
0,102726
0,102729
1,102730
0,102732
0,102733
0,102736
0,102739
0,102740
1,102743
1,102744
1,102747
0,102748
1,102751
0,102752
0,102754
1,102755
0,102757
0,102761
1,102764
0,102765
0,102767
0,102770
0,102774
1,102775
0,102776
1,102779
0,102781
1,102783
1,102784
0,102785
0,102787
0,102788
0,102792
0,102793
1,102794
1,102797
1,102799
1,102801
1,102804
1,102808
0,102811
0,102821
0,102822
0,102823
0,102827
0,102831
1,102833
0,102834
1,102835
0,102836
0,102838
1,102840
0,102841
0,102844
0,102845
0,102850
1,102851
1,102852
1,102853
1,102855
0,102856
0,102859
1,102863
0,102864
1,102868
0,102873
1,102874
0,102875
0,102879
1,102880
0,102881
0,102883
0,102885
1,102887
1,102888
1,102894
1,102895
1,102896
0,102898
0,102900
0,102901
0,102902
0,102909
0,102913
0,102916
0,102921
0,102924
0,102926
0,102929
0,102930
1,102933
1,102939
0,102940
0,102942
0,102944
1,102946
0,102954
0,102956
1,102960
1,102961
1,102962
0,102964
0,102965
0,102966
1,102970
0,102971
1,102974
0,102985
0,102987
0,102991
0,102998
0,103001
1,103002
0,103006
0,103007
1,103009
0,103012
1,103014
1,103018
0,103019
1,103020
1,103021
0,103024
1,103027
0,103028
0,103030
0,103032
1,103033
1,103034
0,103036
1,103040
0,103041
0,103042
1,103045
0,103046
0,103053
1,103054
0,103056
0,103058
0,103060
0,103061
0,103063
1,103067
0,103068
0,103070
0,103073
1,103074
1,103075
1,103076
0,103078
0,103081
1,103083
0,103085
0,103098
0,103099
1,103102
0,103104
0,103105
0,103110
0,103114
0,103116
0,103118
0,103120
0,103122
1,103124
1,103127
1,103129
1,103132
0,103133
0,103134
0,103135
0,103136
0,103139
0,103144
0,103145
0,103146
0,103147
1,103149
0,103150
1,103151
0,103153
1,103155
1,103156
0,103158
0,103159
0,103160
0,103161
0,103166
0,103169
0,103172
0,103173
1,103176
0,103178
0,103179
0,103181
0,103190
0,103191
1,103192
0,103194
1,103197
1,103201
0,103204
0,103206
0,103211
0,103214
0,103216
0,103223
1,103224
0,103225
0,103227
0,103228
0,103229
1,103232
0,103237
0,103240
0,103242
0,103243
0,103247
0,103249
1,103252
1,103253
0,103254
1,103256
0,103259
0,103260
0,103261
1,103262
0,103263
0,103265
0,103270
0,103272
1,103276
1,103278
0,103280
0,103281
0,103282
0,103283
1,103284
0,103289
0,103297
1,103299
1,103301
0,103302
0,103304
1,103308
1,103310
0,103311
1,103312
0,103320
0,103321
0,103323
0,103326
0,103336
1,103337
0,103338
1,103340
0,103341
0,103345
0,103346
0,103347
0,103350
1,103353
0,103354
0,103355
1,103358
1,103365
0,103370
0,103371
1,103374
0,103377
0,103385
1,103387
0,103391
0,103392
1,103393
0,103394
0,103396
0,103402
0,103405
1,103408
0,103409
0,103411
0,103413
0,103415
0,103416
1,103417
0,103418
1,103421
0,103422
0,103425
0,103432
1,103433
0,103434
0,103438
0,103440
0,103444
0,103451
0,103452
0,103453
0,103455
0,103462
0,103463
0,103468
1,103470
1,103472
1,103473
0,103476
0,103478
0,103479
0,103482
0,103485
0,103486
1,103490
0,103491
1,103495
0,103496
0,103498
0,103500
1,103501
1,103502
0,103504
1,103506
0,103508
0,103509
1,103514
1,103515
1,103516
0,103526
0,103527
0,103530
0,103534
0,103538
1,103539
0,103540
1,103544
0,103545
1,103547
0,103549
0,103552
1,103556
0,103557
0,103559
0,103563
1,103565
1,103572
0,103578
1,103579
0,103582
1,103583
0,103586
0,103587
1,103590
0,103591
0,103592
1,103597
0,103598
0,103599
0,103600
0,103601
1,103602
0,103604
0,103610
0,103611
1,103613
0,103615
1,103619
1,103620
0,103623
1,103625
1,103626
0,103627
0,103630
0,103631
0,103632
1,103634
0,103639
0,103642
0,103643
0,103645
1,103649
0,103650
1,103655
1,103660
0,103662
0,103663
1,103667
0,103670
1,103674
0,103676
0,103679
0,103680
0,103681
0,103686
1,103691
0,103692
0,103695
1,103697
0,103699
0,103700
1,103703
0,103705
1,103707
0,103708
1,103712
0,103713
1,103720
0,103723
0,103724
0,103727
0,103728
0,103731
0,103732
0,103734
0,103736
0,103740
0,103741
0,103745
0,103747
0,103750
0,103751
0,103752
1,103753
0,103754
1,103757
0,103759
1,103764
0,103766
1,103767
1,103768
0,103769
1,103772
1,103773
1,103774
0,103778
1,103781
0,103782
0,103783
1,103787
1,103793
1,103794
1,103798
1,103799
0,103801
0,103804
0,103807
1,103808
0,103811
1,103812
0,103814
1,103815
0,103816
1,103819
1,103820
1,103821
0,103822
0,103825
0,103826
0,103828
0,103829
1,103832
1,103833
1,103834
0,103839
0,103840
0,103841
0,103844
1,103846
1,103847
1,103849
0,103851
0,103853
0,103854
0,103862
0,103865
1,103866
0,103869
0,103871
0,103873
0,103878
0,103886
0,103887
0,103889
0,103892
1,103895
1,103896
1,103897
1,103899
1,103900
1,103901
1,103903
0,103911
1,103916
0,103917
0,103918
0,103919
0,103922
0,103924
0,103925
0,103926
0,103933
0,103935
1,103936
0,103937
0,103938
0,103942
0,103944
0,103945
0,103946
0,103947
1,103949
0,103950
0,103952
1,103954
0,103955
0,103960
1,103963
0,103965
1,103968
1,103970
0,103979
0,103980
1,103986
0,103990
1,103991
1,103993
1,103994
1,103996
0,103997
0,103999
0,104005
0,104007
0,104009
1,104010
1,104011
0,104013
0,104014
0,104015
0,104016
0,104017
1,104019
0,104021
0,104022
1,104025
0,104027
0,104031
0,104036
0,104037
0,104050
1,104055
1,104056
1,104059
1,104060
0,104062
1,104066
0,104069
0,104070
1,104071
1,104074
0,104075
0,104080
1,104082
0,104087
0,104095
0,104097
0,104098
1,104099
1,104103
0,104107
0,104108
0,104110
0,104113
0,104115
0,104116
0,104120
0,104121
1,104123
1,104124
1,104126
1,104136
0,104138
1,104139
0,104140
1,104143
1,104148
0,104153
0,104154
1,104159
0,104160
0,104163
1,104168
0,104169
0,104171
0,104174
1,104185
0,104192
1,104195
0,104198
0,104199
1,104206
0,104207
0,104209
0,104210
0,104211
1,104214
0,104215
0,104217
1,104218
0,104220
1,104223
0,104225
0,104232
0,104236
0,104237
1,104238
0,104239
1,104242
1,104244
1,104246
1,104252
0,104256
1,104260
0,104266
1,104271
0,104272
0,104273
0,104275
0,104276
0,104277
0,104284
0,104285
0,104286
0,104288
0,104291
0,104293
1,104297
0,104299
0,104301
0,104305
1,104306
1,104309
0,104311
0,104321
0,104322
1,104324
0,104325
1,104328
1,104329
0,104337
0,104338
1,104340
1,104342
0,104345
1,104351
1,104353
1,104355
1,104366
1,104368
0,104369
1,104370
0,104375
0,104376
0,104378
0,104383
0,104384
1,104387
0,104388
1,104391
0,104394
1,104398
0,104399
0,104405
0,104408
0,104411
1,104417
0,104419
0,104421
0,104423
0,104424
0,104426
0,104429
0,104430
0,104431
1,104433
1,104437
0,104445
1,104446
0,104448
1,104452
1,104454
0,104460
0,104461
0,104462
0,104466
1,104468
0,104470
1,104471
0,104473
1,104474
1,104476
1,104477
0,104478
0,104479
0,104480
1,104481
1,104482
0,104483
1,104485
0,104489
1,104490
0,104491
0,104493
1,104494
1,104496
0,104498
1,104503
0,104507
1,104510
0,104511
1,104512
0,104517
0,104520
0,104524
1,104526
0,104534
0,104536
1,104541
1,104544
0,104545
0,104547
0,104552
0,104557
0,104558
0,104560
1,104562
0,104567
0,104568
0,104571
0,104572
0,104573
0,104574
0,104575
1,104576
0,104577
0,104578
0,104579
0,104585
0,104586
0,104587
0,104592
1,104593
1,104594
1,104596
0,104602
0,104604
0,104606
0,104607
0,104608
0,104609
0,104610
1,104611
1,104614
1,104615
1,104619
0,104623
0,104629
0,104630
0,104633
0,104635
1,104636
0,104637
1,104640
0,104643
1,104644
0,104648
0,104649
0,104650
0,104655
0,104656
0,104657
0,104658
1,104659
0,104660
0,104662
1,104665
0,104666
1,104668
1,104669
0,104673
0,104675
0,104677
0,104678
0,104683
0,104684
1,104691
0,104692
1,104695
1,104698
0,104699
0,104703
1,104706
1,104707
1,104710
0,104713
1,104714
0,104721
1,104722
1,104725
0,104726
1,104727
0,104728
0,104733
0,104737
0,104741
0,104743
0,104744
0,104749
1,104751
0,104753
0,104756
0,104759
1,104762
0,104763
0,104766
0,104774
1,104779
0,104783
1,104786
1,104790
0,104792
0,104793
0,104794
0,104797
0,104798
0,104803
1,104810
0,104811
1,104812
0,104813
0,104815
0,104816
1,104817
1,104818
0,104819
0,104823
0,104828
0,104829
0,104831
0,104832
0,104834
0,104837
1,104838
0,104839
1,104841
0,104842
1,104845
1,104846
0,104849
1,104851
1,104856
0,104860
1,104861
0,104866
0,104867
1,104869
0,104870
0,104872
0,104873
0,104875
1,104876
0,104878
0,104879
1,104880
1,104881
1,104883
1,104884
0,104886
0,104890
0,104892
1,104896
0,104905
1,104909
1,104911
0,104913
0,104914
1,104916
1,104917
1,104920
0,104921
0,104923
1,104925
1,104928
1,104930
0,104931
0,104933
1,104935
0,104937
0,104938
0,104939
0,104941
0,104942
0,104943
1,104948
0,104949
0,104951
1,104955
0,104956
1,104961
0,104962
0,104963
0,104964
1,104965
1,104966
0,104970
0,104975
0,104977
0,104984
0,104988
0,104989
0,104990
1,104992
0,104993
1,104998
1,105001
0,105002
0,105009
0,105010
0,105012
0,105013
1,105014
1,105020
1,105021
1,105022
1,105023
0,105029
0,105031
1,105032
0,105040
0,105045
1,105047
0,105048
1,105049
0,105050
0,105053
0,105057
1,105063
1,105065
1,105074
1,105075
1,105077
1,105079
1,105081
0,105082
0,105083
0,105087
1,105089
0,105090
1,105092
0,105096
0,105097
0,105098
0,105101
1,105102
0,105106
1,105110
0,105111
1,105115
1,105117
0,105118
0,105120
1,105121
0,105124
0,105126
1,105127
0,105129
1,105138
1,105140
0,105145
1,105147
0,105151
0,105152
1,105153
0,105155
1,105156
0,105158
1,105161
0,105163
0,105164
0,105165
1,105167
0,105169
0,105171
0,105172
1,105176
0,105179
0,105181
1,105182
1,105184
1,105187
1,105188
0,105190
0,105191
0,105192
0,105193
0,105194
0,105195
0,105196
0,105197
0,105198
1,105204
0,105205
0,105207
1,105208
1,105211
0,105214
1,105216
1,105217
1,105219
1,105223
0,105224
0,105225
0,105226
0,105227
0,105228
0,105229
0,105234
0,105237
0,105239
0,105240
1,105247
1,105251
1,105252
0,105254
0,105257
1,105260
1,105265
0,105266
0,105267
0,105268
1,105270
1,105273
1,105275
1,105276
0,105280
1,105285
0,105287
0,105288
1,105290
1,105291
0,105292
0,105294
0,105295
0,105299
0,105303
0,105309
0,105311
0,105315
1,105316
0,105317
0,105319
1,105325
1,105327
1,105328
1,105331
1,105332
0,105334
0,105335
0,105337
1,105345
0,105349
0,105352
0,105353
0,105354
1,105364
1,105368
0,105371
1,105374
0,105377
1,105378
1,105381
1,105387
0,105389
0,105391
1,105392
1,105396
0,105397
1,105398
1,105399
0,105400
1,105401
0,105404
1,105407
0,105408
0,105409
1,105410
0,105412
1,105415
0,105419
0,105424
1,105425
0,105430
1,105431
0,105433
1,105437
0,105439
1,105440
0,105442
1,105443
0,105446
0,105447
0,105452
0,105454
1,105458
0,105462
1,105464
0,105468
1,105470
0,105474
0,105477
0,105478
0,105482
0,105483
1,105484
0,105487
1,105488
0,105494
0,105495
0,105496
1,105497
0,105499
1,105500
0,105501
0,105502
1,105503
0,105505
1,105506
1,105509
0,105511
1,105512
0,105514
0,105515
1,105516
1,105517
0,105519
1,105521
1,105524
1,105526
0,105527
0,105528
1,105529
0,105531
0,105536
0,105540
0,105541
1,105544
1,105545
0,105549
0,105551
0,105553
0,105554
1,105556
0,105563
0,105564
0,105565
0,105567
1,105569
1,105574
0,105575
0,105577
1,105581
1,105583
1,105584
1,105586
0,105587
0,105588
1,105589
0,105595
1,105599
1,105603
0,105604
0,105607
1,105609
0,105610
0,105617
0,105618
0,105622
1,105624
0,105626
0,105627
1,105630
1,105634
1,105636
0,105638
1,105640
1,105641
0,105644
0,105647
0,105649
0,105656
1,105659
0,105663
0,105664
0,105665
0,105671
0,105672
0,105673
1,105675
1,105677
1,105691
0,105693
1,105695
0,105702
1,105703
1,105704
0,105705
1,105706
0,105708
0,105710
0,105712
1,105713
1,105720
0,105721
0,105722
0,105724
0,105726
0,105728
1,105729
1,105730
0,105733
1,105734
1,105736
1,105737
0,105738
1,105741
1,105744
0,105752
0,105754
0,105760
1,105761
0,105762
0,105763
0,105769
0,105774
0,105775
1,105776
0,105782
1,105784
1,105788
1,105790
0,105791
1,105793
1,105794
0,105797
1,105805
0,105806
1,105807
0,105809
1,105810
0,105813
0,105818
1,105819
0,105822
0,105825
0,105829
0,105833
0,105835
1,105837
1,105839
1,105842
1,105843
0,105845
0,105847
0,105848
0,105849
1,105850
1,105854
1,105857
0,105859
1,105862
0,105863
1,105864
0,105867
0,105869
1,105871
1,105872
0,105875
0,105876
0,105877
0,105878
1,105879
0,105882
1,105883
0,105884
0,105886
0,105887
0,105891
0,105893
0,105894
0,105895
0,105897
0,105900
0,105903
0,105905
1,105908
0,105909
0,105910
0,105913
1,105914
1,105915
0,105918
1,105919
1,105921
0,105924
0,105925
1,105927
0,105930
0,105931
1,105935
0,105937
1,105940
1,105943
0,105946
0,105948
1,105949
1,105954
0,105955
1,105957
0,105958
0,105959
0,105964
0,105965
0,105970
0,105971
1,105975
1,105978
1,105979
0,105980
0,105982
1,105983
0,105987
0,105990
0,105993
0,105995
0,105997
0,106001
1,106003
0,106004
1,106007
0,106009
1,106024
0,106028
1,106029
0,106030
1,106031
0,106034
1,106035
0,106039
0,106040
1,106044
1,106051
1,106054
0,106055
0,106056
0,106058
1,106059
0,106061
1,106071
0,106073
0,106075
1,106076
0,106080
1,106083
0,106084
0,106086
0,106090
0,106099
0,106104
0,106108
1,106111
0,106113
1,106115
0,106116
1,106117
0,106123
1,106126
0,106127
0,106128
0,106132
1,106137
0,106146
0,106147
1,106151
0,106152
1,106157
0,106168
1,106172
0,106173
0,106174
0,106176
1,106178
1,106182
0,106191
0,106194
1,106196
0,106198
0,106199
0,106204
1,106208
1,106211
0,106225
1,106227
0,106228
0,106232
0,106235
1,106238
0,106239
0,106240
1,106241
1,106244
0,106247
0,106251
0,106255
1,106256
0,106260
1,106261
0,106263
0,106267
0,106270
0,106271
1,106273
0,106277
0,106280
1,106283
0,106285
1,106288
0,106289
0,106293
0,106295
1,106297
0,106299
0,106302
1,106303
1,106304
0,106305
0,106306
0,106307
1,106309
1,106317
1,106324
0,106325
0,106326
0,106329
0,106331
0,106332
0,106333
1,106338
0,106339
0,106341
1,106348
0,106354
1,106355
0,106356
1,106357
1,106360
0,106365
0,106367
0,106368
0,106371
0,106376
0,106382
1,106383
1,106385
0,106389
0,106392
1,106398
1,106401
1,106403
0,106404
0,106405
1,106409
1,106411
0,106412
0,106416
0,106417
0,106418
0,106420
0,106429
1,106438
1,106443
0,106447
1,106448
0,106449
0,106450
1,106452
0,106454
1,106455
1,106459
0,106460
0,106461
0,106462
1,106466
0,106468
1,106469
0,106470
0,106471
0,106472
1,106473
1,106474
0,106475
0,106480
0,106483
0,106495
0,106496
0,106500
1,106503
1,106506
0,106507
0,106508
0,106509
0,106513
0,106514
1,106519
0,106526
0,106529
0,106530
0,106531
0,106532
1,106536
0,106537
0,106538
1,106539
1,106542
0,106543
0,106544
0,106554
0,106556
0,106557
0,106558
0,106562
0,106564
0,106566
0,106569
0,106570
1,106571
0,106574
1,106575
0,106577
0,106579
0,106582
0,106590
1,106593
0,106596
0,106602
1,106603
0,106605
0,106608
0,106609
1,106610
0,106611
1,106614
0,106616
0,106617
0,106618
0,106619
0,106621
1,106622
0,106624
1,106638
1,106642
0,106643
0,106652
1,106653
1,106654
0,106655
0,106656
0,106658
0,106659
0,106661
1,106664
0,106665
0,106670
0,106679
1,106680
0,106682
1,106683
1,106684
0,106688
1,106689
0,106691
1,106692
0,106693
0,106695
0,106699
0,106700
0,106704
0,106708
0,106710
0,106713
0,106714
0,106716
0,106720
0,106721
0,106722
0,106735
0,106736
0,106740
0,106742
0,106743
0,106745
1,106747
0,106748
0,106750
1,106751
1,106752
0,106754
1,106755
0,106757
0,106759
0,106762
0,106763
0,106767
0,106770
1,106772
0,106774
0,106777
0,106778
0,106779
1,106780
0,106786
1,106787
0,106790
1,106794
1,106795
1,106796
0,106800
1,106801
0,106806
0,106808
0,106810
1,106812
0,106815
1,106816
1,106818
0,106819
1,106820
0,106822
1,106827
1,106828
1,106829
0,106830
0,106835
0,106836
0,106839
0,106841
0,106843
0,106844
0,106846
0,106847
0,106849
1,106850
0,106852
0,106854
1,106856
0,106859
0,106864
0,106867
0,106868
1,106873
0,106874
0,106876
0,106877
1,106879
0,106884
0,106885
0,106887
0,106888
0,106891
0,106893
0,106899
0,106906
0,106907
0,106908
1,106910
1,106911
0,106912
0,106913
0,106915
0,106920
0,106921
0,106924
1,106925
0,106926
0,106930
0,106932
0,106933
1,106938
0,106939
0,106940
1,106941
1,106942
1,106943
1,106951
1,106952
0,106955
1,106957
0,106958
0,106960
0,106963
1,106965
0,106969
0,106974
0,106978
0,106980
1,106981
0,106983
0,106984
0,106987
0,106989
0,106990
1,106991
0,106992
1,106993
0,106994
1,106995
1,106996
0,106997
0,107002
1,107003
1,107008
1,107009
1,107015
0,107019
1,107023
0,107025
1,107026
0,107032
0,107037
1,107040
1,107043
0,107044
0,107045
0,107047
1,107048
0,107053
0,107058
0,107067
0,107070
1,107074
1,107077
0,107079
1,107080
0,107081
0,107083
0,107085
1,107089
1,107090
0,107092
0,107096
0,107097
0,107098
1,107099
1,107101
0,107103
0,107105
0,107107
0,107108
0,107109
0,107110
0,107115
0,107116
1,107117
0,107118
0,107121
0,107129
0,107132
0,107134
0,107135
0,107138
0,107139
1,107140
0,107141
0,107146
0,107152
0,107154
0,107155
0,107158
1,107160
0,107164
0,107165
1,107166
0,107169
0,107171
0,107174
1,107175
1,107177
0,107179
0,107184
0,107186
0,107187
1,107189
0,107190
1,107192
0,107193
0,107194
0,107195
0,107203
0,107205
0,107206
1,107207
0,107216
0,107223
0,107224
0,107230
1,107231
0,107232
0,107234
1,107240
0,107244
1,107248
1,107251
1,107252
1,107254
1,107255
0,107264
1,107265
0,107267
0,107271
0,107272
0,107273
0,107276
1,107280
0,107283
0,107284
1,107287
0,107289
0,107292
0,107293
1,107294
0,107295
0,107299
1,107302
0,107303
1,107306
0,107314
1,107315
0,107317
0,107319
0,107321
1,107324
0,107325
1,107327
0,107333
0,107334
0,107335
0,107343
0,107345
1,107346
0,107347
0,107351
0,107352
1,107353
0,107355
0,107361
0,107367
0,107368
0,107369
0,107370
0,107372
0,107373
0,107374
0,107376
1,107379
1,107386
0,107388
0,107391
1,107392
0,107393
0,107396
0,107397
0,107400
0,107405
0,107406
0,107409
0,107413
0,107416
0,107417
1,107422
1,107423
0,107432
0,107433
0,107436
0,107438
1,107441
0,107445
0,107446
0,107449
0,107453
0,107454
0,107456
0,107460
1,107461
0,107462
0,107465
0,107468
0,107469
0,107470
0,107472
0,107473
1,107478
0,107479
0,107480
1,107481
0,107483
1,107487
1,107488
0,107490
1,107492
0,107495
0,107499
1,107503
0,107504
0,107507
0,107508
0,107510
0,107511
0,107512
0,107518
0,107519
1,107520
1,107531
1,107536
1,107537
0,107540
1,107542
0,107543
0,107544
0,107547
1,107551
0,107554
0,107557
0,107558
1,107565
0,107567
1,107573
0,107577
0,107579
0,107581
0,107583
0,107584
1,107586
0,107588
0,107593
0,107597
0,107605
0,107607
0,107608
0,107609
0,107610
1,107613
0,107615
0,107619
0,107623
1,107625
1,107630
0,107632
0,107637
0,107640
0,107642
0,107643
0,107644
1,107645
0,107646
0,107649
1,107650
1,107651
1,107655
1,107659
0,107663
0,107665
0,107666
0,107669
0,107671
1,107678
1,107683
1,107686
1,107687
1,107688
1,107690
0,107697
0,107700
1,107702
0,107703
1,107707
1,107708
0,107713
1,107714
0,107716
0,107721
0,107723
0,107726
0,107731
0,107732
0,107733
0,107734
0,107737
0,107738
0,107741
0,107745
0,107746
1,107749
1,107752
0,107763
1,107764
0,107767
0,107768
0,107769
0,107773
1,107774
0,107775
0,107777
0,107778
0,107781
1,107782
0,107788
1,107796
0,107798
0,107799
1,107803
0,107806
1,107809
1,107813
1,107815
0,107819
0,107822
1,107823
0,107826
0,107828
0,107830
0,107831
1,107832
0,107834
0,107835
1,107837
0,107839
0,107840
0,107843
1,107844
0,107851
0,107859
1,107860
0,107861
0,107868
0,107875
0,107878
0,107879
0,107880
0,107881
0,107883
0,107884
1,107885
0,107886
0,107888
0,107889
0,107890
0,107891
1,107894
1,107896
0,107898
1,107900
0,107901
1,107904
0,107906
1,107909
0,107918
0,107920
0,107921
0,107922
0,107925
1,107930
1,107931
0,107934
0,107936
0,107945
1,107946
1,107947
0,107949
0,107951
0,107952
0,107954
0,107956
0,107958
0,107959
1,107961
0,107962
0,107971
1,107975
1,107980
0,107985
1,107986
0,107988
1,107991
0,107992
1,107993
0,107996
0,107997
0,107999
0,108000
0,108002
0,108003
0,108004
0,108006
1,108007
0,108010
0,108011
1,108013
0,108014
0,108015
0,108019
0,108021
0,108022
1,108029
1,108030
1,108032
0,108036
0,108040
0,108041
1,108047
1,108049
0,108053
1,108054
0,108056
0,108058
0,108059
1,108063
0,108064
0,108066
0,108077
0,108080
1,108081
1,108084
1,108087
1,108089
0,108090
0,108091
0,108092
1,108093
0,108095
0,108096
1,108097
1,108100
0,108106
0,108107
0,108109
1,108113
0,108116
1,108119
0,108121
0,108127
0,108136
0,108138
0,108143
0,108146
1,108149
1,108150
0,108153
1,108159
0,108162
0,108163
0,108164
0,108165
0,108169
0,108170
0,108171
0,108172
0,108175
0,108176
1,108180
1,108181
0,108184
0,108186
0,108194
0,108200
0,108201
1,108203
1,108204
0,108210
0,108211
0,108213
1,108215
1,108219
0,108223
1,108228
0,108231
0,108238
0,108241
1,108242
0,108245
0,108246
1,108247
0,108248
0,108250
0,108251
0,108254
1,108255
0,108256
0,108257
0,108258
1,108260
0,108261
0,108262
0,108263
0,108265
0,108267
0,108268
0,108271
0,108272
0,108275
0,108277
0,108278
1,108286
0,108291
0,108293
0,108299
0,108300
0,108301
0,108307
1,108308
0,108314
0,108329
1,108332
1,108334
0,108335
0,108336
0,108339
0,108340
0,108342
0,108345
0,108347
0,108352
0,108354
1,108357
1,108360
1,108363
0,108365
0,108367
1,108372
0,108375
0,108376
1,108378
1,108379
0,108382
1,108386
0,108389
0,108394
1,108396
0,108398
0,108401
0,108403
0,108405
1,108407
0,108408
0,108409
1,108410
0,108411
0,108412
0,108414
1,108415
0,108417
0,108424
0,108425
1,108436
1,108440
0,108448
1,108449
0,108451
0,108455
1,108466
0,108470
1,108471
0,108474
0,108478
0,108481
0,108482
0,108485
1,108488
0,108489
0,108494
0,108496
0,108497
1,108502
0,108504
1,108506
0,108507
1,108514
0,108523
0,108525
0,108528
0,108529
0,108534
0,108537
0,108540
1,108542
0,108543
0,108544
0,108547
1,108551
0,108552
1,108558
1,108559
0,108562
1,108563
1,108565
0,108566
0,108568
1,108570
0,108571
0,108577
0,108578
0,108580
0,108585
1,108591
0,108592
0,108593
1,108595
0,108596
1,108597
0,108602
0,108610
0,108611
0,108619
0,108621
0,108623
1,108628
0,108630
0,108638
1,108639
1,108641
0,108642
0,108644
1,108645
0,108646
0,108647
1,108648
0,108652
0,108656
0,108657
0,108660
1,108661
1,108663
0,108665
1,108666
0,108668
0,108671
0,108672
0,108674
0,108676
0,108679
0,108680
1,108685
0,108686
0,108687
1,108688
0,108690
0,108691
1,108692
0,108693
1,108694
0,108695
1,108701
1,108702
0,108703
0,108706
0,108707
1,108712
0,108713
1,108716
0,108720
0,108721
0,108722
0,108724
0,108726
1,108727
0,108728
0,108730
0,108731
0,108739
0,108740
0,108741
0,108744
0,108746
1,108747
0,108751
0,108752
0,108756
0,108758
1,108759
1,108762
0,108763
1,108765
0,108768
1,108769
0,108772
0,108774
1,108776
0,108777
0,108779
0,108780
0,108782
0,108783
1,108785
0,108786
0,108787
0,108789
0,108792
0,108796
1,108797
0,108798
1,108799
0,108801
1,108805
1,108808
0,108809
0,108815
0,108817
0,108818
1,108819
0,108820
0,108821
0,108823
0,108826
0,108829
0,108830
0,108832
1,108834
0,108835
0,108847
0,108849
0,108854
1,108855
0,108868
0,108869
1,108876
0,108877
1,108886
1,108889
0,108893
1,108896
0,108901
1,108903
0,108907
1,108911
0,108916
0,108917
0,108919
0,108921
0,108923
0,108924
0,108927
0,108931
0,108932
1,108935
0,108936
0,108937
0,108944
0,108945
1,108946
1,108949
1,108950
0,108951
0,108955
0,108956
0,108957
0,108969
1,108971
0,108973
1,108976
0,108977
0,108980
0,108981
0,108983
1,108984
0,108987
1,108990
0,108991
0,108992
0,108997
0,109000
0,109002
0,109008
0,109011
0,109012
0,109015
1,109018
0,109021
0,109022
1,109023
0,109028
1,109031
0,109035
1,109036
0,109038
0,109040
1,109041
0,109042
0,109043
1,109045
0,109047
1,109050
0,109051
0,109053
0,109059
1,109060
0,109061
0,109064
0,109068
0,109070
0,109071
0,109074
1,109076
0,109078
0,109082
0,109083
0,109085
0,109088
1,109090
0,109094
0,109095
0,109096
0,109098
1,109099
0,109100
1,109101
0,109102
0,109108
1,109109
0,109112
0,109113
0,109116
0,109117
0,109118
0,109122
0,109127
0,109132
1,109134
0,109137
0,109138
1,109142
0,109146
0,109148
0,109149
1,109151
0,109155
0,109156
0,109157
1,109161
0,109163
0,109164
0,109165
1,109166
0,109167
1,109168
0,109170
0,109175
0,109178
0,109180
0,109182
0,109183
0,109185
0,109186
1,109188
0,109191
0,109197
0,109198
0,109201
0,109203
0,109205
0,109206
0,109207
1,109209
0,109215
0,109217
0,109218
0,109221
0,109222
0,109224
0,109226
0,109228
0,109230
0,109232
1,109233
0,109234
0,109236
1,109237
0,109240
0,109241
0,109244
0,109249
0,109251
1,109253
0,109256
0,109257
1,109258
0,109260
1,109261
0,109262
0,109264
1,109265
0,109266
0,109275
0,109276
0,109280
0,109281
0,109285
1,109286
0,109294
1,109297
0,109303
0,109304
0,109305
1,109311
0,109314
0,109315
0,109316
0,109319
0,109321
0,109323
0,109324
0,109327
1,109328
0,109331
0,109333
1,109334
1,109335
0,109337
0,109346
0,109348
0,109349
0,109352
0,109354
1,109355
0,109356
1,109358
0,109360
1,109363
1,109368
0,109369
0,109371
0,109373
1,109374
0,109375
0,109376
0,109377
0,109379
1,109382
0,109385
0,109386
1,109394
1,109395
1,109397
0,109398
0,109400
0,109403
0,109407
0,109408
0,109409
1,109413
0,109419
0,109421
0,109425
1,109430
1,109437
0,109439
0,109440
0,109442
0,109447
0,109454
1,109457
0,109461
0,109463
0,109464
0,109465
0,109466
0,109467
1,109468
0,109470
0,109471
0,109472
0,109474
0,109475
0,109477
0,109479
0,109480
0,109481
1,109484
1,109488
1,109489
0,109495
0,109496
1,109497
0,109500
0,109501
1,109507
0,109509
0,109510
0,109511
1,109512
0,109514
0,109515
0,109516
0,109519
0,109520
0,109521
0,109522
1,109523
0,109526
0,109538
0,109539
0,109540
1,109541
1,109544
1,109547
0,109551
0,109552
0,109554
0,109555
0,109556
0,109557
0,109558
0,109559
0,109560
0,109566
0,109569
0,109575
1,109577
0,109578
1,109579
0,109581
1,109585
0,109589
0,109591
0,109594
1,109595
0,109596
0,109597
0,109603
0,109609
0,109610
0,109611
0,109613
1,109615
0,109616
0,109618
0,109620
0,109621
0,109623
0,109632
0,109633
0,109638
0,109640
1,109641
1,109642
1,109645
0,109646
1,109648
0,109650
1,109651
0,109652
0,109654
0,109657
0,109661
0,109663
0,109668
0,109673
1,109674
1,109675
0,109676
0,109678
0,109680
0,109683
0,109684
0,109685
1,109686
0,109688
0,109689
1,109690
1,109696
0,109697
0,109698
0,109703
0,109708
1,109709
0,109710
0,109715
0,109716
0,109717
1,109723
0,109724
0,109726
1,109729
1,109730
0,109735
0,109736
0,109737
0,109740
0,109741
0,109742
0,109747
0,109748
1,109753
1,109754
0,109761
0,109762
0,109766
1,109769
0,109770
0,109772
1,109773
1,109776
1,109779
1,109783
0,109787
0,109792
0,109806
0,109807
0,109809
1,109811
0,109814
0,109817
0,109818
0,109820
0,109823
1,109828
0,109831
0,109839
0,109840
0,109844
0,109847
0,109854
0,109857
0,109858
1,109865
0,109868
0,109873
0,109876
0,109877
0,109878
1,109879
0,109883
0,109884
1,109886
1,109887
0,109889
1,109894
0,109895
0,109897
0,109900
0,109905
0,109909
0,109914
1,109915
1,109916
1,109917
0,109919
1,109920
1,109921
0,109922
1,109925
0,109928
0,109930
0,109932
0,109940
0,109945
0,109946
1,109949
0,109953
1,109954
0,109958
1,109959
0,109961
0,109962
0,109967
1,109969
0,109970
0,109971
0,109974
0,109975
0,109976
0,109982
1,109983
0,109985
1,109995
1,109996
1,109998
1,109999
0,110003
1,110008
1,110009
0,110011
1,110012
0,110013
0,110016
0,110018
1,110019
0,110020
0,110022
0,110023
1,110024
0,110025
0,110026
0,110027
0,110028
1,110029
0,110031
0,110032
1,110035
0,110036
1,110038
1,110040
0,110042
0,110043
1,110047
1,110048
0,110051
0,110056
0,110057
1,110061
1,110065
0,110066
1,110068
0,110071
0,110075
1,110077
0,110080
1,110082
0,110083
0,110085
0,110087
1,110089
0,110091
0,110094
0,110095
0,110096
0,110102
1,110106
0,110109
0,110111
0,110113
0,110114
1,110115
0,110116
1,110117
0,110118
0,110121
1,110122
0,110124
0,110133
1,110140
0,110150
0,110151
0,110154
0,110157
1,110159
0,110161
0,110163
0,110166
1,110170
0,110172
0,110173
1,110175
0,110176
0,110177
0,110179
0,110181
1,110186
0,110187
0,110192
0,110193
0,110195
1,110200
0,110202
1,110204
1,110205
0,110206
0,110208
0,110210
0,110219
1,110220
0,110222
1,110223
1,110225
0,110228
0,110230
0,110231
0,110238
0,110242
0,110244
1,110247
0,110248
0,110252
1,110253
0,110254
0,110255
0,110256
1,110263
0,110270
0,110275
0,110278
1,110279
0,110281
0,110282
1,110284
0,110285
0,110289
0,110291
0,110294
1,110297
0,110299
1,110301
1,110302
0,110311
0,110312
0,110314
0,110316
0,110317
0,110320
1,110321
0,110322
0,110323
1,110324
0,110325
0,110327
0,110333
1,110337
0,110340
1,110341
1,110349
1,110350
1,110353
0,110358
0,110364
0,110365
0,110366
1,110367
0,110370
0,110372
1,110373
0,110382
0,110384
1,110385
1,110386
1,110387
0,110388
0,110390
1,110391
1,110396
1,110400
0,110401
0,110402
0,110407
0,110408
1,110410
1,110412
1,110413
0,110417
0,110419
0,110421
1,110423
1,110426
1,110431
0,110433
0,110435
1,110438
0,110440
0,110444
1,110450
0,110451
1,110454
0,110457
0,110460
0,110461
0,110464
1,110465
0,110467
1,110468
0,110469
1,110470
0,110474
1,110476
0,110477
0,110478
0,110480
0,110482
1,110483
0,110485
1,110487
1,110495
0,110498
1,110502
1,110507
0,110509
0,110510
0,110514
0,110517
0,110518
1,110519
1,110528
0,110536
0,110537
1,110541
0,110542
1,110548
0,110550
0,110551
0,110553
1,110554
1,110555
0,110559
1,110564
0,110565
0,110567
1,110570
0,110576
1,110582
0,110583
1,110588
1,110589
1,110594
1,110597
0,110601
0,110603
1,110604
0,110607
1,110612
0,110614
1,110619
0,110621
0,110622
0,110623
0,110625
0,110626
1,110628
0,110631
0,110632
0,110634
1,110637
1,110639
0,110641
0,110642
0,110651
0,110652
1,110654
0,110656
0,110658
0,110660
1,110661
1,110662
0,110667
0,110668
1,110673
1,110675
1,110676
1,110678
0,110680
0,110681
1,110683
1,110686
0,110688
1,110695
0,110697
1,110698
0,110701
1,110703
0,110706
1,110709
0,110712
0,110715
1,110716
0,110720
1,110725
1,110726
1,110727
1,110734
0,110736
0,110738
1,110739
0,110742
0,110744
1,110745
1,110746
0,110749
1,110754
1,110757
1,110758
0,110760
0,110762
0,110764
0,110766
1,110767
0,110770
1,110771
0,110776
0,110778
1,110780
1,110784
0,110785
0,110786
1,110791
0,110792
0,110794
1,110802
0,110804
0,110808
0,110810
1,110812
1,110814
0,110816
0,110817
0,110818
0,110822
0,110825
1,110828
1,110833
1,110838
0,110842
0,110845
0,110847
0,110849
1,110851
1,110852
1,110853
0,110868
0,110870
1,110874
0,110875
0,110876
1,110879
0,110882
1,110883
0,110893
0,110894
0,110895
1,110896
0,110898
0,110899
0,110900
0,110901
0,110906
0,110913
0,110918
0,110920
0,110930
0,110933
0,110934
0,110938
0,110939
1,110940
1,110941
1,110943
0,110944
0,110945
0,110946
0,110950
0,110955
0,110957
0,110959
1,110960
0,110963
0,110965
0,110971
0,110972
0,110978
0,110982
0,110984
0,110985
0,110988
1,110989
0,110995
0,110996
0,110997
0,110999
0,111000
0,111004
0,111008
0,111010
0,111012
0,111013
0,111014
0,111015
0,111018
0,111019
0,111022
0,111023
0,111025
0,111027
1,111028
0,111030
1,111031
0,111032
1,111033
1,111035
0,111036
0,111040
0,111041
0,111055
0,111059
0,111061
1,111063
0,111064
1,111067
0,111073
0,111075
0,111078
0,111086
1,111091
0,111092
0,111094
0,111097
0,111103
1,111108
0,111110
0,111111
1,111113
1,111123
1,111125
1,111127
1,111128
1,111131
1,111132
0,111133
0,111134
0,111136
0,111137
1,111138
0,111139
1,111145
1,111148
0,111149
0,111153
0,111155
0,111156
0,111160
1,111161
0,111162
0,111169
0,111171
0,111172
0,111174
0,111175
0,111176
0,111177
1,111178
1,111183
1,111184
0,111185
1,111188
0,111192
0,111193
1,111195
0,111202
0,111207
0,111208
0,111210
1,111212
0,111214
0,111217
1,111223
0,111224
0,111225
0,111227
1,111229
0,111231
1,111233
1,111234
1,111236
0,111237
1,111242
0,111247
1,111248
1,111250
0,111252
1,111254
1,111255
1,111259
0,111260
1,111264
0,111266
1,111276
1,111277
1,111278
1,111282
0,111284
1,111286
0,111287
0,111288
1,111289
0,111292
0,111294
0,111297
0,111298
0,111299
1,111300
0,111301
0,111309
1,111310
0,111317
0,111324
0,111325
0,111326
0,111331
0,111333
0,111334
0,111338
0,111341
0,111344
0,111346
0,111351
1,111352
1,111353
0,111354
0,111356
0,111357
0,111358
0,111359
1,111360
0,111361
1,111362
0,111365
0,111366
1,111367
0,111370
1,111373
1,111374
1,111379
1,111380
0,111383
0,111387
0,111392
0,111394
0,111400
0,111401
0,111403
0,111405
1,111406
0,111410
0,111412
0,111414
0,111415
1,111417
1,111418
0,111428
0,111432
0,111433
0,111435
0,111441
0,111445
0,111448
0,111453
0,111456
1,111458
1,111463
0,111466
1,111467
0,111469
0,111472
0,111480
0,111482
0,111483
1,111484
0,111487
1,111488
1,111489
1,111492
0,111503
0,111506
0,111513
1,111517
0,111518
1,111520
1,111522
0,111523
1,111531
1,111534
1,111535
0,111536
0,111538
1,111540
0,111543
0,111544
0,111548
0,111552
0,111559
0,111560
1,111563
0,111570
0,111578
1,111580
0,111587
0,111588
0,111589
1,111591
0,111592
0,111595
1,111596
0,111600
0,111601
0,111606
1,111608
0,111610
0,111611
1,111614
0,111615
0,111621
1,111626
1,111627
0,111629
0,111634
1,111635
0,111636
1,111637
0,111639
1,111640
1,111644
1,111645
0,111647
1,111653
0,111656
0,111658
0,111660
0,111663
0,111666
0,111679
0,111680
0,111681
0,111683
1,111686
0,111688
0,111689
0,111693
1,111698
0,111701
0,111703
0,111704
0,111705
0,111707
1,111711
0,111712
0,111717
1,111722
1,111723
0,111724
0,111725
0,111726
0,111730
0,111733
0,111736
0,111737
0,111741
0,111745
0,111746
0,111747
0,111750
1,111751
0,111753
1,111755
1,111756
0,111758
0,111759
0,111761
0,111762
0,111763
0,111768
0,111769
0,111771
0,111774
0,111777
0,111778
1,111781
0,111782
0,111788
0,111789
0,111791
1,111792
1,111793
0,111795
1,111800
0,111801
1,111808
0,111809
0,111811
0,111812
0,111814
0,111815
1,111817
0,111819
0,111820
0,111821
1,111824
0,111826
0,111832
0,111833
0,111837
0,111838
1,111840
0,111841
1,111842
0,111851
0,111852
0,111858
0,111861
0,111863
1,111864
0,111867
0,111868
1,111870
1,111872
1,111873
0,111880
0,111881
0,111884
1,111886
1,111887
0,111890
1,111891
1,111892
0,111893
1,111896
0,111900
0,111903
0,111905
0,111907
1,111910
0,111912
1,111913
0,111914
0,111915
0,111916
0,111918
0,111922
0,111924
0,111925
1,111926
0,111927
0,111929
1,111932
0,111935
0,111937
0,111940
1,111941
0,111942
0,111945
1,111946
1,111947
1,111948
1,111949
0,111951
0,111953
0,111955
0,111956
1,111962
0,111967
0,111970
0,111976
1,111979
1,111981
0,111982
1,111988
0,111989
0,111990
0,111991
0,111992
0,111998
0,112001
1,112004
0,112011
1,112012
1,112013
0,112018
0,112019
0,112021
1,112022
0,112023
0,112025
0,112027
0,112031
1,112032
1,112034
0,112035
1,112040
0,112041
1,112045
0,112048
1,112049
0,112050
0,112053
1,112055
0,112063
0,112067
1,112068
0,112069
0,112073
1,112075
0,112076
0,112083
0,112086
1,112087
0,112088
0,112092
0,112093
1,112095
1,112097
0,112102
0,112104
0,112106
0,112107
0,112116
1,112118
0,112122
0,112124
0,112129
1,112130
1,112137
1,112138
0,112142
0,112147
0,112148
0,112151
0,112156
0,112162
0,112163
0,112166
0,112167
1,112171
0,112177
0,112178
0,112179
0,112181
0,112186
1,112187
1,112188
0,112189
1,112190
0,112191
1,112192
0,112193
0,112194
1,112195
0,112198
0,112201
1,112204
0,112206
0,112208
1,112215
0,112216
1,112218
0,112223
1,112225
1,112226
1,112227
1,112230
1,112241
0,112243
1,112244
1,112249
0,112253
1,112254
1,112259
0,112261
0,112266
1,112269
0,112272
0,112276
0,112278
0,112279
1,112287
0,112293
1,112295
0,112296
1,112297
1,112301
0,112304
0,112306
0,112308
0,112310
0,112312
0,112313
0,112314
0,112322
0,112328
0,112329
1,112330
1,112336
0,112340
0,112343
0,112349
0,112351
1,112353
0,112354
1,112356
0,112360
1,112361
1,112363
0,112366
0,112367
0,112371
1,112373
0,112374
1,112375
1,112376
0,112377
0,112378
0,112379
1,112381
0,112384
0,112385
1,112386
0,112388
1,112390
0,112392
0,112394
1,112397
0,112398
1,112406
0,112407
1,112408
1,112412
1,112415
1,112417
1,112419
0,112426
0,112428
0,112430
0,112431
1,112434
1,112435
0,112443
0,112444
1,112447
0,112448
1,112449
1,112452
0,112453
0,112456
0,112457
0,112458
0,112460
1,112461
0,112463
0,112464
0,112466
0,112471
0,112477
1,112479
0,112481
0,112483
1,112485
1,112491
0,112493
0,112494
0,112498
0,112500
0,112501
0,112503
0,112507
0,112517
1,112519
1,112521
1,112527
1,112529
0,112534
0,112535
0,112537
1,112541
0,112543
0,112547
1,112552
1,112554
1,112555
1,112557
0,112558
0,112559
0,112561
0,112563
0,112565
0,112569
0,112573
0,112574
0,112576
0,112578
0,112579
1,112583
1,112586
1,112587
0,112588
0,112590
1,112591
0,112592
1,112594
0,112598
0,112608
0,112609
0,112611
1,112617
0,112623
1,112628
0,112629
0,112632
0,112634
1,112635
0,112636
0,112637
0,112638
1,112640
0,112641
0,112643
1,112652
0,112654
1,112657
0,112663
0,112664
0,112665
0,112666
1,112667
0,112670
0,112671
1,112673
1,112675
0,112678
1,112681
0,112682
1,112688
1,112690
0,112691
0,112693
0,112694
0,112695
1,112697
1,112706
1,112707
1,112711
0,112714
0,112716
1,112718
0,112719
1,112721
1,112724
1,112725
1,112726
0,112728
0,112731
1,112732
0,112733
1,112736
0,112742
1,112743
0,112744
1,112747
0,112750
0,112751
0,112755
0,112756
0,112757
1,112758
1,112760
0,112761
0,112762
0,112763
1,112764
0,112768
1,112769
1,112775
1,112782
0,112784
0,112789
1,112792
1,112793
1,112795
1,112797
0,112799
0,112800
1,112801
0,112803
0,112804
0,112807
0,112812
1,112816
0,112818
1,112827
0,112834
0,112838
1,112839
0,112846
1,112854
0,112856
0,112860
0,112861
0,112865
0,112870
1,112871
0,112873
0,112874
1,112880
0,112881
1,112884
0,112886
0,112887
0,112893
0,112896
1,112901
0,112902
1,112904
1,112906
0,112907
0,112908
1,112910
0,112915
0,112916
1,112919
1,112922
1,112924
0,112929
0,112932
1,112933
0,112937
0,112938
0,112940
0,112941
0,112947
0,112951
1,112952
0,112957
0,112959
0,112962
0,112965
0,112970
1,112971
0,112973
1,112975
0,112982
0,112984
0,112988
1,112989
0,112994
1,112996
1,112997
0,113002
0,113004
0,113006
0,113007
0,113010
0,113011
0,113012
0,113013
0,113020
0,113022
0,113026
1,113028
0,113029
0,113030
1,113032
0,113033
1,113036
0,113040
1,113043
0,113044
1,113045
0,113047
0,113053
0,113054
0,113056
1,113058
0,113059
0,113061
0,113063
0,113068
1,113071
1,113073
0,113074
0,113076
0,113080
0,113085
0,113086
1,113087
0,113091
0,113094
0,113095
0,113101
1,113108
1,113109
0,113110
0,113111
0,113113
1,113114
0,113115
0,113122
0,113123
1,113124
1,113126
0,113128
0,113129
0,113131
0,113135
0,113137
1,113138
0,113144
1,113145
0,113146
1,113153
1,113156
1,113158
1,113160
0,113161
1,113162
1,113163
1,113164
1,113173
0,113177
1,113178
1,113179
0,113181
1,113183
0,113184
0,113188
1,113189
0,113192
0,113193
1,113195
0,113197
1,113198
0,113200
0,113202
0,113209
0,113212
0,113214
0,113217
0,113219
1,113220
1,113223
0,113224
0,113231
0,113232
1,113237
1,113239
1,113240
0,113241
0,113242
0,113243
0,113245
0,113246
1,113248
1,113249
1,113255
1,113257
0,113260
1,113263
1,113265
0,113270
1,113273
1,113279
0,113291
0,113292
0,113295
1,113296
0,113299
0,113302
1,113307
0,113309
0,113310
0,113312
0,113313
0,113314
0,113319
0,113321
0,113325
0,113327
0,113328
0,113330
0,113332
0,113333
1,113335
1,113336
0,113338
0,113339
1,113343
0,113347
0,113349
0,113352
1,113353
0,113357
0,113358
0,113359
0,113361
0,113368
0,113369
0,113370
1,113371
1,113375
1,113379
1,113382
0,113383
1,113387
0,113389
0,113390
0,113391
0,113392
0,113395
0,113397
1,113401
1,113403
1,113406
0,113410
0,113412
1,113416
0,113418
1,113419
0,113424
0,113427
1,113432
0,113433
0,113434
1,113436
0,113437
0,113439
1,113440
0,113441
0,113442
0,113449
0,113458
1,113462
0,113464
0,113466
0,113467
0,113468
0,113469
1,113475
1,113480
1,113486
0,113488
1,113490
0,113491
1,113492
1,113495
0,113499
1,113504
0,113505
0,113508
0,113509
0,113514
0,113518
0,113519
0,113521
0,113529
1,113530
0,113531
0,113533
0,113536
1,113537
1,113538
1,113541
0,113547
0,113554
0,113556
0,113557
0,113562
1,113563
1,113564
0,113566
0,113567
1,113575
1,113577
0,113578
0,113581
0,113582
1,113584
1,113586
0,113587
0,113589
1,113591
0,113595
0,113603
1,113604
1,113605
1,113610
0,113611
1,113613
0,113616
0,113628
0,113630
0,113634
0,113635
1,113637
0,113645
0,113647
1,113649
0,113650
0,113651
1,113652
1,113653
0,113654
0,113657
0,113658
1,113662
1,113666
0,113667
0,113673
1,113683
0,113684
0,113689
0,113693
1,113698
1,113701
0,113702
0,113709
0,113711
0,113712
0,113721
1,113722
1,113723
0,113731
0,113732
0,113734
0,113735
0,113737
1,113738
1,113741
0,113743
0,113744
1,113745
0,113746
0,113747
0,113750
0,113751
0,113755
1,113757
0,113758
0,113761
0,113763
0,113764
0,113770
0,113777
0,113779
0,113781
1,113782
1,113792
1,113793
1,113794
1,113797
0,113798
0,113802
0,113807
0,113808
0,113809
0,113810
1,113816
1,113819
0,113824
1,113826
1,113827
0,113828
0,113830
1,113837
0,113838
0,113839
0,113844
0,113850
1,113853
0,113854
1,113860
1,113863
1,113865
0,113868
0,113872
1,113874
0,113876
1,113882
0,113883
0,113885
0,113888
1,113891
1,113892
0,113894
0,113896
0,113897
0,113906
0,113907
0,113908
0,113910
0,113911
0,113917
0,113919
0,113920
0,113922
0,113926
0,113927
1,113928
0,113931
1,113932
1,113933
0,113939
0,113943
1,113949
0,113950
0,113953
1,113954
0,113955
0,113959
1,113961
0,113962
0,113963
0,113970
1,113975
0,113982
0,113991
1,113992
1,113994
1,113995
1,113996
1,113998
1,114001
0,114002
0,114003
1,114005
0,114007
0,114017
0,114019
0,114021
1,114025
0,114026
0,114027
1,114032
0,114035
1,114037
1,114038
0,114042
0,114043
0,114044
1,114045
0,114048
0,114053
1,114055
0,114059
0,114061
0,114063
0,114066
1,114070
0,114073
0,114078
0,114079
0,114080
0,114081
0,114082
0,114083
1,114084
1,114086
0,114088
0,114090
1,114091
1,114094
1,114098
0,114103
1,114104
0,114105
0,114106
0,114108
0,114109
0,114112
0,114114
0,114115
0,114117
1,114122
0,114124
0,114125
0,114131
1,114133
0,114135
0,114139
0,114140
0,114141
0,114142
1,114143
0,114144
0,114151
1,114153
0,114159
1,114160
1,114162
1,114167
0,114170
1,114172
0,114178
0,114181
0,114182
0,114188
0,114189
0,114191
1,114193
1,114195
0,114196
0,114201
0,114202
0,114203
0,114204
1,114210
1,114214
0,114215
0,114226
0,114227
0,114228
1,114229
1,114236
1,114238
0,114239
0,114240
1,114241
0,114244
1,114246
0,114249
0,114250
0,114251
1,114252
0,114259
1,114264
0,114268
0,114283
0,114284
1,114286
0,114287
1,114289
0,114291
1,114294
1,114295
0,114296
0,114298
0,114300
1,114301
0,114304
1,114305
0,114309
1,114313
1,114314
0,114318
0,114327
0,114329
1,114330
0,114332
1,114333
0,114336
0,114337
0,114339
0,114340
0,114341
0,114343
1,114348
0,114350
0,114354
0,114356
0,114364
1,114365
0,114366
1,114367
0,114368
1,114369
0,114371
0,114373
0,114374
0,114375
0,114376
0,114377
1,114379
0,114382
0,114384
1,114385
0,114387
1,114390
1,114391
1,114392
1,114393
1,114403
1,114405
0,114406
0,114407
1,114408
1,114409
1,114412
0,114418
0,114421
1,114425
0,114433
0,114434
0,114436
1,114441
1,114443
0,114445
1,114446
0,114447
1,114449
0,114454
0,114458
0,114459
0,114461
0,114468
1,114469
0,114472
0,114473
0,114475
0,114482
1,114483
1,114484
1,114488
1,114489
1,114491
1,114492
0,114496
1,114497
0,114501
0,114503
0,114506
1,114508
0,114512
0,114513
1,114514
0,114518
0,114519
0,114521
0,114525
0,114532
0,114536
0,114537
1,114538
0,114542
1,114543
0,114544
1,114545
0,114550
1,114551
0,114552
1,114553
0,114560
0,114563
1,114567
1,114569
0,114572
0,114576
0,114578
0,114580
0,114582
0,114583
0,114585
0,114587
1,114591
0,114592
0,114593
0,114595
1,114597
1,114601
1,114608
0,114609
0,114612
0,114614
1,114622
0,114623
0,114626
0,114628
1,114630
0,114639
1,114640
0,114641
1,114642
0,114643
0,114645
0,114647
0,114648
1,114649
0,114651
0,114655
0,114657
0,114659
0,114663
0,114675
0,114679
0,114681
1,114684
0,114688
1,114689
0,114690
0,114691
1,114693
0,114696
1,114701
1,114702
0,114703
1,114705
0,114706
0,114707
0,114709
0,114710
0,114711
0,114712
0,114713
0,114715
0,114719
0,114726
0,114727
0,114734
1,114736
0,114739
1,114743
0,114745
0,114746
0,114751
0,114752
0,114756
0,114758
0,114760
0,114764
0,114765
0,114770
0,114775
0,114776
1,114779
0,114782
1,114787
0,114793
0,114797
0,114800
0,114803
0,114807
0,114809
0,114811
1,114812
0,114815
0,114821
1,114822
0,114823
1,114824
0,114827
0,114829
1,114831
0,114832
0,114836
1,114837
1,114838
0,114845
0,114850
0,114852
0,114861
1,114862
0,114863
0,114864
1,114868
0,114871
1,114873
0,114875
0,114877
0,114878
0,114879
0,114880
1,114882
0,114883
1,114885
0,114887
0,114892
1,114894
0,114895
1,114898
1,114902
0,114903
0,114906
0,114910
0,114918
1,114924
1,114927
0,114929
1,114930
0,114931
0,114933
0,114938
0,114940
0,114942
0,114943
0,114945
1,114946
0,114947
1,114949
1,114951
1,114957
0,114971
0,114975
0,114978
1,114989
0,114992
0,115001
0,115003
0,115006
0,115007
1,115008
1,115012
1,115020
1,115025
0,115026
1,115028
0,115029
0,115030
1,115031
0,115035
0,115036
0,115039
0,115049
0,115053
1,115054
1,115056
0,115058
1,115061
1,115064
0,115065
0,115066
0,115069
0,115072
0,115073
1,115078
1,115080
0,115082
0,115084
1,115086
0,115087
1,115089
0,115090
0,115092
0,115093
0,115095
1,115097
1,115099
0,115102
0,115103
0,115104
0,115108
0,115112
0,115114
1,115120
0,115121
1,115126
0,115128
0,115129
0,115137
0,115138
1,115139
0,115142
0,115145
0,115147
0,115150
0,115153
0,115156
1,115159
0,115163
0,115164
1,115165
0,115167
0,115174
0,115175
1,115178
1,115180
1,115181
0,115187
0,115190
1,115193
1,115195
0,115196
0,115197
0,115198
0,115205
0,115209
1,115210
1,115211
0,115212
1,115215
0,115221
1,115223
1,115232
0,115235
0,115237
1,115238
0,115244
0,115245
0,115256
0,115257
1,115258
1,115261
0,115262
0,115263
0,115264
1,115266
1,115269
0,115270
0,115272
0,115274
1,115275
0,115276
0,115281
0,115284
1,115288
0,115290
0,115292
1,115296
1,115297
1,115298
0,115299
0,115302
1,115303
1,115307
0,115308
0,115309
0,115312
0,115314
0,115316
1,115317
0,115318
1,115319
0,115322
0,115324
0,115329
0,115331
0,115332
0,115339
1,115346
0,115348
1,115349
1,115358
0,115359
1,115360
0,115362
1,115364
1,115365
0,115368
0,115379
0,115381
1,115385
0,115389
0,115391
0,115393
1,115396
1,115397
1,115398
0,115404
0,115405
1,115406
0,115409
1,115412
1,115413
1,115414
0,115415
0,115416
0,115420
0,115423
1,115425
0,115429
0,115430
1,115431
0,115436
0,115437
1,115439
0,115440
1,115441
0,115446
0,115447
0,115450
1,115451
0,115453
0,115460
0,115466
0,115471
0,115474
0,115478
1,115479
1,115485
1,115486
1,115489
0,115494
0,115496
1,115497
0,115501
0,115503
1,115512
0,115515
0,115516
0,115518
0,115521
0,115527
0,115528
0,115529
0,115533
0,115535
1,115538
0,115541
0,115543
1,115544
1,115547
1,115549
0,115551
1,115553
1,115557
1,115558
0,115560
1,115561
0,115562
0,115563
0,115564
0,115565
0,115571
0,115572
1,115576
0,115577
1,115578
1,115584
0,115585
1,115587
0,115588
0,115589
1,115590
0,115596
1,115598
0,115600
1,115602
0,115608
0,115609
0,115610
0,115614
0,115619
1,115620
1,115621
1,115622
0,115629
1,115631
1,115635
0,115636
0,115638
0,115639
1,115640
1,115643
0,115645
0,115647
1,115653
1,115655
0,115658
0,115659
0,115660
0,115661
0,115672
1,115673
0,115680
1,115683
1,115684
1,115686
0,115688
0,115694
0,115699
0,115706
0,115708
0,115709
0,115710
1,115711
0,115713
1,115717
0,115720
0,115721
1,115722
0,115727
1,115733
0,115740
0,115747
0,115750
1,115753
0,115754
0,115755
0,115756
0,115758
0,115764
0,115767
0,115768
1,115769
1,115774
1,115775
1,115776
0,115777
1,115779
0,115780
1,115782
0,115783
0,115784
1,115785
1,115787
0,115793
1,115794
0,115795
0,115797
1,115798
0,115800
0,115801
1,115802
0,115803
0,115804
1,115806
0,115807
0,115810
1,115813
0,115814
0,115815
0,115817
1,115827
0,115828
0,115835
0,115836
0,115837
0,115840
0,115841
0,115844
1,115845
0,115850
0,115851
0,115852
0,115858
0,115861
0,115865
1,115866
1,115870
1,115875
1,115876
0,115877
1,115879
1,115880
0,115882
0,115887
0,115888
0,115890
1,115891
0,115893
0,115896
0,115899
0,115906
0,115907
1,115909
0,115912
0,115916
0,115917
1,115921
0,115923
1,115924
0,115925
1,115929
0,115934
1,115940
0,115945
1,115947
1,115949
1,115950
1,115952
0,115953
1,115954
0,115965
1,115967
0,115968
0,115969
0,115973
0,115974
0,115982
1,115984
0,115987
0,115988
0,115991
0,115992
0,115994
0,115996
0,115998
0,116003
0,116005
0,116006
0,116007
1,116021
0,116024
1,116027
0,116030
0,116035
1,116037
0,116039
0,116042
1,116045
1,116050
1,116052
0,116053
1,116058
0,116060
1,116061
0,116062
1,116064
0,116068
0,116074
0,116076
0,116079
0,116081
1,116082
0,116083
0,116084
1,116085
1,116089
1,116095
0,116096
1,116098
0,116099
0,116106
1,116108
0,116113
1,116115
1,116116
0,116120
0,116125
1,116127
0,116130
1,116133
0,116134
1,116142
1,116144
0,116148
0,116154
0,116157
0,116162
0,116163
0,116165
0,116166
0,116168
1,116172
0,116174
0,116177
0,116180
1,116182
1,116184
1,116185
0,116186
1,116187
0,116188
0,116189
0,116191
0,116192
0,116194
0,116197
0,116199
1,116205
0,116206
0,116208
0,116209
0,116210
1,116211
0,116212
0,116214
1,116215
1,116218
0,116219
0,116225
0,116226
1,116230
1,116231
0,116233
1,116234
1,116238
0,116240
1,116245
0,116246
0,116248
0,116250
1,116252
0,116253
1,116254
0,116255
1,116257
1,116258
0,116262
0,116263
0,116264
0,116267
0,116269
0,116271
0,116274
0,116276
0,116279
0,116281
1,116284
0,116286
0,116291
0,116295
0,116302
0,116305
0,116306
0,116309
0,116310
1,116312
0,116314
0,116319
0,116320
0,116327
1,116328
0,116333
0,116335
1,116338
1,116342
1,116343
1,116345
0,116348
1,116352
0,116353
0,116356
1,116357
1,116361
0,116362
1,116363
0,116364
1,116365
0,116366
0,116367
1,116368
1,116370
0,116374
0,116380
0,116383
1,116385
0,116386
0,116388
0,116389
0,116390
0,116397
0,116398
1,116404
1,116405
0,116406
0,116407
1,116409
1,116410
1,116411
1,116412
1,116414
0,116415
0,116416
0,116417
0,116421
0,116422
1,116428
1,116431
1,116432
0,116436
1,116439
1,116440
0,116441
1,116442
0,116444
0,116448
0,116449
0,116450
1,116453
1,116454
0,116455
0,116457
0,116459
0,116460
1,116465
0,116466
0,116467
0,116471
1,116475
1,116477
1,116480
0,116481
0,116483
0,116488
1,116489
0,116491
0,116494
0,116496
1,116501
0,116502
0,116504
0,116505
1,116510
1,116513
0,116515
0,116520
0,116522
0,116526
0,116527
0,116529
1,116530
1,116532
0,116533
1,116534
1,116535
1,116537
1,116538
0,116546
0,116550
0,116555
0,116556
0,116560
1,116569
1,116571
1,116572
0,116574
0,116575
0,116577
1,116578
0,116583
0,116584
0,116590
0,116591
1,116593
1,116594
0,116596
1,116600
0,116610
0,116612
0,116616
1,116617
1,116622
1,116623
0,116627
0,116628
0,116629
1,116630
1,116632
0,116633
1,116639
0,116645
1,116648
0,116656
0,116657
0,116658
0,116659
0,116660
0,116667
1,116668
1,116669
0,116672
0,116673
0,116680
0,116684
1,116687
1,116688
0,116693
0,116696
0,116698
0,116701
1,116704
0,116708
0,116709
0,116710
0,116711
0,116713
0,116714
1,116716
1,116723
0,116725
1,116726
0,116727
0,116731
0,116732
0,116735
0,116736
0,116739
0,116741
1,116742
1,116748
1,116749
0,116751
0,116755
0,116757
1,116760
1,116762
1,116765
1,116767
0,116768
0,116769
0,116770
0,116771
0,116777
0,116778
0,116780
1,116781
1,116782
0,116786
1,116788
1,116790
1,116798
0,116799
0,116800
0,116802
1,116809
0,116810
0,116815
0,116818
1,116821
0,116822
1,116823
0,116826
0,116828
0,116829
1,116830
0,116832
0,116833
0,116837
1,116840
0,116842
0,116843
0,116845
0,116846
0,116849
0,116850
0,116853
0,116854
0,116857
0,116859
0,116860
0,116861
1,116863
1,116870
0,116871
0,116872
0,116876
0,116877
0,116879
0,116881
0,116882
1,116883
0,116885
0,116887
1,116888
1,116894
1,116895
0,116896
0,116897
0,116898
1,116899
1,116901
0,116904
0,116908
0,116910
1,116912
0,116914
0,116916
0,116918
1,116929
0,116935
0,116941
0,116943
0,116945
0,116946
0,116951
0,116954
0,116956
0,116958
0,116959
0,116960
0,116965
0,116968
0,116975
1,116977
0,116978
0,116981
0,116982
1,116984
0,116988
1,116990
1,116991
1,116994
0,116996
1,116999
0,117002
1,117004
0,117005
0,117007
1,117008
0,117016
1,117020
1,117021
1,117024
1,117027
0,117029
0,117035
1,117037
0,117040
0,117042
0,117044
0,117046
1,117050
0,117054
0,117056
1,117063
1,117064
0,117066
1,117069
1,117070
0,117075
0,117077
1,117080
0,117087
0,117089
0,117098
1,117101
0,117104
1,117108
1,117111
0,117112
0,117113
0,117115
0,117122
0,117127
0,117131
1,117132
0,117134
0,117137
0,117144
1,117148
0,117149
1,117153
1,117155
1,117158
0,117161
1,117163
0,117164
0,117165
1,117167
0,117171
0,117172
0,117175
1,117177
0,117181
0,117182
0,117183
0,117189
0,117192
0,117194
0,117196
0,117202
1,117204
1,117209
0,117213
0,117214
0,117217
0,117218
0,117219
1,117220
0,117225
0,117226
1,117228
1,117232
0,117233
1,117236
1,117240
0,117253
1,117255
1,117256
0,117258
0,117259
0,117261
0,117266
0,117270
0,117275
0,117278
0,117281
0,117283
0,117284
1,117285
0,117286
0,117287
1,117288
1,117292
1,117293
0,117294
0,117297
0,117299
1,117300
1,117304
0,117306
1,117307
1,117309
0,117310
1,117312
0,117315
0,117318
1,117319
0,117327
0,117330
1,117331
0,117332
0,117333
0,117335
0,117340
0,117343
1,117347
0,117348
0,117349
0,117350
0,117351
1,117352
0,117353
0,117354
1,117355
1,117358
0,117359
0,117363
0,117364
0,117368
0,117376
0,117380
1,117381
0,117386
0,117389
1,117391
0,117394
0,117396
0,117398
0,117401
0,117406
1,117408
1,117409
1,117412
0,117413
0,117416
0,117418
0,117420
0,117422
0,117423
1,117424
0,117426
0,117427
1,117432
1,117435
0,117438
1,117442
1,117445
0,117448
1,117449
0,117450
0,117451
0,117452
0,117454
0,117455
0,117460
0,117461
1,117463
0,117464
0,117465
1,117467
1,117468
1,117471
1,117475
0,117477
1,117479
0,117480
0,117485
0,117487
1,117488
0,117489
1,117490
0,117491
0,117494
1,117496
0,117497
1,117504
0,117508
0,117510
0,117520
0,117521
0,117522
1,117526
0,117530
0,117534
0,117536
0,117547
0,117550
0,117551
1,117553
1,117559
1,117560
0,117563
0,117564
0,117569
1,117570
0,117572
0,117573
0,117574
0,117575
0,117576
0,117578
1,117579
0,117580
0,117581
1,117585
1,117586
1,117593
0,117595
1,117596
0,117597
0,117599
0,117600
1,117601
0,117603
0,117606
0,117607
1,117610
0,117611
0,117612
0,117618
1,117619
1,117621
1,117622
1,117626
0,117629
1,117630
0,117635
0,117637
1,117638
0,117640
0,117641
0,117647
0,117648
0,117651
0,117656
0,117659
1,117660
0,117664
0,117668
1,117670
1,117671
1,117674
1,117678
0,117682
0,117683
0,117686
0,117693
0,117696
0,117698
1,117699
0,117701
0,117702
1,117705
0,117707
0,117710
0,117714
0,117716
0,117717
0,117718
0,117721
0,117725
1,117726
0,117730
1,117734
0,117735
1,117736
0,117738
1,117740
0,117743
0,117745
1,117746
0,117753
0,117754
0,117756
0,117757
0,117759
0,117762
0,117763
0,117764
0,117773
1,117775
0,117780
0,117785
0,117787
0,117788
0,117794
0,117796
0,117802
1,117807
0,117809
0,117812
0,117814
1,117816
1,117825
1,117830
0,117833
0,117834
0,117836
0,117843
0,117846
1,117847
0,117854
1,117859
1,117861
1,117862
1,117863
0,117864
0,117865
0,117868
1,117871
0,117874
0,117875
0,117879
0,117880
1,117882
1,117884
1,117892
1,117898
1,117901
0,117902
1,117903
1,117904
1,117905
1,117906
0,117909
1,117910
0,117911
0,117922
0,117927
0,117929
1,117930
0,117933
0,117938
0,117939
1,117942
0,117943
1,117947
1,117948
0,117950
0,117953
0,117954
1,117957
1,117958
0,117962
1,117965
1,117968
1,117974
1,117977
1,117978
1,117979
1,117980
1,117981
0,117989
0,117990
0,117991
0,117993
0,117998
0,118003
0,118007
1,118008
1,118009
1,118012
0,118015
0,118016
0,118017
0,118020
0,118022
0,118023
0,118025
0,118028
0,118029
0,118030
0,118031
0,118033
1,118037
0,118041
0,118049
0,118050
0,118052
0,118054
0,118055
1,118057
0,118059
1,118062
0,118063
1,118067
1,118068
1,118074
0,118078
1,118081
1,118082
1,118083
0,118085
1,118087
1,118088
0,118091
0,118100
1,118104
0,118107
0,118108
0,118109
1,118114
0,118116
0,118117
0,118118
1,118119
0,118120
0,118121
1,118125
1,118130
1,118134
0,118135
0,118137
0,118138
1,118139
0,118141
1,118149
1,118150
0,118151
1,118152
0,118154
0,118155
1,118157
0,118159
0,118163
1,118164
1,118167
1,118170
0,118172
0,118174
0,118179
0,118188
0,118189
1,118191
0,118194
0,118195
0,118196
0,118197
0,118199
0,118200
0,118201
0,118202
1,118205
0,118206
0,118209
1,118210
1,118213
0,118215
0,118219
1,118221
0,118231
0,118235
0,118243
0,118245
1,118247
0,118250
0,118253
0,118254
0,118255
1,118257
1,118258
1,118261
1,118263
1,118265
0,118266
0,118269
1,118271
0,118272
0,118275
0,118276
0,118278
1,118280
0,118281
0,118282
1,118285
0,118286
0,118287
0,118288
0,118289
1,118290
0,118292
0,118293
1,118296
0,118299
0,118306
1,118307
1,118308
1,118309
0,118312
1,118314
1,118321
1,118322
1,118323
0,118329
1,118330
0,118332
1,118335
0,118346
0,118347
0,118348
0,118351
0,118352
0,118353
0,118357
0,118360
0,118361
0,118362
0,118364
0,118365
0,118367
0,118368
0,118374
1,118375
1,118378
0,118380
1,118381
0,118383
1,118386
0,118391
1,118395
1,118403
0,118405
1,118407
0,118408
0,118410
0,118411
1,118416
0,118417
0,118419
0,118422
1,118425
0,118426
0,118430
0,118431
1,118432
1,118434
0,118435
0,118436
1,118437
0,118438
0,118440
0,118445
0,118446
1,118447
1,118449
1,118451
0,118452
0,118453
0,118454
1,118455
0,118457
0,118458
1,118459
0,118461
0,118462
1,118467
1,118476
0,118478
0,118484
0,118486
0,118487
0,118496
0,118498
0,118500
1,118503
0,118507
0,118508
0,118511
0,118519
1,118521
1,118522
1,118524
1,118528
0,118530
0,118531
1,118533
1,118540
0,118544
0,118545
0,118546
0,118547
0,118551
0,118552
1,118553
1,118554
1,118559
1,118562
0,118563
0,118566
0,118570
0,118574
0,118575
0,118576
1,118582
0,118585
0,118588
1,118590
0,118592
0,118593
1,118594
1,118596
0,118606
1,118607
0,118609
1,118610
0,118612
0,118616
0,118619
1,118620
1,118625
1,118628
0,118634
0,118636
0,118637
1,118638
0,118640
0,118641
0,118643
1,118647
0,118653
1,118654
1,118661
1,118669
0,118673
0,118674
1,118675
1,118676
0,118681
0,118685
0,118686
1,118688
0,118690
0,118697
0,118699
0,118700
1,118705
0,118706
0,118707
0,118708
0,118709
1,118710
1,118711
0,118715
0,118716
0,118723
1,118725
1,118728
0,118731
0,118735
0,118741
0,118754
0,118755
0,118761
0,118764
0,118765
0,118766
0,118767
1,118769
1,118774
0,118775
0,118776
0,118777
1,118782
1,118786
1,118788
1,118789
0,118793
0,118801
0,118807
0,118808
1,118811
1,118814
0,118817
1,118819
0,118820
0,118822
0,118825
0,118826
1,118829
0,118834
0,118835
0,118840
0,118843
1,118844
1,118849
0,118850
1,118851
0,118852
0,118863
1,118864
0,118868
0,118869
1,118871
0,118872
1,118873
0,118874
0,118879
0,118890
0,118891
0,118892
0,118899
0,118903
1,118908
1,118911
0,118915
0,118916
0,118919
0,118921
1,118922
0,118923
1,118924
1,118927
1,118928
1,118929
0,118930
0,118932
1,118933
1,118934
0,118938
1,118941
0,118949
1,118950
1,118951
1,118954
1,118959
0,118962
0,118964
0,118965
1,118966
0,118968
0,118969
0,118970
1,118975
1,118977
0,118978
0,118979
0,118980
1,118981
0,118982
1,118986
0,118988
1,118989
1,118990
0,118991
0,118992
1,118993
0,118994
1,118996
1,118999
1,119001
0,119004
0,119012
0,119013
0,119015
1,119016
1,119020
0,119022
1,119024
0,119027
0,119031
1,119032
0,119033
0,119037
0,119040
1,119047
0,119049
0,119054
0,119062
0,119063
1,119065
0,119067
0,119069
0,119071
0,119073
0,119077
1,119079
1,119084
0,119085
0,119090
0,119095
0,119096
1,119102
1,119104
0,119107
1,119109
0,119114
0,119118
1,119120
1,119124
1,119128
0,119130
1,119131
0,119132
0,119133
0,119136
1,119138
1,119140
0,119141
0,119142
0,119144
0,119149
0,119150
0,119151
0,119153
0,119156
1,119159
1,119165
0,119171
0,119172
1,119173
0,119179
0,119181
0,119184
0,119185
0,119186
0,119187
0,119190
0,119191
1,119195
0,119197
0,119202
1,119205
1,119211
0,119212
1,119213
1,119215
1,119216
1,119218
0,119219
0,119220
0,119222
0,119223
0,119224
0,119225
1,119227
1,119229
0,119230
1,119233
0,119235
0,119237
0,119240
1,119241
0,119248
0,119252
0,119254
1,119258
1,119259
0,119260
0,119261
0,119262
1,119269
0,119270
1,119272
1,119274
1,119278
0,119279
0,119286
1,119287
1,119289
0,119290
1,119291
0,119296
0,119298
0,119304
1,119306
0,119308
0,119311
0,119313
0,119315
0,119316
0,119320
0,119323
1,119324
1,119332
0,119333
1,119335
0,119337
0,119339
1,119342
1,119344
0,119346
1,119347
0,119352
0,119354
1,119355
0,119357
0,119360
0,119362
0,119365
1,119366
1,119367
0,119368
0,119369
0,119370
1,119372
0,119373
1,119384
0,119386
1,119387
1,119389
1,119390
0,119393
0,119396
0,119397
0,119400
0,119401
0,119402
0,119403
1,119404
1,119405
0,119407
0,119416
0,119418
0,119419
0,119421
0,119424
1,119425
0,119426
0,119427
0,119429
1,119430
0,119431
0,119432
1,119433
0,119434
0,119442
0,119443
1,119445
0,119448
1,119449
0,119450
1,119451
1,119452
1,119453
1,119454
1,119455
0,119458
1,119460
0,119463
0,119464
1,119466
0,119467
0,119471
0,119472
0,119476
0,119477
0,119480
1,119482
0,119483
1,119484
1,119486
0,119488
0,119493
0,119495
1,119496
0,119498
0,119499
0,119501
0,119502
1,119503
0,119507
0,119508
0,119512
0,119516
0,119522
1,119528
0,119529
1,119531
0,119534
0,119535
1,119538
1,119541
1,119542
1,119543
0,119544
0,119551
0,119553
1,119554
0,119555
0,119558
0,119564
0,119579
0,119582
0,119583
1,119584
1,119588
0,119592
1,119593
1,119594
0,119597
0,119599
1,119600
0,119603
1,119607
1,119613
0,119614
0,119615
0,119624
1,119628
1,119629
1,119630
1,119635
0,119636
0,119641
1,119644
1,119652
1,119653
1,119655
0,119656
0,119657
1,119659
1,119663
0,119666
1,119669
1,119670
0,119671
1,119672
0,119673
0,119675
0,119676
0,119678
1,119680
1,119681
0,119689
0,119693
1,119695
0,119698
0,119699
1,119700
0,119706
0,119707
0,119711
1,119712
0,119714
0,119716
0,119717
1,119720
0,119721
1,119722
1,119725
0,119727
0,119730
0,119732
0,119733
0,119735
0,119736
0,119737
1,119740
1,119741
1,119742
1,119743
1,119746
1,119749
0,119755
0,119756
1,119758
0,119760
0,119763
0,119766
0,119767
0,119768
1,119769
0,119770
1,119771
1,119774
1,119776
0,119777
1,119779
1,119780
1,119781
1,119782
0,119787
0,119789
1,119793
0,119795
1,119796
0,119799
1,119802
0,119804
1,119807
0,119809
0,119810
1,119812
0,119813
1,119814
0,119817
0,119821
1,119827
0,119828
0,119830
1,119831
1,119833
0,119834
1,119838
1,119841
1,119845
1,119846
0,119847
0,119851
1,119853
0,119856
0,119858
0,119861
0,119862
0,119865
0,119866
0,119867
0,119870
0,119877
1,119878
0,119881
0,119882
0,119883
0,119885
0,119887
0,119888
0,119890
0,119892
1,119894
0,119902
0,119903
0,119905
1,119906
1,119910
1,119912
1,119914
0,119915
1,119922
1,119924
1,119929
1,119931
1,119932
0,119945
0,119949
1,119952
0,119954
1,119955
1,119958
0,119959
1,119961
0,119963
0,119966
0,119967
1,119968
0,119970
1,119973
0,119976
1,119983
0,119984
0,119986
0,119987
0,119988
0,119990
0,119991
0,119992
0,120002
1,120005
0,120006
0,120010
0,120011
1,120012
1,120014
0,120015
0,120018
1,120021
0,120022
0,120027
1,120028
0,120029
0,120032
1,120035
1,120039
1,120040
1,120045
0,120046
0,120057
0,120058
0,120061
0,120071
0,120073
0,120074
1,120076
0,120078
0,120082
1,120084
1,120086
1,120088
0,120089
0,120090
0,120093
0,120094
0,120096
0,120099
0,120100
0,120101
1,120102
0,120106
1,120107
0,120108
0,120111
1,120113
0,120114
1,120117
0,120120
1,120123
1,120124
0,120128
0,120131
0,120132
1,120135
0,120138
0,120142
0,120143
1,120145
0,120147
0,120148
0,120153
0,120154
0,120157
1,120158
0,120160
0,120163
1,120171
0,120176
1,120177
0,120178
1,120190
0,120191
0,120192
0,120193
1,120202
0,120210
1,120211
0,120213
0,120217
1,120219
1,120221
0,120222
1,120225
0,120228
0,120231
0,120232
1,120233
1,120235
1,120240
1,120241
1,120245
0,120248
0,120249
1,120251
0,120256
0,120260
1,120261
0,120262
1,120263
0,120268
0,120269
0,120272
0,120279
0,120282
1,120284
1,120287
0,120289
0,120295
1,120296
0,120298
0,120300
0,120301
1,120303
1,120306
0,120311
0,120313
1,120314
0,120317
1,120318
0,120319
0,120322
0,120326
0,120328
1,120331
1,120335
1,120344
0,120345
0,120346
1,120348
0,120350
0,120351
0,120353
0,120356
0,120358
0,120359
0,120360
0,120361
1,120363
1,120368
0,120369
0,120370
1,120373
1,120374
0,120375
0,120379
1,120381
0,120383
0,120384
0,120386
1,120387
0,120388
0,120390
1,120394
0,120395
0,120400
0,120406
0,120410
0,120412
0,120416
0,120419
0,120429
1,120433
0,120434
0,120438
0,120442
0,120443
1,120446
1,120449
0,120452
0,120454
1,120456
0,120460
0,120461
1,120462
0,120474
0,120479
0,120485
0,120493
0,120494
0,120500
0,120501
0,120502
0,120504
0,120506
0,120511
1,120512
0,120513
0,120514
0,120515
0,120516
0,120519
0,120521
0,120524
0,120526
1,120528
1,120529
1,120530
0,120531
1,120532
1,120533
1,120538
0,120539
0,120542
0,120544
0,120547
0,120551
0,120556
0,120557
0,120559
1,120566
1,120568
0,120576
0,120581
0,120583
0,120592
0,120594
0,120595
0,120601
0,120603
0,120604
0,120608
1,120610
0,120613
0,120616
0,120618
0,120620
0,120623
0,120625
0,120626
1,120627
1,120628
0,120635
0,120637
0,120638
1,120640
0,120644
0,120645
1,120646
0,120650
0,120655
0,120657
0,120659
0,120661
0,120665
0,120666
0,120668
0,120669
0,120670
0,120674
0,120675
0,120677
0,120681
0,120682
1,120684
0,120686
0,120689
0,120690
1,120691
1,120692
1,120695
1,120698
0,120699
0,120708
0,120714
0,120716
0,120717
1,120720
1,120724
1,120728
0,120729
0,120730
0,120731
0,120732
1,120733
0,120738
0,120739
0,120740
0,120741
0,120742
0,120745
0,120747
0,120752
1,120755
1,120761
0,120763
0,120770
0,120771
1,120775
0,120776
0,120778
1,120784
0,120786
0,120789
0,120791
1,120796
0,120801
0,120802
0,120807
0,120810
1,120812
0,120814
0,120818
0,120819
0,120823
0,120824
0,120825
0,120827
1,120828
0,120829
1,120830
0,120836
0,120837
0,120840
0,120841
0,120842
1,120845
1,120852
0,120853
1,120854
0,120860
0,120865
1,120866
0,120868
1,120870
0,120871
1,120872
0,120874
1,120875
0,120879
0,120880
0,120882
1,120887
0,120889
0,120895
0,120896
1,120899
0,120901
0,120903
1,120907
1,120909
0,120915
0,120920
0,120923
1,120924
0,120926
0,120927
0,120928
0,120933
1,120939
1,120940
1,120941
0,120942
0,120943
1,120944
1,120945
0,120950
0,120952
0,120955
0,120962
1,120968
0,120969
0,120970
1,120973
0,120975
0,120976
0,120978
1,120979
0,120982
0,120984
0,120985
0,120990
0,120992
1,120993
0,120994
0,120995
1,120996
0,120999
1,121000
0,121006
1,121007
1,121008
1,121009
0,121011
0,121012
0,121016
0,121019
0,121020
1,121022
1,121024
1,121030
1,121031
0,121038
1,121040
0,121041
1,121044
1,121048
0,121055
0,121056
1,121057
0,121060
0,121063
0,121067
0,121079
0,121092
0,121094
1,121096
0,121097
0,121100
0,121101
0,121108
0,121111
0,121113
0,121114
0,121116
0,121121
0,121122
0,121125
1,121129
0,121130
0,121131
0,121132
1,121133
1,121135
0,121140
0,121146
1,121147
1,121148
1,121152
0,121153
0,121154
0,121158
0,121161
0,121162
0,121164
0,121165
0,121166
0,121167
0,121168
0,121172
1,121177
0,121178
0,121186
1,121194
0,121196
0,121201
0,121202
1,121203
0,121207
0,121208
1,121211
0,121220
0,121221
0,121222
1,121223
0,121224
1,121226
0,121229
1,121235
0,121239
0,121241
0,121246
0,121247
0,121250
0,121252
0,121255
0,121263
0,121265
0,121266
0,121270
0,121271
1,121272
1,121274
1,121275
0,121276
0,121277
0,121278
0,121281
1,121283
0,121287
1,121288
1,121289
0,121291
0,121299
1,121306
0,121307
0,121310
1,121311
0,121312
0,121313
1,121314
1,121318
1,121322
0,121323
0,121325
0,121330
0,121331
0,121332
1,121333
1,121335
1,121339
0,121340
0,121341
0,121342
1,121344
1,121346
1,121347
0,121351
0,121353
1,121354
1,121357
0,121360
1,121361
0,121363
1,121365
0,121366
1,121369
0,121371
0,121372
0,121373
0,121375
1,121386
0,121392
1,121394
1,121397
0,121398
0,121400
0,121403
1,121410
0,121411
0,121415
1,121419
1,121427
0,121433
1,121435
0,121436
0,121444
1,121451
0,121456
1,121458
0,121460
0,121462
1,121463
1,121464
0,121465
1,121472
1,121473
0,121478
0,121483
0,121484
1,121485
0,121486
0,121487
1,121488
0,121492
0,121493
0,121498
0,121499
0,121500
0,121501
0,121502
0,121509
0,121515
1,121516
1,121518
1,121520
0,121521
0,121526
0,121528
1,121532
0,121538
0,121539
1,121542
1,121544
0,121546
0,121548
0,121553
1,121554
1,121555
0,121558
0,121560
0,121561
0,121563
0,121565
1,121566
1,121567
0,121568
1,121569
1,121571
0,121574
1,121576
0,121577
1,121588
0,121590
1,121599
0,121601
0,121602
1,121603
1,121604
1,121605
0,121610
0,121615
0,121616
0,121623
1,121624
1,121625
1,121627
0,121632
0,121635
1,121638
0,121639
0,121640
1,121641
1,121644
0,121653
0,121654
1,121656
1,121660
0,121662
1,121663
1,121669
0,121670
0,121671
0,121672
1,121684
0,121686
0,121689
0,121693
0,121694
1,121696
0,121701
1,121703
1,121705
0,121712
1,121713
0,121716
0,121718
1,121720
0,121730
1,121731
0,121734
0,121735
0,121741
0,121743
0,121746
0,121749
1,121750
1,121752
1,121753
0,121754
1,121755
0,121756
1,121757
1,121762
0,121766
1,121767
0,121769
1,121770
0,121771
0,121774
0,121776
1,121778
0,121779
0,121780
1,121781
1,121784
0,121787
1,121792
0,121793
1,121794
0,121796
0,121798
0,121799
1,121801
0,121802
1,121805
1,121806
0,121813
0,121814
1,121816
0,121819
0,121821
0,121822
0,121823
0,121825
1,121827
0,121828
1,121835
0,121838
1,121839
0,121840
1,121841
0,121843
0,121847
0,121849
1,121850
0,121851
0,121861
0,121862
0,121869
1,121872
0,121874
1,121876
1,121877
1,121878
1,121882
0,121883
0,121884
0,121890
1,121893
1,121901
1,121906
1,121907
0,121908
0,121910
1,121911
0,121912
1,121915
0,121916
0,121917
0,121919
1,121924
0,121925
0,121926
0,121927
0,121930
1,121931
0,121933
0,121934
1,121935
1,121937
0,121942
1,121945
0,121947
0,121949
0,121952
1,121953
0,121958
1,121964
1,121967
1,121973
0,121975
0,121976
1,121982
0,121983
1,121984
1,121993
0,121998
0,121999
0,122000
1,122001
0,122002
1,122009
0,122011
0,122012
1,122016
0,122018
0,122020
0,122022
0,122023
0,122024
0,122027
1,122029
1,122037
0,122040
0,122042
1,122043
1,122044
0,122045
0,122049
1,122056
1,122057
0,122058
0,122061
0,122062
1,122065
0,122066
1,122067
0,122068
1,122071
1,122072
1,122074
1,122077
0,122081
0,122086
0,122089
0,122093
1,122097
0,122101
0,122105
0,122109
0,122111
1,122115
0,122117
1,122119
1,122121
1,122125
1,122129
1,122135
1,122137
1,122140
0,122141
0,122142
0,122145
0,122149
1,122151
0,122154
0,122157
0,122160
1,122163
1,122164
0,122168
0,122174
1,122175
0,122184
0,122185
1,122186
0,122187
0,122189
0,122194
0,122195
0,122196
0,122197
0,122198
1,122199
1,122200
0,122206
0,122209
0,122211
0,122214
1,122216
0,122217
0,122218
0,122220
1,122223
0,122224
0,122226
0,122231
0,122233
0,122237
0,122238
1,122239
1,122240
0,122241
0,122242
1,122243
1,122249
1,122250
0,122251
0,122252
0,122253
0,122255
0,122258
1,122265
1,122267
0,122268
1,122270
0,122274
0,122277
0,122280
0,122281
0,122282
0,122283
0,122287
0,122290
0,122291
1,122292
1,122294
0,122295
1,122297
0,122305
0,122306
1,122312
1,122314
0,122315
1,122316
0,122319
0,122320
0,122324
0,122330
0,122331
1,122336
0,122337
0,122338
0,122340
0,122343
0,122347
0,122349
0,122356
0,122357
1,122359
0,122361
1,122364
0,122365
1,122368
0,122369
1,122374
0,122376
1,122378
1,122379
1,122380
0,122385
1,122389
1,122392
0,122396
0,122398
1,122401
1,122402
0,122404
0,122406
0,122407
0,122409
0,122410
0,122411
0,122412
0,122413
0,122415
0,122416
0,122417
0,122419
1,122421
1,122430
0,122433
0,122437
0,122438
0,122442
0,122443
0,122444
0,122446
1,122447
1,122448
0,122449
1,122451
0,122455
1,122459
0,122462
0,122463
0,122465
1,122475
1,122477
0,122480
0,122484
0,122486
0,122494
0,122495
1,122497
1,122500
0,122503
0,122504
0,122507
1,122509
0,122510
0,122512
0,122515
1,122516
0,122517
0,122519
0,122523
0,122524
0,122526
0,122529
0,122530
0,122532
0,122533
0,122534
0,122539
1,122541
0,122542
1,122545
0,122549
0,122554
1,122559
0,122560
1,122562
1,122568
0,122569
0,122572
0,122573
0,122575
0,122580
0,122583
0,122587
0,122589
0,122593
0,122594
0,122598
0,122599
1,122600
0,122602
0,122604
0,122609
0,122611
0,122612
0,122613
0,122616
1,122626
0,122628
0,122630
0,122634
1,122635
0,122637
0,122640
0,122642
0,122645
0,122648
0,122649
0,122652
0,122660
0,122661
0,122662
1,122665
1,122666
0,122668
1,122671
0,122672
0,122673
1,122674
1,122676
1,122677
0,122679
0,122680
1,122681
0,122682
0,122683
0,122684
1,122685
0,122687
0,122688
0,122691
0,122692
0,122693
0,122698
0,122701
0,122706
0,122707
0,122713
0,122714
0,122716
0,122718
0,122720
0,122723
0,122726
0,122730
0,122732
0,122733
1,122737
0,122740
1,122743
1,122744
0,122756
0,122759
0,122761
1,122765
1,122766
0,122771
0,122773
1,122785
0,122787
0,122789
0,122790
0,122795
0,122796
0,122797
1,122800
0,122801
0,122802
1,122804
1,122808
0,122812
0,122816
0,122818
0,122819
0,122820
1,122823
0,122824
0,122826
0,122827
0,122829
1,122832
0,122839
0,122840
0,122842
0,122843
0,122845
0,122846
0,122847
1,122849
1,122850
0,122851
0,122855
0,122857
0,122858
0,122859
0,122860
1,122862
1,122867
0,122872
0,122874
1,122881
1,122882
1,122883
0,122886
1,122888
0,122890
0,122902
0,122903
1,122905
0,122909
0,122911
0,122912
0,122913
0,122915
0,122917
1,122921
1,122923
0,122925
0,122927
0,122928
1,122933
0,122934
0,122936
0,122942
1,122944
1,122948
0,122954
0,122955
0,122956
1,122958
1,122959
0,122962
0,122966
1,122968
0,122969
1,122973
0,122975
1,122979
0,122980
0,122981
0,122983
0,122984
0,122987
0,122988
0,122990
1,122992
1,122995
0,122996
0,123000
0,123001
0,123005
0,123006
0,123009
0,123020
0,123021
0,123022
0,123023
0,123028
0,123030
1,123033
0,123035
1,123037
1,123038
1,123040
1,123041
1,123043
0,123045
0,123046
0,123048
0,123049
0,123052
0,123054
0,123063
0,123064
0,123065
0,123068
0,123071
1,123075
0,123076
0,123078
0,123079
0,123081
1,123082
1,123084
1,123086
1,123093
1,123095
1,123097
0,123101
1,123102
0,123104
0,123107
0,123108
0,123110
0,123113
0,123114
0,123122
0,123126
0,123127
0,123128
0,123131
0,123133
0,123136
0,123137
0,123139
0,123140
0,123143
0,123146
0,123147
0,123149
0,123151
1,123154
0,123155
0,123157
0,123160
0,123163
0,123167
0,123168
0,123170
0,123172
0,123176
0,123184
0,123185
0,123187
0,123189
0,123190
1,123192
0,123193
0,123194
0,123195
0,123198
0,123201
0,123202
1,123203
0,123210
0,123213
0,123215
0,123216
1,123221
0,123224
0,123234
1,123239
0,123243
0,123245
1,123247
0,123248
0,123250
0,123252
1,123253
0,123254
0,123255
0,123256
0,123268
0,123273
1,123274
0,123275
1,123276
0,123285
0,123288
0,123289
0,123290
0,123293
1,123294
0,123298
0,123307
0,123308
0,123309
0,123311
0,123312
1,123314
0,123320
0,123322
1,123323
0,123325
1,123327
1,123328
1,123334
0,123335
1,123336
1,123340
0,123342
0,123343
0,123344
1,123345
1,123346
0,123354
1,123356
0,123357
0,123363
0,123364
0,123369
0,123370
0,123373
0,123379
1,123380
0,123381
0,123382
1,123383
0,123387
1,123390
0,123391
0,123398
0,123399
0,123405
0,123406
0,123407
0,123408
0,123412
0,123414
0,123419
0,123420
1,123423
0,123425
0,123427
1,123429
0,123432
1,123434
0,123435
0,123437
0,123438
0,123439
0,123440
1,123443
1,123444
1,123445
0,123448
0,123449
0,123450
0,123451
0,123452
0,123453
0,123456
1,123457
1,123460
0,123464
0,123468
0,123469
1,123470
0,123473
1,123479
0,123480
0,123481
0,123486
0,123489
0,123490
0,123491
0,123492
0,123496
0,123497
0,123499
0,123501
0,123503
1,123510
0,123512
0,123515
0,123518
1,123519
0,123523
0,123528
0,123532
0,123534
0,123538
1,123549
0,123553
0,123556
0,123558
0,123559
0,123562
1,123563
0,123564
0,123566
0,123569
0,123570
0,123571
1,123572
0,123574
0,123577
0,123579
0,123580
0,123582
0,123587
1,123589
0,123590
0,123596
1,123597
0,123598
0,123600
1,123604
1,123606
1,123607
0,123610
0,123612
0,123613
0,123616
0,123619
0,123622
0,123623
0,123624
1,123628
1,123629
0,123630
0,123631
1,123632
0,123633
0,123640
0,123641
0,123647
1,123649
0,123651
0,123652
0,123654
0,123658
0,123659
1,123662
1,123669
1,123670
0,123673
0,123674
0,123676
0,123678
0,123679
0,123682
0,123686
0,123689
0,123693
0,123694
0,123696
0,123698
0,123699
0,123702
0,123707
0,123709
0,123710
0,123713
0,123715
1,123719
0,123720
0,123721
1,123724
0,123725
0,123726
0,123730
0,123731
1,123733
0,123734
1,123741
0,123742
0,123744
0,123745
1,123747
0,123748
0,123749
0,123750
0,123751
0,123753
0,123755
0,123761
0,123762
0,123763
0,123765
0,123766
0,123767
1,123768
1,123772
0,123773
0,123776
1,123779
0,123782
0,123783
0,123787
0,123788
1,123790
0,123793
1,123796
1,123798
0,123799
1,123801
1,123802
1,123803
0,123804
1,123805
0,123806
1,123807
0,123808
1,123810
0,123811
1,123812
1,123813
1,123814
0,123818
1,123819
1,123824
1,123826
0,123829
0,123830
0,123832
1,123834
1,123837
1,123838
0,123839
0,123843
0,123844
1,123845
0,123854
0,123855
1,123865
0,123869
0,123870
0,123872
0,123876
0,123877
0,123880
0,123881
0,123883
0,123884
0,123885
1,123889
1,123893
1,123894
0,123895
0,123896
0,123897
0,123898
0,123899
1,123900
1,123902
1,123904
0,123906
1,123910
1,123912
0,123913
0,123916
1,123927
0,123928
0,123929
0,123934
0,123935
0,123937
0,123942
0,123952
0,123954
1,123957
0,123958
0,123961
0,123962
0,123963
1,123966
0,123970
1,123972
1,123975
0,123977
0,123980
1,123981
0,123982
0,123983
1,123984
0,123985
0,123986
1,123990
0,123991
0,123992
0,123993
1,123996
0,123997
0,123998
0,124000
1,124003
0,124013
0,124017
1,124019
1,124020
1,124021
1,124022
0,124023
1,124024
0,124025
1,124028
1,124029
0,124031
0,124034
1,124035
0,124037
1,124038
1,124039
0,124040
1,124042
0,124043
0,124045
0,124050
0,124055
0,124057
0,124059
1,124060
1,124061
0,124067
0,124068
0,124069
1,124070
0,124071
1,124072
0,124074
1,124075
1,124080
0,124081
0,124083
0,124088
0,124090
1,124091
1,124093
1,124094
1,124097
0,124098
0,124101
1,124104
0,124105
0,124107
0,124108
0,124110
1,124111
0,124115
1,124117
0,124122
1,124123
0,124126
1,124127
0,124131
0,124132
1,124133
0,124134
0,124135
0,124138
1,124139
0,124142
1,124146
1,124149
0,124151
1,124153
0,124155
0,124156
1,124157
1,124160
0,124166
0,124167
0,124171
0,124172
0,124173
1,124174
1,124178
0,124180
1,124181
0,124184
0,124187
0,124188
0,124189
0,124194
0,124197
0,124198
0,124200
1,124201
0,124206
0,124207
0,124209
0,124210
1,124211
0,124213
0,124215
0,124225
0,124226
0,124229
0,124230
1,124231
1,124233
0,124235
0,124242
1,124244
0,124245
1,124247
1,124254
1,124256
0,124257
1,124259
0,124260
0,124261
0,124264
1,124266
1,124267
0,124269
0,124270
0,124273
0,124274
1,124278
1,124279
0,124284
1,124286
0,124290
0,124294
0,124296
0,124297
1,124298
0,124299
1,124300
0,124305
0,124307
1,124310
0,124312
0,124314
1,124317
0,124318
0,124323
0,124324
0,124326
0,124331
0,124332
1,124333
0,124336
1,124337
0,124338
1,124341
0,124342
0,124343
1,124344
1,124346
1,124347
0,124350
0,124352
0,124353
1,124354
0,124356
0,124357
1,124358
1,124359
0,124361
1,124363
0,124367
0,124373
1,124374
1,124375
0,124376
0,124383
0,124389
0,124390
0,124392
0,124397
1,124399
1,124401
1,124402
0,124406
1,124407
0,124408
1,124409
0,124412
0,124413
0,124416
0,124417
0,124422
0,124426
0,124430
1,124431
1,124434
1,124435
1,124442
0,124443
0,124445
0,124447
0,124452
1,124457
1,124462
1,124463
0,124470
0,124472
0,124478
0,124480
0,124481
1,124482
0,124485
0,124487
0,124488
1,124493
0,124496
1,124499
0,124505
1,124511
1,124514
1,124515
0,124516
0,124520
1,124521
1,124522
0,124523
0,124524
0,124525
0,124528
1,124530
0,124533
1,124534
0,124536
0,124537
1,124538
0,124541
1,124545
0,124548
1,124549
1,124550
0,124552
0,124553
0,124554
0,124559
0,124560
0,124561
0,124569
0,124570
0,124571
1,124574
0,124582
1,124583
0,124585
0,124587
0,124588
0,124589
0,124593
0,124594
0,124596
0,124598
0,124601
1,124603
0,124605
0,124607
1,124610
0,124611
0,124614
0,124620
1,124621
1,124622
1,124624
0,124625
1,124626
0,124627
0,124628
1,124638
0,124639
1,124644
0,124645
1,124647
0,124648
0,124653
0,124655
1,124656
1,124658
0,124669
1,124671
0,124674
1,124676
1,124678
0,124680
0,124682
0,124684
1,124689
1,124693
1,124699
0,124702
0,124703
0,124707
0,124713
1,124714
0,124717
1,124720
0,124725
0,124728
1,124729
0,124730
1,124731
0,124732
0,124735
1,124739
0,124751
0,124753
0,124755
0,124756
0,124759
0,124760
1,124761
0,124763
1,124764
0,124765
0,124767
0,124768
0,124770
0,124776
0,124782
0,124787
0,124789
1,124790
0,124791
0,124793
0,124795
0,124798
1,124808
0,124809
0,124814
1,124815
0,124821
1,124823
1,124825
0,124826
0,124830
0,124831
0,124833
1,124834
0,124844
1,124846
0,124849
0,124850
0,124851
1,124857
1,124859
0,124860
0,124862
0,124863
0,124865
0,124867
0,124868
0,124869
0,124870
1,124872
0,124873
1,124877
1,124883
0,124884
0,124885
1,124889
0,124893
0,124894
0,124895
1,124896
0,124897
0,124903
1,124906
0,124907
0,124909
0,124910
1,124911
0,124914
1,124917
1,124921
1,124923
0,124926
0,124929
0,124930
1,124931
0,124932
0,124933
0,124935
0,124936
0,124937
1,124944
0,124946
1,124947
1,124951
1,124956
0,124957
0,124960
0,124962
0,124964
0,124965
0,124972
0,124975
1,124980
1,124981
0,124983
1,125001
0,125002
0,125004
0,125005
0,125006
1,125008
0,125011
0,125012
0,125021
0,125023
0,125024
1,125025
1,125026
0,125032
1,125033
1,125036
0,125041
1,125044
1,125046
0,125049
1,125050
0,125051
0,125057
1,125058
0,125059
0,125060
0,125061
1,125062
1,125064
0,125067
0,125069
0,125070
1,125071
0,125078
0,125082
0,125083
0,125084
0,125087
0,125088
0,125089
1,125091
0,125092
1,125094
0,125095
0,125096
1,125097
0,125098
1,125105
1,125109
0,125110
0,125114
0,125116
1,125120
1,125121
0,125122
0,125128
0,125129
0,125130
0,125132
1,125133
1,125134
0,125135
0,125137
0,125139
1,125140
1,125143
1,125144
0,125145
1,125147
0,125148
0,125149
0,125151
1,125153
1,125154
0,125155
1,125158
1,125161
0,125164
0,125165
0,125166
1,125167
0,125171
0,125172
0,125176
1,125179
1,125183
0,125184
1,125185
1,125195
1,125196
0,125197
0,125198
0,125200
1,125202
0,125208
0,125209
0,125210
1,125211
1,125212
1,125213
0,125216
1,125218
1,125219
1,125227
0,125228
0,125230
0,125231
0,125232
0,125233
0,125236
0,125238
0,125240
0,125241
0,125243
1,125244
0,125248
0,125250
0,125254
0,125255
0,125257
1,125262
0,125263
1,125266
0,125270
1,125273
0,125276
0,125278
0,125280
0,125281
0,125284
0,125286
0,125287
0,125288
1,125289
0,125290
0,125291
0,125293
0,125294
0,125299
0,125302
0,125303
1,125306
0,125307
1,125310
0,125311
1,125313
0,125315
0,125317
1,125321
1,125324
1,125325
0,125326
0,125332
1,125334
1,125335
0,125338
0,125339
1,125341
0,125342
1,125348
0,125350
0,125352
0,125353
0,125354
0,125359
1,125362
0,125368
0,125370
0,125371
0,125376
0,125379
1,125381
0,125382
0,125383
1,125394
0,125396
1,125397
0,125402
0,125406
0,125408
0,125409
0,125415
1,125416
1,125417
1,125419
1,125420
0,125422
1,125423
0,125425
1,125427
0,125429
0,125430
0,125431
1,125432
0,125435
1,125437
0,125443
0,125444
0,125445
0,125447
0,125449
1,125450
0,125454
0,125455
1,125456
1,125458
0,125459
0,125460
0,125461
0,125465
0,125472
0,125474
0,125475
1,125478
0,125481
0,125484
0,125485
0,125487
0,125490
1,125492
0,125495
0,125499
0,125500
0,125502
0,125504
0,125505
1,125506
1,125509
0,125511
0,125513
0,125516
0,125517
1,125519
1,125520
0,125524
1,125531
1,125532
0,125534
0,125535
1,125536
0,125538
1,125540
1,125541
0,125543
0,125544
1,125545
0,125552
0,125553
1,125554
1,125555
1,125557
0,125563
0,125564
0,125567
0,125568
0,125570
0,125571
1,125573
1,125574
0,125575
1,125576
0,125579
0,125580
0,125584
1,125587
1,125588
0,125592
0,125597
0,125600
0,125601
1,125603
0,125605
0,125606
0,125610
1,125612
1,125618
1,125626
0,125627
0,125629
0,125630
1,125633
0,125635
1,125637
0,125638
0,125640
0,125641
0,125643
0,125645
1,125647
0,125651
0,125652
1,125653
0,125654
0,125656
0,125658
0,125659
0,125667
0,125669
0,125673
1,125675
1,125677
0,125681
1,125682
1,125685
1,125687
0,125689
1,125693
0,125702
0,125704
0,125707
1,125714
0,125715
1,125717
0,125718
1,125719
1,125721
1,125722
1,125727
0,125728
0,125732
0,125736
0,125739
0,125740
0,125742
0,125744
0,125745
1,125746
1,125748
0,125749
0,125752
1,125758
0,125759
0,125760
0,125762
0,125765
1,125767
0,125773
0,125776
1,125779
1,125781
1,125782
0,125783
1,125784
0,125789
1,125790
0,125791
0,125793
1,125794
1,125795
0,125797
0,125799
1,125801
0,125803
0,125806
0,125810
0,125811
0,125813
0,125814
0,125819
0,125822
1,125823
0,125832
1,125834
1,125835
0,125836
0,125837
0,125840
1,125841
1,125843
1,125844
0,125846
0,125847
1,125850
0,125853
0,125856
0,125857
1,125858
1,125859
1,125860
0,125863
0,125865
1,125866
0,125870
0,125876
0,125877
0,125882
0,125884
1,125888
0,125889
1,125890
0,125892
0,125893
0,125894
0,125895
0,125896
0,125897
1,125900
0,125907
0,125908
0,125910
0,125911
0,125915
1,125920
0,125923
1,125934
1,125940
0,125943
0,125944
0,125946
1,125950
0,125951
0,125952
0,125958
1,125963
0,125964
0,125965
1,125967
0,125968
1,125969
1,125970
0,125971
0,125973
1,125975
1,125978
1,125982
0,125988
1,125991
0,125998
0,125999
1,126001
0,126004
0,126005
1,126011
1,126012
0,126014
0,126016
0,126017
0,126018
1,126020
1,126022
0,126025
1,126027
1,126029
1,126031
0,126033
1,126038
0,126042
1,126043
1,126046
1,126048
0,126049
0,126050
0,126051
0,126062
0,126064
0,126065
0,126069
1,126070
0,126072
1,126077
0,126079
0,126080
0,126090
0,126096
0,126097
0,126099
0,126100
1,126103
0,126104
0,126108
0,126111
0,126117
0,126118
0,126119
0,126121
0,126122
1,126126
1,126127
0,126130
1,126132
0,126133
1,126135
1,126137
1,126140
0,126141
0,126142
0,126144
0,126145
1,126148
0,126151
0,126155
1,126156
0,126157
0,126160
0,126161
0,126162
1,126166
1,126168
0,126172
0,126175
0,126176
1,126177
0,126178
0,126180
0,126181
0,126182
1,126187
0,126188
0,126190
0,126191
0,126195
1,126197
0,126198
1,126199
1,126206
1,126207
0,126208
0,126211
0,126222
1,126224
0,126225
0,126227
0,126231
1,126233
1,126234
0,126237
0,126238
1,126239
0,126243
0,126249
1,126250
0,126251
0,126257
0,126258
0,126259
0,126260
0,126261
0,126263
0,126266
0,126271
1,126273
1,126274
0,126275
0,126282
0,126284
0,126285
0,126291
1,126298
0,126301
1,126305
1,126307
1,126311
0,126312
1,126313
1,126316
0,126318
1,126321
0,126325
0,126326
1,126333
0,126335
0,126336
1,126337
1,126338
0,126339
0,126340
0,126343
1,126346
0,126347
1,126349
1,126350
0,126353
1,126354
0,126355
0,126357
1,126358
1,126359
1,126363
0,126365
1,126373
0,126377
0,126379
0,126381
0,126383
0,126385
1,126386
0,126388
0,126389
0,126391
0,126393
0,126394
0,126395
0,126397
1,126400
1,126404
1,126405
0,126409
0,126411
1,126412
0,126414
0,126419
0,126425
0,126427
0,126435
1,126437
1,126438
0,126442
0,126450
0,126453
0,126455
0,126458
0,126460
0,126462
0,126463
0,126464
0,126465
0,126466
0,126467
1,126469
1,126470
1,126471
0,126473
1,126475
1,126476
0,126478
0,126479
1,126487
0,126489
1,126490
0,126495
1,126497
0,126498
1,126500
0,126501
0,126502
1,126503
0,126504
0,126509
0,126510
1,126512
1,126515
1,126516
1,126523
0,126527
1,126528
1,126529
1,126530
0,126531
0,126535
0,126538
0,126540
0,126541
1,126542
0,126543
0,126545
1,126550
1,126551
0,126552
0,126554
0,126555
0,126558
0,126561
1,126562
0,126563
0,126568
0,126569
1,126571
0,126572
0,126573
0,126575
1,126576
1,126579
0,126582
1,126585
0,126593
1,126594
0,126597
0,126598
0,126599
0,126602
0,126608
1,126613
1,126614
0,126615
1,126616
0,126620
1,126621
1,126622
0,126624
0,126625
0,126626
0,126628
1,126630
0,126632
0,126633
0,126634
0,126636
0,126642
0,126646
0,126648
0,126651
0,126652
1,126653
0,126658
1,126662
0,126664
0,126665
0,126667
1,126668
0,126669
0,126674
0,126680
0,126682
1,126685
0,126687
1,126688
0,126689
1,126690
0,126693
0,126695
1,126698
0,126704
0,126707
1,126708
1,126709
0,126711
0,126715
1,126716
1,126717
1,126720
1,126721
1,126723
0,126724
0,126733
1,126734
0,126735
0,126736
0,126738
1,126739
1,126742
1,126743
0,126746
0,126749
1,126752
0,126758
0,126761
0,126762
0,126765
0,126768
1,126775
1,126776
0,126786
1,126792
0,126794
0,126796
0,126798
0,126800
0,126804
1,126805
0,126806
0,126807
1,126808
0,126809
0,126810
0,126811
0,126813
1,126814
1,126820
1,126821
0,126822
1,126824
0,126826
0,126830
1,126832
1,126836
0,126837
0,126838
0,126842
1,126843
0,126844
0,126846
1,126855
0,126857
0,126859
0,126863
0,126864
0,126866
1,126868
1,126869
0,126872
1,126873
0,126874
1,126878
1,126879
1,126880
0,126883
0,126884
0,126885
0,126886
0,126887
1,126888
1,126889
0,126892
1,126898
1,126899
1,126901
1,126903
1,126911
0,126912
0,126913
1,126915
1,126916
0,126917
0,126922
1,126926
0,126930
1,126932
1,126934
0,126935
1,126936
0,126937
0,126943
1,126945
0,126946
1,126948
0,126950
0,126954
0,126956
1,126958
1,126960
0,126961
0,126965
1,126967
1,126971
1,126979
1,126980
1,126985
0,126988
0,126994
0,126995
1,126998
1,127002
0,127003
1,127006
0,127008
0,127015
0,127016
1,127017
0,127018
0,127020
0,127021
1,127022
1,127025
1,127031
1,127032
0,127034
0,127035
1,127037
0,127040
0,127042
1,127043
0,127052
0,127055
0,127056
1,127057
1,127058
0,127063
0,127064
0,127065
0,127066
0,127067
0,127068
0,127071
0,127072
0,127073
0,127074
1,127075
0,127076
0,127079
1,127081
0,127085
0,127086
0,127088
1,127089
0,127091
0,127092
0,127093
0,127094
1,127097
1,127099
0,127102
0,127104
0,127108
0,127110
0,127112
0,127117
0,127119
0,127121
0,127122
1,127124
1,127125
0,127127
0,127130
1,127131
0,127133
0,127135
0,127137
0,127139
0,127143
0,127146
0,127147
0,127148
0,127154
1,127162
1,127167
1,127169
1,127173
0,127174
1,127175
1,127177
0,127178
1,127180
1,127181
0,127182
0,127183
0,127184
0,127185
0,127189
0,127191
1,127194
0,127195
0,127197
0,127200
0,127201
0,127202
0,127209
1,127211
0,127213
0,127214
0,127215
1,127220
0,127222
1,127223
0,127225
1,127226
0,127232
0,127236
1,127239
0,127240
0,127241
0,127250
0,127255
1,127257
0,127261
0,127264
1,127266
1,127269
1,127275
0,127280
1,127287
0,127298
0,127300
1,127301
1,127302
0,127304
0,127307
0,127310
0,127314
0,127315
0,127317
1,127318
1,127320
0,127321
0,127328
0,127330
1,127331
1,127332
0,127333
0,127335
0,127338
0,127340
0,127341
0,127346
0,127348
0,127349
1,127356
0,127358
0,127368
1,127369
1,127370
1,127372
1,127378
0,127388
0,127393
0,127396
0,127402
0,127406
1,127407
0,127408
0,127411
0,127414
0,127418
0,127420
0,127421
1,127422
1,127423
0,127424
0,127425
1,127429
0,127433
0,127434
0,127447
0,127452
0,127453
1,127454
1,127456
0,127457
0,127459
1,127460
0,127461
1,127463
0,127464
1,127466
0,127467
0,127471
1,127472
0,127473
0,127474
1,127478
0,127480
1,127483
0,127485
1,127486
1,127488
1,127490
0,127494
0,127495
1,127498
0,127499
1,127502
0,127510
1,127511
1,127514
1,127518
0,127519
0,127524
0,127525
1,127527
0,127530
1,127532
0,127535
1,127540
0,127542
0,127545
1,127546
1,127547
0,127550
0,127551
0,127553
0,127555
1,127558
1,127559
0,127563
0,127565
1,127568
0,127572
1,127576
0,127577
1,127578
0,127579
0,127582
1,127587
1,127590
0,127593
1,127594
1,127595
0,127597
1,127598
1,127604
0,127609
1,127610
0,127611
1,127612
1,127615
0,127616
0,127619
0,127620
0,127624
0,127625
0,127627
1,127628
1,127633
0,127638
1,127639
0,127641
0,127644
0,127648
1,127650
1,127653
0,127659
0,127661
0,127667
0,127669
0,127670
0,127674
0,127675
0,127677
1,127678
1,127680
1,127682
0,127684
0,127686
0,127688
0,127689
1,127691
0,127693
0,127696
0,127699
0,127700
1,127706
1,127708
1,127709
0,127710
0,127711
0,127712
0,127715
0,127716
0,127717
0,127721
1,127724
1,127725
1,127729
1,127731
1,127735
1,127739
1,127742
0,127744
0,127748
1,127757
0,127758
0,127760
0,127761
0,127764
0,127771
0,127772
0,127777
0,127780
0,127782
0,127788
1,127795
0,127798
0,127800
0,127801
1,127802
1,127803
1,127805
0,127807
0,127808
0,127809
0,127811
0,127815
0,127816
0,127820
0,127821
0,127823
1,127824
0,127825
0,127827
0,127831
0,127834
0,127836
0,127839
0,127840
0,127843
0,127848
0,127850
0,127856
0,127859
0,127864
0,127866
0,127868
0,127869
1,127880
0,127889
0,127891
1,127894
0,127897
1,127907
1,127909
0,127911
0,127912
0,127914
0,127916
0,127920
0,127921
1,127922
0,127925
1,127929
1,127930
0,127932
0,127935
0,127936
0,127938
0,127940
1,127941
1,127944
0,127951
0,127955
0,127956
1,127957
1,127958
0,127963
0,127967
0,127969
1,127976
0,127978
0,127980
1,127981
1,127983
1,127984
0,127985
0,127987
0,127988
0,127990
1,127991
0,127995
0,127997
1,127999
1,128000
0,128003
0,128004
0,128005
0,128006
0,128018
0,128020
1,128025
0,128030
1,128031
0,128033
1,128036
0,128042
0,128044
1,128049
0,128051
0,128053
0,128054
0,128056
1,128058
1,128061
0,128064
0,128066
0,128068
1,128073
1,128074
0,128075
0,128076
0,128078
0,128080
0,128082
0,128083
1,128084
1,128087
0,128089
0,128092
0,128095
0,128096
0,128097
1,128105
0,128107
1,128110
0,128120
0,128122
0,128126
0,128130
1,128132
1,128136
0,128137
1,128138
0,128140
0,128141
0,128142
0,128143
1,128145
0,128147
0,128148
0,128149
0,128150
0,128152
0,128154
0,128155
0,128156
0,128158
0,128159
0,128162
0,128165
1,128170
0,128172
0,128173
0,128174
0,128177
0,128181
1,128183
0,128185
1,128191
1,128192
1,128196
0,128201
0,128206
0,128209
0,128211
0,128218
1,128223
0,128227
0,128231
0,128234
1,128236
0,128237
0,128238
1,128244
1,128247
0,128250
1,128253
0,128257
1,128260
0,128262
1,128266
1,128267
1,128268
0,128269
0,128277
0,128278
0,128281
0,128282
1,128283
0,128289
0,128294
1,128295
0,128298
0,128299
0,128300
0,128301
1,128304
0,128305
0,128309
0,128311
1,128313
0,128324
0,128325
0,128328
0,128329
0,128332
0,128334
0,128337
0,128338
0,128339
0,128342
0,128343
0,128349
0,128352
0,128353
0,128355
0,128356
1,128359
0,128361
0,128363
0,128366
0,128368
0,128369
1,128370
0,128372
0,128378
1,128379
1,128380
1,128381
0,128386
0,128387
1,128394
0,128397
0,128398
0,128399
0,128400
0,128401
0,128407
0,128408
0,128413
1,128416
0,128418
1,128420
0,128422
0,128425
1,128427
1,128429
0,128430
0,128433
0,128434
1,128436
0,128443
0,128444
0,128445
0,128446
0,128448
1,128450
0,128457
1,128458
0,128460
1,128462
0,128463
1,128464
0,128466
1,128468
0,128469
1,128471
0,128472
0,128475
1,128476
0,128477
0,128478
1,128486
0,128487
1,128492
1,128494
0,128496
0,128498
0,128499
1,128504
0,128505
0,128506
0,128507
0,128508
0,128509
1,128513
0,128517
0,128519
1,128520
0,128521
0,128528
0,128531
0,128538
0,128540
1,128541
0,128542
0,128543
0,128544
0,128545
0,128547
0,128551
0,128552
0,128553
0,128554
0,128556
0,128557
0,128558
1,128559
1,128564
1,128565
0,128567
0,128570
1,128571
1,128574
0,128576
0,128578
0,128580
1,128583
0,128586
0,128589
0,128594
0,128595
0,128596
1,128602
0,128603
1,128606
1,128609
1,128611
0,128612
0,128613
0,128614
0,128621
0,128625
0,128629
0,128634
0,128636
1,128637
0,128639
0,128640
0,128645
0,128649
0,128651
0,128652
1,128654
1,128657
0,128658
0,128659
0,128666
1,128671
1,128676
1,128678
0,128679
0,128681
1,128685
1,128686
0,128694
1,128699
0,128700
0,128702
1,128703
0,128705
0,128710
0,128712
0,128714
1,128718
0,128723
1,128725
0,128727
0,128728
0,128730
0,128731
0,128732
0,128733
0,128736
0,128737
1,128739
0,128742
0,128748
0,128751
0,128752
1,128754
0,128761
1,128764
1,128767
0,128768
1,128769
0,128771
1,128772
0,128785
1,128787
1,128788
0,128794
1,128795
0,128796
0,128797
1,128800
0,128801
0,128802
0,128805
0,128806
0,128807
0,128809
1,128810
0,128813
0,128814
0,128815
0,128821
0,128823
0,128826
0,128829
0,128831
1,128832
0,128839
1,128844
0,128846
0,128850
0,128853
0,128854
0,128857
0,128860
1,128861
0,128862
0,128864
1,128867
1,128870
0,128875
0,128876
1,128877
1,128878
0,128879
0,128880
1,128881
1,128886
1,128888
1,128889
0,128899
0,128905
0,128910
0,128912
0,128913
0,128919
0,128920
1,128923
0,128925
0,128928
0,128931
0,128937
0,128938
0,128939
1,128940
0,128941
0,128942
0,128944
0,128945
0,128951
0,128956
0,128958
0,128962
0,128964
0,128966
0,128967
0,128968
0,128970
1,128972
0,128973
1,128975
0,128978
0,128979
0,128984
0,128985
0,128986
0,128987
1,129009
0,129011
0,129012
0,129014
0,129015
1,129018
1,129022
1,129023
0,129024
1,129029
1,129030
0,129031
0,129032
0,129033
0,129037
1,129041
1,129043
1,129047
0,129048
1,129049
0,129050
0,129052
0,129054
0,129056
0,129057
0,129061
1,129062
0,129065
0,129066
1,129068
0,129069
0,129074
1,129075
0,129076
0,129077
0,129078
1,129079
0,129080
0,129081
0,129084
1,129085
0,129088
1,129091
0,129092
0,129095
0,129096
0,129102
0,129103
0,129104
0,129105
1,129107
1,129109
0,129112
0,129119
1,129122
1,129123
0,129125
0,129127
0,129129
0,129133
0,129135
1,129138
1,129140
0,129144
0,129145
1,129148
0,129153
0,129154
1,129155
1,129158
0,129162
0,129163
1,129167
0,129168
1,129169
1,129170
1,129172
0,129173
1,129175
1,129176
0,129180
1,129183
1,129190
1,129191
1,129196
0,129197
1,129198
0,129201
0,129202
0,129203
0,129205
0,129206
1,129207
1,129209
1,129210
0,129211
0,129215
1,129216
1,129217
0,129218
0,129220
0,129221
1,129223
0,129225
0,129228
1,129229
0,129232
1,129233
0,129239
0,129240
0,129242
1,129243
0,129245
1,129246
1,129248
0,129250
0,129252
0,129254
1,129258
0,129261
0,129271
1,129272
0,129273
0,129275
1,129284
1,129288
0,129291
0,129292
0,129297
0,129299
1,129300
0,129304
0,129306
0,129308
0,129310
1,129311
0,129314
0,129319
0,129322
0,129323
0,129324
0,129325
0,129327
0,129328
1,129329
0,129331
0,129332
0,129333
1,129334
1,129335
0,129337
0,129345
0,129346
0,129347
1,129349
1,129352
1,129354
0,129355
0,129360
1,129364
0,129368
0,129369
1,129371
0,129373
1,129374
0,129376
1,129379
1,129380
0,129389
0,129391
0,129393
0,129394
0,129401
0,129407
1,129408
0,129413
0,129417
1,129424
1,129426
0,129427
1,129433
1,129435
1,129437
0,129439
1,129440
1,129443
1,129449
1,129450
0,129451
0,129452
0,129453
0,129455
0,129456
0,129458
0,129460
1,129461
1,129466
0,129467
0,129468
0,129477
1,129479
1,129480
0,129481
0,129484
1,129486
1,129487
0,129488
0,129490
1,129492
0,129494
0,129500
1,129501
0,129502
0,129503
0,129504
0,129506
0,129510
0,129511
0,129512
1,129514
1,129517
0,129519
1,129525
1,129526
0,129531
0,129534
0,129536
0,129539
0,129541
1,129546
0,129549
1,129554
0,129555
1,129556
1,129557
0,129559
1,129564
0,129566
0,129569
1,129572
0,129576
0,129586
0,129588
0,129591
1,129594
0,129596
0,129600
1,129604
0,129606
0,129607
1,129608
0,129609
0,129610
0,129611
0,129613
0,129614
0,129617
1,129622
1,129624
0,129625
0,129627
1,129631
0,129635
0,129636
0,129640
1,129642
1,129643
0,129652
0,129657
0,129659
0,129660
1,129663
0,129669
0,129673
0,129675
1,129676
0,129677
0,129678
0,129679
1,129681
1,129682
0,129684
0,129685
0,129688
0,129689
1,129690
0,129692
0,129699
0,129700
1,129701
0,129702
0,129703
0,129704
0,129709
1,129712
0,129714
0,129715
0,129716
0,129717
0,129718
0,129720
1,129722
1,129725
0,129728
1,129731
0,129732
1,129734
0,129735
1,129736
0,129737
0,129743
0,129745
0,129750
0,129756
1,129758
0,129759
0,129762
1,129766
0,129768
0,129774
1,129776
0,129778
1,129781
1,129784
0,129791
0,129793
0,129794
1,129797
0,129799
1,129801
0,129803
1,129805
0,129806
0,129807
0,129810
0,129811
0,129814
1,129816
1,129818
1,129821
0,129823
1,129825
0,129827
1,129828
0,129831
0,129834
0,129835
1,129839
1,129845
0,129846
0,129849
1,129851
0,129852
0,129864
1,129865
0,129868
0,129873
0,129874
0,129875
0,129880
0,129882
0,129886
0,129888
1,129892
0,129894
0,129895
0,129900
0,129904
1,129907
1,129908
1,129909
0,129910
1,129912
0,129914
0,129915
0,129917
0,129918
1,129919
1,129923
1,129925
0,129926
0,129928
1,129929
0,129932
0,129933
0,129943
1,129945
1,129946
0,129947
1,129948
0,129950
1,129951
1,129953
0,129954
0,129955
1,129956
1,129957
0,129959
0,129962
0,129963
1,129964
0,129968
1,129969
0,129972
1,129977
0,129985
0,129989
0,129992
0,129996
0,130011
1,130013
0,130015
0,130017
1,130019
0,130023
0,130024
0,130025
0,130026
0,130028
1,130040
0,130041
1,130042
1,130045
0,130047
0,130048
0,130051
0,130052
1,130057
1,130059
1,130065
0,130069
1,130070
1,130071
0,130073
0,130075
1,130077
0,130078
0,130083
0,130087
0,130089
0,130093
1,130094
0,130098
1,130099
1,130101
0,130103
0,130106
1,130107
0,130112
1,130117
0,130121
0,130125
1,130126
0,130129
1,130130
0,130132
0,130134
0,130137
1,130138
0,130140
0,130141
1,130142
0,130143
1,130144
1,130145
1,130149
1,130151
0,130153
0,130154
1,130155
0,130156
0,130157
0,130161
1,130163
0,130164
0,130165
1,130167
0,130169
1,130170
1,130171
1,130172
1,130173
0,130174
0,130176
1,130177
1,130178
0,130179
1,130181
0,130190
0,130192
0,130194
0,130195
1,130197
1,130199
0,130202
1,130206
0,130209
0,130212
1,130214
1,130215
0,130217
1,130220
0,130223
0,130225
0,130226
0,130227
0,130230
0,130231
0,130234
1,130237
0,130240
0,130241
0,130245
0,130246
0,130249
0,130253
0,130255
0,130257
1,130260
1,130263
0,130265
0,130266
0,130271
0,130272
1,130274
1,130275
0,130278
1,130279
0,130280
0,130281
1,130287
1,130288
0,130293
1,130301
1,130303
1,130304
0,130307
0,130315
0,130317
0,130320
0,130321
1,130323
0,130324
0,130325
0,130326
0,130327
1,130328
0,130329
0,130334
1,130335
0,130336
0,130337
0,130338
0,130343
1,130345
0,130349
0,130351
0,130352
1,130355
0,130357
1,130358
0,130360
0,130362
0,130364
0,130368
1,130369
0,130370
1,130372
1,130378
0,130379
0,130383
0,130384
0,130385
0,130387
0,130388
0,130394
1,130396
0,130398
0,130401
0,130403
1,130404
0,130406
0,130407
0,130408
1,130412
0,130413
0,130415
0,130419
1,130423
0,130424
0,130426
0,130429
0,130431
0,130436
0,130437
0,130442
0,130448
0,130452
1,130454
0,130456
1,130460
0,130463
0,130465
0,130467
0,130468
0,130469
1,130476
0,130477
1,130478
0,130485
0,130486
0,130490
0,130491
1,130494
0,130495
1,130496
0,130498
0,130500
0,130503
0,130504
1,130505
0,130506
1,130510
0,130511
0,130515
0,130522
0,130524
1,130527
1,130531
1,130533
1,130536
0,130538
0,130539
0,130542
1,130543
0,130544
1,130546
0,130547
0,130557
0,130558
0,130559
0,130560
0,130569
1,130572
0,130575
0,130576
0,130578
0,130584
1,130586
0,130589
1,130593
0,130594
0,130595
0,130601
1,130603
0,130604
0,130607
1,130609
0,130610
0,130618
0,130620
0,130621
0,130625
0,130626
1,130627
0,130629
0,130630
0,130634
0,130636
0,130641
1,130643
1,130644
1,130645
0,130648
0,130649
0,130651
0,130652
1,130654
0,130656
0,130659
0,130660
1,130661
1,130664
1,130666
0,130672
1,130675
0,130676
0,130679
1,130681
0,130686
0,130688
0,130689
0,130690
1,130693
0,130696
1,130697
1,130703
0,130704
0,130707
1,130708
0,130709
1,130716
1,130719
1,130722
0,130723
0,130727
1,130728
0,130729
1,130731
0,130732
0,130733
0,130734
1,130738
0,130739
0,130741
0,130744
0,130745
0,130749
0,130751
1,130753
0,130754
1,130756
0,130759
0,130766
0,130769
1,130771
0,130773
1,130776
0,130780
1,130783
0,130784
0,130785
0,130788
0,130789
1,130790
0,130793
0,130797
1,130798
0,130799
1,130800
0,130803
1,130804
1,130805
0,130806
0,130807
0,130811
1,130812
1,130817
0,130825
1,130832
0,130834
1,130835
1,130836
1,130839
1,130841
0,130850
0,130857
1,130858
0,130859
0,130868
0,130870
0,130876
1,130878
1,130881
0,130884
0,130886
0,130891
0,130895
0,130898
0,130900
1,130903
1,130904
1,130908
0,130911
0,130912
0,130915
0,130917
0,130918
1,130919
1,130921
0,130922
1,130926
0,130930
0,130931
1,130932
1,130934
0,130936
1,130941
0,130944
0,130946
0,130948
1,130950
1,130952
0,130956
0,130958
1,130965
0,130969
1,130970
0,130973
0,130975
0,130977
1,130980
1,130983
0,130985
0,130988
0,130991
0,130992
0,130995
0,130996
0,130997
0,131000
1,131002
0,131007
1,131008
0,131011
0,131019
0,131021
0,131031
1,131032
0,131035
0,131043
1,131044
0,131045
0,131046
0,131047
0,131056
1,131060
0,131063
0,131065
1,131067
1,131069
0,131071
1,131073
0,131076
0,131081
1,131083
0,131085
0,131086
1,131087
0,131089
0,131090
1,131095
0,131108
1,131109
1,131110
0,131113
0,131118
1,131119
1,131120
0,131121
0,131122
0,131123
1,131127
1,131130
1,131131
1,131135
0,131137
1,131141
1,131142
0,131143
0,131145
0,131146
0,131147
0,131150
1,131158
1,131161
1,131166
0,131167
0,131169
0,131170
0,131173
0,131175
0,131176
1,131178
0,131179
0,131181
0,131183
1,131184
1,131190
0,131193
0,131202
0,131206
0,131210
0,131213
0,131214
1,131216
0,131217
0,131218
0,131224
1,131225
0,131226
1,131228
0,131229
1,131232
0,131234
0,131239
0,131240
1,131242
0,131245
0,131246
1,131252
1,131254
1,131255
0,131257
0,131259
1,131260
0,131261
1,131262
0,131264
0,131268
1,131270
0,131271
0,131273
0,131276
1,131277
1,131279
0,131283
0,131287
0,131292
0,131294
0,131299
1,131301
1,131302
1,131303
1,131307
0,131314
0,131317
1,131319
0,131320
0,131322
0,131325
0,131328
1,131332
0,131339
0,131341
1,131342
0,131343
1,131345
0,131350
0,131352
0,131360
1,131361
0,131362
0,131364
0,131365
0,131366
0,131367
0,131368
0,131372
0,131373
0,131378
0,131381
0,131388
0,131392
1,131393
0,131394
1,131396
0,131397
0,131398
1,131402
0,131411
0,131412
0,131418
0,131420
1,131421
0,131427
1,131428
1,131431
1,131433
1,131435
0,131436
1,131437
0,131445
1,131446
0,131456
0,131463
0,131466
1,131467
1,131468
0,131470
0,131471
0,131473
0,131479
0,131481
0,131483
0,131486
1,131491
0,131492
1,131493
0,131494
1,131495
0,131496
1,131497
0,131500
0,131502
1,131504
1,131509
0,131513
0,131516
0,131517
1,131519
0,131520
0,131526
1,131527
0,131528
0,131529
1,131532
1,131534
0,131538
0,131539
0,131543
0,131545
0,131547
1,131548
1,131561
0,131562
1,131564
1,131568
1,131573
1,131575
1,131577
0,131578
0,131579
0,131580
0,131581
0,131586
1,131587
0,131588
0,131590
0,131591
0,131594
1,131596
1,131597
1,131598
1,131600
0,131603
0,131604
0,131605
0,131608
0,131610
1,131612
1,131613
1,131614
0,131618
1,131623
1,131625
0,131627
0,131629
0,131631
0,131634
0,131637
1,131638
0,131639
0,131641
1,131649
1,131652
0,131655
1,131667
0,131668
0,131669
0,131672
1,131674
1,131676
1,131677
0,131679
1,131681
0,131684
1,131688
1,131689
0,131692
1,131693
1,131695
1,131697
0,131701
1,131702
0,131703
1,131704
1,131705
1,131710
0,131719
1,131720
0,131722
1,131725
0,131726
0,131729
1,131736
0,131737
0,131742
0,131746
0,131747
1,131750
1,131754
1,131755
0,131758
0,131761
0,131762
0,131763
1,131771
0,131772
1,131773
0,131775
0,131780
1,131782
1,131783
0,131785
0,131789
1,131790
1,131791
0,131792
1,131796
1,131798
0,131801
1,131805
1,131810
0,131815
1,131816
0,131817
0,131818
0,131819
1,131822
1,131827
1,131830
1,131835
1,131836
0,131838
0,131841
0,131842
1,131845
1,131848
0,131854
1,131855
1,131857
0,131859
0,131861
1,131865
1,131869
0,131872
0,131873
1,131879
0,131880
0,131881
1,131885
0,131887
1,131889
1,131892
1,131893
0,131894
0,131900
1,131908
0,131909
1,131914
0,131915
1,131918
0,131922
0,131925
0,131926
0,131929
0,131938
0,131942
0,131944
0,131946
0,131947
0,131949
0,131951
1,131955
0,131958
0,131960
0,131966
0,131970
0,131971
0,131972
1,131973
1,131975
0,131977
1,131980
0,131985
0,131986
1,131987
0,131988
0,131989
0,131991
1,131994
0,132000
0,132002
0,132005
0,132007
1,132009
1,132016
1,132020
1,132023
0,132024
1,132030
0,132032
0,132033
0,132034
1,132035
0,132036
0,132037
0,132038
0,132041
0,132044
1,132045
0,132046
1,132049
1,132053
1,132055
0,132058
0,132059
0,132063
0,132066
1,132070
0,132071
1,132075
0,132077
1,132079
0,132080
0,132082
0,132085
1,132088
0,132090
1,132094
1,132095
0,132096
0,132097
0,132099
1,132103
0,132104
0,132106
0,132108
1,132110
0,132111
1,132115
1,132119
0,132121
0,132123
0,132124
1,132127
0,132129
0,132130
1,132132
1,132136
1,132140
1,132141
0,132143
0,132144
1,132146
0,132148
0,132150
1,132151
1,132153
0,132155
0,132160
0,132162
1,132166
0,132167
1,132177
0,132179
1,132180
0,132182
0,132183
0,132185
0,132186
1,132192
1,132195
1,132196
0,132197
0,132202
0,132206
0,132207
0,132209
0,132210
0,132212
0,132220
0,132225
0,132228
1,132229
1,132230
1,132233
0,132240
1,132244
1,132245
1,132248
1,132254
0,132255
1,132256
1,132257
1,132258
0,132260
0,132261
0,132262
1,132263
1,132264
1,132266
0,132267
0,132269
0,132271
0,132275
1,132280
1,132281
1,132282
0,132283
0,132285
0,132289
0,132295
1,132300
0,132301
0,132303
0,132307
0,132308
0,132314
0,132315
1,132316
0,132318
0,132321
0,132322
0,132324
0,132325
1,132327
0,132329
0,132335
1,132336
0,132337
1,132340
0,132342
0,132344
0,132345
0,132347
1,132348
1,132350
0,132351
1,132352
0,132355
0,132358
0,132359
0,132365
0,132366
0,132367
0,132369
0,132370
0,132371
1,132376
1,132385
1,132387
0,132388
0,132389
0,132394
0,132395
1,132396
1,132403
0,132405
0,132406
0,132408
0,132409
0,132413
0,132414
1,132416
0,132418
0,132425
1,132426
1,132428
0,132432
0,132433
0,132435
0,132437
0,132439
0,132440
0,132441
0,132442
1,132443
1,132444
1,132446
0,132458
0,132462
1,132463
0,132464
0,132467
0,132468
0,132469
1,132470
0,132471
0,132472
0,132478
0,132485
0,132486
1,132491
1,132494
0,132495
0,132496
1,132498
0,132499
1,132508
0,132512
0,132513
0,132514
0,132519
0,132524
0,132528
1,132530
0,132532
0,132535
0,132537
0,132539
0,132543
0,132546
0,132550
0,132551
1,132552
1,132556
0,132557
0,132558
0,132561
1,132562
1,132563
1,132568
0,132569
1,132571
1,132572
1,132573
0,132579
1,132580
1,132585
1,132587
0,132589
1,132590
1,132592
0,132598
1,132600
1,132601
1,132602
1,132603
1,132604
0,132606
1,132607
0,132608
1,132609
0,132611
1,132612
1,132615
0,132619
0,132621
0,132622
0,132623
1,132630
0,132633
1,132636
1,132637
1,132639
0,132640
1,132641
0,132644
1,132647
1,132650
0,132652
0,132658
1,132659
0,132660
0,132663
1,132664
0,132668
1,132670
0,132672
1,132678
1,132679
0,132680
0,132684
0,132687
1,132690
1,132691
1,132696
0,132699
0,132701
0,132702
0,132706
0,132708
0,132709
0,132710
0,132715
0,132730
1,132731
1,132738
0,132739
1,132741
1,132745
0,132748
0,132752
0,132754
0,132757
0,132759
1,132760
0,132761
1,132762
0,132769
0,132773
0,132775
1,132777
0,132778
1,132779
0,132780
0,132781
0,132787
1,132789
0,132792
0,132797
0,132798
0,132800
0,132801
0,132803
0,132804
1,132807
0,132808
1,132809
0,132810
1,132818
0,132820
1,132823
1,132824
0,132828
1,132832
0,132834
0,132835
0,132836
0,132837
1,132838
0,132839
1,132840
1,132845
0,132848
0,132852
0,132856
0,132859
0,132862
1,132863
0,132864
0,132872
0,132873
0,132876
1,132884
0,132886
1,132891
1,132892
0,132893
1,132894
0,132897
1,132899
1,132903
0,132904
1,132906
0,132910
0,132911
1,132912
0,132918
0,132920
1,132923
0,132924
0,132926
0,132928
0,132932
0,132934
0,132935
0,132939
0,132940
1,132942
1,132944
0,132945
0,132951
0,132954
0,132956
0,132962
1,132968
1,132972
0,132982
1,132985
0,132988
0,132990
0,132991
1,133003
1,133004
0,133007
1,133009
0,133011
1,133015
0,133020
1,133021
0,133025
0,133028
1,133029
1,133034
1,133035
0,133036
0,133038
1,133040
1,133042
0,133044
1,133045
1,133048
0,133049
1,133050
0,133052
1,133053
0,133055
0,133056
1,133057
0,133062
0,133063
1,133065
0,133066
1,133067
0,133071
1,133072
0,133076
0,133077
0,133081
0,133082
1,133084
0,133090
0,133096
0,133097
0,133098
0,133105
0,133110
0,133111
0,133113
0,133114
0,133116
1,133119
1,133122
0,133125
0,133128
0,133132
0,133133
1,133135
1,133136
0,133139
1,133141
0,133142
0,133143
0,133144
1,133150
0,133155
0,133157
0,133159
0,133161
0,133163
0,133164
0,133165
1,133169
1,133173
1,133176
1,133181
0,133187
1,133189
1,133193
1,133197
0,133199
1,133200
0,133204
0,133205
1,133207
1,133210
0,133213
1,133215
1,133216
0,133218
1,133222
1,133223
0,133230
0,133232
1,133235
1,133238
1,133239
1,133242
0,133244
1,133246
0,133249
0,133257
0,133258
0,133261
1,133262
0,133265
1,133269
0,133276
0,133280
1,133281
1,133282
0,133286
0,133287
0,133288
1,133289
1,133292
0,133293
1,133294
1,133295
0,133296
0,133297
0,133299
0,133300
0,133301
1,133303
1,133307
0,133310
0,133311
1,133315
0,133316
0,133318
0,133319
0,133324
0,133325
1,133326
0,133329
0,133330
1,133333
0,133335
0,133336
0,133337
0,133338
0,133339
1,133341
1,133343
0,133345
0,133349
0,133352
0,133353
1,133357
0,133359
0,133365
1,133366
0,133367
0,133369
0,133372
0,133377
0,133379
1,133383
0,133384
0,133387
0,133390
0,133391
1,133397
0,133398
1,133401
1,133403
1,133404
0,133407
0,133408
1,133409
1,133413
0,133418
0,133424
1,133425
0,133426
0,133427
1,133432
0,133436
1,133439
1,133442
0,133444
0,133445
1,133447
1,133448
0,133449
0,133451
0,133452
1,133456
1,133458
1,133459
0,133460
0,133463
0,133464
0,133465
0,133466
0,133468
1,133471
1,133473
1,133476
0,133478
1,133482
1,133485
1,133486
0,133490
1,133492
0,133494
1,133499
1,133502
0,133503
0,133505
0,133508
0,133513
1,133515
0,133516
0,133517
0,133520
0,133529
0,133532
1,133536
0,133537
1,133539
0,133545
1,133546
0,133547
0,133549
0,133550
0,133554
0,133556
1,133557
1,133560
0,133561
0,133563
0,133564
0,133565
1,133566
0,133568
1,133570
0,133572
1,133573
1,133574
0,133576
0,133578
0,133580
1,133582
0,133583
0,133585
1,133586
1,133588
0,133594
0,133598
0,133599
0,133600
1,133602
0,133603
0,133606
1,133611
0,133613
1,133615
1,133620
0,133621
0,133623
1,133624
0,133626
0,133629
0,133632
0,133634
0,133636
0,133637
0,133645
1,133653
1,133654
0,133655
0,133658
0,133659
0,133660
0,133665
0,133669
1,133670
0,133671
0,133673
0,133679
0,133680
1,133683
0,133684
0,133685
1,133686
0,133688
0,133689
0,133691
0,133695
1,133696
0,133698
0,133701
0,133703
0,133705
1,133708
0,133709
0,133710
0,133713
0,133714
0,133716
0,133718
0,133722
0,133723
1,133727
1,133729
1,133730
0,133738
0,133740
0,133744
1,133753
1,133754
1,133755
0,133759
0,133765
0,133771
0,133772
1,133773
0,133776
0,133777
0,133780
0,133781
1,133783
1,133784
0,133785
1,133787
1,133789
0,133790
1,133793
0,133794
0,133796
1,133799
1,133802
0,133804
0,133807
1,133809
0,133813
0,133817
1,133818
0,133822
0,133824
1,133826
0,133832
0,133834
0,133842
1,133848
1,133850
1,133852
0,133853
1,133854
1,133856
1,133858
1,133861
1,133866
0,133868
0,133870
1,133872
0,133873
1,133876
1,133884
1,133885
0,133886
0,133890
0,133891
0,133895
0,133901
0,133903
0,133904
0,133905
0,133906
1,133907
0,133910
0,133912
0,133915
0,133917
0,133919
0,133920
0,133921
0,133922
0,133928
1,133930
1,133932
0,133935
1,133937
0,133938
0,133939
0,133943
1,133945
1,133946
0,133948
0,133949
0,133950
0,133951
1,133955
0,133957
0,133959
0,133960
0,133961
0,133962
0,133965
0,133969
0,133970
1,133971
1,133974
1,133976
0,133977
0,133980
0,133981
1,133983
0,133984
0,133987
0,133990
1,133991
0,133992
0,133994
1,133997
1,133999
0,134003
1,134010
0,134011
0,134023
1,134026
0,134027
0,134036
1,134039
0,134040
1,134041
1,134042
0,134044
1,134048
0,134049
1,134050
1,134051
0,134057
1,134059
0,134067
0,134074
0,134076
0,134079
0,134081
0,134083
0,134088
1,134090
1,134093
0,134096
1,134099
0,134100
0,134103
0,134107
0,134110
0,134115
1,134119
1,134120
0,134122
0,134125
1,134126
0,134129
1,134135
1,134137
1,134139
0,134147
0,134149
0,134151
0,134152
1,134160
0,134165
0,134167
0,134168
0,134176
0,134181
1,134183
0,134184
0,134187
0,134189
1,134195
1,134196
1,134197
0,134198
0,134201
0,134204
0,134205
0,134206
0,134207
0,134208
1,134211
0,134213
0,134214
0,134218
1,134219
0,134221
0,134223
1,134224
1,134226
0,134231
1,134232
0,134235
1,134236
0,134240
1,134244
0,134245
1,134246
0,134253
0,134254
0,134258
1,134259
0,134260
0,134261
0,134262
0,134263
1,134270
1,134278
1,134281
0,134285
1,134287
0,134292
1,134294
0,134295
0,134297
0,134298
0,134299
1,134300
1,134302
0,134303
0,134305
0,134310
0,134312
1,134313
1,134315
0,134318
0,134319
0,134322
0,134324
1,134341
0,134343
0,134345
1,134349
1,134350
0,134353
0,134354
1,134356
0,134359
0,134363
1,134365
0,134368
0,134369
0,134371
1,134373
0,134378
0,134382
0,134383
1,134385
0,134388
0,134395
0,134396
0,134397
1,134400
0,134402
1,134418
1,134420
1,134425
1,134429
0,134430
0,134431
0,134432
0,134433
0,134441
0,134443
1,134445
1,134450
0,134451
1,134458
0,134459
0,134464
0,134468
1,134469
0,134472
0,134473
0,134476
0,134477
0,134478
1,134480
0,134483
0,134484
1,134489
0,134492
0,134494
0,134502
0,134503
0,134505
1,134511
0,134513
0,134515
1,134516
1,134517
1,134520
0,134522
0,134525
0,134529
1,134530
1,134531
1,134533
1,134534
1,134539
1,134541
0,134543
0,134545
1,134546
0,134549
0,134551
0,134552
0,134553
0,134558
0,134561
0,134562
1,134563
0,134564
0,134565
0,134566
0,134567
1,134568
1,134569
0,134576
0,134580
0,134583
1,134585
1,134586
0,134588
1,134593
0,134596
0,134597
0,134599
0,134600
0,134602
0,134604
0,134609
0,134610
1,134611
0,134613
0,134614
0,134616
0,134618
0,134619
1,134622
0,134624
0,134627
1,134628
1,134630
0,134633
0,134636
0,134637
0,134639
0,134644
1,134645
0,134647
0,134650
1,134652
1,134653
0,134657
1,134663
0,134667
0,134668
0,134673
1,134676
0,134677
0,134682
0,134683
0,134685
0,134686
0,134687
1,134688
1,134690
0,134694
1,134695
0,134699
0,134700
1,134701
1,134703
0,134705
1,134706
0,134707
0,134708
1,134709
0,134710
1,134711
1,134714
0,134716
1,134719
0,134722
0,134723
0,134728
1,134729
0,134730
0,134740
0,134744
0,134745
0,134746
0,134749
1,134750
1,134754
1,134756
0,134758
0,134760
0,134763
0,134766
0,134770
0,134771
0,134778
1,134782
0,134786
0,134790
0,134798
0,134803
1,134807
0,134811
1,134812
0,134813
1,134816
0,134817
0,134823
1,134825
0,134827
0,134828
0,134832
0,134838
1,134840
0,134844
0,134847
0,134849
1,134850
1,134854
1,134857
0,134862
1,134864
0,134865
0,134866
1,134868
1,134871
0,134875
1,134880
1,134887
1,134894
0,134895
0,134896
0,134897
1,134908
0,134913
0,134915
0,134916
1,134920
0,134923
1,134928
0,134930
0,134934
1,134936
0,134944
1,134945
1,134947
1,134953
1,134954
0,134956
1,134959
0,134963
0,134964
1,134974
0,134978
0,134981
0,134985
0,134986
1,134989
0,134993
1,134994
1,134995
1,134996
0,134999
0,135001
0,135010
1,135012
1,135015
1,135019
0,135024
1,135028
1,135031
1,135032
0,135034
0,135040
1,135045
1,135055
1,135056
0,135059
0,135061
0,135065
1,135070
0,135072
0,135074
0,135076
0,135077
0,135078
0,135080
0,135085
1,135087
1,135088
0,135090
0,135092
0,135093
1,135095
0,135100
1,135103
0,135114
0,135116
1,135117
0,135118
0,135119
1,135120
0,135121
0,135122
1,135125
0,135126
0,135127
1,135133
0,135135
0,135137
0,135139
0,135140
0,135143
1,135146
0,135147
1,135150
0,135152
0,135157
1,135162
0,135165
0,135168
0,135169
0,135173
1,135175
1,135178
0,135179
0,135181
1,135182
1,135183
0,135185
1,135188
0,135189
0,135191
0,135194
0,135197
0,135201
1,135203
0,135208
1,135211
0,135213
0,135216
0,135217
1,135223
0,135224
0,135227
0,135230
0,135231
1,135232
0,135233
0,135236
0,135240
0,135242
0,135253
0,135254
1,135257
1,135259
0,135260
0,135261
0,135271
1,135280
0,135281
0,135282
0,135283
0,135290
0,135297
0,135298
1,135300
1,135301
1,135303
0,135304
0,135307
0,135311
0,135313
0,135316
1,135317
0,135318
0,135319
1,135320
1,135321
1,135326
1,135331
1,135332
1,135337
0,135338
1,135341
0,135343
1,135348
0,135350
0,135358
0,135359
0,135364
0,135366
1,135368
0,135369
0,135372
0,135375
1,135379
1,135382
0,135384
0,135386
1,135388
0,135391
0,135392
0,135393
0,135395
0,135396
0,135398
0,135400
0,135401
0,135405
1,135409
0,135410
0,135412
1,135413
0,135416
0,135417
1,135418
1,135421
0,135428
0,135430
0,135433
0,135437
0,135438
0,135440
1,135441
1,135444
0,135446
0,135447
0,135448
0,135449
0,135451
1,135452
0,135454
0,135458
0,135460
0,135465
0,135471
1,135472
0,135478
0,135479
0,135484
0,135486
0,135487
0,135492
0,135494
1,135497
1,135503
0,135504
0,135505
0,135507
0,135508
0,135511
0,135512
1,135515
0,135517
0,135520
0,135524
1,135526
1,135528
0,135529
0,135530
0,135532
0,135533
1,135542
0,135543
1,135545
1,135546
0,135549
0,135550
0,135551
0,135552
1,135555
1,135556
1,135558
0,135560
1,135563
0,135566
0,135567
1,135568
0,135569
0,135571
0,135574
0,135576
1,135577
0,135581
0,135583
0,135585
1,135589
0,135598
0,135599
1,135601
0,135603
0,135604
0,135607
0,135610
1,135617
1,135622
0,135624
1,135630
1,135631
0,135633
0,135634
0,135635
1,135638
1,135641
0,135642
0,135644
0,135651
0,135653
0,135656
1,135657
0,135665
1,135674
0,135675
1,135676
1,135682
0,135683
0,135684
0,135685
0,135686
1,135688
1,135691
1,135694
0,135699
0,135700
1,135701
0,135702
0,135703
1,135707
1,135713
0,135714
0,135717
1,135718
1,135719
0,135720
0,135721
0,135722
0,135727
1,135729
1,135733
0,135734
0,135735
0,135736
0,135738
0,135741
1,135744
0,135745
1,135748
0,135749
0,135750
0,135751
0,135752
0,135755
0,135757
1,135758
0,135759
1,135763
1,135766
0,135769
1,135771
1,135772
0,135778
0,135781
1,135783
0,135784
0,135785
1,135786
1,135796
0,135799
0,135801
0,135803
1,135807
0,135809
0,135811
1,135815
1,135816
1,135817
1,135819
0,135821
1,135823
0,135830
0,135833
0,135834
0,135839
0,135840
0,135843
0,135847
0,135850
0,135852
0,135856
1,135864
1,135865
0,135866
0,135871
1,135872
0,135880
0,135882
0,135883
0,135884
1,135885
0,135887
0,135890
0,135899
0,135903
0,135907
1,135908
0,135910
0,135912
0,135914
0,135920
1,135921
0,135925
0,135928
0,135938
0,135940
0,135946
0,135947
0,135950
0,135955
0,135959
0,135961
1,135965
1,135971
1,135975
0,135976
0,135978
0,135982
0,135983
0,135985
0,135987
0,135989
0,135995
1,135997
0,135998
0,135999
0,136003
0,136006
1,136008
0,136016
1,136017
0,136019
1,136020
0,136025
0,136028
1,136029
1,136030
0,136033
0,136035
0,136036
0,136039
0,136041
0,136042
0,136046
0,136057
0,136059
1,136073
1,136076
1,136081
1,136082
0,136086
1,136090
1,136091
1,136093
1,136100
0,136101
0,136106
1,136110
0,136113
1,136114
0,136115
1,136116
1,136118
1,136120
1,136122
1,136123
0,136125
0,136126
1,136131
0,136135
0,136136
0,136140
1,136148
0,136152
0,136153
1,136156
0,136157
0,136159
0,136161
0,136166
1,136169
1,136172
0,136174
0,136175
0,136178
0,136181
1,136184
0,136188
1,136190
0,136195
0,136200
0,136201
0,136203
1,136205
0,136206
1,136207
0,136208
0,136213
1,136214
1,136215
1,136216
1,136218
1,136220
1,136221
0,136222
0,136226
0,136229
0,136230
0,136231
0,136232
1,136237
0,136243
0,136244
0,136249
0,136251
0,136252
0,136255
0,136258
0,136260
0,136263
0,136264
1,136268
0,136269
0,136270
0,136271
0,136274
0,136276
0,136277
1,136278
0,136280
0,136281
1,136282
0,136292
0,136299
1,136300
0,136303
1,136306
0,136307
1,136309
0,136312
0,136316
1,136323
0,136325
0,136333
1,136336
1,136339
0,136345
1,136349
0,136355
1,136356
0,136359
0,136361
0,136363
0,136364
1,136368
0,136369
1,136370
0,136374
1,136379
0,136380
0,136381
0,136382
1,136383
0,136384
0,136388
1,136390
0,136391
1,136395
1,136398
1,136403
0,136405
0,136412
1,136414
0,136415
0,136416
0,136417
0,136420
1,136429
1,136430
0,136431
0,136433
1,136436
0,136437
0,136440
1,136443
0,136444
1,136450
1,136455
1,136458
1,136464
0,136472
1,136477
1,136479
1,136480
1,136481
0,136483
0,136489
1,136490
1,136494
0,136495
0,136496
0,136498
1,136503
0,136508
1,136512
1,136515
0,136520
1,136522
0,136524
1,136526
1,136531
0,136532
0,136534
0,136535
0,136536
1,136537
0,136538
0,136539
0,136542
0,136544
1,136550
0,136551
0,136553
0,136554
1,136555
1,136557
1,136559
1,136561
1,136562
1,136566
1,136570
0,136574
0,136575
1,136578
0,136579
0,136582
1,136584
0,136586
0,136587
0,136588
1,136592
1,136593
0,136597
1,136598
1,136602
0,136605
1,136611
1,136615
0,136617
0,136621
1,136622
1,136625
1,136626
0,136631
0,136638
1,136640
0,136643
0,136646
0,136647
0,136654
1,136658
1,136661
1,136663
0,136664
0,136667
1,136671
0,136672
0,136673
1,136674
0,136683
1,136685
0,136690
1,136693
1,136695
0,136701
0,136705
0,136706
0,136708
1,136710
0,136716
1,136722
1,136723
1,136731
1,136733
1,136735
1,136737
1,136738
0,136741
1,136744
0,136748
0,136750
0,136751
0,136753
0,136754
0,136755
0,136758
0,136760
1,136762
0,136765
0,136766
0,136768
0,136771
0,136773
1,136774
0,136779
0,136782
0,136783
1,136787
1,136790
0,136793
1,136794
0,136799
0,136804
0,136805
0,136806
1,136808
0,136809
0,136816
0,136818
0,136822
0,136825
1,136829
0,136831
0,136832
0,136833
0,136838
0,136839
1,136843
1,136846
0,136848
1,136850
1,136853
0,136857
0,136863
1,136864
0,136865
1,136867
0,136868
1,136869
0,136870
0,136871
0,136873
0,136879
1,136883
1,136885
0,136887
1,136888
1,136891
0,136897
1,136898
1,136900
0,136904
0,136909
1,136910
1,136912
1,136916
1,136918
1,136919
0,136927
1,136928
1,136930
0,136931
1,136933
0,136934
1,136935
1,136936
1,136937
1,136940
0,136943
0,136944
0,136945
0,136946
1,136951
0,136953
1,136956
0,136958
1,136959
0,136960
0,136963
1,136967
0,136970
0,136974
0,136975
1,136981
0,136983
0,136984
1,136986
0,136988
0,136991
1,137001
1,137003
0,137004
0,137005
1,137008
0,137010
0,137011
0,137012
0,137019
1,137023
0,137026
0,137027
0,137028
1,137029
0,137030
0,137031
0,137032
1,137034
0,137038
1,137039
0,137043
0,137044
1,137046
0,137047
1,137049
1,137050
0,137051
0,137061
1,137066
0,137070
1,137074
1,137076
1,137078
1,137080
1,137081
1,137085
0,137086
0,137097
1,137100
0,137101
0,137105
0,137106
0,137110
0,137112
0,137113
0,137115
1,137117
0,137122
1,137123
0,137127
1,137130
0,137134
0,137136
1,137141
0,137143
0,137147
1,137149
1,137151
0,137156
1,137158
0,137160
1,137171
1,137176
0,137177
0,137178
1,137180
0,137185
0,137186
1,137188
1,137189
1,137191
0,137193
1,137196
0,137197
0,137200
0,137201
0,137202
0,137213
1,137218
0,137220
1,137221
0,137222
1,137223
1,137225
0,137227
0,137228
0,137230
0,137232
0,137233
0,137234
1,137243
0,137245
0,137248
1,137260
0,137261
0,137262
1,137263
1,137266
1,137267
0,137274
0,137276
0,137277
0,137279
0,137281
1,137282
0,137286
0,137287
0,137296
0,137298
1,137299
0,137300
1,137309
1,137312
0,137314
1,137315
0,137317
0,137320
0,137323
1,137326
1,137327
1,137329
0,137332
1,137337
1,137340
0,137343
0,137347
0,137348
1,137350
1,137351
0,137352
1,137356
1,137357
0,137360
0,137362
1,137367
0,137370
1,137373
1,137374
0,137375
1,137381
1,137384
1,137387
1,137391
0,137393
1,137394
0,137397
1,137401
0,137407
1,137409
0,137410
0,137414
1,137415
1,137416
0,137417
0,137418
0,137419
0,137420
0,137423
0,137425
1,137427
0,137428
1,137432
1,137433
1,137435
0,137438
0,137439
1,137440
0,137443
0,137448
0,137449
1,137450
1,137453
1,137454
0,137456
0,137457
1,137458
1,137459
1,137461
1,137464
0,137465
1,137469
1,137473
1,137474
1,137477
0,137482
0,137485
0,137494
0,137495
0,137496
0,137498
0,137504
0,137508
0,137509
0,137511
0,137512
0,137513
1,137518
0,137523
0,137524
1,137534
0,137537
0,137545
0,137547
0,137549
1,137551
1,137555
0,137558
0,137560
0,137563
1,137564
1,137565
1,137566
1,137567
1,137568
0,137578
0,137581
0,137582
0,137584
0,137585
0,137590
1,137591
0,137593
0,137594
0,137598
0,137600
0,137601
1,137604
0,137611
0,137614
1,137616
1,137623
0,137624
0,137629
0,137632
0,137637
0,137638
1,137639
1,137640
0,137642
0,137643
0,137644
0,137646
0,137647
1,137653
0,137654
0,137659
0,137662
1,137667
1,137668
0,137672
1,137674
1,137678
1,137679
0,137685
1,137687
1,137690
0,137691
0,137692
1,137700
0,137703
1,137718
1,137719
1,137720
0,137723
1,137725
1,137726
1,137729
1,137730
1,137733
1,137734
0,137735
0,137739
0,137745
1,137746
0,137748
0,137759
0,137760
1,137763
1,137765
0,137767
1,137769
0,137770
0,137771
0,137772
0,137773
0,137774
0,137776
0,137777
0,137780
0,137781
1,137782
0,137784
1,137790
1,137792
0,137794
0,137796
1,137797
0,137798
0,137801
0,137810
1,137816
0,137817
0,137824
1,137827
1,137828
0,137832
0,137834
0,137839
0,137841
0,137843
0,137845
0,137847
0,137848
0,137851
0,137853
0,137854
1,137856
1,137857
1,137862
0,137864
0,137866
0,137867
1,137868
1,137871
1,137874
0,137877
0,137885
1,137893
1,137894
0,137895
0,137900
1,137901
0,137902
0,137904
0,137906
0,137908
0,137912
1,137914
0,137915
0,137917
1,137918
1,137920
0,137921
0,137922
1,137923
0,137926
0,137929
1,137930
0,137936
0,137939
1,137940
1,137942
0,137944
0,137950
1,137953
0,137954
1,137957
1,137958
1,137959
1,137963
1,137968
0,137970
1,137974
0,137976
1,137977
1,137978
1,137979
1,137980
1,137983
1,137984
1,137992
1,137997
1,137998
0,138003
0,138004
1,138009
1,138010
0,138012
0,138013
1,138014
0,138016
0,138018
1,138030
0,138032
1,138036
1,138040
0,138041
1,138044
1,138046
0,138048
0,138051
0,138053
0,138057
0,138059
0,138061
0,138062
0,138064
1,138065
1,138069
1,138070
0,138078
1,138080
1,138081
0,138086
1,138088
0,138092
1,138093
0,138094
1,138095
0,138097
0,138099
1,138102
1,138103
0,138110
1,138111
1,138112
1,138115
0,138116
0,138117
0,138120
0,138122
1,138124
0,138125
0,138126
0,138127
1,138132
0,138135
0,138142
1,138143
0,138145
0,138150
0,138151
0,138152
1,138158
0,138159
1,138162
0,138163
0,138172
1,138174
0,138175
0,138179
1,138180
0,138181
0,138185
0,138189
0,138192
0,138193
1,138197
0,138198
0,138200
0,138201
0,138202
0,138203
0,138207
0,138208
0,138218
0,138220
0,138221
1,138222
0,138225
0,138226
1,138227
0,138228
1,138229
1,138234
1,138239
0,138240
0,138241
0,138244
0,138247
0,138253
1,138256
0,138263
1,138264
0,138266
0,138267
0,138275
1,138279
1,138282
0,138283
0,138284
0,138287
0,138289
0,138290
0,138291
1,138294
0,138301
0,138305
0,138310
1,138314
0,138315
0,138321
0,138322
0,138324
0,138325
0,138329
0,138333
0,138338
0,138346
0,138348
0,138351
0,138354
0,138357
1,138358
1,138361
0,138362
0,138363
0,138366
1,138369
0,138371
1,138373
1,138374
0,138376
0,138377
0,138382
0,138384
0,138388
0,138391
0,138392
0,138393
1,138394
1,138395
0,138399
0,138404
1,138406
1,138409
0,138413
1,138417
1,138418
0,138419
0,138421
0,138423
0,138424
0,138426
0,138428
0,138429
0,138433
0,138435
0,138436
1,138438
1,138442
0,138443
0,138444
1,138448
0,138449
0,138452
0,138454
0,138459
0,138460
0,138463
0,138464
1,138469
0,138471
0,138473
0,138478
0,138480
0,138482
0,138483
0,138486
0,138487
0,138488
0,138489
0,138492
0,138493
0,138496
0,138497
0,138498
0,138502
0,138505
0,138511
0,138514
0,138516
0,138517
0,138528
1,138532
1,138539
0,138542
0,138544
0,138548
0,138549
1,138550
1,138553
0,138559
1,138567
0,138568
0,138569
0,138574
0,138578
1,138579
0,138583
0,138584
0,138588
0,138590
0,138591
1,138592
0,138593
0,138594
0,138597
0,138600
0,138602
0,138603
0,138606
0,138608
0,138610
0,138612
0,138613
0,138614
0,138622
0,138625
0,138630
0,138633
0,138637
1,138638
0,138639
0,138640
0,138642
1,138643
0,138644
0,138645
0,138647
1,138649
0,138650
0,138651
0,138652
0,138654
0,138655
0,138659
0,138664
1,138665
1,138668
0,138670
0,138674
0,138676
1,138681
1,138683
0,138685
1,138688
1,138690
0,138691
0,138692
1,138695
0,138698
1,138699
0,138701
0,138703
0,138706
1,138707
0,138708
0,138713
0,138714
0,138715
0,138716
1,138719
0,138720
1,138721
0,138725
0,138726
1,138728
1,138730
0,138735
0,138741
1,138743
0,138745
1,138747
0,138750
0,138751
0,138752
0,138753
0,138758
0,138759
0,138761
1,138766
0,138767
0,138768
0,138770
0,138771
0,138772
0,138773
1,138775
0,138780
0,138781
0,138782
0,138783
0,138786
0,138788
0,138793
0,138794
1,138795
0,138797
0,138798
0,138801
0,138802
0,138803
1,138805
0,138806
1,138807
0,138812
0,138817
0,138828
0,138831
0,138832
1,138833
0,138834
0,138838
1,138842
0,138843
0,138846
0,138847
0,138860
0,138863
0,138864
1,138869
0,138870
1,138871
0,138873
0,138875
0,138876
0,138883
0,138885
0,138887
1,138892
1,138893
0,138896
1,138898
0,138899
0,138900
0,138903
0,138906
0,138911
0,138912
0,138913
0,138916
0,138918
1,138919
0,138920
0,138921
0,138925
0,138926
0,138927
0,138928
0,138930
0,138931
1,138934
0,138935
0,138937
0,138943
0,138944
0,138946
0,138948
0,138949
1,138951
0,138953
1,138956
0,138959
0,138960
0,138962
0,138963
0,138966
0,138970
1,138974
0,138976
0,138977
0,138980
1,138981
1,138985
0,138987
1,138990
0,138991
1,138992
1,138996
1,138997
0,139000
0,139003
0,139004
0,139007
0,139009
0,139016
0,139020
0,139023
0,139025
0,139026
0,139027
0,139029
0,139036
1,139037
1,139038
0,139043
0,139045
0,139046
1,139048
0,139050
0,139051
0,139053
1,139055
0,139061
1,139062
1,139063
0,139065
1,139066
0,139070
1,139072
1,139074
1,139077
0,139082
1,139083
1,139084
0,139087
0,139090
0,139091
1,139093
0,139094
0,139097
0,139099
1,139104
1,139114
0,139115
0,139116
1,139124
0,139127
0,139130
0,139131
0,139132
0,139134
0,139135
1,139140
0,139144
0,139147
0,139149
1,139152
0,139153
1,139160
0,139162
1,139163
1,139165
0,139166
0,139167
0,139168
0,139178
1,139180
0,139181
1,139183
0,139185
0,139186
0,139189
0,139191
1,139192
0,139194
0,139199
0,139202
1,139203
0,139204
0,139205
0,139209
0,139210
0,139211
0,139214
0,139215
1,139216
1,139221
0,139224
0,139225
0,139231
0,139232
0,139237
0,139239
1,139240
0,139247
0,139249
0,139254
0,139256
0,139257
0,139258
1,139260
0,139262
0,139265
0,139266
1,139268
0,139273
0,139275
0,139278
1,139281
0,139282
0,139283
0,139289
1,139290
0,139291
1,139293
0,139296
0,139302
0,139304
0,139307
0,139310
1,139315
0,139318
1,139319
0,139323
1,139324
1,139335
0,139337
0,139338
0,139339
0,139341
1,139342
0,139343
0,139350
0,139361
1,139362
0,139364
1,139367
0,139369
1,139375
1,139376
0,139377
0,139381
1,139382
0,139387
0,139390
0,139392
0,139394
0,139397
0,139398
0,139400
1,139401
0,139403
1,139405
0,139406
0,139407
1,139408
1,139411
1,139412
1,139414
1,139420
1,139421
0,139426
0,139435
0,139436
1,139444
0,139447
0,139448
0,139451
0,139464
1,139469
0,139471
1,139472
0,139475
0,139484
1,139486
1,139489
1,139493
1,139496
1,139501
0,139504
0,139505
0,139508
0,139510
0,139511
0,139512
1,139520
0,139521
1,139523
0,139526
1,139529
0,139533
0,139541
0,139544
0,139548
0,139550
1,139556
0,139561
0,139562
0,139563
0,139568
1,139571
0,139573
0,139579
1,139583
1,139585
0,139586
0,139591
1,139592
0,139593
0,139596
1,139597
0,139602
1,139605
0,139607
0,139608
0,139609
1,139615
1,139618
0,139619
0,139622
0,139623
0,139627
0,139628
0,139634
1,139641
0,139642
0,139644
0,139645
0,139646
0,139647
0,139649
1,139651
1,139652
1,139659
0,139661
0,139666
0,139671
1,139672
1,139673
0,139674
0,139675
0,139677
0,139678
0,139688
1,139690
1,139691
0,139693
0,139695
0,139698
1,139701
0,139703
0,139708
0,139710
0,139712
0,139714
0,139715
0,139718
0,139720
0,139723
0,139727
0,139734
0,139738
0,139743
1,139744
0,139745
0,139749
0,139755
0,139757
0,139758
0,139766
0,139769
0,139774
1,139775
1,139776
0,139779
0,139780
0,139782
1,139783
1,139784
0,139787
0,139788
1,139793
0,139794
0,139798
1,139802
0,139809
0,139812
1,139816
1,139817
0,139823
0,139827
1,139828
0,139829
0,139830
0,139831
0,139832
0,139833
1,139834
0,139835
1,139841
0,139843
0,139845
0,139853
0,139854
0,139857
0,139858
0,139859
1,139861
0,139863
0,139865
0,139866
0,139872
0,139874
0,139875
1,139876
0,139877
1,139878
0,139881
0,139884
1,139885
0,139888
0,139890
1,139892
0,139896
0,139897
0,139898
0,139900
0,139901
0,139906
1,139914
0,139916
0,139917
1,139919
0,139920
0,139922
1,139923
0,139927
1,139929
0,139930
0,139931
0,139932
0,139933
0,139939
0,139940
0,139941
0,139942
0,139944
0,139946
1,139947
0,139949
0,139952
0,139956
0,139957
1,139958
1,139960
0,139962
0,139964
1,139965
1,139966
0,139967
0,139968
1,139969
0,139970
1,139973
0,139974
0,139975
0,139976
0,139979
1,139980
0,139981
1,139985
1,139986
0,139987
0,139989
0,139990
0,139991
0,139995
0,139996
1,139997
1,139998
0,140001
0,140002
1,140003
0,140008
0,140009
0,140017
0,140019
0,140020
0,140021
1,140025
0,140026
0,140027
0,140029
0,140033
0,140034
0,140037
0,140038
0,140039
1,140041
1,140045
0,140046
0,140050
1,140051
0,140058
0,140060
0,140061
0,140063
1,140067
0,140070
0,140071
0,140078
1,140079
0,140081
0,140085
0,140086
1,140087
0,140092
0,140097
1,140099
0,140106
1,140108
1,140109
1,140123
0,140125
1,140129
0,140130
0,140132
0,140135
0,140136
0,140137
0,140139
0,140143
0,140144
0,140148
0,140149
0,140153
0,140156
0,140157
0,140158
0,140159
1,140162
0,140163
1,140164
1,140166
1,140169
1,140170
1,140171
0,140173
1,140175
0,140176
0,140191
1,140192
0,140196
0,140202
0,140206
0,140208
0,140210
0,140213
0,140217
0,140218
0,140220
1,140221
0,140222
0,140223
0,140224
0,140225
0,140229
0,140236
1,140238
1,140240
0,140242
1,140245
0,140247
0,140248
0,140251
1,140252
0,140253
0,140254
0,140255
0,140257
0,140258
0,140259
0,140260
1,140263
1,140268
0,140273
1,140274
0,140275
0,140276
0,140277
0,140282
1,140285
0,140286
0,140287
0,140290
0,140293
0,140294
0,140295
0,140296
0,140304
0,140307
0,140308
0,140309
0,140311
0,140313
1,140317
0,140318
0,140319
1,140321
0,140324
1,140326
0,140328
1,140330
0,140333
0,140334
0,140337
1,140338
0,140340
1,140341
0,140342
0,140343
0,140344
0,140346
1,140347
0,140348
0,140352
0,140357
0,140359
0,140361
0,140363
1,140365
1,140367
1,140368
0,140373
1,140376
0,140378
0,140380
1,140383
0,140384
1,140385
0,140388
0,140389
0,140391
0,140392
0,140396
0,140397
0,140401
0,140404
0,140405
0,140407
0,140413
1,140414
0,140424
0,140426
0,140430
1,140431
0,140437
1,140439
0,140443
0,140445
0,140449
1,140450
0,140451
0,140452
0,140464
0,140468
0,140469
0,140473
0,140481
0,140482
1,140488
0,140490
1,140492
0,140495
0,140498
0,140499
0,140502
0,140504
0,140508
0,140509
0,140513
0,140514
0,140515
0,140516
0,140518
0,140522
0,140523
0,140525
1,140526
0,140530
0,140531
1,140540
0,140542
0,140543
1,140546
1,140552
0,140554
1,140555
0,140559
0,140564
0,140565
1,140570
0,140575
0,140576
0,140581
0,140582
0,140584
1,140585
0,140586
1,140587
0,140596
0,140597
0,140598
0,140600
0,140603
0,140606
1,140607
1,140609
0,140612
1,140614
1,140615
0,140616
1,140619
1,140620
0,140621
0,140622
0,140626
0,140629
1,140630
0,140632
1,140634
1,140637
0,140638
1,140639
0,140641
1,140642
1,140645
0,140646
0,140647
0,140648
0,140651
0,140655
0,140658
0,140662
0,140665
0,140667
0,140668
0,140672
0,140673
0,140677
0,140678
1,140679
1,140684
0,140686
0,140688
0,140691
1,140695
1,140698
0,140700
0,140702
0,140704
0,140705
0,140709
1,140711
0,140712
0,140713
0,140716
1,140719
0,140720
1,140725
0,140727
0,140729
0,140732
0,140733
1,140738
1,140739
1,140740
0,140746
1,140747
0,140748
0,140749
0,140750
0,140751
0,140754
0,140757
0,140759
0,140760
0,140764
0,140765
0,140766
0,140767
0,140772
0,140774
1,140775
0,140776
1,140786
0,140787
1,140794
0,140796
1,140798
0,140799
0,140800
0,140802
0,140803
0,140805
0,140809
1,140810
0,140812
1,140817
0,140819
1,140824
0,140825
0,140826
0,140827
0,140828
1,140829
0,140830
0,140833
0,140837
0,140838
0,140841
1,140842
0,140846
0,140847
1,140851
0,140852
0,140854
0,140857
0,140859
0,140860
0,140866
0,140870
1,140875
0,140879
0,140880
0,140881
0,140883
0,140884
0,140887
1,140891
1,140892
0,140898
1,140900
0,140902
0,140903
0,140907
0,140908
1,140911
1,140912
0,140914
1,140921
0,140924
0,140925
1,140928
0,140929
0,140932
0,140935
1,140936
0,140938
1,140940
0,140943
0,140944
0,140948
0,140951
1,140952
0,140954
0,140956
0,140957
0,140960
0,140961
0,140965
0,140966
1,140972
1,140973
0,140976
1,140978
1,140980
0,140984
0,140987
0,140988
0,140989
1,140991
1,140992
0,140995
0,141000
0,141010
0,141013
1,141014
0,141017
0,141019
0,141020
0,141021
0,141023
0,141025
1,141027
0,141028
1,141030
0,141031
0,141037
0,141041
0,141042
1,141044
0,141045
1,141048
0,141050
0,141051
1,141053
1,141059
0,141067
1,141069
0,141070
0,141074
0,141081
0,141083
0,141092
0,141096
0,141097
0,141098
0,141100
0,141101
0,141105
0,141107
0,141108
0,141112
1,141115
0,141116
0,141117
0,141120
0,141122
0,141124
1,141130
0,141131
0,141134
0,141136
0,141140
0,141144
1,141145
0,141146
0,141148
1,141149
1,141151
1,141156
1,141157
1,141160
0,141161
0,141165
0,141166
0,141170
0,141173
0,141176
1,141177
1,141178
0,141179
1,141181
0,141183
0,141185
1,141186
0,141193
1,141196
0,141201
0,141202
0,141204
1,141206
0,141207
0,141214
0,141215
0,141216
0,141218
0,141220
0,141221
0,141227
0,141228
1,141231
0,141234
0,141235
1,141238
1,141239
0,141243
0,141245
1,141247
1,141248
1,141249
1,141250
1,141251
0,141255
0,141256
0,141259
0,141261
1,141263
1,141265
1,141267
1,141273
0,141277
0,141278
0,141279
1,141280
1,141284
1,141289
0,141291
1,141292
0,141295
1,141296
0,141297
1,141298
0,141299
1,141304
0,141305
1,141307
0,141308
1,141313
1,141319
1,141320
0,141323
0,141325
0,141330
0,141331
0,141333
0,141334
0,141335
0,141338
1,141341
0,141342
0,141344
1,141345
1,141347
0,141348
0,141351
1,141354
0,141358
1,141359
0,141362
1,141364
0,141368
0,141370
0,141371
0,141380
1,141381
1,141384
1,141394
0,141399
0,141402
1,141406
0,141408
1,141410
0,141416
0,141417
0,141418
1,141422
1,141423
1,141429
0,141433
0,141434
1,141435
1,141436
0,141440
0,141442
1,141445
1,141446
0,141448
1,141451
0,141452
0,141456
0,141458
0,141459
1,141464
0,141465
1,141467
0,141472
0,141473
0,141476
0,141477
0,141480
0,141481
0,141483
0,141484
0,141485
0,141487
0,141489
0,141491
1,141492
1,141493
0,141500
0,141501
0,141502
1,141504
0,141507
1,141511
0,141514
0,141517
0,141519
1,141523
0,141524
0,141526
0,141527
0,141529
0,141537
0,141538
1,141540
0,141542
0,141546
0,141547
0,141549
0,141551
0,141552
0,141553
1,141555
1,141557
0,141558
0,141561
0,141564
0,141567
0,141570
0,141576
0,141578
0,141579
0,141585
0,141589
1,141591
0,141592
1,141598
0,141599
1,141606
0,141607
1,141616
0,141618
1,141624
0,141625
0,141626
0,141631
1,141632
1,141636
0,141637
1,141643
0,141645
1,141649
0,141655
0,141656
1,141657
0,141658
0,141661
1,141662
0,141667
0,141668
0,141671
0,141672
0,141673
0,141675
1,141676
0,141683
1,141685
1,141686
0,141690
1,141691
1,141692
0,141694
0,141697
1,141698
1,141699
0,141700
1,141701
0,141704
1,141708
1,141709
0,141711
0,141712
0,141715
0,141717
0,141718
0,141719
0,141720
0,141721
0,141730
1,141735
0,141736
1,141737
0,141738
0,141745
0,141749
1,141750
1,141752
1,141754
1,141755
0,141756
0,141757
0,141758
0,141759
0,141760
1,141763
0,141764
1,141765
1,141768
1,141769
1,141771
1,141774
0,141775
0,141776
0,141778
0,141784
1,141786
1,141787
1,141788
0,141789
0,141791
0,141792
1,141798
0,141802
1,141805
1,141817
0,141818
1,141819
1,141820
0,141821
0,141826
0,141828
1,141829
0,141831
1,141832
1,141836
0,141839
0,141841
0,141843
0,141844
0,141845
0,141850
0,141855
1,141858
1,141861
1,141862
1,141865
0,141867
0,141868
0,141874
0,141880
0,141882
0,141889
0,141890
1,141893
1,141895
0,141899
0,141900
0,141901
0,141902
0,141903
1,141905
0,141907
0,141909
0,141912
1,141914
0,141916
1,141921
0,141924
0,141930
1,141931
0,141932
1,141934
1,141935
0,141937
0,141939
1,141940
0,141943
0,141944
0,141946
0,141948
0,141949
1,141951
1,141958
1,141959
1,141962
0,141963
0,141964
1,141966
1,141967
1,141972
0,141973
1,141976
0,141977
0,141979
0,141981
0,141986
0,141988
0,141991
0,141993
1,141995
0,141996
0,141997
0,142005
0,142006
1,142007
0,142010
1,142011
0,142014
0,142015
0,142017
0,142019
0,142020
0,142023
0,142024
0,142026
0,142027
0,142029
1,142034
1,142036
0,142042
0,142045
0,142046
0,142048
0,142051
1,142053
0,142054
0,142057
1,142060
0,142063
0,142065
0,142066
0,142075
0,142077
1,142078
1,142080
0,142086
1,142089
0,142090
0,142097
0,142100
1,142104
0,142105
0,142106
1,142107
0,142114
0,142116
1,142120
0,142121
0,142122
0,142125
0,142127
0,142132
0,142133
1,142134
1,142135
1,142136
1,142137
1,142138
0,142139
0,142140
1,142144
1,142148
0,142150
0,142151
0,142154
1,142158
0,142161
0,142162
1,142167
0,142174
0,142177
1,142178
1,142186
1,142187
1,142188
0,142190
0,142192
1,142193
0,142195
0,142196
1,142200
1,142204
0,142206
1,142211
1,142219
0,142220
0,142221
1,142222
0,142223
1,142226
0,142230
0,142232
1,142238
1,142240
0,142241
1,142245
0,142246
1,142250
1,142251
0,142252
0,142255
0,142256
1,142257
1,142263
0,142265
0,142266
0,142269
0,142270
0,142272
1,142276
1,142279
1,142280
1,142281
1,142288
0,142289
0,142292
1,142293
0,142299
0,142300
1,142301
0,142309
0,142310
0,142316
1,142318
1,142320
0,142321
1,142322
0,142323
0,142326
0,142329
0,142331
0,142333
1,142336
0,142337
0,142339
0,142340
0,142344
0,142345
0,142346
1,142347
1,142348
0,142351
1,142352
1,142354
0,142356
0,142358
1,142372
1,142374
0,142375
0,142378
0,142379
0,142381
0,142383
1,142385
1,142394
0,142396
0,142400
0,142403
0,142405
0,142406
0,142408
1,142409
1,142411
1,142415
0,142416
0,142417
1,142420
0,142421
1,142423
1,142428
0,142429
0,142434
0,142436
1,142438
1,142443
0,142444
0,142446
1,142448
1,142449
0,142451
0,142454
0,142461
0,142463
0,142467
1,142468
0,142470
1,142475
1,142476
0,142477
0,142482
0,142483
0,142489
1,142491
0,142492
1,142494
1,142496
0,142497
1,142498
0,142499
1,142509
0,142512
0,142516
0,142518
0,142522
0,142523
0,142531
1,142533
1,142535
0,142536
0,142538
1,142539
1,142542
0,142551
1,142553
1,142555
1,142562
0,142563
1,142565
0,142570
1,142572
0,142573
1,142575
0,142576
1,142582
0,142583
0,142588
1,142592
0,142593
1,142594
0,142601
1,142602
0,142603
0,142605
1,142606
1,142607
0,142617
0,142618
1,142622
0,142624
1,142628
1,142633
0,142645
0,142649
0,142651
0,142653
0,142657
1,142658
1,142660
0,142662
0,142664
1,142665
0,142666
0,142669
0,142671
1,142672
0,142673
0,142682
1,142684
0,142685
0,142691
0,142693
0,142697
0,142698
0,142702
0,142703
1,142711
0,142712
1,142713
0,142714
0,142715
1,142717
0,142720
0,142721
1,142729
0,142730
0,142733
0,142737
1,142738
0,142749
1,142750
1,142751
0,142757
1,142758
0,142763
1,142764
0,142774
1,142775
1,142777
0,142778
1,142782
1,142785
1,142788
0,142791
1,142794
1,142798
0,142805
1,142806
1,142807
1,142809
0,142812
0,142815
0,142816
1,142817
1,142821
1,142829
0,142830
0,142831
0,142832
0,142834
1,142842
0,142843
0,142847
0,142854
0,142858
0,142862
0,142865
0,142866
1,142868
1,142874
0,142876
0,142877
1,142885
0,142887
1,142889
1,142893
0,142897
0,142898
0,142899
0,142906
1,142907
1,142909
0,142910
1,142916
0,142917
0,142918
1,142920
0,142922
0,142927
1,142930
0,142931
0,142932
0,142933
0,142939
0,142947
0,142950
0,142953
0,142958
0,142960
0,142964
1,142965
0,142966
0,142967
0,142970
1,142972
0,142974
1,142976
0,142978
1,142983
1,142984
0,142990
0,142991
0,142993
0,142994
0,143001
0,143002
1,143003
0,143004
0,143006
0,143009
1,143010
1,143011
0,143016
1,143017
1,143018
1,143021
1,143022
0,143023
0,143024
0,143026
0,143028
1,143029
0,143030
0,143031
0,143037
1,143038
0,143045
0,143046
1,143049
0,143052
0,143053
0,143054
0,143056
0,143057
0,143061
0,143063
0,143067
0,143068
1,143069
0,143073
1,143074
0,143079
0,143083
1,143085
1,143086
0,143088
1,143089
1,143090
0,143091
0,143096
0,143100
1,143103
0,143106
0,143110
0,143111
0,143112
0,143114
0,143116
0,143117
0,143118
1,143119
1,143120
1,143124
0,143126
0,143130
1,143134
0,143137
1,143139
0,143143
0,143144
0,143146
0,143147
1,143148
1,143149
0,143153
0,143154
0,143160
0,143164
1,143166
0,143168
0,143169
0,143170
0,143172
1,143173
1,143174
0,143175
0,143176
0,143186
1,143188
0,143191
0,143193
0,143194
0,143196
1,143198
0,143210
0,143213
0,143217
0,143218
0,143221
0,143224
0,143225
0,143227
0,143230
1,143232
0,143233
1,143235
0,143242
1,143244
0,143245
0,143257
0,143260
0,143263
1,143264
0,143266
1,143267
0,143269
0,143271
0,143272
0,143275
0,143276
1,143277
0,143279
0,143281
1,143283
1,143287
1,143288
1,143289
0,143290
1,143292
0,143293
0,143294
0,143296
0,143302
0,143303
1,143304
0,143312
0,143313
0,143316
0,143318
0,143319
1,143320
1,143321
0,143325
0,143326
1,143332
0,143333
0,143334
1,143336
1,143337
1,143340
0,143343
1,143346
0,143350
0,143351
0,143353
0,143355
0,143358
0,143361
0,143363
0,143364
0,143365
0,143367
1,143369
0,143374
1,143375
1,143376
1,143381
1,143383
1,143384
0,143385
1,143393
0,143398
0,143400
1,143401
0,143403
1,143405
0,143410
0,143413
0,143417
0,143423
0,143437
0,143440
0,143441
0,143442
0,143443
1,143452
0,143454
1,143455
1,143457
1,143467
0,143468
0,143472
1,143475
0,143476
0,143478
0,143480
0,143481
0,143486
1,143487
0,143488
1,143489
0,143491
0,143492
0,143493
1,143495
1,143502
1,143509
0,143511
1,143517
0,143519
0,143520
1,143521
1,143529
0,143532
0,143533
0,143536
0,143538
1,143539
0,143540
0,143541
1,143543
1,143545
0,143546
0,143547
0,143549
1,143553
1,143563
0,143564
0,143565
1,143566
1,143567
1,143572
1,143573
0,143574
0,143577
0,143579
0,143580
0,143582
1,143583
0,143584
0,143585
0,143586
1,143589
1,143591
0,143592
0,143594
0,143595
1,143596
0,143598
1,143600
0,143603
0,143605
0,143607
1,143610
0,143611
0,143614
1,143615
0,143617
1,143623
0,143625
0,143628
0,143630
0,143631
0,143633
0,143634
1,143637
1,143639
1,143640
0,143642
1,143646
1,143648
1,143649
1,143652
1,143653
0,143654
0,143655
1,143658
1,143660
1,143661
1,143663
0,143664
0,143667
0,143668
1,143669
1,143671
0,143673
0,143682
1,143683
0,143685
0,143693
0,143694
1,143697
1,143698
0,143699
1,143700
1,143704
1,143708
0,143709
1,143711
1,143719
1,143720
0,143722
0,143724
1,143725
1,143726
0,143731
0,143737
0,143738
0,143740
1,143741
0,143745
0,143754
1,143756
0,143757
1,143760
0,143763
1,143766
1,143767
0,143768
0,143769
1,143774
1,143776
0,143777
1,143778
0,143779
0,143780
1,143784
0,143785
0,143786
0,143788
0,143791
0,143792
0,143793
0,143797
1,143798
0,143800
0,143801
0,143802
0,143803
0,143807
0,143809
1,143811
1,143813
1,143823
0,143824
1,143825
1,143828
0,143830
0,143831
0,143832
0,143835
0,143841
0,143843
0,143844
0,143847
1,143849
0,143851
0,143853
1,143854
0,143856
1,143858
0,143862
1,143863
0,143864
0,143865
0,143867
1,143872
0,143873
0,143875
0,143879
0,143880
1,143882
0,143883
0,143885
0,143886
0,143887
0,143892
0,143895
0,143901
0,143905
0,143906
1,143909
1,143910
1,143911
0,143913
0,143914
0,143916
0,143922
1,143923
1,143926
1,143929
0,143930
0,143931
0,143936
1,143937
0,143939
1,143946
1,143953
0,143954
1,143958
0,143959
0,143960
1,143963
1,143964
1,143965
1,143966
0,143967
1,143970
0,143976
0,143978
0,143980
1,143981
0,143983
1,143985
0,143986
0,143987
1,143989
0,143993
0,143996
0,143997
0,144003
0,144010
1,144016
0,144018
0,144020
0,144021
0,144027
1,144030
1,144031
1,144037
1,144040
0,144044
1,144045
1,144046
0,144051
0,144054
0,144056
0,144058
0,144061
1,144064
0,144073
0,144076
0,144078
1,144081
0,144084
0,144089
0,144091
0,144093
1,144095
1,144096
1,144099
0,144100
0,144103
0,144107
1,144112
0,144113
1,144114
0,144117
0,144118
0,144122
0,144123
0,144124
0,144125
0,144126
1,144127
0,144129
1,144136
1,144153
0,144154
0,144155
0,144156
1,144158
0,144162
0,144164
0,144166
0,144170
1,144175
1,144177
1,144180
0,144182
0,144189
1,144192
0,144193
0,144195
0,144196
0,144197
1,144200
0,144201
0,144207
0,144210
1,144216
1,144217
0,144219
0,144226
0,144227
0,144229
0,144232
0,144237
1,144238
1,144242
0,144244
0,144245
0,144247
0,144254
0,144255
0,144257
0,144262
0,144263
1,144264
0,144266
1,144270
0,144271
0,144272
0,144274
1,144277
1,144278
0,144282
1,144283
0,144287
0,144291
0,144292
0,144293
0,144294
1,144299
0,144300
1,144301
0,144304
1,144305
0,144306
0,144307
0,144308
0,144309
0,144315
0,144319
0,144334
0,144336
0,144337
1,144339
1,144347
0,144352
0,144353
0,144357
1,144359
1,144363
0,144364
1,144368
0,144372
1,144373
0,144375
1,144378
0,144380
1,144381
1,144382
1,144386
0,144387
1,144388
1,144389
0,144390
1,144395
0,144398
0,144399
0,144400
1,144401
0,144402
1,144403
0,144406
0,144410
0,144412
0,144413
0,144416
0,144420
0,144422
0,144424
0,144425
0,144428
1,144429
1,144432
0,144433
0,144437
1,144439
1,144441
0,144445
1,144448
0,144449
0,144450
1,144454
0,144457
1,144458
1,144459
1,144467
1,144474
0,144476
0,144477
0,144478
0,144481
0,144483
0,144484
1,144485
0,144486
0,144487
0,144488
1,144492
0,144496
0,144497
0,144500
1,144501
0,144504
1,144505
0,144507
0,144510
0,144511
0,144516
0,144519
0,144521
0,144531
0,144532
0,144537
0,144538
1,144541
0,144544
0,144545
0,144550
0,144552
0,144553
1,144561
1,144562
1,144563
0,144564
1,144566
0,144568
1,144569
0,144576
0,144585
0,144588
1,144597
0,144603
1,144607
1,144612
0,144614
0,144617
0,144618
0,144625
1,144627
0,144629
1,144630
0,144631
0,144632
0,144638
1,144640
1,144641
0,144642
1,144645
0,144646
0,144649
0,144652
0,144659
0,144660
0,144663
0,144667
0,144669
0,144673
0,144674
0,144675
0,144679
1,144686
1,144689
0,144690
0,144693
1,144697
1,144699
0,144701
1,144706
0,144707
0,144708
0,144709
0,144713
1,144716
1,144718
0,144724
0,144725
1,144726
0,144727
1,144729
0,144730
0,144731
1,144734
1,144737
0,144739
0,144745
1,144746
1,144747
1,144748
0,144755
0,144756
0,144759
1,144761
1,144765
0,144767
0,144775
0,144776
1,144778
0,144779
0,144783
1,144788
0,144789
0,144791
1,144801
1,144802
0,144804
1,144810
1,144812
1,144815
0,144824
0,144828
0,144831
0,144835
0,144840
0,144843
1,144844
1,144848
0,144851
0,144853
0,144854
1,144855
0,144856
0,144862
1,144863
0,144864
0,144866
0,144867
0,144869
0,144870
0,144872
0,144874
0,144876
0,144879
1,144881
0,144886
0,144889
1,144893
1,144895
0,144896
0,144898
1,144900
1,144901
1,144908
1,144910
1,144912
1,144913
1,144917
0,144918
0,144920
1,144922
0,144924
1,144926
0,144928
0,144929
0,144930
1,144931
0,144932
1,144933
0,144934
1,144937
1,144939
1,144942
0,144945
0,144949
1,144956
1,144957
1,144959
0,144960
0,144964
1,144965
1,144977
0,144980
1,144983
0,144984
0,144986
0,144988
0,144993
1,144996
0,144998
0,145006
0,145008
0,145009
0,145011
1,145012
0,145014
0,145017
0,145019
0,145020
0,145024
0,145031
0,145033
1,145037
1,145041
0,145043
0,145044
1,145045
1,145047
0,145048
1,145049
1,145051
0,145054
0,145056
0,145057
0,145058
0,145060
0,145061
0,145062
0,145063
1,145065
1,145066
1,145068
1,145070
1,145071
1,145076
0,145078
0,145083
0,145085
0,145086
0,145092
1,145094
0,145095
0,145096
1,145099
0,145101
0,145102
0,145103
1,145105
1,145106
0,145107
0,145109
0,145112
0,145116
1,145117
0,145124
0,145129
0,145132
1,145136
1,145137
0,145142
0,145143
0,145147
1,145149
0,145150
1,145152
0,145155
0,145161
0,145162
0,145163
0,145165
1,145166
0,145167
0,145168
0,145169
0,145170
0,145171
0,145174
0,145179
1,145181
0,145182
1,145184
0,145185
1,145187
0,145192
1,145194
1,145198
0,145199
1,145200
1,145201
0,145202
0,145203
0,145205
0,145206
0,145210
0,145212
0,145213
0,145214
1,145216
0,145217
1,145219
0,145221
0,145222
1,145223
0,145225
0,145228
0,145230
0,145231
0,145232
1,145233
0,145236
0,145237
0,145238
0,145240
0,145243
0,145245
0,145246
1,145248
0,145250
1,145252
0,145259
0,145260
0,145261
0,145262
0,145264
0,145265
0,145267
1,145269
0,145270
0,145272
1,145273
1,145275
0,145282
1,145284
1,145285
1,145288
0,145290
0,145293
1,145296
0,145297
0,145300
0,145306
0,145308
0,145309
0,145310
1,145312
1,145313
1,145315
1,145317
1,145320
1,145321
0,145323
1,145326
1,145327
0,145328
0,145332
0,145335
1,145340
0,145341
0,145342
0,145343
0,145345
0,145349
0,145350
0,145354
0,145355
0,145356
1,145358
0,145359
0,145360
0,145362
1,145363
1,145365
0,145372
0,145376
0,145380
0,145381
0,145382
0,145389
0,145391
0,145395
0,145397
0,145402
0,145404
1,145408
1,145409
1,145410
1,145413
0,145418
1,145420
0,145422
0,145425
0,145426
0,145427
1,145428
0,145429
1,145430
1,145433
0,145436
1,145441
1,145444
0,145446
0,145447
1,145455
0,145456
0,145457
0,145458
0,145459
1,145460
0,145461
1,145463
0,145464
0,145465
0,145466
1,145474
0,145478
1,145479
0,145480
0,145481
0,145484
0,145489
0,145490
0,145492
0,145493
0,145494
0,145497
0,145499
1,145506
1,145507
0,145508
0,145510
0,145514
0,145515
0,145517
0,145521
0,145523
0,145526
0,145530
0,145532
1,145533
0,145535
1,145537
0,145538
0,145540
0,145543
0,145551
1,145552
0,145559
1,145563
0,145566
0,145568
0,145569
1,145575
0,145581
1,145584
0,145586
1,145587
1,145595
0,145597
0,145599
1,145600
0,145601
1,145604
0,145605
0,145607
1,145608
1,145610
1,145612
0,145614
0,145616
0,145618
0,145620
0,145623
0,145627
0,145631
1,145633
0,145635
0,145641
1,145643
0,145645
0,145646
0,145647
0,145648
0,145650
0,145651
0,145652
1,145653
0,145654
1,145657
0,145660
0,145661
1,145663
1,145664
1,145667
1,145669
0,145670
1,145673
0,145675
1,145676
0,145681
1,145683
1,145684
0,145685
0,145686
1,145688
0,145692
1,145693
0,145696
0,145697
0,145698
0,145699
0,145700
0,145701
0,145704
0,145707
1,145708
1,145710
1,145714
1,145716
0,145718
0,145721
0,145722
0,145724
0,145726
0,145731
0,145732
0,145733
0,145735
1,145739
1,145740
0,145741
0,145746
0,145749
0,145763
0,145765
1,145771
0,145772
0,145773
0,145774
0,145777
0,145780
1,145782
0,145786
1,145788
0,145792
1,145793
1,145799
0,145801
0,145808
0,145809
0,145811
0,145814
1,145816
0,145824
0,145830
0,145840
1,145843
0,145844
0,145845
0,145846
1,145848
0,145850
0,145855
0,145857
0,145860
0,145868
0,145871
1,145874
1,145880
0,145882
0,145891
0,145892
0,145894
0,145895
0,145897
0,145904
0,145910
0,145912
0,145914
0,145915
1,145918
0,145920
1,145921
0,145922
0,145923
1,145925
0,145926
0,145932
0,145938
0,145939
0,145944
0,145945
0,145948
0,145950
0,145951
0,145955
1,145962
1,145967
0,145969
0,145970
0,145973
1,145974
0,145979
0,145983
1,145985
0,145987
0,145989
0,145992
1,145994
0,145996
0,145998
1,145999
1,146000
1,146002
0,146008
0,146011
1,146013
1,146015
0,146023
0,146025
0,146027
0,146028
1,146033
0,146036
0,146038
0,146040
1,146045
0,146049
0,146053
0,146054
1,146055
1,146058
0,146059
1,146061
1,146062
0,146064
0,146067
0,146071
1,146074
0,146075
0,146076
0,146079
1,146080
0,146081
0,146085
1,146087
1,146093
0,146095
0,146097
0,146104
0,146106
1,146107
0,146110
1,146111
0,146114
0,146117
0,146118
1,146119
0,146121
0,146122
0,146123
1,146127
0,146130
0,146132
1,146134
1,146136
1,146138
0,146139
0,146145
0,146147
1,146149
1,146151
0,146153
0,146158
1,146160
0,146161
0,146162
0,146171
0,146173
0,146175
1,146176
1,146180
0,146181
0,146185
0,146189
0,146190
0,146191
0,146193
0,146195
0,146198
1,146203
1,146204
0,146212
0,146213
0,146214
0,146215
1,146216
0,146217
0,146220
1,146224
0,146229
0,146232
1,146234
0,146236
0,146239
1,146241
0,146242
0,146243
0,146249
1,146254
0,146256
0,146257
0,146258
1,146260
0,146261
1,146262
1,146263
0,146264
0,146265
0,146279
1,146280
0,146282
1,146286
1,146289
1,146292
0,146293
1,146294
1,146302
0,146303
0,146308
0,146311
0,146312
0,146317
0,146318
1,146320
0,146321
0,146322
0,146324
1,146325
1,146327
0,146329
0,146332
0,146334
0,146335
0,146336
0,146339
0,146341
1,146344
1,146347
1,146351
0,146358
0,146359
1,146363
1,146366
0,146370
0,146373
0,146374
0,146376
0,146379
1,146382
0,146385
1,146390
0,146393
1,146394
0,146395
0,146396
0,146397
0,146398
0,146399
1,146400
1,146403
0,146407
0,146410
0,146412
1,146413
1,146416
1,146417
1,146418
1,146420
1,146421
0,146426
1,146428
0,146429
1,146430
0,146435
0,146436
0,146439
0,146440
0,146443
0,146446
0,146451
0,146454
1,146456
0,146457
0,146458
1,146462
0,146464
0,146465
0,146467
0,146469
0,146470
1,146471
1,146472
0,146475
0,146478
0,146480
0,146481
0,146483
1,146485
1,146489
1,146490
0,146491
0,146498
0,146499
0,146500
0,146501
1,146505
1,146507
1,146511
0,146515
1,146519
0,146520
1,146525
0,146532
1,146537
0,146538
0,146539
0,146540
0,146542
0,146556
0,146557
0,146558
0,146559
0,146561
1,146562
1,146563
0,146564
1,146567
0,146568
0,146569
1,146570
0,146572
1,146573
0,146575
1,146578
0,146580
1,146581
0,146583
0,146587
0,146591
1,146594
0,146595
0,146596
0,146597
0,146599
0,146602
1,146603
0,146605
0,146606
1,146612
0,146615
1,146617
1,146620
1,146623
1,146624
0,146626
0,146627
1,146628
0,146629
0,146633
1,146639
0,146640
0,146644
1,146645
1,146650
1,146651
1,146652
0,146655
1,146656
1,146657
1,146668
1,146669
1,146676
0,146681
0,146687
0,146688
0,146691
0,146692
0,146694
0,146695
1,146699
0,146700
1,146701
0,146703
1,146704
0,146705
0,146707
0,146708
0,146711
0,146716
0,146718
0,146720
0,146724
0,146725
0,146726
0,146727
0,146728
0,146729
1,146735
1,146737
0,146739
1,146742
0,146745
0,146747
0,146749
1,146753
0,146755
0,146758
0,146759
0,146761
1,146764
0,146766
0,146767
0,146768
0,146774
1,146775
0,146776
0,146777
1,146779
0,146780
0,146781
0,146783
0,146784
1,146789
0,146794
0,146796
0,146801
0,146802
0,146803
1,146804
0,146805
0,146809
0,146811
1,146819
0,146820
0,146821
0,146824
0,146825
1,146826
0,146828
1,146829
0,146830
1,146834
0,146844
1,146845
0,146847
0,146848
1,146852
0,146853
0,146856
1,146857
1,146858
0,146859
1,146867
1,146868
0,146871
0,146872
0,146875
0,146876
1,146877
0,146880
0,146881
0,146886
0,146889
0,146894
0,146895
0,146897
1,146902
0,146905
0,146906
0,146907
1,146916
1,146919
0,146922
0,146923
1,146925
0,146926
0,146927
0,146928
1,146930
1,146940
1,146941
0,146944
0,146947
1,146951
1,146953
0,146954
0,146958
0,146959
1,146963
0,146969
0,146970
1,146974
1,146976
0,146981
0,146982
0,146987
0,146989
1,146990
1,146992
1,146993
0,146995
1,146996
0,146997
1,146998
0,147002
1,147004
0,147010
0,147013
0,147014
0,147015
0,147018
0,147024
1,147026
0,147028
0,147040
0,147042
1,147046
0,147055
0,147060
0,147061
0,147063
0,147065
0,147066
1,147069
0,147070
0,147072
0,147075
0,147079
0,147084
0,147091
0,147100
0,147103
0,147107
0,147111
1,147118
1,147119
0,147123
0,147126
1,147127
0,147129
0,147133
1,147135
0,147145
1,147147
0,147151
1,147156
0,147159
1,147160
1,147161
0,147164
0,147165
1,147166
0,147171
0,147172
1,147173
1,147174
1,147180
1,147185
0,147188
1,147190
0,147194
1,147197
1,147200
0,147203
0,147204
0,147208
0,147212
1,147214
0,147215
0,147216
0,147226
0,147227
0,147229
1,147234
0,147235
1,147237
1,147240
0,147245
0,147248
1,147250
0,147252
0,147255
1,147258
0,147261
0,147265
1,147266
0,147267
0,147268
0,147270
1,147275
0,147277
0,147279
1,147281
1,147283
0,147284
1,147289
0,147293
0,147295
1,147296
1,147309
0,147311
0,147314
1,147317
1,147320
0,147321
1,147322
1,147327
0,147329
0,147331
0,147332
0,147335
0,147337
1,147338
0,147339
0,147345
0,147349
0,147354
1,147358
0,147364
0,147367
0,147371
1,147373
0,147374
1,147378
1,147382
0,147383
0,147384
0,147385
1,147386
0,147388
0,147393
0,147394
0,147396
0,147397
1,147398
1,147402
0,147405
1,147410
0,147412
0,147414
1,147419
0,147422
1,147423
0,147425
0,147428
0,147430
0,147432
1,147434
1,147439
0,147447
0,147450
0,147454
1,147455
1,147456
0,147460
0,147463
0,147465
0,147466
1,147470
0,147473
0,147478
1,147482
1,147486
0,147489
0,147490
0,147493
1,147499
1,147501
1,147502
1,147505
1,147506
1,147510
0,147511
0,147515
0,147516
0,147518
0,147526
1,147527
0,147528
1,147531
0,147532
1,147533
0,147535
1,147536
1,147539
0,147540
0,147542
0,147543
0,147544
1,147545
1,147547
0,147549
1,147552
0,147553
0,147555
0,147557
1,147559
0,147560
0,147561
0,147566
1,147569
1,147570
0,147571
0,147572
0,147573
1,147577
0,147578
0,147579
0,147582
0,147585
1,147587
0,147590
0,147593
0,147598
1,147599
0,147600
1,147601
0,147602
1,147603
0,147604
1,147609
0,147612
0,147614
0,147615
1,147618
1,147620
0,147621
0,147622
0,147623
0,147628
0,147630
0,147632
0,147633
1,147635
0,147636
0,147643
0,147647
0,147649
1,147651
1,147654
0,147656
0,147657
1,147659
0,147661
0,147667
1,147668
1,147669
0,147671
0,147673
0,147677
1,147678
1,147682
0,147684
0,147686
0,147688
0,147698
1,147699
1,147707
0,147708
0,147711
0,147715
0,147716
1,147718
1,147720
0,147721
0,147723
0,147732
0,147734
1,147735
0,147736
0,147738
0,147741
1,147742
0,147743
0,147746
0,147747
0,147753
1,147754
1,147755
1,147758
1,147763
0,147764
1,147766
0,147771
0,147775
0,147776
0,147779
0,147783
1,147786
1,147793
0,147795
0,147807
0,147811
1,147812
0,147813
0,147814
0,147816
1,147819
0,147820
0,147826
1,147828
0,147829
1,147842
1,147845
0,147850
0,147851
1,147853
0,147854
0,147855
0,147856
0,147858
0,147861
0,147866
0,147869
0,147871
0,147874
0,147875
0,147880
0,147881
0,147882
1,147883
1,147888
0,147889
0,147891
0,147892
1,147893
1,147896
1,147897
0,147900
1,147901
0,147904
0,147908
1,147912
0,147916
1,147921
1,147922
1,147923
0,147925
1,147926
0,147929
0,147940
1,147941
1,147948
0,147949
0,147951
0,147953
0,147955
1,147959
0,147961
1,147965
0,147967
0,147968
1,147969
0,147974
1,147977
1,147980
0,147981
0,147984
0,147987
1,147996
0,147997
0,147998
0,148000
0,148001
0,148002
1,148003
0,148004
0,148005
0,148007
0,148008
0,148012
0,148013
0,148016
0,148021
1,148022
1,148023
1,148024
0,148026
0,148028
1,148030
0,148032
0,148033
1,148034
1,148035
0,148037
0,148039
0,148040
0,148041
1,148044
0,148045
1,148049
0,148050
1,148051
0,148053
0,148054
1,148055
0,148056
0,148058
0,148059
1,148060
0,148062
0,148070
1,148076
1,148079
0,148080
1,148081
1,148087
0,148088
0,148089
0,148091
1,148095
0,148096
0,148099
1,148100
1,148104
0,148105
1,148116
1,148118
0,148121
0,148122
1,148124
1,148125
0,148130
0,148131
0,148132
1,148144
0,148145
0,148147
1,148152
0,148154
0,148159
1,148161
0,148162
1,148165
0,148166
0,148171
0,148172
0,148175
1,148176
0,148179
0,148180
1,148181
0,148184
0,148186
1,148187
1,148190
0,148192
0,148196
0,148197
0,148198
0,148199
0,148200
1,148201
0,148203
1,148204
1,148205
0,148207
0,148211
0,148213
0,148215
0,148220
0,148223
1,148229
0,148231
1,148232
1,148233
0,148234
0,148235
1,148237
0,148240
0,148244
0,148246
1,148248
1,148251
1,148254
0,148255
0,148256
0,148257
1,148259
1,148265
0,148268
0,148273
0,148276
1,148277
1,148279
0,148281
1,148282
0,148283
0,148290
1,148291
1,148294
1,148295
0,148296
0,148302
1,148305
0,148308
0,148310
0,148311
0,148312
0,148314
0,148316
0,148318
0,148321
0,148326
0,148327
1,148329
0,148331
0,148333
0,148334
0,148336
0,148339
1,148340
0,148341
1,148342
0,148347
0,148353
1,148355
0,148363
1,148367
0,148369
1,148371
0,148372
1,148375
0,148377
0,148378
0,148379
0,148383
0,148385
0,148386
0,148387
0,148388
0,148395
0,148397
0,148399
0,148401
1,148402
0,148406
0,148408
0,148410
1,148411
1,148416
0,148417
0,148418
1,148422
1,148428
0,148430
0,148435
1,148438
0,148439
1,148441
0,148442
0,148444
0,148450
0,148452
0,148453
0,148455
0,148456
1,148457
1,148458
0,148460
0,148464
1,148465
0,148469
0,148473
0,148475
0,148478
0,148482
0,148483
0,148485
0,148490
0,148491
0,148493
1,148494
1,148496
0,148499
1,148501
0,148504
0,148505
1,148508
0,148510
1,148513
1,148514
0,148515
1,148517
0,148527
0,148535
0,148536
1,148539
0,148540
0,148543
0,148546
1,148547
0,148550
1,148555
0,148557
0,148561
0,148564
0,148572
0,148573
0,148578
0,148582
0,148583
0,148585
0,148586
1,148588
0,148592
0,148593
0,148594
0,148599
0,148600
1,148607
0,148611
0,148612
1,148614
0,148615
1,148618
1,148619
0,148621
1,148623
0,148625
0,148626
0,148630
0,148631
0,148632
1,148633
0,148634
1,148635
0,148637
0,148638
0,148639
0,148642
0,148643
1,148647
1,148650
0,148651
0,148652
0,148655
0,148657
0,148658
0,148660
0,148663
1,148667
1,148672
1,148676
0,148680
1,148682
0,148685
0,148690
1,148692
0,148693
0,148695
0,148698
1,148702
1,148704
0,148705
1,148706
1,148707
0,148710
1,148711
0,148715
1,148717
0,148724
1,148726
0,148730
0,148731
1,148733
0,148740
0,148747
0,148751
0,148752
1,148755
0,148758
0,148765
1,148768
0,148769
0,148772
0,148773
1,148774
0,148776
0,148777
0,148779
1,148780
0,148784
0,148785
1,148786
1,148788
0,148795
0,148799
0,148801
0,148805
1,148809
0,148810
0,148813
1,148816
0,148817
1,148818
0,148820
1,148824
0,148825
0,148826
1,148827
0,148829
0,148830
0,148831
0,148832
1,148835
0,148836
1,148838
1,148840
0,148841
0,148842
1,148843
0,148854
1,148857
0,148862
1,148867
0,148869
0,148870
0,148879
0,148880
0,148882
1,148883
1,148887
1,148894
1,148902
0,148904
0,148905
0,148906
1,148908
0,148909
0,148910
0,148911
0,148912
1,148917
0,148920
0,148921
1,148922
1,148925
1,148926
0,148927
0,148928
1,148929
0,148931
0,148936
0,148938
1,148942
0,148943
0,148945
1,148946
1,148948
0,148949
0,148950
0,148953
1,148954
0,148956
0,148958
1,148961
0,148963
0,148965
0,148966
0,148973
1,148974
0,148975
0,148979
1,148980
0,148981
1,148982
0,148984
1,148987
1,148993
0,148996
0,148997
1,148998
0,149006
0,149010
0,149011
0,149014
1,149015
0,149016
0,149017
1,149018
1,149021
0,149023
0,149026
0,149030
1,149031
1,149033
1,149034
0,149038
1,149039
0,149040
0,149041
1,149046
0,149056
1,149057
0,149058
0,149060
0,149061
0,149062
1,149064
0,149066
1,149067
0,149071
1,149072
0,149073
1,149078
0,149079
0,149083
0,149085
0,149086
0,149088
0,149092
0,149094
0,149100
1,149101
0,149102
0,149106
1,149110
0,149111
0,149112
1,149116
0,149117
0,149118
1,149119
0,149120
0,149122
1,149123
0,149125
0,149129
0,149133
0,149136
0,149144
1,149145
0,149147
0,149148
1,149150
0,149152
1,149156
0,149157
1,149159
0,149165
0,149169
0,149170
0,149172
0,149174
0,149178
0,149179
1,149180
0,149185
0,149187
1,149193
0,149197
0,149200
0,149205
1,149206
0,149212
0,149215
1,149216
0,149218
0,149222
1,149224
0,149232
0,149233
0,149235
0,149236
0,149237
0,149239
0,149240
0,149241
0,149242
0,149250
0,149253
0,149254
0,149256
0,149257
1,149260
1,149262
0,149263
1,149264
0,149265
1,149268
0,149269
0,149270
0,149271
0,149273
0,149277
1,149279
0,149282
1,149289
0,149295
1,149297
0,149299
0,149301
0,149306
0,149313
1,149315
0,149316
0,149317
0,149319
1,149320
1,149321
0,149324
1,149325
0,149326
0,149329
0,149330
1,149332
0,149333
0,149339
0,149340
1,149341
0,149342
1,149347
1,149349
0,149353
1,149356
0,149358
0,149359
1,149360
0,149361
0,149362
0,149365
0,149366
1,149367
0,149368
0,149370
1,149372
0,149373
0,149378
0,149379
0,149382
0,149386
1,149395
1,149405
1,149408
0,149409
0,149412
0,149414
0,149415
0,149420
0,149422
1,149424
0,149425
0,149427
0,149429
1,149433
1,149435
0,149437
0,149438
0,149442
0,149443
1,149446
1,149449
0,149452
0,149455
0,149457
1,149465
1,149466
0,149469
1,149470
0,149473
0,149474
1,149476
1,149478
0,149479
0,149481
1,149482
0,149484
0,149489
0,149490
1,149504
0,149506
0,149507
1,149508
0,149509
1,149513
0,149517
0,149526
0,149531
0,149534
0,149535
1,149537
1,149539
1,149542
0,149544
1,149547
0,149548
0,149550
0,149554
0,149555
1,149562
1,149564
0,149566
0,149571
0,149573
0,149574
0,149575
1,149576
0,149580
0,149585
0,149589
1,149591
1,149599
0,149600
1,149607
1,149609
0,149611
1,149612
1,149614
1,149620
1,149624
1,149627
1,149632
1,149637
0,149638
0,149648
0,149649
1,149653
0,149655
0,149659
0,149660
0,149661
0,149668
0,149672
0,149673
0,149676
0,149677
0,149682
0,149685
0,149686
0,149690
1,149694
1,149696
1,149697
0,149702
0,149703
1,149708
0,149710
1,149713
0,149715
0,149718
0,149719
1,149723
0,149724
0,149726
0,149728
0,149729
0,149732
0,149733
1,149736
1,149738
0,149739
1,149740
0,149742
0,149746
0,149747
1,149750
0,149754
0,149755
0,149756
0,149761
0,149762
0,149767
0,149768
0,149771
1,149773
1,149774
0,149775
0,149776
0,149779
1,149781
1,149784
0,149786
0,149790
0,149794
0,149795
1,149797
0,149799
0,149801
0,149806
0,149811
1,149815
0,149823
0,149827
0,149832
0,149839
0,149840
1,149841
0,149843
0,149844
0,149846
0,149851
0,149856
1,149863
0,149865
1,149869
1,149872
0,149874
0,149876
0,149881
1,149884
0,149888
0,149889
0,149896
1,149897
0,149898
1,149900
1,149902
0,149907
0,149910
0,149912
1,149913
0,149914
0,149916
1,149918
0,149924
1,149929
1,149933
0,149935
0,149938
1,149941
1,149942
1,149945
0,149948
0,149949
0,149950
1,149955
0,149956
0,149961
0,149963
0,149969
0,149970
1,149973
0,149974
0,149975
0,149978
0,149980
0,149987
0,149988
0,149989
1,150001
0,150002
1,150004
0,150007
0,150008
0,150009
0,150012
1,150014
0,150015
0,150016
1,150022
0,150023
1,150024
0,150025
0,150026
0,150027
0,150028
0,150035
0,150038
1,150039
1,150040
0,150044
1,150045
1,150046
0,150047
0,150048
0,150049
0,150053
0,150055
0,150056
1,150060
1,150062
0,150068
1,150069
1,150073
0,150079
1,150080
1,150082
0,150083
1,150089
0,150090
0,150091
0,150092
0,150093
1,150095
0,150096
0,150103
0,150106
1,150109
1,150116
0,150118
1,150119
1,150120
1,150122
0,150124
1,150129
1,150131
0,150135
0,150139
1,150140
0,150141
0,150142
1,150144
0,150145
1,150146
0,150147
0,150148
1,150149
0,150151
1,150152
0,150157
1,150161
1,150164
1,150165
0,150167
1,150168
0,150169
0,150172
0,150174
0,150182
0,150185
0,150189
0,150191
0,150192
0,150193
0,150196
0,150200
0,150201
1,150203
1,150205
1,150210
1,150214
0,150216
0,150218
0,150221
0,150222
0,150224
0,150226
0,150230
0,150231
0,150232
0,150249
0,150250
0,150251
1,150253
0,150255
0,150258
0,150263
0,150266
0,150273
1,150276
1,150277
0,150281
0,150283
1,150285
1,150287
0,150288
0,150289
0,150293
0,150294
0,150295
0,150297
0,150299
1,150300
0,150303
0,150307
0,150316
0,150317
0,150320
1,150324
0,150325
1,150327
1,150328
1,150331
1,150333
1,150336
0,150338
0,150340
0,150341
0,150345
0,150346
0,150347
0,150349
0,150350
0,150351
0,150353
0,150354
0,150355
0,150357
0,150358
0,150370
1,150372
0,150374
0,150375
0,150377
0,150378
0,150383
0,150384
0,150391
0,150393
1,150395
0,150401
0,150402
0,150404
0,150407
0,150408
0,150409
0,150412
0,150414
0,150415
1,150416
0,150417
1,150418
0,150420
0,150421
0,150423
0,150424
0,150425
0,150432
0,150435
0,150442
0,150443
0,150444
0,150445
0,150448
1,150452
1,150453
1,150459
0,150464
1,150466
0,150468
0,150469
0,150472
1,150473
0,150474
0,150475
0,150476
0,150477
0,150487
1,150492
1,150499
1,150505
0,150506
0,150512
0,150513
0,150516
0,150517
0,150520
1,150521
0,150524
0,150531
1,150533
0,150534
1,150539
1,150541
0,150542
0,150544
0,150548
1,150550
0,150555
1,150558
0,150559
1,150563
1,150564
1,150565
1,150571
1,150575
0,150578
0,150582
0,150586
0,150597
0,150599
0,150603
0,150613
0,150616
1,150617
0,150621
0,150622
0,150624
0,150628
1,150629
0,150638
0,150639
0,150640
0,150641
1,150643
0,150645
1,150647
1,150650
0,150651
0,150652
0,150653
0,150657
0,150660
0,150661
0,150663
0,150668
0,150669
1,150674
0,150675
1,150678
0,150680
1,150685
0,150687
0,150689
0,150691
0,150692
0,150693
0,150695
0,150696
0,150698
0,150704
1,150713
1,150716
0,150717
1,150720
0,150721
0,150722
0,150727
1,150728
0,150732
0,150733
0,150737
0,150743
0,150744
0,150746
1,150757
0,150758
0,150763
0,150769
1,150770
0,150772
1,150775
0,150783
1,150787
1,150790
0,150796
1,150799
0,150800
0,150802
0,150805
0,150810
1,150814
0,150815
0,150817
1,150820
0,150821
1,150822
0,150824
1,150828
0,150831
0,150835
0,150836
0,150838
0,150839
0,150842
0,150843
0,150844
0,150845
0,150846
1,150849
0,150851
0,150853
0,150854
0,150858
0,150859
0,150860
0,150862
0,150863
0,150866
0,150867
1,150869
0,150870
0,150871
0,150873
0,150876
0,150877
0,150878
0,150880
0,150882
0,150883
0,150885
0,150886
0,150888
0,150893
0,150896
1,150900
0,150901
1,150902
1,150903
1,150909
0,150911
0,150918
0,150919
1,150922
0,150923
0,150925
0,150928
0,150930
1,150931
1,150932
1,150935
0,150936
0,150938
0,150941
1,150942
0,150943
0,150944
0,150948
0,150949
0,150950
0,150953
0,150954
1,150958
0,150963
1,150966
0,150967
1,150968
0,150969
1,150970
1,150971
0,150972
0,150977
1,150979
0,150981
1,150982
0,150983
0,150986
0,150987
0,150988
1,150989
0,150995
0,151000
0,151001
1,151006
0,151007
0,151010
0,151012
0,151015
1,151019
1,151025
0,151028
0,151030
0,151035
1,151042
1,151044
0,151047
0,151048
0,151052
0,151056
0,151059
0,151061
1,151066
0,151067
0,151072
0,151075
0,151076
1,151077
1,151078
0,151082
1,151086
0,151090
0,151098
0,151099
1,151100
0,151102
0,151105
1,151106
0,151107
1,151108
1,151117
0,151119
1,151122
1,151123
1,151126
0,151127
1,151128
0,151130
0,151132
0,151135
1,151139
1,151140
1,151142
1,151144
1,151145
0,151148
0,151149
0,151150
1,151153
0,151154
1,151155
0,151156
1,151158
0,151159
0,151162
1,151163
0,151164
1,151166
1,151170
0,151172
0,151173
0,151174
1,151183
0,151184
1,151185
0,151191
0,151192
0,151194
0,151197
1,151199
0,151201
0,151202
0,151207
1,151210
0,151212
1,151213
0,151216
1,151217
1,151224
0,151226
0,151230
1,151237
1,151241
0,151243
0,151244
0,151248
1,151251
0,151254
1,151257
0,151261
0,151262
0,151267
0,151270
1,151271
0,151280
1,151282
1,151284
0,151285
0,151286
1,151287
0,151288
1,151290
0,151291
1,151292
1,151293
0,151294
1,151295
0,151296
1,151300
0,151303
1,151306
1,151309
0,151313
1,151320
1,151321
1,151324
0,151328
1,151330
1,151332
1,151333
1,151335
0,151340
1,151342
0,151345
0,151353
0,151358
0,151360
0,151361
1,151363
0,151366
0,151371
0,151376
1,151382
1,151385
1,151386
1,151388
1,151389
0,151391
0,151392
0,151395
0,151396
0,151400
0,151403
1,151410
0,151411
0,151412
0,151413
0,151415
0,151416
1,151418
0,151430
0,151432
0,151436
0,151438
1,151439
1,151440
0,151441
0,151444
0,151445
0,151448
0,151449
1,151453
1,151454
1,151456
0,151457
1,151460
0,151462
1,151465
0,151467
1,151468
1,151473
0,151474
0,151475
0,151478
1,151488
1,151491
0,151496
0,151498
1,151501
0,151502
1,151505
0,151507
0,151508
0,151510
1,151515
0,151518
0,151525
0,151529
1,151532
0,151533
1,151534
0,151537
0,151538
1,151541
0,151543
0,151545
0,151546
1,151549
0,151550
0,151556
1,151559
1,151563
0,151564
0,151577
0,151580
1,151581
0,151586
0,151590
1,151592
0,151593
0,151594
0,151597
0,151599
0,151600
0,151604
0,151605
0,151610
1,151612
0,151614
1,151615
1,151616
0,151618
0,151621
0,151622
0,151626
1,151627
0,151628
1,151634
0,151635
0,151636
0,151637
0,151638
0,151642
0,151643
0,151644
0,151645
1,151646
0,151647
0,151648
0,151649
0,151650
0,151658
1,151663
0,151664
0,151666
1,151670
1,151671
0,151672
1,151674
0,151675
0,151680
1,151681
0,151683
0,151688
1,151689
1,151690
1,151691
0,151693
1,151705
1,151707
1,151710
0,151712
1,151713
0,151717
0,151719
1,151723
0,151724
0,151725
1,151729
0,151731
1,151733
0,151734
1,151741
0,151742
1,151743
1,151744
1,151747
0,151749
0,151754
1,151757
0,151758
1,151761
0,151762
0,151763
0,151765
1,151772
0,151773
0,151774
0,151777
0,151778
0,151779
0,151782
1,151783
1,151785
0,151790
1,151792
0,151794
0,151797
0,151798
0,151801
0,151804
0,151807
0,151808
0,151809
1,151811
0,151813
0,151815
0,151816
1,151817
0,151818
0,151823
0,151826
0,151828
0,151831
0,151833
1,151834
0,151835
1,151839
0,151841
1,151842
1,151843
1,151850
0,151853
0,151855
0,151857
1,151858
1,151860
0,151861
1,151862
0,151863
0,151864
1,151865
0,151866
0,151867
0,151871
0,151872
1,151876
0,151886
0,151887
1,151889
0,151890
0,151893
1,151894
1,151895
0,151896
1,151897
0,151900
1,151903
1,151905
1,151910
0,151915
0,151916
0,151919
0,151922
1,151923
0,151925
1,151928
1,151929
1,151932
1,151933
0,151934
0,151935
0,151936
0,151938
0,151941
1,151942
0,151944
0,151948
0,151949
1,151951
1,151952
0,151954
1,151955
0,151960
0,151961
0,151962
0,151965
1,151970
0,151971
1,151975
0,151978
1,151979
0,151980
0,151981
1,151982
0,151987
1,151991
1,151992
0,151993
1,151994
0,151995
0,151997
0,152000
0,152001
0,152004
0,152012
0,152015
0,152016
0,152019
1,152023
0,152024
1,152025
1,152027
0,152028
1,152039
1,152040
0,152046
0,152047
0,152049
0,152050
1,152053
1,152059
0,152064
0,152069
0,152071
1,152072
1,152074
0,152075
0,152077
0,152080
0,152083
0,152085
0,152087
0,152092
0,152093
0,152098
0,152102
0,152103
1,152104
0,152106
0,152107
0,152110
0,152111
1,152112
1,152114
0,152120
0,152127
1,152128
0,152129
0,152132
0,152133
0,152134
0,152135
0,152139
1,152140
0,152141
1,152142
0,152145
1,152152
0,152154
1,152156
0,152157
0,152159
0,152162
0,152163
0,152164
0,152167
1,152168
0,152172
0,152173
1,152174
0,152175
1,152178
0,152180
0,152183
0,152185
0,152186
0,152193
0,152194
0,152195
0,152197
0,152202
0,152205
1,152206
0,152207
0,152209
0,152211
0,152217
0,152218
0,152220
0,152221
0,152228
1,152230
0,152231
0,152234
1,152235
1,152237
0,152238
0,152239
0,152240
0,152241
0,152246
1,152247
1,152248
0,152249
1,152252
0,152253
0,152257
1,152273
0,152279
0,152280
0,152288
0,152290
0,152291
1,152293
0,152294
0,152295
1,152298
1,152301
0,152305
0,152312
0,152314
1,152315
1,152318
1,152321
0,152322
1,152323
0,152325
1,152326
1,152333
1,152334
0,152340
0,152342
1,152345
1,152351
0,152352
0,152355
0,152357
0,152358
0,152359
0,152360
0,152362
0,152364
1,152366
1,152367
1,152370
0,152373
0,152375
0,152376
0,152378
0,152380
0,152382
0,152388
0,152391
0,152394
0,152396
0,152398
1,152399
0,152400
1,152404
1,152405
0,152407
0,152409
0,152410
0,152412
0,152413
1,152414
0,152415
0,152417
0,152421
0,152426
0,152428
0,152432
1,152433
0,152434
0,152436
0,152437
1,152440
1,152444
0,152451
1,152453
0,152458
1,152459
0,152462
0,152464
0,152465
0,152466
0,152467
0,152475
0,152476
0,152479
1,152480
0,152483
1,152484
1,152486
1,152487
0,152488
1,152490
0,152491
0,152494
0,152495
0,152498
0,152499
1,152503
0,152506
0,152509
0,152510
1,152513
0,152515
0,152516
1,152517
0,152518
0,152520
1,152522
0,152523
0,152525
1,152526
1,152527
1,152529
1,152535
0,152536
1,152537
0,152538
0,152542
1,152545
0,152547
1,152549
0,152551
0,152552
0,152554
0,152555
0,152556
0,152557
0,152558
1,152561
0,152564
0,152566
1,152568
1,152569
0,152570
1,152574
0,152578
0,152580
1,152581
0,152582
1,152584
0,152585
1,152586
0,152588
0,152590
1,152594
1,152596
0,152600
0,152602
0,152605
0,152606
0,152608
1,152611
1,152612
0,152613
1,152614
1,152616
0,152617
0,152619
0,152620
0,152622
0,152623
0,152624
1,152629
0,152630
0,152632
0,152633
0,152637
0,152638
0,152640
1,152642
1,152648
1,152649
1,152652
0,152655
1,152657
0,152659
0,152660
1,152661
1,152662
1,152664
1,152668
0,152669
0,152671
1,152673
0,152675
0,152680
0,152683
0,152688
0,152693
0,152694
0,152697
0,152698
1,152699
0,152700
0,152702
1,152706
1,152707
0,152713
0,152717
0,152718
0,152721
1,152722
0,152724
0,152725
1,152726
1,152729
1,152734
1,152735
1,152736
1,152738
0,152740
0,152741
0,152743
1,152744
0,152745
0,152747
1,152749
1,152752
1,152753
0,152757
0,152758
0,152759
0,152763
0,152766
1,152767
1,152768
0,152770
0,152771
0,152773
0,152774
0,152779
1,152781
1,152782
0,152784
1,152786
1,152788
1,152789
1,152792
0,152793
1,152795
0,152799
0,152800
0,152801
0,152805
0,152806
0,152808
0,152811
0,152812
1,152815
0,152816
1,152817
0,152819
0,152820
1,152824
1,152825
0,152826
1,152829
1,152830
0,152831
1,152832
0,152834
0,152838
0,152840
0,152842
0,152843
0,152844
1,152846
0,152847
0,152849
0,152850
1,152851
0,152852
0,152853
0,152856
0,152858
0,152860
0,152862
1,152863
0,152864
0,152866
0,152868
1,152871
0,152873
0,152876
1,152877
0,152881
0,152882
0,152883
0,152885
1,152887
1,152888
1,152892
0,152894
0,152903
0,152906
0,152907
0,152913
1,152915
1,152918
0,152919
1,152926
0,152928
0,152931
0,152932
0,152935
0,152938
0,152939
0,152943
1,152945
1,152946
1,152947
1,152948
0,152950
0,152952
0,152954
0,152955
0,152957
1,152959
0,152961
1,152963
0,152966
1,152968
0,152969
1,152970
0,152972
0,152975
0,152980
0,152981
0,152987
1,152992
0,152993
1,152994
0,152999
0,153001
1,153010
0,153011
0,153012
0,153013
1,153015
0,153016
0,153020
0,153021
0,153022
0,153023
0,153024
1,153028
1,153034
1,153037
0,153038
1,153039
0,153043
0,153049
0,153050
1,153053
0,153054
0,153055
0,153062
0,153063
0,153070
0,153071
0,153072
0,153073
0,153075
0,153078
0,153080
0,153081
0,153082
0,153088
0,153089
0,153091
0,153092
0,153093
1,153094
0,153095
1,153096
0,153097
0,153101
1,153102
0,153104
0,153106
0,153108
1,153110
0,153113
1,153115
0,153116
0,153119
1,153120
0,153129
0,153130
1,153131
1,153132
0,153138
0,153143
1,153144
0,153145
1,153150
1,153152
0,153154
0,153155
1,153159
1,153161
1,153165
0,153166
0,153169
1,153170
1,153172
1,153173
0,153175
1,153178
0,153180
0,153184
0,153188
1,153190
0,153194
1,153197
1,153200
0,153202
0,153204
0,153205
0,153212
0,153215
0,153220
0,153222
0,153223
1,153226
1,153227
0,153231
0,153233
0,153234
0,153237
0,153239
0,153240
0,153242
0,153245
0,153248
0,153249
0,153254
0,153255
0,153258
0,153259
0,153263
1,153264
0,153266
0,153268
0,153272
0,153274
0,153275
0,153276
1,153281
0,153285
1,153289
1,153290
1,153291
1,153293
1,153295
1,153297
1,153298
1,153299
0,153301
0,153304
0,153306
0,153308
0,153309
0,153311
0,153313
1,153314
1,153315
1,153317
0,153321
0,153323
0,153324
0,153326
0,153330
0,153332
0,153333
0,153339
1,153341
0,153343
1,153346
1,153350
0,153356
1,153359
0,153361
0,153363
0,153369
0,153377
0,153378
1,153380
1,153381
0,153391
0,153392
0,153394
0,153398
0,153402
0,153406
1,153408
0,153409
0,153410
1,153411
0,153412
0,153415
0,153417
1,153422
0,153423
0,153428
0,153432
0,153433
1,153434
0,153438
0,153440
0,153444
0,153448
0,153449
1,153450
0,153452
1,153455
0,153456
0,153466
0,153469
1,153479
0,153480
1,153481
0,153482
0,153483
0,153485
0,153486
0,153488
0,153494
0,153501
1,153503
0,153505
1,153507
1,153509
0,153511
1,153515
1,153519
1,153524
1,153531
0,153533
1,153534
0,153535
0,153536
0,153537
0,153541
1,153548
0,153549
0,153550
0,153551
1,153553
1,153554
0,153558
0,153560
0,153561
0,153563
0,153566
0,153568
0,153570
1,153574
0,153575
1,153578
0,153579
0,153580
0,153583
0,153584
0,153585
0,153586
0,153591
0,153592
0,153593
0,153599
0,153601
1,153604
0,153605
0,153610
0,153612
0,153613
0,153614
0,153624
0,153628
0,153630
0,153631
0,153633
1,153635
0,153641
0,153644
1,153646
0,153649
0,153650
0,153653
1,153657
0,153660
1,153661
0,153670
0,153671
0,153672
1,153675
0,153677
1,153678
0,153685
1,153687
0,153690
0,153693
0,153695
0,153698
1,153700
1,153702
1,153704
1,153705
0,153706
0,153707
0,153710
1,153713
0,153715
1,153721
0,153726
0,153727
0,153728
0,153730
0,153735
0,153736
0,153737
0,153738
0,153741
0,153743
0,153745
0,153746
0,153749
0,153752
1,153766
0,153769
1,153771
0,153774
0,153782
0,153783
0,153786
0,153787
0,153789
0,153791
1,153797
1,153804
1,153814
1,153815
1,153817
0,153818
0,153822
0,153823
1,153825
0,153826
1,153828
0,153829
0,153832
0,153833
0,153838
0,153841
0,153844
1,153846
1,153848
0,153852
0,153853
1,153854
1,153855
1,153859
0,153864
0,153865
0,153869
0,153870
0,153871
0,153873
1,153874
0,153875
1,153877
0,153882
0,153883
1,153885
0,153888
0,153890
0,153891
0,153893
0,153896
0,153905
0,153907
0,153910
0,153912
0,153915
0,153919
0,153922
0,153925
0,153928
0,153929
1,153930
1,153933
1,153934
0,153940
0,153942
0,153944
0,153949
0,153950
0,153951
0,153952
0,153959
0,153962
0,153965
0,153970
0,153971
0,153975
0,153978
0,153980
0,153985
0,153986
0,153989
0,153992
0,153993
1,153996
0,153997
0,154001
0,154005
0,154008
0,154009
0,154011
0,154017
0,154022
0,154024
0,154032
0,154033
1,154035
0,154036
1,154037
0,154042
0,154043
0,154044
0,154045
0,154049
0,154050
0,154053
0,154054
0,154055
0,154056
1,154058
0,154059
0,154065
0,154067
0,154069
1,154073
0,154076
0,154077
0,154079
0,154080
0,154081
0,154082
0,154086
1,154089
1,154091
0,154094
0,154097
0,154098
0,154100
0,154104
0,154115
0,154118
1,154122
0,154123
0,154124
1,154125
1,154126
0,154128
0,154131
0,154133
0,154135
0,154136
0,154137
1,154138
0,154139
0,154141
0,154143
1,154144
1,154145
1,154147
1,154153
1,154159
0,154160
1,154169
0,154174
0,154177
0,154181
0,154182
0,154184
0,154185
0,154187
1,154188
1,154189
0,154190
0,154194
0,154198
0,154200
0,154204
1,154208
1,154210
1,154213
0,154214
0,154223
0,154224
0,154225
0,154226
1,154227
0,154231
1,154232
0,154234
1,154235
0,154236
1,154237
0,154239
0,154245
0,154247
0,154248
0,154251
1,154254
0,154256
1,154258
0,154262
1,154265
1,154267
0,154272
1,154274
0,154277
0,154278
1,154282
1,154283
0,154284
0,154298
0,154301
1,154303
0,154304
0,154307
1,154313
0,154315
1,154317
1,154318
0,154319
0,154320
0,154322
1,154324
0,154325
1,154330
0,154332
1,154337
0,154339
1,154340
0,154342
0,154343
0,154347
1,154349
0,154351
1,154352
0,154358
0,154359
0,154364
0,154365
0,154367
0,154371
0,154374
0,154376
0,154378
0,154379
0,154382
0,154384
1,154385
0,154386
0,154394
0,154397
0,154398
0,154399
0,154404
0,154407
1,154408
0,154409
0,154417
0,154418
0,154421
1,154422
1,154426
0,154427
0,154428
1,154430
0,154431
1,154432
0,154442
1,154445
0,154446
0,154447
1,154448
0,154451
1,154452
0,154453
0,154454
0,154457
0,154458
0,154462
0,154463
0,154464
0,154465
0,154469
0,154470
1,154472
0,154473
1,154475
1,154480
0,154483
0,154485
0,154486
0,154490
0,154493
0,154497
0,154498
0,154500
1,154503
0,154506
1,154509
0,154513
1,154519
1,154522
0,154523
0,154525
0,154529
1,154534
1,154539
0,154540
1,154541
0,154543
0,154544
1,154545
0,154547
0,154548
1,154551
0,154554
1,154555
0,154561
1,154571
0,154575
1,154576
0,154577
0,154579
1,154580
1,154582
0,154586
0,154588
0,154594
0,154599
0,154600
1,154602
1,154603
1,154609
0,154612
0,154614
0,154615
1,154616
0,154620
0,154621
1,154623
0,154624
0,154625
0,154626
0,154627
0,154628
0,154631
0,154632
0,154636
0,154640
0,154641
1,154651
0,154652
0,154655
0,154657
0,154660
0,154662
0,154663
1,154666
0,154668
0,154669
0,154672
1,154673
0,154677
0,154678
0,154679
0,154688
0,154689
0,154690
0,154691
0,154693
1,154696
1,154700
1,154704
1,154706
0,154708
0,154711
0,154712
0,154713
0,154714
0,154715
0,154717
0,154720
1,154728
0,154729
1,154731
0,154736
0,154737
0,154739
0,154740
1,154741
0,154744
0,154745
1,154746
1,154750
0,154752
0,154762
0,154767
0,154769
0,154772
0,154773
1,154775
0,154777
1,154778
0,154781
0,154784
0,154793
0,154794
0,154795
0,154798
0,154803
0,154805
0,154806
0,154807
1,154808
1,154814
1,154815
1,154816
1,154817
1,154831
0,154832
0,154837
1,154838
1,154845
1,154846
0,154847
0,154852
1,154854
1,154856
1,154857
0,154859
1,154861
0,154867
0,154871
0,154876
0,154879
0,154885
0,154888
0,154896
1,154899
1,154900
0,154904
0,154908
0,154909
1,154910
0,154912
1,154915
0,154918
0,154919
0,154921
1,154922
0,154924
0,154926
0,154927
0,154928
0,154934
1,154937
0,154938
0,154940
1,154941
1,154942
0,154943
0,154946
0,154951
0,154952
0,154957
0,154959
0,154966
0,154970
0,154976
1,154977
0,154978
1,154984
0,154986
0,154987
1,154988
1,154989
0,154990
0,154991
0,154992
0,154993
0,155000
0,155002
0,155005
0,155006
0,155008
0,155009
0,155011
0,155019
0,155021
0,155022
0,155027
0,155028
0,155032
0,155033
0,155034
1,155038
0,155040
0,155041
0,155047
0,155050
0,155051
1,155052
1,155055
0,155056
0,155057
0,155060
0,155062
0,155063
0,155065
0,155067
1,155068
0,155069
0,155070
0,155072
0,155073
0,155075
0,155080
0,155083
0,155084
1,155085
0,155089
0,155090
0,155091
0,155092
1,155093
0,155097
1,155099
0,155105
1,155117
1,155118
1,155119
0,155121
0,155134
0,155136
1,155140
1,155142
0,155145
0,155150
1,155153
0,155154
1,155155
0,155157
1,155161
1,155162
0,155163
1,155165
0,155166
0,155167
0,155171
1,155175
0,155176
1,155177
0,155180
1,155181
0,155182
0,155196
0,155199
1,155200
0,155201
1,155203
1,155207
0,155211
1,155214
1,155215
0,155216
0,155219
0,155220
0,155223
0,155224
0,155226
0,155227
0,155228
0,155229
0,155231
0,155232
0,155235
0,155240
0,155244
1,155245
0,155247
0,155248
1,155249
1,155250
1,155254
1,155255
1,155256
0,155259
0,155260
0,155263
0,155269
0,155272
0,155274
0,155277
1,155279
0,155281
0,155287
1,155288
0,155290
0,155294
1,155295
0,155300
1,155303
1,155308
0,155309
0,155310
1,155313
1,155314
0,155315
0,155320
0,155321
1,155323
1,155328
0,155330
1,155331
1,155332
1,155336
1,155338
0,155340
0,155341
0,155342
0,155343
1,155344
0,155345
0,155347
1,155348
1,155349
0,155351
1,155352
0,155354
0,155355
0,155356
0,155357
0,155358
0,155363
0,155365
1,155366
0,155367
0,155371
1,155373
1,155374
0,155375
0,155377
0,155378
0,155380
1,155382
0,155383
0,155384
1,155385
0,155386
1,155391
0,155396
0,155399
0,155401
0,155402
1,155404
0,155406
1,155407
0,155408
0,155410
0,155413
0,155415
0,155421
1,155424
0,155425
0,155428
0,155430
0,155431
0,155433
0,155434
0,155437
0,155439
0,155440
0,155443
1,155444
1,155446
1,155449
1,155450
0,155451
0,155452
0,155453
0,155463
0,155464
0,155465
0,155469
0,155475
1,155480
0,155481
0,155483
0,155486
0,155495
1,155498
0,155499
0,155501
1,155502
1,155504
0,155508
0,155509
0,155513
1,155518
1,155519
0,155522
0,155523
1,155528
0,155529
0,155530
1,155531
0,155533
0,155535
0,155536
0,155540
0,155541
0,155542
0,155543
1,155544
0,155545
1,155546
0,155552
0,155553
1,155554
0,155555
0,155556
0,155558
0,155559
0,155560
0,155563
0,155564
0,155565
0,155566
0,155570
1,155571
0,155572
1,155573
1,155575
1,155578
0,155587
1,155589
0,155590
1,155591
0,155593
0,155595
0,155596
1,155606
1,155608
0,155610
0,155614
0,155615
0,155618
0,155625
1,155627
1,155628
0,155629
0,155630
0,155635
0,155639
0,155643
1,155644
0,155648
1,155651
0,155653
0,155654
1,155655
0,155658
0,155660
0,155666
0,155668
1,155669
0,155670
0,155673
0,155676
0,155678
0,155679
1,155681
0,155684
0,155687
0,155688
0,155689
1,155693
1,155695
1,155702
0,155704
0,155706
0,155709
1,155715
1,155716
0,155717
0,155718
0,155719
1,155723
0,155725
1,155729
0,155731
0,155732
1,155733
0,155735
0,155740
0,155741
0,155752
1,155753
0,155755
0,155758
0,155767
1,155777
0,155779
0,155782
0,155785
0,155788
0,155790
0,155795
1,155797
0,155800
1,155801
0,155805
1,155806
0,155807
1,155812
0,155815
0,155816
0,155817
0,155821
0,155822
1,155824
0,155828
1,155832
0,155833
1,155835
0,155836
0,155837
1,155838
0,155839
1,155844
0,155846
0,155847
1,155850
0,155851
0,155854
1,155858
1,155859
0,155860
1,155861
0,155864
0,155865
0,155868
0,155870
1,155873
1,155877
0,155879
1,155880
0,155881
0,155882
0,155886
0,155887
0,155889
0,155894
1,155898
0,155900
0,155902
0,155906
0,155907
0,155908
1,155909
0,155910
1,155911
1,155912
1,155917
0,155920
0,155921
1,155923
0,155927
0,155934
0,155936
0,155937
1,155938
0,155941
1,155942
1,155945
0,155946
0,155948
0,155952
1,155954
1,155956
1,155958
1,155959
1,155962
0,155963
1,155964
1,155965
0,155970
0,155971
0,155972
1,155977
0,155978
0,155982
1,155984
1,155987
0,155988
0,155991
1,155992
0,155993
0,155994
0,155995
1,155997
0,155998
1,155999
1,156004
1,156005
1,156008
0,156011
0,156017
1,156021
1,156023
0,156026
0,156027
0,156033
0,156036
1,156037
0,156038
0,156041
1,156044
0,156047
0,156051
0,156055
0,156057
0,156059
0,156061
0,156062
1,156066
1,156067
0,156069
1,156071
0,156073
1,156075
0,156076
1,156077
0,156083
0,156086
1,156088
0,156090
0,156092
0,156094
0,156098
0,156099
1,156108
1,156111
0,156122
0,156123
0,156131
1,156134
0,156135
0,156137
1,156148
0,156151
1,156153
0,156154
1,156158
0,156161
0,156164
0,156167
1,156169
0,156171
1,156176
0,156178
0,156180
0,156181
0,156183
0,156185
0,156187
1,156188
0,156189
0,156200
1,156202
0,156204
1,156206
0,156208
0,156209
1,156211
0,156214
1,156217
0,156221
1,156223
1,156226
1,156230
1,156232
0,156235
0,156239
1,156240
0,156242
0,156244
1,156247
0,156249
1,156252
1,156254
0,156255
1,156256
1,156258
0,156260
0,156261
0,156262
1,156264
0,156265
0,156266
0,156267
0,156268
0,156271
0,156272
0,156274
0,156278
0,156280
0,156281
1,156284
0,156287
1,156290
1,156292
0,156293
0,156294
1,156295
0,156303
0,156308
0,156310
0,156311
0,156317
1,156319
0,156320
0,156323
0,156332
1,156335
0,156336
0,156337
0,156338
0,156339
0,156340
0,156341
1,156342
0,156348
1,156350
0,156352
1,156353
0,156356
0,156358
0,156361
0,156362
1,156364
1,156367
0,156369
0,156370
0,156372
0,156377
0,156381
0,156390
0,156392
0,156393
0,156394
0,156399
1,156401
0,156403
0,156405
1,156416
1,156417
0,156420
0,156421
1,156422
0,156423
1,156428
1,156431
0,156432
0,156434
1,156438
1,156440
0,156441
1,156444
1,156447
1,156449
0,156456
1,156460
0,156464
1,156466
0,156468
0,156472
1,156475
1,156477
1,156481
0,156485
0,156486
0,156490
0,156491
1,156494
1,156497
0,156499
0,156502
1,156512
0,156514
0,156515
0,156518
1,156521
0,156526
0,156528
1,156530
1,156535
0,156541
1,156544
0,156551
1,156552
1,156555
0,156556
0,156562
1,156565
0,156566
0,156567
1,156568
0,156574
1,156576
1,156577
1,156579
0,156580
0,156581
0,156582
0,156584
0,156585
0,156586
0,156587
0,156596
0,156597
0,156598
0,156601
0,156604
1,156606
1,156609
1,156610
0,156616
0,156618
0,156619
0,156620
0,156621
0,156623
0,156624
0,156628
1,156630
1,156631
0,156632
0,156638
0,156643
1,156645
0,156648
1,156649
0,156650
0,156653
0,156654
0,156656
0,156659
0,156663
0,156667
0,156668
0,156678
0,156679
0,156689
0,156690
0,156692
1,156693
1,156694
1,156696
0,156698
0,156699
1,156706
0,156709
0,156711
0,156713
0,156721
0,156722
0,156723
0,156731
0,156734
0,156738
0,156739
0,156743
1,156744
0,156746
1,156750
0,156751
0,156752
0,156754
0,156760
1,156769
1,156772
0,156776
0,156778
0,156781
1,156783
1,156784
1,156788
1,156793
0,156795
0,156796
1,156799
0,156801
1,156802
1,156807
0,156808
0,156814
0,156818
0,156819
0,156820
0,156823
0,156824
0,156825
1,156826
0,156830
0,156833
1,156836
0,156837
0,156839
0,156843
0,156845
0,156847
0,156848
1,156859
0,156861
0,156864
1,156865
1,156866
1,156867
1,156868
0,156871
1,156873
1,156874
0,156876
1,156877
1,156883
0,156884
1,156885
0,156893
1,156902
1,156904
1,156905
0,156911
0,156912
0,156915
0,156919
0,156920
0,156922
1,156925
0,156929
1,156931
1,156933
0,156937
0,156939
1,156940
0,156941
1,156947
0,156952
0,156956
0,156961
0,156962
1,156963
0,156966
0,156967
0,156970
0,156972
0,156975
0,156976
1,156978
0,156984
1,156985
0,156986
0,156996
0,157004
0,157006
0,157008
0,157010
0,157012
0,157013
0,157015
0,157016
0,157018
0,157020
1,157027
0,157028
1,157032
1,157036
0,157039
0,157040
1,157041
0,157042
1,157044
0,157046
0,157050
0,157052
1,157054
1,157056
0,157058
1,157060
1,157062
0,157063
0,157064
0,157066
0,157067
0,157069
0,157072
0,157073
1,157076
1,157078
1,157079
0,157081
1,157083
1,157085
0,157088
0,157089
0,157090
0,157093
0,157094
1,157095
0,157103
0,157105
0,157107
0,157110
0,157111
0,157115
1,157116
0,157117
0,157119
0,157122
0,157124
0,157125
0,157126
0,157127
0,157128
1,157130
0,157132
0,157133
0,157135
0,157138
0,157139
0,157142
1,157143
1,157144
1,157147
0,157148
0,157151
0,157154
0,157155
0,157158
0,157160
0,157164
1,157165
1,157168
1,157171
0,157177
0,157183
1,157184
0,157190
0,157194
0,157195
0,157199
0,157201
1,157204
0,157208
0,157209
0,157213
0,157217
0,157224
0,157225
0,157231
1,157235
0,157236
0,157240
0,157242
0,157244
0,157246
0,157250
0,157252
0,157254
1,157257
0,157258
0,157260
1,157265
0,157266
0,157272
0,157274
0,157275
1,157276
0,157278
0,157279
0,157281
0,157283
0,157286
1,157287
0,157288
1,157290
1,157291
0,157295
0,157300
1,157302
0,157306
0,157308
1,157309
1,157311
1,157318
0,157320
1,157323
0,157327
1,157328
1,157330
0,157337
0,157339
0,157340
0,157342
0,157354
1,157355
0,157359
1,157362
1,157368
1,157372
0,157374
0,157377
0,157379
0,157380
0,157388
1,157395
0,157398
0,157399
0,157403
0,157405
1,157406
0,157408
1,157410
0,157414
1,157416
0,157419
0,157421
0,157423
0,157428
1,157429
0,157430
1,157433
0,157440
1,157442
1,157445
0,157446
1,157449
1,157450
0,157451
0,157452
1,157454
1,157455
0,157456
0,157458
0,157462
0,157464
0,157465
0,157466
0,157468
1,157474
0,157478
1,157479
0,157480
0,157484
1,157485
1,157486
1,157490
0,157499
0,157500
0,157501
0,157502
0,157503
1,157505
0,157506
0,157510
0,157512
0,157513
0,157514
0,157517
1,157519
0,157520
0,157521
0,157522
1,157527
1,157528
1,157529
1,157530
0,157531
1,157534
1,157541
0,157542
1,157545
0,157548
0,157550
1,157551
1,157552
1,157553
1,157555
0,157559
0,157561
0,157563
1,157564
0,157566
1,157569
1,157571
0,157572
1,157577
0,157580
0,157583
0,157588
1,157590
0,157592
0,157595
1,157598
1,157600
0,157602
1,157603
0,157604
0,157606
1,157611
0,157613
1,157615
0,157617
0,157618
0,157622
0,157624
0,157628
1,157629
1,157630
0,157631
1,157635
0,157638
0,157642
0,157645
0,157647
1,157650
1,157651
0,157652
1,157658
0,157659
1,157664
1,157666
1,157671
0,157672
1,157673
1,157677
0,157678
0,157681
0,157684
0,157686
1,157687
0,157689
0,157693
1,157696
0,157697
0,157698
1,157700
0,157701
1,157703
1,157705
0,157706
0,157708
0,157710
0,157714
0,157715
1,157719
1,157720
1,157723
0,157727
0,157728
1,157731
0,157732
1,157733
1,157735
1,157736
1,157738
1,157742
0,157744
1,157745
1,157750
0,157752
0,157756
0,157757
0,157758
1,157760
1,157761
1,157768
0,157772
1,157776
1,157777
0,157778
1,157779
0,157780
1,157781
0,157782
0,157783
0,157786
0,157787
1,157794
1,157800
1,157802
0,157803
0,157805
0,157810
1,157811
1,157812
1,157813
0,157820
1,157821
1,157823
0,157825
0,157827
0,157833
1,157838
0,157841
0,157843
1,157844
1,157846
0,157849
1,157851
0,157853
0,157855
1,157857
0,157863
0,157867
0,157868
1,157869
1,157870
1,157873
0,157874
1,157880
1,157881
0,157883
0,157886
0,157887
1,157890
0,157891
0,157892
0,157894
1,157895
1,157896
0,157904
1,157905
0,157907
1,157909
0,157910
0,157912
0,157913
0,157915
1,157919
1,157927
0,157929
1,157936
1,157937
1,157939
0,157941
0,157943
1,157944
0,157946
1,157947
0,157949
1,157961
0,157966
1,157968
0,157983
0,157985
1,157986
1,157989
1,157990
1,157991
0,157992
1,157995
1,157997
0,157999
0,158001
0,158006
0,158008
1,158009
1,158010
0,158011
0,158015
1,158017
0,158023
0,158024
0,158025
1,158026
0,158029
1,158032
1,158033
0,158034
0,158035
0,158039
0,158043
0,158045
1,158053
0,158058
0,158059
1,158060
0,158061
0,158069
0,158073
0,158076
0,158080
0,158081
1,158083
0,158084
0,158086
0,158091
0,158093
0,158096
1,158097
1,158100
1,158102
1,158106
0,158107
0,158111
0,158114
1,158115
0,158116
0,158118
1,158120
0,158121
1,158124
0,158127
1,158133
0,158136
1,158140
0,158141
1,158143
0,158145
0,158147
1,158149
0,158150
1,158151
0,158152
0,158154
1,158158
0,158159
1,158162
1,158164
0,158165
0,158168
0,158169
0,158171
0,158172
0,158173
1,158182
1,158185
1,158188
0,158189
0,158190
1,158192
0,158194
0,158195
0,158197
0,158208
1,158213
0,158222
0,158223
1,158225
0,158226
0,158227
1,158231
0,158234
1,158236
0,158238
0,158239
1,158240
0,158241
0,158245
0,158246
0,158247
0,158248
1,158249
1,158252
0,158257
0,158262
0,158263
1,158264
0,158267
0,158269
0,158271
0,158272
0,158277
0,158280
0,158281
0,158284
1,158286
0,158291
0,158292
0,158297
0,158301
1,158302
0,158303
1,158304
1,158307
0,158313
1,158319
1,158321
0,158324
0,158327
0,158328
1,158336
1,158337
1,158340
1,158343
1,158344
1,158345
0,158346
0,158351
0,158352
1,158353
0,158358
0,158359
1,158365
0,158366
0,158367
1,158368
0,158369
0,158370
1,158371
0,158372
0,158377
0,158379
1,158380
1,158383
1,158387
0,158389
0,158392
0,158393
0,158394
0,158396
1,158400
1,158403
0,158406
0,158407
0,158408
0,158409
0,158415
0,158417
1,158419
0,158420
1,158422
0,158423
1,158429
0,158432
0,158439
1,158441
0,158442
0,158443
0,158448
1,158450
0,158453
1,158455
0,158456
1,158458
0,158460
0,158461
0,158462
1,158464
0,158468
0,158470
0,158471
0,158472
0,158479
1,158481
0,158483
0,158487
0,158489
1,158491
1,158495
0,158496
1,158497
0,158499
1,158501
0,158502
0,158504
0,158506
0,158512
0,158513
0,158515
0,158517
1,158519
0,158521
1,158522
0,158523
1,158524
1,158528
0,158531
0,158533
0,158537
0,158542
0,158553
0,158558
0,158559
0,158562
0,158563
1,158564
0,158573
0,158578
1,158579
1,158580
0,158581
1,158584
0,158586
0,158588
1,158590
1,158591
1,158593
0,158594
1,158598
0,158599
0,158609
1,158612
0,158613
0,158614
1,158617
1,158623
0,158625
0,158626
1,158628
1,158629
1,158632
1,158633
0,158634
0,158641
0,158642
0,158645
1,158646
0,158647
0,158649
1,158650
1,158654
1,158655
1,158658
0,158660
0,158665
0,158666
1,158667
0,158673
0,158676
0,158678
1,158679
0,158680
1,158681
0,158690
0,158691
0,158692
0,158695
1,158696
0,158698
1,158699
0,158701
0,158706
1,158707
0,158708
0,158710
0,158711
1,158715
0,158716
0,158718
1,158720
0,158721
0,158722
0,158724
1,158726
1,158728
1,158729
0,158730
0,158731
0,158732
0,158734
0,158736
0,158737
0,158738
0,158741
0,158745
1,158748
0,158749
0,158750
0,158751
1,158755
0,158758
1,158760
0,158763
0,158769
0,158770
0,158771
1,158772
1,158777
0,158780
0,158784
0,158785
0,158786
0,158792
0,158793
1,158794
0,158796
0,158798
0,158799
0,158800
1,158802
0,158803
0,158808
0,158813
1,158814
0,158815
0,158816
0,158817
0,158819
1,158822
1,158826
0,158831
0,158839
1,158842
1,158843
0,158845
1,158846
0,158847
1,158848
1,158850
1,158853
0,158854
1,158857
0,158861
0,158862
0,158863
0,158866
1,158867
0,158869
0,158870
0,158873
1,158879
0,158880
0,158882
1,158883
1,158886
0,158887
0,158888
0,158889
0,158891
1,158892
0,158894
0,158895
0,158898
1,158905
0,158907
0,158909
0,158912
0,158914
0,158915
1,158916
0,158918
1,158919
1,158920
0,158922
0,158926
0,158928
1,158929
0,158931
1,158935
0,158939
0,158941
1,158942
0,158946
0,158948
0,158949
0,158951
1,158953
0,158955
1,158957
0,158959
0,158962
0,158963
0,158965
0,158969
0,158972
1,158974
0,158976
1,158980
0,158982
1,158983
1,158988
0,158989
0,158990
0,158992
1,158993
1,158994
0,158995
0,158996
0,158997
1,158998
0,159003
0,159005
0,159006
1,159007
0,159008
0,159013
0,159020
0,159022
0,159023
0,159024
0,159025
0,159026
0,159031
0,159033
1,159034
0,159035
0,159037
1,159039
1,159040
1,159041
1,159042
0,159047
0,159049
1,159050
0,159052
1,159054
0,159055
0,159059
1,159060
1,159061
1,159062
0,159063
0,159065
0,159068
0,159069
1,159078
0,159084
1,159090
1,159094
1,159095
1,159096
0,159098
0,159099
0,159100
0,159102
1,159103
0,159110
1,159111
0,159112
1,159115
0,159121
0,159124
1,159126
1,159130
1,159135
0,159136
0,159141
1,159144
1,159145
0,159147
0,159151
0,159159
0,159161
0,159165
1,159167
0,159168
1,159170
1,159172
0,159173
0,159174
0,159177
0,159179
1,159181
0,159182
0,159183
1,159184
1,159187
1,159191
0,159195
0,159201
0,159205
0,159206
0,159207
1,159213
1,159216
0,159223
1,159227
0,159228
0,159229
0,159230
0,159233
1,159234
1,159236
1,159237
0,159238
0,159240
0,159241
1,159242
0,159243
1,159244
1,159245
1,159246
1,159249
0,159251
0,159253
0,159254
0,159257
0,159258
0,159263
0,159265
0,159267
1,159269
1,159270
0,159271
0,159272
0,159275
1,159276
0,159277
0,159280
1,159287
1,159289
0,159290
0,159293
0,159294
0,159295
1,159296
0,159299
1,159305
0,159307
0,159309
1,159310
1,159313
1,159315
1,159316
0,159320
1,159323
0,159326
0,159327
1,159331
0,159333
0,159334
1,159335
0,159338
1,159340
0,159341
0,159342
0,159343
0,159346
0,159347
0,159350
1,159353
0,159358
0,159360
0,159361
1,159364
0,159365
0,159368
0,159369
1,159371
0,159372
0,159375
0,159376
1,159379
0,159381
0,159382
0,159386
1,159389
0,159391
0,159392
0,159393
0,159394
1,159396
1,159399
0,159400
1,159403
1,159406
1,159409
1,159410
0,159412
0,159413
1,159414
0,159416
1,159418
0,159419
0,159421
1,159422
1,159429
1,159430
0,159431
0,159432
0,159433
0,159434
0,159435
1,159438
1,159440
0,159448
1,159450
1,159451
1,159452
0,159454
0,159455
0,159462
0,159463
0,159464
0,159465
0,159466
1,159469
1,159470
0,159471
0,159473
0,159474
0,159477
1,159480
1,159482
0,159483
1,159484
1,159485
0,159488
1,159493
0,159495
0,159497
1,159503
0,159504
0,159506
1,159507
0,159509
0,159512
1,159513
1,159516
0,159518
0,159519
0,159520
0,159521
1,159526
0,159527
0,159531
0,159532
1,159533
0,159534
0,159535
0,159537
1,159540
1,159541
1,159543
0,159550
0,159551
0,159552
0,159555
0,159566
0,159568
1,159569
0,159573
1,159574
1,159575
1,159580
0,159581
0,159582
0,159588
0,159589
0,159590
0,159591
0,159597
0,159600
0,159602
0,159603
0,159604
1,159610
0,159613
0,159617
0,159621
0,159627
0,159629
1,159632
1,159635
1,159637
1,159638
1,159640
0,159642
0,159643
0,159645
0,159646
0,159648
1,159649
1,159650
1,159652
0,159655
0,159657
0,159661
0,159670
0,159672
1,159675
0,159676
0,159679
0,159680
0,159682
0,159683
0,159684
1,159687
0,159689
0,159691
0,159694
1,159696
0,159700
0,159702
1,159705
0,159706
0,159708
0,159709
0,159713
1,159716
0,159717
0,159721
0,159722
0,159730
0,159731
0,159732
0,159734
0,159745
0,159746
0,159747
0,159756
0,159757
0,159758
0,159759
0,159768
1,159770
1,159773
0,159775
0,159777
0,159778
0,159781
0,159782
0,159783
1,159785
0,159787
0,159790
1,159792
0,159793
1,159795
1,159799
0,159800
0,159803
1,159807
1,159809
0,159810
0,159811
0,159812
0,159815
0,159819
1,159820
0,159823
1,159824
0,159827
1,159835
0,159841
0,159842
1,159843
0,159848
1,159849
0,159851
0,159854
0,159860
0,159861
1,159867
0,159872
0,159876
0,159877
0,159882
1,159883
0,159885
0,159886
0,159887
1,159888
0,159892
0,159893
0,159894
0,159895
0,159896
0,159897
1,159900
1,159901
0,159904
0,159905
0,159906
0,159908
1,159910
1,159913
1,159915
0,159917
0,159918
0,159922
1,159923
0,159924
1,159927
0,159933
0,159934
1,159935
0,159937
0,159938
0,159939
0,159940
0,159941
0,159944
0,159953
0,159955
1,159956
1,159958
1,159960
0,159962
0,159964
0,159966
0,159970
0,159971
1,159972
0,159973
0,159974
0,159976
1,159979
0,159980
1,159982
1,159983
0,159984
0,159985
0,159987
0,159988
0,159991
0,159992
1,159993
0,159998
0,160001
0,160003
0,160007
0,160014
1,160016
0,160022
0,160024
0,160027
0,160030
1,160032
0,160036
0,160037
0,160042
0,160047
1,160048
0,160050
1,160056
1,160061
0,160062
0,160063
1,160066
1,160067
0,160069
0,160070
0,160072
0,160073
0,160074
0,160075
0,160078
1,160085
0,160086
0,160087
0,160088
0,160090
0,160091
1,160092
1,160096
0,160097
0,160099
0,160101
1,160102
1,160110
1,160111
0,160120
0,160123
0,160126
0,160127
0,160131
0,160132
0,160136
0,160137
0,160142
1,160146
0,160147
0,160148
0,160149
0,160150
0,160153
1,160154
0,160155
1,160156
0,160157
0,160158
0,160159
0,160161
0,160163
0,160164
0,160165
0,160167
0,160169
0,160170
1,160172
0,160176
0,160180
1,160181
1,160185
1,160186
1,160187
1,160188
0,160189
1,160191
0,160194
0,160202
0,160203
1,160205
0,160206
0,160208
1,160210
0,160211
0,160212
0,160213
1,160215
0,160217
0,160220
0,160222
0,160223
1,160224
0,160225
1,160226
0,160227
0,160228
0,160230
1,160235
0,160236
1,160237
1,160239
0,160243
1,160245
0,160249
0,160250
0,160256
0,160262
1,160264
0,160267
1,160272
0,160278
0,160279
0,160280
0,160282
1,160283
0,160284
0,160285
0,160288
0,160289
0,160290
0,160292
0,160298
0,160299
0,160301
0,160304
0,160310
1,160311
0,160313
1,160314
1,160316
0,160317
1,160318
1,160319
0,160320
1,160325
0,160329
0,160331
0,160332
1,160334
0,160339
0,160341
1,160342
1,160344
0,160348
1,160352
0,160353
1,160360
1,160362
0,160363
0,160364
1,160365
0,160368
0,160371
0,160372
0,160374
0,160375
1,160378
0,160380
0,160384
0,160385
0,160388
1,160389
0,160390
1,160392
1,160393
1,160395
0,160399
0,160400
0,160402
1,160403
0,160404
0,160405
0,160406
1,160409
0,160416
0,160417
0,160419
0,160420
0,160422
0,160423
1,160424
1,160425
0,160426
1,160429
1,160437
1,160438
1,160440
1,160442
0,160443
1,160444
1,160445
0,160447
1,160448
1,160450
1,160463
0,160464
1,160465
1,160470
0,160471
0,160476
1,160478
1,160480
0,160481
1,160482
0,160484
0,160486
1,160491
0,160495
1,160497
1,160500
0,160501
0,160502
1,160514
1,160516
0,160519
0,160522
1,160526
0,160528
1,160530
0,160531
0,160532
1,160535
1,160537
0,160539
1,160541
1,160542
1,160546
0,160549
0,160552
1,160557
0,160561
0,160565
0,160566
1,160569
0,160574
0,160575
1,160582
1,160585
0,160587
0,160591
0,160592
0,160593
0,160600
0,160601
0,160602
0,160606
1,160609
1,160616
0,160619
1,160625
1,160626
0,160628
1,160629
0,160634
0,160636
1,160637
0,160639
0,160640
0,160641
1,160645
1,160649
0,160652
1,160653
1,160655
0,160661
1,160665
0,160666
0,160668
1,160670
0,160671
0,160679
0,160680
0,160685
1,160688
0,160689
0,160691
0,160693
0,160695
1,160697
0,160698
1,160699
0,160700
0,160703
0,160705
0,160706
1,160710
1,160713
1,160714
0,160715
1,160717
1,160726
1,160728
0,160731
0,160733
0,160734
1,160736
0,160739
0,160740
0,160747
0,160748
0,160749
0,160751
1,160752
1,160753
0,160757
1,160761
1,160764
0,160766
1,160768
1,160770
1,160771
0,160772
1,160773
0,160776
1,160778
0,160779
0,160781
0,160784
0,160785
0,160787
1,160789
0,160794
1,160795
0,160796
0,160798
0,160800
1,160805
0,160810
0,160811
0,160812
0,160817
1,160820
0,160823
1,160824
0,160830
1,160835
0,160839
0,160843
0,160845
0,160846
0,160848
1,160849
1,160850
0,160853
1,160861
0,160863
0,160865
0,160869
1,160871
0,160874
1,160878
0,160879
1,160880
0,160881
0,160882
0,160883
0,160884
0,160888
0,160890
0,160893
0,160899
0,160900
0,160906
0,160907
0,160914
0,160916
1,160917
0,160920
0,160923
0,160925
1,160926
0,160934
1,160942
0,160948
0,160950
0,160951
0,160954
1,160958
0,160959
0,160963
0,160964
0,160966
0,160967
0,160968
1,160969
0,160971
1,160972
0,160977
0,160978
0,160979
1,160986
0,160989
1,160990
0,160996
1,160998
1,161002
0,161003
1,161005
1,161006
0,161012
0,161013
0,161014
0,161017
0,161018
0,161028
0,161033
0,161035
0,161036
0,161037
1,161038
0,161039
1,161046
1,161051
0,161054
0,161055
0,161056
0,161057
0,161058
0,161063
0,161066
1,161067
0,161069
1,161070
0,161071
0,161073
0,161076
0,161079
1,161080
1,161083
1,161085
0,161086
0,161103
0,161111
0,161112
0,161114
0,161115
0,161120
0,161124
0,161129
0,161130
1,161133
1,161135
1,161136
1,161137
0,161139
0,161140
0,161141
0,161144
0,161148
0,161151
1,161153
1,161155
0,161159
1,161160
0,161161
0,161162
0,161163
1,161164
0,161165
0,161169
1,161171
0,161172
1,161176
0,161181
1,161184
0,161186
0,161191
0,161193
0,161195
0,161199
1,161200
0,161201
1,161202
0,161206
0,161211
0,161212
0,161213
0,161216
0,161217
0,161222
0,161224
1,161233
0,161234
1,161238
1,161241
1,161242
1,161246
1,161248
0,161250
1,161252
1,161254
0,161255
1,161256
0,161257
0,161262
0,161263
1,161265
0,161266
0,161270
0,161271
0,161272
1,161273
0,161276
0,161278
1,161279
1,161281
0,161283
1,161293
1,161294
1,161296
1,161297
1,161299
0,161301
0,161302
1,161308
0,161315
0,161318
0,161321
0,161322
0,161323
0,161328
0,161329
0,161331
0,161333
0,161337
1,161346
0,161348
0,161359
0,161360
1,161361
1,161362
0,161365
0,161366
1,161367
1,161368
0,161371
0,161373
1,161374
0,161377
0,161378
0,161382
0,161383
1,161384
0,161386
0,161388
1,161394
0,161395
1,161396
1,161397
0,161401
0,161404
1,161405
0,161408
0,161409
0,161410
1,161413
0,161417
0,161418
0,161419
1,161422
0,161424
1,161426
1,161429
0,161430
0,161437
0,161442
0,161443
0,161447
0,161450
1,161451
0,161452
1,161455
1,161456
0,161459
0,161461
1,161463
0,161469
0,161471
0,161475
0,161477
0,161478
0,161479
0,161481
1,161482
0,161483
0,161484
0,161485
1,161486
0,161487
0,161488
1,161491
0,161494
0,161496
0,161497
1,161499
1,161500
1,161501
0,161507
0,161511
0,161512
1,161514
1,161515
0,161516
0,161517
0,161520
0,161524
1,161528
0,161529
0,161530
1,161532
1,161535
0,161537
0,161540
0,161543
1,161545
1,161547
0,161551
1,161553
0,161554
0,161555
0,161556
0,161558
0,161560
0,161562
0,161563
0,161564
0,161565
1,161567
0,161571
0,161572
0,161576
0,161577
0,161581
0,161582
0,161583
0,161584
1,161586
0,161589
0,161590
1,161596
1,161599
0,161600
0,161603
0,161606
0,161608
0,161618
1,161619
1,161625
1,161627
0,161630
1,161631
0,161635
1,161636
0,161637
1,161639
0,161645
0,161648
0,161652
0,161653
1,161657
0,161658
0,161659
1,161662
0,161667
0,161668
0,161669
1,161670
1,161671
0,161674
1,161675
0,161676
1,161680
1,161681
1,161683
1,161689
1,161693
1,161694
0,161696
1,161697
1,161699
0,161700
1,161701
0,161702
1,161703
0,161704
0,161710
0,161711
0,161714
0,161715
1,161721
1,161725
0,161726
0,161731
1,161732
1,161734
1,161738
0,161742
1,161744
0,161748
0,161749
0,161750
1,161754
0,161758
0,161760
0,161761
0,161763
1,161764
0,161766
1,161770
0,161775
1,161777
1,161781
0,161782
0,161783
1,161786
0,161787
0,161794
1,161797
0,161800
0,161803
1,161805
0,161806
0,161807
0,161809
0,161810
0,161817
1,161819
0,161821
1,161822
1,161824
1,161825
0,161826
1,161828
1,161836
0,161838
0,161839
1,161841
0,161845
1,161846
1,161851
0,161853
0,161854
0,161856
1,161857
1,161858
1,161860
0,161862
1,161864
0,161867
0,161870
1,161878
0,161879
0,161880
0,161882
0,161883
0,161884
0,161888
0,161891
1,161893
0,161897
0,161899
0,161902
1,161903
0,161904
0,161906
0,161908
0,161909
0,161910
0,161913
0,161914
0,161916
1,161918
1,161920
1,161921
0,161922
0,161924
0,161925
0,161928
0,161929
0,161934
0,161935
0,161937
1,161941
0,161942
1,161943
0,161944
0,161947
0,161951
0,161952
0,161956
1,161961
0,161965
0,161966
0,161967
0,161970
1,161972
0,161973
0,161977
0,161978
0,161979
1,161982
1,161983
0,161989
0,161992
0,161994
1,161997
0,161998
1,161999
1,162007
1,162008
0,162009
0,162010
1,162011
0,162012
1,162015
1,162016
0,162019
0,162022
1,162028
1,162033
1,162038
0,162042
0,162044
1,162045
1,162046
0,162047
1,162048
1,162049
0,162051
0,162053
0,162054
0,162056
0,162057
0,162058
0,162059
0,162063
0,162064
0,162065
0,162066
0,162068
0,162071
0,162075
0,162077
0,162079
0,162082
0,162084
1,162090
1,162092
0,162093
0,162095
0,162096
0,162097
0,162099
1,162100
1,162106
0,162107
1,162108
0,162109
0,162110
0,162113
0,162114
1,162116
0,162117
0,162120
0,162124
0,162127
0,162129
1,162131
0,162134
0,162137
0,162139
1,162144
1,162145
0,162146
0,162150
0,162152
0,162160
0,162162
1,162169
0,162172
0,162173
0,162174
0,162184
1,162189
1,162191
0,162192
0,162196
0,162198
0,162199
0,162201
0,162202
1,162203
0,162206
0,162207
0,162208
0,162211
1,162214
0,162216
0,162217
0,162220
0,162223
0,162227
1,162229
0,162230
0,162231
0,162232
1,162234
1,162238
0,162242
0,162244
0,162245
0,162247
1,162248
0,162250
0,162251
0,162253
1,162255
0,162257
1,162259
0,162260
0,162264
0,162265
1,162266
0,162270
1,162274
1,162277
0,162278
0,162281
1,162283
1,162286
0,162287
1,162289
0,162290
0,162292
0,162293
0,162294
0,162295
0,162296
0,162298
1,162301
0,162302
0,162303
1,162304
0,162305
0,162307
1,162308
0,162309
0,162311
0,162312
0,162317
0,162318
1,162323
0,162325
1,162327
0,162328
1,162330
1,162337
0,162338
1,162339
1,162340
0,162341
0,162343
0,162346
0,162348
1,162349
0,162350
0,162351
0,162352
0,162353
0,162354
0,162358
1,162360
0,162362
0,162364
0,162366
1,162367
1,162376
0,162377
0,162384
0,162385
0,162386
0,162387
0,162394
0,162395
0,162398
1,162399
1,162400
0,162403
0,162405
0,162416
1,162417
1,162419
0,162420
1,162421
0,162422
0,162424
0,162425
0,162427
1,162429
0,162430
1,162431
1,162433
0,162435
0,162436
0,162438
1,162440
0,162442
0,162445
1,162448
0,162451
0,162454
0,162455
0,162458
0,162460
0,162461
0,162462
1,162466
0,162469
0,162472
0,162476
1,162479
0,162480
1,162482
0,162483
0,162484
0,162486
0,162488
0,162490
0,162491
0,162494
0,162497
1,162501
0,162503
0,162505
0,162510
1,162511
0,162512
1,162514
1,162519
0,162521
0,162532
1,162534
0,162540
0,162543
0,162544
1,162546
0,162549
0,162556
1,162558
0,162561
0,162563
0,162568
1,162570
1,162576
1,162578
1,162579
0,162580
0,162581
1,162591
1,162592
1,162595
0,162598
1,162601
0,162602
1,162603
0,162605
1,162615
0,162616
1,162619
1,162620
0,162624
0,162629
1,162632
1,162635
0,162636
0,162640
1,162644
0,162645
1,162647
1,162651
0,162652
0,162654
0,162659
0,162661
1,162664
0,162667
0,162669
0,162674
0,162675
0,162676
0,162679
0,162681
1,162684
1,162687
1,162690
0,162692
0,162696
1,162698
0,162701
0,162707
0,162709
1,162716
0,162718
0,162726
0,162727
0,162729
1,162734
1,162742
0,162743
0,162747
0,162748
1,162755
0,162758
1,162764
1,162765
0,162772
0,162773
1,162775
1,162776
0,162781
0,162787
1,162788
1,162792
1,162795
0,162798
0,162801
0,162803
0,162805
0,162806
0,162809
0,162812
1,162813
1,162814
0,162815
0,162817
0,162818
0,162819
0,162820
0,162821
0,162824
0,162825
1,162826
1,162827
1,162831
0,162832
0,162836
0,162840
0,162841
1,162842
0,162843
1,162844
0,162845
0,162846
0,162851
0,162852
1,162853
1,162854
1,162855
0,162856
0,162862
1,162866
1,162867
0,162870
1,162875
1,162885
1,162891
1,162892
1,162897
0,162900
0,162905
1,162909
0,162912
1,162913
1,162915
0,162916
0,162917
0,162924
0,162927
1,162928
0,162933
1,162937
0,162940
0,162942
1,162943
1,162946
1,162947
0,162951
1,162952
0,162953
1,162954
0,162958
1,162960
1,162962
1,162963
0,162966
0,162969
0,162970
0,162971
0,162972
0,162974
0,162981
1,162982
0,162986
1,162987
0,162989
0,162990
0,162992
1,162994
0,162995
1,162996
0,162997
0,162999
1,163006
1,163007
1,163010
0,163012
0,163014
1,163018
0,163019
0,163020
0,163021
1,163024
1,163025
0,163027
1,163028
1,163029
0,163030
0,163033
0,163034
0,163037
1,163042
1,163043
0,163044
0,163047
1,163049
1,163055
1,163058
1,163059
0,163062
1,163063
1,163066
0,163070
0,163074
0,163080
0,163081
0,163082
0,163083
1,163085
0,163097
0,163098
0,163100
0,163102
1,163103
1,163104
1,163105
1,163106
0,163109
1,163114
1,163115
1,163116
0,163118
1,163119
0,163127
1,163129
1,163134
0,163136
0,163141
0,163143
0,163145
1,163149
0,163153
0,163156
1,163161
0,163164
0,163165
0,163166
0,163170
0,163171
1,163175
0,163178
0,163185
1,163186
0,163192
0,163194
0,163199
0,163201
1,163202
1,163205
0,163207
0,163208
0,163209
1,163210
0,163213
1,163216
0,163217
0,163220
1,163222
1,163223
0,163224
0,163225
0,163231
0,163233
0,163234
0,163235
0,163237
0,163238
0,163244
1,163247
1,163250
0,163253
1,163255
1,163256
0,163257
1,163259
0,163260
0,163262
1,163263
0,163265
1,163266
0,163268
0,163270
0,163271
1,163281
1,163283
1,163284
0,163285
0,163290
0,163293
1,163294
0,163300
0,163301
1,163304
1,163305
0,163308
0,163310
0,163311
1,163315
0,163316
0,163317
0,163318
0,163320
1,163323
1,163326
0,163328
0,163330
0,163334
0,163335
0,163340
0,163342
0,163345
0,163347
1,163349
1,163350
0,163351
1,163353
0,163355
0,163360
0,163365
1,163366
1,163368
1,163373
1,163375
0,163381
1,163382
1,163383
0,163384
0,163386
1,163388
0,163391
0,163394
0,163396
0,163398
1,163399
0,163401
1,163404
1,163408
0,163415
0,163416
0,163417
1,163418
0,163419
0,163422
0,163424
0,163429
1,163432
0,163433
0,163439
0,163440
0,163445
0,163446
0,163447
0,163450
1,163451
0,163455
1,163462
0,163463
0,163465
1,163471
0,163474
0,163475
1,163479
0,163482
0,163483
1,163490
0,163491
0,163494
1,163495
0,163496
0,163499
0,163500
0,163501
1,163504
0,163505
0,163506
0,163507
0,163509
0,163510
1,163511
0,163516
1,163518
1,163520
1,163521
1,163524
0,163528
0,163531
0,163535
1,163536
0,163541
1,163543
1,163546
0,163549
0,163550
0,163551
1,163552
0,163554
0,163555
1,163556
0,163557
1,163558
0,163560
0,163561
0,163563
0,163564
0,163565
0,163568
1,163569
0,163571
0,163572
0,163576
1,163578
0,163583
0,163587
1,163594
1,163600
0,163601
1,163603
0,163606
0,163607
1,163608
1,163611
0,163615
0,163616
0,163621
0,163622
0,163626
0,163628
0,163633
1,163635
1,163637
0,163639
0,163643
0,163644
0,163646
0,163649
0,163651
0,163652
0,163657
0,163659
0,163662
0,163663
0,163665
0,163666
0,163671
0,163673
0,163677
0,163678
0,163681
0,163682
0,163683
1,163687
0,163693
0,163695
0,163696
1,163697
0,163698
1,163700
0,163701
1,163702
0,163703
0,163704
0,163706
0,163708
0,163709
1,163711
0,163713
1,163716
0,163719
0,163720
0,163722
1,163725
0,163726
0,163730
0,163736
0,163749
0,163750
1,163751
0,163752
0,163754
0,163758
1,163760
0,163761
0,163763
0,163766
0,163767
0,163768
0,163769
0,163770
0,163771
1,163772
0,163778
0,163785
0,163790
0,163791
0,163792
0,163794
1,163795
1,163798
0,163800
0,163803
1,163805
0,163806
0,163807
1,163808
0,163812
0,163814
1,163815
0,163816
0,163818
0,163824
0,163825
1,163828
0,163829
1,163836
0,163837
1,163841
0,163843
1,163846
0,163848
0,163849
1,163855
1,163858
1,163860
0,163865
1,163870
0,163871
1,163872
1,163873
0,163875
0,163881
1,163882
0,163888
0,163889
1,163890
1,163894
1,163899
0,163901
0,163902
0,163904
1,163905
1,163908
1,163911
0,163912
0,163913
0,163914
0,163919
0,163923
0,163924
1,163925
0,163926
0,163927
0,163928
0,163930
1,163935
0,163936
0,163937
1,163938
0,163940
1,163942
0,163944
1,163946
1,163948
0,163949
0,163953
0,163955
0,163958
1,163962
1,163967
0,163972
1,163974
0,163976
0,163978
0,163987
0,163990
1,163992
1,163993
1,164001
0,164002
0,164004
0,164005
0,164006
0,164007
0,164009
0,164013
1,164018
0,164019
1,164021
0,164022
0,164023
0,164028
0,164030
0,164031
0,164033
0,164036
0,164037
1,164039
0,164040
0,164047
0,164048
1,164050
1,164051
1,164053
1,164054
0,164056
0,164057
0,164060
1,164062
0,164063
0,164064
1,164068
1,164071
0,164074
1,164077
0,164079
0,164084
0,164087
0,164088
1,164090
0,164095
1,164097
0,164099
1,164100
0,164101
0,164103
0,164106
0,164107
0,164108
1,164111
0,164112
0,164114
1,164115
0,164116
0,164119
1,164121
1,164127
1,164128
0,164129
0,164132
0,164134
1,164135
1,164137
1,164138
1,164142
1,164145
0,164146
1,164147
1,164149
0,164151
0,164153
0,164154
0,164159
0,164161
0,164162
0,164167
0,164168
0,164171
1,164177
0,164178
0,164179
1,164180
1,164181
1,164185
0,164186
0,164187
0,164188
1,164191
1,164195
0,164196
0,164197
0,164198
0,164202
0,164203
0,164206
1,164207
1,164208
0,164210
0,164212
1,164213
1,164217
0,164218
0,164219
1,164220
1,164224
0,164225
0,164226
0,164227
0,164231
0,164234
0,164235
1,164236
0,164240
0,164242
0,164243
1,164245
1,164246
1,164247
1,164249
1,164257
1,164259
1,164262
0,164263
0,164265
0,164266
0,164269
1,164270
0,164271
1,164273
0,164276
1,164278
0,164281
0,164285
1,164289
0,164290
0,164292
0,164293
1,164294
0,164295
1,164297
1,164302
0,164309
0,164310
0,164311
0,164313
0,164314
0,164316
0,164319
0,164322
0,164323
0,164324
1,164326
0,164327
0,164338
0,164339
0,164343
0,164345
1,164347
0,164349
1,164350
0,164351
0,164353
0,164357
1,164358
1,164359
0,164363
0,164364
0,164366
0,164367
0,164368
0,164370
0,164372
0,164374
0,164375
0,164376
0,164379
0,164382
0,164384
1,164385
0,164393
0,164400
0,164401
0,164403
0,164404
0,164405
0,164406
0,164407
1,164410
0,164411
0,164415
0,164418
0,164419
0,164422
0,164427
1,164428
1,164433
0,164436
1,164437
0,164438
0,164441
0,164449
0,164450
1,164451
1,164453
0,164454
0,164456
0,164457
0,164460
0,164461
0,164463
1,164464
0,164466
0,164467
1,164469
0,164470
0,164474
0,164476
1,164479
0,164481
0,164482
0,164485
0,164487
0,164490
0,164495
0,164496
1,164498
0,164499
0,164500
0,164504
0,164509
0,164511
0,164517
1,164521
0,164522
0,164526
0,164527
0,164528
1,164529
1,164535
1,164536
0,164539
0,164540
1,164543
1,164546
1,164547
0,164549
1,164550
0,164552
1,164555
1,164556
0,164558
0,164559
0,164562
0,164563
0,164564
0,164566
0,164571
0,164572
0,164576
1,164577
0,164578
1,164579
1,164583
0,164584
0,164586
0,164587
0,164588
0,164592
1,164595
0,164596
0,164598
0,164602
0,164606
0,164608
0,164609
0,164611
0,164613
0,164615
1,164617
1,164618
0,164619
0,164622
0,164624
0,164625
1,164626
0,164631
1,164634
0,164638
0,164639
0,164640
0,164641
1,164644
1,164648
0,164652
0,164653
1,164654
1,164656
0,164660
0,164661
1,164669
1,164671
1,164674
0,164675
1,164677
1,164680
0,164688
0,164690
0,164691
1,164695
0,164697
1,164699
0,164707
1,164710
0,164711
1,164712
0,164715
0,164717
0,164720
0,164721
1,164724
1,164725
0,164729
0,164732
0,164733
1,164735
0,164736
0,164738
1,164739
0,164746
1,164750
0,164751
1,164752
0,164754
0,164755
0,164756
0,164759
0,164762
0,164764
1,164765
1,164766
0,164767
1,164771
0,164776
1,164777
0,164784
1,164788
0,164795
1,164796
0,164798
1,164801
0,164802
1,164803
0,164805
0,164812
0,164814
0,164818
0,164819
0,164820
1,164821
0,164822
0,164823
1,164826
1,164829
1,164830
0,164832
0,164835
1,164836
0,164845
1,164847
0,164848
1,164849
0,164850
1,164852
0,164853
0,164854
1,164858
0,164860
1,164862
0,164864
0,164865
1,164866
1,164874
0,164880
0,164881
0,164882
1,164883
0,164885
0,164886
0,164887
0,164888
1,164889
1,164890
0,164891
0,164894
0,164899
1,164900
1,164902
1,164904
0,164906
1,164907
0,164908
0,164910
1,164912
1,164914
0,164915
1,164920
1,164931
0,164932
0,164938
0,164940
0,164941
0,164944
1,164946
0,164948
1,164950
1,164951
0,164953
0,164954
0,164956
1,164960
0,164961
1,164963
0,164965
0,164967
0,164969
0,164970
0,164973
1,164977
1,164981
1,164983
0,164985
0,164987
0,164989
1,164996
1,165001
0,165003
0,165008
0,165010
1,165012
0,165013
0,165014
1,165015
0,165018
1,165024
0,165025
0,165027
0,165030
1,165032
1,165033
0,165034
0,165035
0,165036
1,165037
1,165039
1,165041
1,165042
0,165043
1,165044
0,165045
0,165047
0,165048
0,165050
1,165053
0,165054
0,165056
1,165057
1,165059
0,165060
1,165062
1,165063
0,165064
0,165066
0,165067
0,165069
0,165073
1,165074
0,165077
1,165083
1,165084
0,165085
0,165088
1,165090
0,165093
0,165094
0,165095
0,165099
0,165100
0,165101
0,165103
0,165105
0,165114
0,165115
0,165118
0,165120
0,165121
0,165122
0,165123
0,165124
0,165125
0,165128
1,165129
1,165132
0,165135
0,165142
1,165145
1,165146
0,165148
0,165150
0,165153
0,165154
0,165155
0,165160
0,165164
0,165167
0,165169
1,165171
0,165176
1,165177
0,165179
1,165186
0,165189
0,165190
1,165192
0,165193
1,165196
0,165197
1,165198
1,165202
1,165205
1,165207
1,165209
1,165212
0,165213
1,165217
0,165220
0,165223
0,165226
1,165228
0,165232
0,165233
1,165235
0,165240
0,165243
0,165245
0,165246
0,165248
0,165250
1,165251
0,165252
0,165253
1,165257
0,165259
0,165260
1,165262
0,165264
1,165266
1,165267
1,165268
1,165272
0,165273
0,165275
0,165279
0,165281
0,165282
0,165284
0,165286
1,165287
1,165288
0,165301
0,165303
0,165305
1,165307
0,165309
0,165312
0,165313
1,165315
0,165316
0,165319
0,165321
1,165322
1,165327
1,165330
0,165332
1,165333
0,165338
0,165339
1,165344
0,165349
0,165352
0,165354
1,165355
0,165356
0,165365
1,165366
0,165376
0,165378
0,165379
0,165388
1,165395
1,165397
1,165398
0,165400
1,165401
0,165406
1,165407
0,165412
0,165413
1,165419
0,165423
1,165425
0,165426
0,165428
0,165429
1,165433
1,165436
1,165439
0,165441
1,165442
0,165443
0,165444
0,165445
0,165450
0,165456
0,165461
1,165462
0,165463
0,165468
0,165470
1,165480
0,165481
0,165482
0,165484
0,165488
1,165489
1,165490
1,165494
0,165497
0,165500
0,165501
0,165502
1,165503
0,165504
0,165506
0,165508
0,165515
0,165519
0,165520
0,165522
1,165527
0,165531
1,165534
0,165535
1,165538
0,165539
0,165541
1,165543
1,165545
1,165546
0,165547
0,165550
0,165551
0,165556
0,165557
0,165559
1,165560
0,165561
1,165562
0,165563
0,165565
1,165566
1,165568
0,165570
0,165572
0,165574
0,165576
0,165577
0,165578
0,165579
1,165585
0,165586
0,165592
0,165594
0,165597
0,165598
0,165602
1,165603
1,165605
0,165609
1,165615
1,165618
0,165621
0,165623
0,165624
1,165626
1,165631
1,165633
0,165635
0,165636
0,165637
0,165639
0,165640
1,165645
1,165646
0,165648
1,165649
0,165655
0,165658
1,165659
1,165660
0,165662
0,165663
0,165664
0,165671
0,165672
0,165673
0,165674
0,165678
0,165679
1,165680
0,165683
1,165684
0,165693
0,165694
0,165698
0,165699
1,165703
0,165704
0,165708
1,165711
0,165712
0,165713
0,165714
0,165725
0,165729
0,165732
0,165735
0,165736
0,165738
0,165744
1,165745
0,165746
0,165747
0,165751
1,165753
1,165754
0,165756
0,165760
1,165762
0,165764
0,165778
1,165779
0,165780
1,165782
0,165784
0,165788
0,165789
0,165791
0,165792
1,165794
0,165797
1,165799
0,165800
0,165804
0,165810
0,165813
0,165814
0,165821
0,165823
1,165835
1,165838
0,165840
1,165841
0,165842
0,165845
0,165850
0,165852
0,165853
0,165858
0,165859
0,165860
0,165864
0,165865
0,165868
0,165870
0,165871
0,165873
1,165875
1,165877
0,165878
0,165880
0,165881
0,165882
0,165883
0,165885
0,165889
0,165890
0,165893
0,165898
0,165899
1,165901
1,165902
0,165903
0,165907
1,165908
1,165914
0,165917
0,165922
0,165924
0,165929
0,165930
0,165931
1,165935
0,165939
0,165941
1,165942
0,165945
0,165946
0,165947
0,165948
1,165954
0,165958
0,165959
0,165964
0,165972
1,165976
0,165977
0,165978
0,165980
0,165982
0,165984
0,165986
1,165989
1,165992
0,165993
1,165994
1,165997
0,165999
0,166000
1,166002
0,166004
0,166007
1,166008
0,166009
0,166010
1,166011
1,166012
1,166016
0,166017
0,166020
0,166023
0,166024
0,166025
0,166026
1,166027
1,166029
0,166030
0,166034
0,166036
0,166037
0,166038
1,166043
1,166045
0,166046
1,166047
0,166052
0,166055
0,166057
0,166060
1,166063
0,166064
1,166066
0,166067
0,166068
1,166072
0,166075
0,166076
0,166077
1,166082
0,166084
1,166085
1,166088
1,166089
0,166091
0,166092
0,166094
0,166096
1,166102
0,166104
0,166105
0,166107
1,166111
0,166115
0,166121
0,166124
1,166125
0,166128
0,166137
0,166139
1,166140
1,166141
1,166143
0,166151
0,166154
0,166155
1,166157
0,166159
1,166163
0,166165
1,166168
1,166170
0,166174
0,166176
0,166177
0,166178
0,166180
1,166181
0,166182
1,166185
1,166191
0,166192
1,166193
0,166196
0,166197
0,166198
0,166201
0,166202
0,166207
0,166208
1,166209
1,166212
0,166213
0,166214
0,166217
0,166218
0,166220
1,166223
1,166225
0,166231
0,166234
0,166248
0,166253
0,166258
0,166260
1,166263
0,166269
1,166271
0,166272
1,166273
1,166275
1,166277
1,166282
1,166283
0,166285
0,166287
0,166288
0,166299
1,166300
1,166301
0,166302
1,166303
0,166305
0,166308
0,166312
0,166317
1,166318
1,166320
0,166321
1,166322
0,166323
0,166324
0,166326
1,166328
0,166331
0,166335
1,166336
1,166338
0,166340
0,166341
0,166342
1,166343
0,166345
1,166347
1,166348
1,166351
1,166357
0,166358
1,166360
0,166363
0,166364
0,166365
0,166371
0,166374
1,166376
0,166377
0,166378
0,166381
1,166382
1,166383
0,166385
0,166387
1,166391
0,166394
0,166403
0,166404
0,166406
0,166407
1,166408
1,166411
0,166412
0,166414
0,166415
0,166420
1,166428
0,166429
0,166432
1,166434
1,166436
1,166441
1,166442
0,166446
1,166447
0,166448
1,166450
1,166451
0,166453
0,166457
0,166461
0,166463
1,166471
1,166472
0,166473
0,166476
1,166479
0,166485
0,166487
0,166488
1,166489
1,166494
1,166495
0,166499
1,166501
0,166502
0,166505
0,166509
0,166512
1,166516
1,166517
1,166519
0,166520
0,166521
1,166523
1,166525
0,166526
0,166535
1,166538
0,166539
0,166546
0,166548
0,166550
0,166553
0,166555
0,166560
0,166562
0,166564
0,166569
0,166572
0,166573
0,166580
0,166585
0,166586
1,166588
1,166593
0,166596
1,166603
0,166613
1,166620
0,166625
0,166627
0,166629
0,166631
0,166632
1,166635
1,166637
1,166638
1,166639
1,166642
1,166647
1,166649
0,166650
0,166651
0,166652
0,166653
0,166654
0,166655
0,166656
1,166659
0,166661
0,166663
0,166664
1,166665
1,166669
1,166671
0,166672
1,166673
1,166675
1,166678
0,166683
0,166684
0,166685
0,166689
0,166691
1,166693
1,166698
0,166699
0,166700
1,166703
1,166704
1,166705
0,166708
0,166709
0,166710
0,166711
0,166712
0,166714
1,166715
1,166717
0,166721
0,166723
1,166729
1,166732
0,166733
0,166735
0,166741
0,166742
0,166746
0,166747
0,166748
1,166754
0,166755
0,166756
0,166757
1,166761
0,166762
0,166763
0,166767
0,166771
1,166780
0,166782
0,166786
0,166788
0,166789
0,166790
0,166796
0,166798
0,166802
1,166807
0,166811
0,166812
0,166814
0,166816
0,166817
1,166819
0,166822
0,166823
1,166825
1,166827
0,166835
0,166840
0,166842
1,166843
0,166844
0,166845
0,166846
0,166847
1,166848
1,166850
1,166853
1,166854
1,166860
0,166862
1,166867
1,166869
0,166870
1,166874
0,166875
0,166876
1,166879
1,166883
0,166884
1,166887
0,166888
0,166889
0,166893
0,166895
0,166900
1,166902
0,166903
0,166906
0,166910
0,166914
1,166915
0,166917
0,166918
1,166919
1,166921
0,166924
1,166926
1,166927
0,166929
1,166930
0,166932
0,166933
1,166944
0,166947
1,166951
0,166952
1,166953
0,166959
0,166961
0,166966
0,166967
0,166975
0,166976
0,166979
0,166980
0,166981
0,166986
1,166987
0,166988
1,166994
0,166996
0,166997
0,167004
1,167008
1,167009
0,167010
0,167011
1,167013
0,167016
0,167017
0,167018
0,167020
0,167021
0,167022
1,167024
0,167025
1,167026
1,167027
1,167029
1,167030
1,167032
0,167033
0,167038
0,167041
0,167042
0,167043
0,167045
0,167046
1,167048
1,167054
0,167058
0,167059
1,167062
0,167064
0,167065
0,167066
0,167072
0,167073
0,167080
0,167085
0,167088
1,167090
1,167093
0,167094
0,167095
0,167096
1,167100
0,167101
0,167107
0,167108
0,167110
0,167111
1,167113
1,167117
1,167121
1,167122
1,167127
1,167129
1,167130
0,167132
0,167134
1,167136
0,167140
0,167141
1,167143
1,167148
1,167151
1,167155
0,167156
1,167158
1,167161
0,167162
0,167167
0,167170
1,167174
1,167177
1,167182
0,167184
0,167186
1,167188
1,167191
1,167193
0,167196
1,167198
0,167200
0,167201
0,167202
0,167205
0,167206
0,167207
1,167210
0,167212
1,167215
0,167218
1,167225
0,167226
0,167227
1,167232
1,167234
0,167236
1,167237
0,167240
0,167241
0,167251
0,167252
0,167255
1,167259
0,167260
1,167264
1,167268
0,167271
0,167274
0,167275
0,167277
0,167278
0,167284
0,167286
0,167289
0,167290
1,167291
0,167294
1,167299
0,167300
0,167302
1,167304
0,167307
0,167308
0,167310
0,167311
0,167312
1,167315
0,167316
1,167319
0,167321
0,167322
0,167325
0,167326
0,167329
0,167330
0,167331
0,167332
0,167337
1,167338
0,167339
1,167340
1,167343
0,167348
0,167349
0,167351
0,167355
0,167359
0,167361
0,167368
0,167369
0,167371
1,167375
1,167377
0,167381
0,167382
0,167386
1,167390
0,167391
1,167395
0,167396
0,167398
1,167400
0,167406
1,167410
0,167412
0,167414
0,167415
0,167418
1,167419
1,167421
0,167422
0,167423
0,167427
1,167430
0,167431
1,167432
0,167434
0,167441
0,167442
1,167444
0,167445
0,167451
1,167452
0,167453
0,167454
1,167455
0,167458
0,167460
0,167463
0,167464
1,167466
1,167470
0,167474
1,167478
0,167481
1,167483
0,167484
1,167486
0,167488
1,167489
0,167493
0,167499
0,167500
1,167501
0,167505
0,167507
0,167513
0,167514
0,167515
1,167517
1,167519
0,167520
0,167521
1,167522
0,167526
0,167527
1,167528
1,167531
0,167533
0,167534
0,167539
0,167540
1,167543
1,167544
0,167545
0,167547
0,167548
1,167549
0,167552
0,167558
0,167559
1,167561
0,167562
0,167563
0,167564
0,167568
0,167577
0,167579
0,167580
0,167583
0,167584
0,167585
0,167587
1,167589
0,167591
0,167595
1,167596
1,167597
0,167599
0,167600
0,167601
0,167603
0,167604
0,167605
0,167609
1,167611
1,167613
1,167614
1,167615
0,167616
1,167617
0,167620
0,167622
1,167623
1,167624
0,167630
0,167632
0,167638
0,167642
0,167643
1,167648
0,167650
0,167651
0,167653
0,167658
0,167659
1,167660
0,167666
1,167669
0,167676
1,167682
0,167683
0,167685
0,167686
0,167689
0,167691
1,167693
0,167695
0,167696
0,167698
1,167700
0,167701
1,167703
1,167704
0,167705
0,167714
0,167715
1,167717
0,167718
1,167719
1,167720
1,167722
0,167728
0,167732
1,167737
0,167739
0,167741
1,167742
0,167743
0,167746
0,167749
0,167751
1,167752
0,167756
0,167757
1,167758
0,167759
1,167761
0,167767
1,167768
0,167771
0,167772
0,167773
0,167780
1,167781
0,167790
0,167795
0,167796
0,167797
0,167801
0,167802
0,167807
0,167815
1,167817
0,167818
1,167820
0,167831
0,167834
0,167840
0,167842
0,167843
0,167849
0,167850
0,167853
0,167854
0,167855
1,167859
1,167862
1,167863
0,167866
1,167867
0,167868
0,167869
1,167872
0,167875
0,167879
0,167883
1,167884
0,167887
1,167889
1,167890
1,167892
0,167893
0,167897
1,167901
0,167902
1,167904
1,167906
1,167907
0,167911
1,167917
0,167918
1,167920
0,167923
0,167927
0,167928
1,167929
1,167932
0,167936
1,167939
0,167943
0,167944
0,167945
1,167948
0,167950
0,167952
1,167953
0,167954
0,167955
0,167959
0,167967
0,167969
1,167971
1,167972
0,167973
0,167983
0,167985
0,167986
0,167990
0,167993
1,167996
0,167998
1,168002
0,168004
0,168006
1,168011
0,168019
0,168021
0,168022
0,168024
0,168026
1,168027
0,168030
0,168035
1,168036
0,168040
1,168046
0,168049
0,168053
0,168056
0,168058
0,168061
1,168063
0,168067
0,168068
1,168070
0,168071
1,168073
0,168074
1,168076
0,168079
0,168084
0,168085
0,168086
0,168087
1,168088
0,168091
1,168093
0,168098
0,168104
1,168107
1,168109
0,168110
1,168116
0,168118
0,168119
1,168123
0,168126
0,168127
0,168128
0,168129
0,168130
0,168132
1,168134
0,168138
0,168141
0,168144
0,168145
1,168146
0,168152
0,168154
1,168158
1,168159
0,168161
0,168162
1,168173
1,168179
0,168182
0,168184
1,168192
0,168193
0,168198
1,168199
0,168202
0,168205
0,168206
1,168207
0,168210
0,168211
1,168212
1,168215
1,168216
0,168217
1,168218
1,168219
0,168220
0,168221
1,168223
0,168225
0,168230
0,168232
0,168233
0,168239
0,168244
0,168245
0,168246
1,168248
0,168253
1,168255
0,168257
0,168258
0,168260
1,168263
0,168264
0,168271
0,168275
0,168276
1,168279
1,168280
0,168281
0,168283
1,168286
1,168287
0,168288
1,168292
0,168298
0,168300
0,168301
0,168304
0,168305
0,168307
1,168309
1,168313
0,168319
0,168320
1,168322
0,168323
1,168324
0,168326
0,168329
0,168330
0,168332
1,168333
0,168334
0,168337
1,168341
0,168342
1,168343
0,168349
1,168351
1,168353
1,168354
0,168355
1,168358
0,168359
0,168362
0,168366
0,168373
0,168374
0,168375
0,168377
0,168380
1,168382
0,168388
0,168389
0,168391
0,168392
1,168393
0,168399
0,168400
1,168405
0,168410
0,168414
1,168415
0,168416
1,168418
1,168420
1,168423
0,168425
1,168426
1,168429
1,168430
0,168431
1,168437
1,168438
1,168439
1,168440
1,168443
0,168444
0,168446
1,168447
0,168452
0,168454
0,168455
0,168456
0,168457
0,168461
0,168464
0,168466
1,168467
0,168472
1,168475
1,168477
0,168479
1,168485
1,168488
1,168489
0,168492
0,168494
0,168495
1,168497
0,168501
1,168504
1,168512
0,168515
0,168520
1,168522
0,168523
0,168525
1,168526
1,168533
1,168534
0,168539
0,168540
0,168544
0,168545
1,168547
0,168549
0,168555
0,168556
0,168559
0,168561
0,168562
0,168567
1,168568
0,168573
0,168579
0,168583
0,168585
1,168586
0,168593
0,168594
0,168597
1,168599
0,168600
0,168601
0,168604
0,168605
1,168609
0,168613
0,168614
0,168616
0,168617
1,168620
1,168621
0,168626
0,168629
0,168630
0,168632
1,168636
0,168637
0,168640
0,168644
0,168646
0,168648
0,168651
1,168653
1,168654
0,168655
1,168658
0,168663
0,168664
0,168665
0,168667
0,168672
1,168677
0,168683
0,168687
0,168688
1,168691
0,168696
0,168697
1,168698
0,168700
0,168702
0,168703
0,168708
0,168709
1,168711
0,168713
1,168715
0,168723
1,168730
0,168734
0,168735
0,168736
0,168737
0,168739
0,168740
0,168741
1,168742
0,168744
0,168746
1,168747
1,168748
0,168751
0,168752
0,168753
1,168754
1,168755
0,168758
1,168760
1,168762
0,168764
0,168765
1,168768
0,168773
0,168774
0,168775
1,168777
0,168779
1,168783
0,168785
0,168787
0,168788
0,168790
1,168793
0,168795
0,168804
0,168808
0,168809
0,168815
1,168816
0,168817
0,168819
0,168820
1,168822
1,168823
0,168824
1,168827
0,168832
0,168834
0,168840
0,168841
1,168842
0,168847
0,168849
0,168853
1,168855
1,168857
0,168860
0,168863
0,168868
1,168869
0,168874
0,168875
1,168878
0,168880
0,168882
0,168887
1,168891
1,168893
1,168894
0,168898
0,168899
0,168901
0,168905
0,168908
0,168909
0,168911
1,168912
0,168916
0,168918
0,168921
0,168924
0,168932
0,168933
1,168937
1,168938
0,168939
0,168942
1,168943
0,168946
0,168948
1,168949
0,168955
0,168956
0,168958
0,168964
1,168969
1,168971
0,168973
0,168975
0,168976
0,168977
0,168978
1,168982
0,168987
0,168989
1,168990
1,168991
1,168992
1,168996
1,168998
0,169000
0,169001
0,169004
0,169005
0,169006
0,169007
1,169009
0,169011
0,169013
0,169017
0,169021
1,169023
0,169026
1,169027
1,169032
0,169034
1,169036
0,169037
1,169038
1,169042
0,169043
1,169044
1,169046
0,169049
0,169051
0,169057
0,169059
0,169066
0,169067
0,169068
0,169075
0,169076
0,169077
0,169078
1,169079
1,169083
0,169088
1,169091
0,169092
1,169094
0,169095
0,169098
1,169099
1,169101
1,169103
1,169105
0,169107
0,169108
0,169109
0,169112
0,169113
1,169119
0,169126
0,169127
0,169128
1,169130
0,169132
0,169133
0,169136
0,169140
1,169145
0,169146
0,169149
1,169151
1,169152
0,169154
1,169158
1,169165
0,169170
1,169172
1,169173
1,169174
1,169175
0,169181
0,169182
1,169188
1,169189
0,169190
0,169191
0,169196
1,169198
0,169202
0,169204
0,169207
1,169211
1,169213
0,169216
0,169225
0,169226
1,169230
0,169231
0,169234
1,169235
0,169237
0,169246
0,169248
1,169251
1,169252
1,169253
1,169255
0,169256
1,169258
0,169260
0,169262
1,169263
0,169266
0,169270
1,169272
1,169274
1,169275
1,169279
0,169280
0,169283
0,169287
1,169288
0,169290
1,169291
0,169292
1,169295
1,169297
0,169302
0,169306
0,169308
1,169309
0,169311
1,169313
1,169317
0,169324
0,169328
0,169330
0,169332
0,169336
0,169338
0,169339
0,169340
0,169341
0,169342
0,169343
0,169344
0,169346
0,169349
1,169357
0,169359
1,169361
1,169364
0,169366
0,169372
0,169373
0,169374
0,169375
1,169377
0,169381
1,169382
0,169385
0,169386
0,169387
0,169391
0,169393
0,169394
1,169395
1,169398
0,169399
0,169401
0,169402
0,169406
0,169408
0,169411
0,169412
0,169415
0,169418
0,169423
0,169424
0,169426
0,169427
0,169430
0,169431
0,169432
0,169433
1,169434
0,169437
1,169438
1,169445
1,169446
1,169447
1,169448
1,169450
0,169454
1,169455
0,169459
0,169461
0,169462
0,169464
0,169465
1,169469
0,169470
1,169475
0,169476
1,169477
1,169478
0,169482
0,169485
1,169486
0,169488
0,169497
1,169500
0,169502
0,169506
1,169507
0,169509
1,169510
1,169514
0,169518
0,169519
0,169525
0,169528
0,169529
1,169532
0,169535
0,169540
1,169542
0,169544
0,169545
1,169547
0,169548
0,169552
0,169553
0,169554
0,169555
0,169556
1,169560
0,169562
0,169564
1,169565
0,169568
0,169573
0,169574
0,169575
0,169577
0,169580
1,169581
0,169584
0,169589
0,169591
0,169592
0,169593
0,169595
0,169598
0,169604
0,169607
0,169608
0,169615
1,169619
0,169620
1,169622
0,169623
0,169625
0,169627
0,169631
0,169632
0,169633
0,169652
0,169653
0,169654
0,169655
0,169659
0,169661
0,169662
1,169663
0,169664
0,169665
0,169667
1,169669
1,169675
0,169677
1,169679
0,169681
1,169687
0,169688
0,169689
1,169691
0,169692
0,169698
0,169699
0,169700
0,169705
0,169707
1,169710
0,169715
0,169723
0,169724
0,169728
0,169729
0,169730
0,169735
0,169743
0,169744
1,169747
1,169748
0,169749
1,169750
0,169752
1,169762
1,169763
1,169765
1,169766
1,169768
1,169777
1,169778
1,169783
1,169786
0,169789
1,169791
0,169793
0,169794
0,169797
0,169801
0,169806
1,169807
0,169808
0,169811
1,169815
0,169817
1,169820
1,169824
0,169825
0,169831
0,169833
0,169834
1,169838
1,169840
1,169843
0,169847
0,169848
0,169849
0,169851
0,169852
1,169854
1,169860
0,169861
0,169865
0,169866
0,169867
0,169877
1,169880
1,169884
1,169887
0,169890
0,169891
1,169894
1,169897
1,169898
0,169899
0,169903
0,169906
0,169908
0,169909
0,169911
0,169912
1,169914
0,169915
0,169917
0,169925
0,169926
0,169930
1,169932
0,169934
0,169935
0,169939
0,169941
1,169942
1,169943
0,169944
1,169945
0,169947
0,169948
0,169951
0,169953
0,169958
1,169959
0,169965
0,169967
0,169970
0,169974
0,169975
0,169978
0,169979
0,169981
0,169982
0,169984
0,169986
0,169988
1,169989
1,169990
0,169991
1,169992
1,169997
0,169998
0,170001
0,170006
0,170015
1,170019
0,170020
0,170022
0,170023
1,170025
0,170027
0,170028
0,170031
0,170035
1,170039
0,170041
0,170044
1,170045
0,170047
0,170049
0,170052
1,170055
1,170057
0,170060
0,170061
0,170063
1,170065
0,170072
1,170073
0,170074
0,170076
0,170077
1,170078
0,170079
0,170085
1,170088
1,170089
0,170092
1,170095
0,170096
0,170097
0,170098
0,170101
1,170102
0,170103
0,170108
0,170116
0,170119
1,170120
0,170122
0,170124
1,170128
0,170134
0,170135
1,170136
0,170140
0,170144
1,170147
0,170149
1,170151
0,170152
1,170155
0,170158
1,170160
0,170166
0,170167
0,170168
0,170171
1,170173
0,170175
1,170176
0,170177
0,170178
0,170179
1,170182
0,170183
0,170185
0,170188
1,170192
1,170194
1,170197
0,170198
0,170200
0,170201
1,170203
0,170206
0,170210
0,170211
0,170217
0,170219
1,170221
0,170222
0,170227
0,170228
0,170230
0,170232
1,170233
1,170234
1,170235
1,170236
0,170237
0,170239
1,170242
0,170245
0,170246
1,170247
0,170250
1,170254
0,170256
1,170258
1,170261
0,170263
0,170266
0,170275
0,170277
0,170280
0,170282
0,170283
1,170290
0,170295
0,170297
1,170299
0,170304
0,170305
0,170309
0,170310
0,170312
0,170315
0,170317
0,170318
1,170319
0,170320
0,170321
0,170323
0,170327
0,170334
1,170335
0,170336
0,170339
1,170348
1,170351
0,170363
1,170367
1,170370
0,170373
1,170380
0,170385
0,170388
0,170390
0,170391
0,170395
0,170396
0,170397
1,170398
0,170402
0,170404
0,170405
1,170406
1,170407
0,170408
0,170411
1,170412
0,170415
0,170416
0,170417
0,170419
0,170420
1,170421
0,170426
1,170428
0,170429
0,170436
0,170437
0,170445
0,170447
1,170448
0,170450
1,170451
0,170452
0,170453
1,170454
0,170455
1,170456
0,170459
1,170460
1,170462
0,170463
0,170465
0,170469
0,170471
0,170472
0,170478
0,170479
0,170483
1,170484
0,170486
0,170488
0,170493
1,170494
0,170495
1,170498
0,170504
0,170506
1,170508
0,170509
1,170513
0,170515
0,170517
0,170519
0,170522
0,170524
0,170526
0,170527
0,170528
0,170533
0,170535
0,170536
0,170539
1,170544
1,170545
1,170547
0,170548
0,170552
0,170553
0,170554
0,170556
0,170557
1,170560
0,170563
0,170564
1,170567
0,170568
0,170569
0,170578
1,170580
0,170581
1,170583
0,170584
1,170591
1,170592
0,170594
0,170599
0,170600
1,170603
0,170604
0,170606
0,170608
1,170609
1,170611
1,170612
0,170613
0,170620
0,170621
1,170622
0,170626
1,170631
1,170632
0,170633
1,170641
0,170642
0,170643
0,170646
0,170647
0,170650
0,170651
0,170654
1,170655
1,170657
1,170658
0,170659
0,170660
1,170662
0,170667
0,170673
1,170674
0,170675
1,170676
0,170677
0,170679
0,170680
1,170682
1,170684
1,170685
0,170687
1,170688
1,170690
0,170693
0,170701
0,170704
0,170705
0,170709
0,170711
1,170713
0,170718
0,170725
0,170727
0,170728
1,170731
1,170732
0,170733
0,170737
0,170741
1,170742
0,170745
0,170746
0,170750
0,170752
1,170753
0,170757
1,170759
0,170760
0,170766
1,170769
1,170770
1,170776
0,170778
1,170779
0,170780
1,170782
1,170784
0,170786
0,170787
0,170788
0,170790
1,170791
1,170793
0,170795
0,170799
1,170805
0,170807
0,170810
0,170811
0,170816
0,170817
0,170818
0,170823
0,170828
0,170829
0,170835
1,170836
1,170839
0,170842
0,170843
0,170845
1,170846
0,170847
0,170848
0,170861
0,170863
0,170868
1,170870
0,170871
1,170873
1,170879
0,170882
0,170889
0,170891
0,170894
0,170899
0,170900
0,170901
0,170902
0,170913
1,170915
0,170916
0,170918
0,170921
0,170923
0,170924
0,170927
0,170928
0,170929
0,170932
0,170934
1,170936
0,170940
0,170941
0,170943
0,170947
0,170948
0,170949
0,170950
0,170953
0,170955
0,170957
1,170962
1,170965
0,170970
1,170971
0,170973
0,170974
0,170975
1,170976
1,170979
0,170980
1,170983
0,170987
1,170989
0,170990
0,170993
1,170994
1,170995
0,171000
1,171001
1,171006
1,171009
0,171012
0,171014
0,171016
0,171017
0,171019
1,171022
0,171023
1,171024
0,171027
1,171029
0,171030
0,171035
0,171036
1,171038
0,171039
0,171040
0,171041
0,171042
0,171043
0,171044
1,171048
0,171056
0,171057
1,171059
0,171060
0,171062
0,171066
0,171067
0,171069
1,171075
1,171082
0,171084
0,171086
1,171087
1,171091
0,171092
1,171093
0,171094
0,171096
0,171098
0,171099
1,171101
1,171102
0,171107
1,171108
0,171113
0,171115
0,171116
0,171122
0,171123
0,171127
1,171129
1,171130
1,171132
0,171133
0,171136
0,171140
0,171142
0,171143
0,171144
0,171145
0,171148
0,171149
0,171150
1,171158
0,171160
0,171163
0,171165
0,171173
0,171174
0,171178
1,171182
1,171184
0,171185
1,171186
1,171199
0,171201
0,171202
1,171207
0,171210
0,171212
1,171213
0,171214
0,171216
0,171217
0,171220
1,171221
0,171222
0,171224
0,171225
0,171233
0,171234
0,171237
1,171241
0,171242
0,171243
0,171246
1,171248
0,171249
0,171250
1,171253
1,171255
0,171256
0,171262
0,171264
1,171267
0,171270
0,171272
1,171273
1,171274
1,171275
1,171276
0,171277
0,171278
0,171279
0,171280
0,171283
1,171285
0,171289
1,171290
0,171292
0,171294
0,171296
1,171300
1,171302
1,171303
0,171310
1,171311
1,171312
1,171314
0,171316
1,171319
0,171320
0,171324
1,171327
0,171331
0,171332
0,171333
0,171334
1,171336
0,171337
1,171338
0,171339
0,171341
1,171343
0,171345
0,171347
1,171349
1,171350
0,171354
0,171356
1,171357
1,171358
0,171359
0,171360
0,171361
0,171363
0,171364
0,171366
0,171370
0,171371
0,171374
0,171375
1,171376
0,171377
0,171382
0,171388
1,171392
0,171394
1,171396
0,171397
1,171399
0,171402
0,171405
1,171411
0,171415
1,171418
0,171419
0,171421
0,171422
0,171426
0,171428
0,171429
0,171430
0,171440
0,171441
0,171443
0,171445
0,171451
0,171456
0,171457
1,171467
1,171468
0,171469
0,171470
1,171473
0,171475
0,171479
0,171480
0,171482
0,171483
1,171484
1,171492
0,171494
0,171497
0,171500
1,171503
0,171504
0,171507
0,171509
0,171516
0,171518
0,171520
0,171522
0,171523
0,171528
1,171535
0,171537
0,171538
0,171539
0,171546
0,171547
0,171548
0,171550
1,171552
0,171554
0,171556
0,171557
1,171558
1,171559
0,171560
0,171562
1,171565
0,171567
0,171568
1,171569
0,171570
1,171571
1,171573
0,171576
0,171584
1,171585
1,171589
0,171591
0,171601
0,171606
0,171608
0,171611
0,171614
1,171617
0,171627
0,171628
0,171632
0,171639
0,171640
0,171642
1,171647
0,171648
0,171650
0,171652
0,171653
1,171657
0,171658
0,171659
0,171661
0,171663
1,171669
1,171672
1,171673
0,171676
0,171679
0,171689
0,171690
0,171691
0,171697
1,171698
0,171703
0,171708
0,171709
0,171716
0,171718
1,171719
0,171731
0,171732
0,171738
0,171739
1,171740
1,171741
0,171742
1,171745
1,171746
1,171747
1,171748
0,171749
0,171752
0,171755
0,171756
0,171759
1,171760
1,171761
1,171762
1,171766
0,171771
0,171774
0,171776
0,171777
0,171780
0,171781
0,171782
0,171784
0,171785
0,171786
0,171791
0,171793
0,171794
0,171795
1,171799
1,171802
0,171807
1,171808
0,171809
0,171810
0,171811
1,171814
0,171815
1,171816
1,171818
1,171819
0,171821
0,171822
0,171825
0,171826
0,171827
0,171828
0,171829
0,171832
1,171833
1,171837
0,171838
0,171840
1,171842
0,171843
1,171844
1,171845
0,171846
1,171847
0,171848
0,171852
0,171853
1,171855
0,171858
0,171864
0,171865
0,171866
1,171868
0,171874
1,171876
0,171877
0,171879
0,171880
1,171881
1,171882
0,171888
1,171890
1,171892
0,171893
0,171900
1,171901
0,171902
1,171903
0,171907
0,171911
0,171912
1,171914
0,171915
0,171916
0,171918
0,171919
0,171922
0,171929
0,171934
0,171935
1,171937
0,171938
0,171939
0,171943
1,171944
0,171946
0,171947
0,171948
1,171950
0,171951
1,171960
0,171961
1,171962
0,171967
0,171976
0,171977
1,171979
0,171981
0,171985
1,171989
0,171990
0,171992
0,171998
0,172001
0,172002
0,172004
0,172005
0,172007
0,172011
0,172012
0,172015
1,172016
0,172017
0,172019
0,172021
0,172024
0,172025
0,172026
0,172027
0,172031
0,172033
0,172034
0,172035
0,172038
0,172039
0,172040
1,172042
0,172043
1,172048
1,172049
0,172050
0,172053
0,172055
0,172056
0,172059
1,172060
0,172061
0,172062
0,172065
0,172066
0,172069
1,172070
0,172075
0,172080
0,172081
0,172082
1,172084
0,172086
0,172094
1,172095
1,172096
1,172098
0,172099
0,172103
0,172107
1,172109
0,172116
0,172117
0,172120
0,172125
1,172130
1,172135
0,172142
0,172144
0,172146
0,172149
1,172152
0,172160
0,172161
0,172162
0,172164
0,172165
0,172167
0,172168
1,172171
0,172174
0,172175
0,172179
0,172180
0,172181
1,172182
0,172185
0,172189
0,172194
0,172197
0,172198
0,172207
0,172208
1,172212
0,172215
1,172216
0,172225
0,172226
0,172227
0,172228
0,172229
1,172231
1,172233
0,172234
1,172235
1,172236
0,172239
0,172240
1,172241
0,172243
1,172244
1,172245
1,172249
0,172250
0,172254
1,172256
0,172261
0,172263
0,172264
0,172272
0,172275
0,172276
1,172277
0,172278
0,172281
0,172285
1,172288
0,172293
1,172294
0,172299
1,172300
0,172305
1,172307
0,172308
0,172310
1,172319
1,172322
1,172328
1,172330
0,172332
0,172337
0,172339
1,172341
1,172349
0,172353
1,172358
0,172359
1,172360
0,172363
1,172364
0,172368
1,172369
0,172370
0,172376
0,172379
0,172382
0,172383
1,172388
0,172389
0,172392
1,172394
1,172400
0,172402
1,172404
0,172406
0,172408
0,172409
0,172412
1,172415
0,172416
1,172418
0,172419
0,172421
0,172423
0,172425
0,172427
0,172428
1,172430
0,172432
0,172434
1,172435
0,172436
0,172447
1,172449
1,172450
1,172454
0,172455
0,172456
0,172459
1,172460
0,172462
0,172464
0,172467
0,172468
1,172469
0,172470
0,172472
0,172475
0,172476
1,172480
1,172481
0,172482
0,172483
0,172484
0,172486
0,172487
0,172488
0,172489
0,172493
0,172495
0,172503
0,172504
1,172505
0,172506
1,172507
0,172510
0,172513
1,172514
0,172515
0,172520
1,172523
0,172526
0,172527
0,172528
1,172536
1,172537
0,172542
0,172543
0,172544
1,172545
1,172552
0,172553
1,172554
1,172555
0,172557
0,172560
1,172561
0,172562
0,172563
0,172565
0,172568
0,172570
0,172576
0,172577
1,172598
0,172600
0,172602
0,172603
1,172605
1,172608
0,172609
0,172610
0,172612
0,172613
1,172615
1,172616
0,172620
1,172624
0,172626
0,172628
0,172629
0,172630
0,172633
1,172635
0,172637
0,172640
0,172641
0,172642
0,172643
1,172644
0,172649
0,172651
0,172655
0,172656
1,172658
0,172661
1,172663
1,172665
0,172669
0,172672
1,172673
0,172681
0,172682
0,172686
1,172687
0,172688
0,172690
1,172692
0,172693
0,172696
0,172697
1,172704
0,172709
0,172710
1,172713
0,172714
0,172715
0,172717
1,172720
0,172722
0,172727
0,172728
1,172729
0,172732
0,172733
0,172737
0,172741
0,172742
0,172744
0,172745
1,172748
1,172751
0,172758
0,172763
1,172764
1,172766
0,172768
0,172771
0,172773
1,172774
1,172780
0,172782
0,172785
0,172786
0,172788
0,172791
1,172793
0,172795
1,172796
1,172798
0,172802
1,172804
0,172806
0,172808
1,172815
0,172820
1,172821
1,172827
1,172830
0,172831
1,172835
1,172837
0,172840
1,172841
1,172846
0,172847
0,172848
0,172851
0,172852
1,172854
0,172855
0,172856
0,172862
1,172863
1,172865
1,172868
1,172871
1,172875
0,172877
0,172880
0,172881
1,172883
1,172884
0,172886
0,172887
1,172889
0,172890
0,172891
1,172894
0,172896
1,172897
0,172898
1,172901
0,172904
0,172908
0,172911
0,172912
0,172914
0,172915
0,172917
0,172920
1,172922
0,172923
1,172924
1,172925
0,172927
0,172930
0,172935
0,172937
0,172939
0,172942
1,172947
0,172949
1,172950
0,172951
0,172952
0,172953
0,172955
0,172958
1,172969
0,172972
1,172973
0,172974
0,172977
0,172984
0,172986
1,172988
1,172991
0,172992
0,172995
0,172998
0,173000
0,173002
0,173003
0,173004
1,173006
0,173010
0,173011
1,173013
1,173018
0,173019
1,173020
1,173021
0,173023
0,173026
0,173027
1,173033
1,173039
0,173040
0,173043
1,173045
0,173048
1,173052
1,173054
1,173055
0,173056
0,173057
1,173058
0,173059
0,173060
0,173062
1,173065
1,173066
0,173067
0,173069
0,173070
1,173074
0,173076
0,173080
1,173081
1,173087
1,173088
0,173091
1,173092
1,173093
0,173094
0,173097
0,173099
1,173102
0,173103
0,173105
0,173109
0,173111
1,173113
1,173119
0,173122
1,173123
1,173124
1,173128
0,173131
0,173133
0,173134
0,173135
0,173136
0,173137
0,173140
0,173141
1,173144
1,173147
1,173149
1,173152
0,173160
0,173161
1,173165
1,173166
0,173167
0,173172
0,173176
0,173178
0,173180
1,173184
1,173188
0,173189
0,173193
0,173197
0,173200
1,173201
0,173202
0,173216
0,173222
1,173224
0,173226
0,173231
0,173232
0,173233
0,173235
1,173237
1,173238
0,173243
1,173245
0,173246
1,173249
1,173259
0,173261
0,173263
0,173270
0,173271
1,173277
1,173280
1,173282
1,173284
0,173291
0,173294
0,173296
0,173301
0,173302
0,173304
1,173306
0,173307
0,173308
0,173312
0,173314
0,173315
1,173317
0,173318
1,173320
1,173321
1,173323
0,173328
0,173329
1,173330
0,173335
0,173338
1,173340
1,173345
0,173350
1,173354
1,173358
0,173359
1,173362
1,173363
1,173364
1,173367
0,173370
0,173373
1,173375
0,173377
0,173378
0,173380
1,173381
0,173385
0,173386
1,173389
1,173391
0,173392
0,173393
1,173399
0,173402
0,173403
0,173404
1,173407
1,173408
0,173413
1,173415
1,173421
1,173422
1,173425
1,173430
0,173431
0,173437
0,173438
0,173445
0,173448
0,173450
0,173451
0,173453
0,173457
0,173472
1,173474
0,173475
0,173482
1,173490
0,173492
0,173493
0,173495
0,173498
1,173500
1,173502
0,173509
0,173511
0,173515
1,173518
1,173520
0,173521
1,173523
0,173527
1,173533
0,173534
1,173535
1,173536
1,173542
1,173543
0,173545
0,173551
0,173555
0,173559
0,173567
1,173568
0,173569
0,173570
0,173573
1,173574
0,173577
0,173579
1,173581
1,173584
0,173585
1,173589
0,173590
1,173592
0,173593
1,173598
0,173599
0,173601
0,173604
0,173606
0,173608
0,173610
0,173611
0,173614
1,173617
0,173618
0,173619
1,173623
1,173624
0,173625
1,173628
0,173629
0,173630
1,173631
1,173632
0,173636
1,173638
1,173640
0,173641
1,173642
1,173644
0,173648
0,173649
0,173650
0,173653
0,173654
0,173658
0,173659
0,173663
0,173671
0,173672
0,173674
0,173675
1,173680
0,173681
0,173682
1,173684
1,173685
0,173692
1,173693
0,173696
1,173699
1,173700
0,173704
0,173705
0,173706
1,173709
0,173713
0,173715
0,173718
1,173720
0,173725
0,173726
0,173728
1,173729
0,173734
0,173735
0,173736
0,173737
0,173741
0,173742
0,173746
1,173747
0,173752
0,173756
0,173757
0,173758
0,173759
0,173762
0,173766
1,173769
0,173770
0,173775
0,173779
1,173788
0,173789
1,173790
0,173791
1,173793
0,173794
1,173796
0,173800
0,173805
0,173806
0,173807
0,173815
0,173820
0,173821
0,173824
0,173827
0,173829
1,173832
0,173833
0,173836
0,173837
0,173839
0,173847
1,173849
1,173850
0,173853
0,173856
1,173859
0,173862
0,173865
1,173870
0,173871
0,173873
1,173876
0,173880
0,173881
1,173882
0,173883
0,173888
0,173890
0,173891
0,173896
0,173897
0,173899
0,173900
1,173904
1,173905
0,173916
0,173922
1,173925
0,173926
1,173928
0,173929
0,173930
0,173932
0,173934
0,173940
0,173941
1,173951
0,173956
0,173957
1,173958
0,173960
0,173962
0,173963
0,173965
0,173966
0,173967
0,173968
0,173971
0,173975
0,173976
1,173977
0,173978
0,173980
0,173986
0,173987
1,173993
0,173995
1,173996
1,174000
0,174002
0,174003
1,174007
0,174009
1,174011
1,174014
0,174015
1,174019
0,174020
0,174021
0,174026
0,174033
0,174035
1,174036
0,174037
0,174039
0,174043
1,174050
0,174055
0,174061
0,174067
0,174068
0,174069
0,174072
0,174075
0,174080
1,174086
0,174090
0,174091
1,174093
0,174094
0,174095
0,174096
0,174104
0,174106
0,174107
1,174111
0,174116
1,174118
1,174119
0,174122
0,174127
0,174131
0,174133
0,174137
1,174138
0,174141
0,174144
0,174145
0,174149
1,174153
1,174154
0,174155
0,174156
0,174165
0,174166
1,174167
0,174177
0,174179
0,174187
1,174189
1,174193
1,174197
0,174198
0,174199
0,174200
0,174203
0,174204
0,174208
0,174217
1,174219
1,174220
0,174224
0,174227
0,174230
0,174234
0,174235
0,174240
1,174241
0,174245
0,174248
0,174250
1,174251
0,174255
0,174256
0,174257
1,174259
1,174261
0,174262
0,174264
1,174265
1,174266
1,174274
1,174275
0,174276
1,174280
1,174281
0,174282
0,174283
1,174284
1,174285
0,174287
0,174288
0,174289
0,174294
0,174298
0,174304
1,174306
0,174316
0,174317
1,174319
0,174322
0,174327
0,174329
1,174332
0,174334
1,174337
0,174340
0,174346
1,174350
0,174352
1,174353
1,174355
0,174358
0,174362
1,174363
0,174367
0,174368
0,174374
1,174375
0,174378
0,174380
1,174388
0,174391
0,174392
1,174395
0,174396
0,174399
1,174400
1,174401
0,174402
1,174405
0,174414
0,174426
1,174427
0,174431
0,174432
0,174433
0,174438
1,174439
0,174444
1,174445
0,174447
1,174449
0,174452
0,174454
0,174455
0,174457
0,174458
0,174460
0,174461
1,174467
0,174468
1,174469
0,174470
1,174475
0,174476
1,174478
0,174481
0,174483
0,174485
0,174486
0,174488
0,174492
0,174495
0,174496
0,174497
1,174500
1,174505
0,174506
0,174507
0,174508
1,174509
0,174511
1,174512
0,174514
0,174516
0,174517
0,174521
0,174523
1,174524
0,174527
0,174528
0,174529
0,174533
0,174534
0,174537
1,174538
1,174540
1,174541
0,174543
1,174544
0,174545
1,174546
0,174550
1,174551
0,174553
0,174555
0,174563
1,174564
0,174566
0,174568
1,174571
0,174572
0,174573
0,174580
0,174584
1,174587
1,174588
0,174591
0,174598
0,174600
0,174601
0,174602
0,174604
0,174606
0,174611
1,174614
1,174615
0,174620
0,174622
0,174628
0,174630
0,174632
0,174635
1,174636
1,174637
1,174639
1,174641
1,174642
1,174643
0,174645
1,174646
0,174647
0,174650
0,174652
0,174655
0,174658
0,174661
0,174671
1,174672
0,174674
0,174676
0,174678
0,174679
0,174683
0,174688
1,174692
0,174693
0,174695
1,174697
1,174700
0,174706
0,174708
0,174709
0,174710
0,174711
0,174712
0,174714
0,174715
1,174716
0,174723
1,174725
0,174726
0,174728
0,174729
0,174732
0,174733
0,174735
1,174741
0,174744
1,174747
1,174751
1,174753
0,174758
1,174759
1,174761
1,174762
0,174764
0,174765
0,174768
0,174769
0,174770
0,174771
0,174775
0,174778
0,174779
1,174783
0,174786
0,174788
0,174789
1,174790
0,174793
0,174797
0,174800
1,174804
1,174806
0,174809
0,174811
0,174814
1,174815
0,174816
1,174817
0,174819
0,174820
1,174822
1,174823
0,174826
0,174827
0,174828
0,174831
0,174832
0,174834
1,174836
0,174837
1,174838
0,174840
0,174843
1,174844
1,174846
1,174847
0,174848
1,174850
0,174852
1,174854
1,174855
0,174857
0,174858
0,174860
0,174863
0,174864
1,174866
1,174870
1,174873
1,174880
0,174881
1,174885
0,174889
0,174899
0,174901
1,174902
1,174903
1,174904
0,174907
0,174908
1,174909
0,174914
0,174916
0,174919
0,174920
1,174921
0,174922
0,174925
0,174926
0,174930
0,174937
0,174940
0,174941
0,174943
1,174944
0,174945
0,174946
0,174949
0,174952
0,174953
1,174954
0,174956
0,174957
1,174959
1,174960
1,174962
1,174964
0,174966
0,174967
0,174968
1,174969
0,174972
0,174975
0,174976
0,174977
0,174981
0,174983
1,174984
0,174991
1,174992
0,174993
0,174994
1,174995
0,174997
1,174998
0,174999
0,175000
0,175002
1,175005
0,175006
1,175009
1,175010
0,175012
0,175013
0,175016
1,175019
1,175021
0,175024
1,175025
0,175027
0,175032
0,175034
1,175035
0,175036
1,175037
0,175038
1,175039
1,175040
0,175046
0,175047
1,175050
1,175051
0,175052
0,175056
1,175058
0,175062
0,175067
0,175069
1,175070
1,175071
0,175072
0,175074
0,175075
0,175079
0,175080
0,175081
1,175082
1,175085
0,175086
1,175088
0,175089
0,175093
1,175095
0,175096
1,175098
1,175100
0,175101
1,175103
1,175108
0,175114
0,175115
1,175116
1,175118
1,175119
0,175120
0,175121
1,175127
0,175128
1,175129
0,175131
0,175132
1,175136
0,175139
0,175140
0,175145
1,175146
1,175147
0,175149
0,175151
0,175153
0,175154
1,175157
0,175162
0,175163
0,175167
1,175168
1,175172
1,175173
1,175174
1,175175
1,175177
0,175178
0,175189
0,175190
0,175191
1,175192
0,175195
1,175201
1,175203
0,175207
0,175211
0,175213
0,175214
0,175215
0,175216
0,175217
1,175218
0,175223
0,175232
0,175235
0,175236
0,175237
0,175238
1,175239
1,175241
1,175244
0,175245
0,175246
0,175247
1,175250
0,175254
0,175258
0,175262
1,175263
0,175264
0,175267
0,175269
1,175275
0,175277
1,175282
0,175283
0,175284
1,175290
1,175302
1,175304
0,175306
1,175307
0,175308
0,175310
0,175313
0,175316
1,175318
1,175319
0,175320
1,175323
0,175324
0,175327
0,175330
0,175331
1,175332
1,175333
0,175335
0,175340
1,175347
0,175349
0,175351
0,175355
0,175356
1,175360
1,175364
1,175366
0,175367
0,175369
1,175372
0,175374
0,175375
0,175376
0,175378
0,175379
0,175381
0,175382
0,175384
0,175385
0,175386
1,175391
0,175393
0,175398
0,175402
0,175405
0,175408
0,175409
0,175417
0,175418
1,175420
0,175425
0,175426
1,175427
1,175428
0,175431
0,175441
0,175446
0,175447
0,175448
0,175449
1,175450
1,175456
0,175458
0,175465
0,175467
0,175468
1,175470
0,175471
1,175472
1,175473
1,175475
1,175480
0,175487
0,175488
0,175489
0,175490
0,175491
0,175492
1,175494
0,175499
0,175501
0,175504
1,175510
0,175513
0,175514
0,175521
1,175525
0,175529
0,175531
0,175532
0,175533
0,175535
0,175538
1,175539
1,175545
0,175546
0,175548
0,175550
1,175554
0,175558
0,175559
0,175562
0,175563
0,175565
0,175568
0,175572
1,175574
1,175575
0,175576
0,175579
0,175582
1,175583
0,175584
0,175585
0,175587
0,175588
0,175589
0,175590
1,175591
0,175593
0,175595
0,175596
1,175598
0,175605
0,175608
0,175610
0,175612
1,175614
0,175618
1,175620
1,175621
0,175622
0,175625
0,175628
0,175630
0,175634
0,175635
1,175636
1,175637
0,175641
0,175643
1,175644
0,175645
0,175649
0,175651
1,175652
0,175653
0,175656
0,175658
0,175659
0,175661
0,175663
0,175664
0,175666
0,175667
0,175669
0,175670
0,175671
0,175672
0,175679
1,175683
1,175687
1,175690
0,175692
1,175698
0,175699
0,175703
0,175704
0,175708
1,175711
1,175712
0,175716
1,175717
0,175718
1,175719
0,175721
1,175722
0,175723
1,175724
0,175727
1,175728
0,175729
1,175734
1,175740
0,175742
1,175744
0,175746
0,175749
1,175750
1,175752
0,175753
0,175754
0,175755
1,175757
0,175758
0,175759
0,175763
0,175764
0,175770
1,175771
1,175772
0,175774
1,175775
1,175777
0,175780
1,175783
0,175784
0,175788
1,175794
1,175795
0,175797
1,175798
0,175799
0,175801
0,175804
0,175805
0,175811
1,175813
0,175818
0,175822
1,175825
0,175827
0,175830
0,175831
0,175835
0,175836
0,175837
0,175838
0,175839
0,175840
0,175842
1,175843
0,175845
1,175852
1,175856
0,175862
0,175863
1,175864
0,175865
0,175866
1,175867
1,175869
0,175871
0,175876
1,175878
1,175879
0,175881
0,175883
1,175885
0,175888
0,175889
1,175893
1,175894
0,175897
0,175898
1,175900
1,175906
0,175911
0,175918
0,175919
1,175922
0,175923
1,175929
0,175931
0,175937
0,175939
1,175940
0,175946
0,175947
0,175948
0,175950
0,175952
1,175953
1,175955
0,175961
0,175962
0,175967
1,175968
0,175974
0,175977
1,175978
1,175982
1,175986
0,175987
0,175990
0,175992
1,175995
0,175996
0,175997
0,176004
0,176007
0,176008
1,176010
1,176011
1,176012
1,176015
0,176016
1,176017
0,176018
0,176021
0,176026
1,176027
0,176030
0,176033
0,176035
1,176036
0,176037
1,176042
0,176043
0,176044
0,176045
0,176046
0,176048
0,176049
1,176062
0,176063
0,176065
1,176069
0,176072
0,176077
0,176078
1,176080
0,176083
0,176084
0,176087
0,176091
0,176092
1,176093
0,176094
0,176095
1,176096
0,176099
0,176101
0,176103
0,176108
0,176115
1,176117
1,176119
0,176120
0,176121
1,176122
0,176125
0,176126
0,176128
0,176129
1,176130
0,176132
1,176134
1,176138
1,176143
0,176144
0,176145
0,176147
1,176149
0,176150
0,176151
0,176153
0,176159
0,176160
0,176162
0,176163
1,176166
0,176170
0,176171
1,176173
0,176176
0,176177
0,176178
0,176180
0,176181
0,176182
0,176184
0,176185
1,176186
0,176187
1,176188
0,176189
0,176190
1,176192
1,176196
0,176198
1,176199
0,176205
0,176206
0,176207
0,176208
0,176209
0,176210
1,176213
1,176217
1,176220
0,176223
1,176226
1,176227
1,176228
0,176231
0,176232
0,176233
1,176235
1,176236
0,176243
1,176247
1,176250
0,176252
1,176257
1,176259
0,176261
0,176262
0,176264
1,176265
1,176266
0,176268
0,176271
1,176278
0,176280
0,176281
0,176283
0,176286
1,176289
0,176290
0,176292
0,176293
1,176296
0,176298
1,176299
1,176303
0,176304
1,176308
0,176310
0,176311
0,176312
0,176314
0,176315
0,176316
1,176317
0,176324
0,176327
1,176328
0,176329
0,176330
1,176331
1,176338
1,176340
0,176343
1,176349
0,176351
1,176356
0,176358
1,176359
0,176360
0,176362
1,176364
1,176365
1,176369
0,176370
0,176371
0,176372
0,176373
1,176374
1,176378
0,176380
0,176387
1,176388
0,176389
1,176390
0,176391
0,176399
0,176402
0,176406
1,176410
1,176413
1,176414
1,176417
0,176419
0,176421
0,176424
0,176425
0,176428
1,176429
1,176430
1,176432
0,176433
0,176435
1,176436
1,176438
0,176440
0,176442
1,176444
0,176450
1,176454
0,176456
0,176462
1,176464
1,176467
1,176469
1,176470
1,176472
0,176474
0,176477
1,176479
0,176485
0,176486
0,176489
0,176490
1,176493
1,176494
1,176495
0,176497
0,176500
0,176502
0,176504
0,176505
0,176507
1,176510
0,176512
1,176514
0,176515
1,176516
0,176517
0,176518
0,176519
1,176526
0,176527
0,176529
0,176531
1,176533
0,176536
0,176540
0,176546
1,176547
1,176557
0,176558
1,176559
0,176560
1,176562
0,176566
0,176568
0,176570
1,176576
0,176583
0,176584
0,176591
1,176593
0,176595
0,176596
0,176597
0,176602
1,176603
0,176604
0,176606
1,176609
0,176611
0,176612
1,176614
0,176625
1,176627
1,176628
0,176633
0,176636
0,176638
1,176639
0,176649
1,176652
0,176654
0,176656
0,176657
1,176659
0,176660
0,176663
0,176664
0,176665
0,176667
1,176671
0,176673
0,176676
0,176677
0,176678
0,176680
1,176688
1,176689
0,176691
1,176692
0,176693
0,176694
0,176695
0,176699
0,176704
0,176706
0,176709
0,176713
0,176714
1,176716
0,176717
0,176718
0,176721
0,176722
1,176724
1,176725
0,176726
0,176728
0,176731
0,176734
1,176735
0,176736
0,176737
1,176742
0,176749
0,176752
1,176754
0,176757
1,176759
0,176765
1,176769
1,176773
1,176774
1,176775
0,176779
1,176783
0,176784
0,176785
1,176786
1,176787
0,176791
0,176792
1,176796
1,176797
1,176802
0,176803
0,176808
0,176811
0,176812
0,176814
0,176817
0,176818
1,176821
0,176822
0,176824
0,176826
1,176829
1,176830
1,176832
0,176838
0,176840
0,176841
0,176844
0,176845
0,176847
0,176848
1,176849
1,176856
0,176857
0,176858
1,176860
0,176861
1,176863
0,176865
1,176868
0,176870
1,176873
0,176875
0,176883
0,176885
1,176886
0,176887
0,176891
1,176893
1,176895
0,176896
0,176901
1,176902
0,176905
0,176906
1,176909
0,176910
0,176913
0,176917
0,176918
1,176930
0,176934
0,176935
0,176936
0,176937
0,176938
0,176940
1,176942
0,176945
1,176946
1,176948
1,176951
0,176952
1,176955
0,176956
0,176959
0,176960
0,176964
1,176966
0,176974
1,176977
0,176978
0,176983
0,176985
0,176986
0,176987
0,176988
0,176991
0,176996
1,176998
1,177000
0,177003
0,177005
0,177006
0,177007
0,177009
1,177010
0,177016
0,177021
0,177026
0,177031
1,177034
1,177035
0,177038
0,177041
0,177042
0,177051
0,177052
0,177054
1,177056
1,177057
0,177058
1,177059
1,177060
0,177062
0,177066
0,177067
0,177076
1,177080
1,177081
0,177086
0,177088
0,177089
0,177090
0,177100
0,177103
0,177105
1,177108
1,177109
0,177110
0,177113
0,177114
1,177116
0,177117
0,177119
1,177126
0,177128
0,177129
1,177130
1,177131
0,177134
0,177135
1,177137
0,177138
1,177139
1,177140
0,177141
1,177142
0,177143
0,177144
1,177149
0,177150
0,177151
0,177152
0,177153
0,177156
0,177157
1,177160
0,177162
0,177163
0,177165
0,177171
0,177172
0,177173
1,177174
1,177177
1,177186
1,177188
0,177194
1,177195
0,177201
1,177205
0,177207
0,177208
0,177210
1,177211
0,177212
0,177214
1,177217
0,177221
0,177222
0,177225
1,177228
0,177229
0,177230
0,177237
0,177238
0,177242
1,177248
0,177249
1,177251
0,177252
1,177259
1,177263
0,177266
0,177268
0,177270
1,177272
1,177274
0,177277
0,177278
0,177281
1,177286
1,177290
1,177293
0,177295
1,177297
1,177299
0,177302
1,177304
1,177305
1,177308
0,177312
0,177313
1,177317
0,177320
0,177324
1,177331
1,177332
1,177336
0,177339
1,177342
0,177345
0,177347
0,177349
0,177352
0,177354
1,177355
0,177356
1,177357
0,177358
0,177361
0,177364
0,177368
1,177369
0,177374
0,177379
0,177380
0,177386
0,177387
0,177389
0,177390
1,177391
1,177392
1,177393
1,177394
1,177397
0,177399
0,177405
1,177409
0,177410
1,177411
0,177412
0,177413
1,177416
0,177421
0,177423
1,177426
0,177429
0,177432
0,177434
1,177440
0,177443
1,177444
1,177449
1,177450
0,177452
1,177453
0,177455
1,177456
0,177460
0,177461
1,177462
1,177465
0,177470
0,177477
1,177483
0,177484
1,177486
0,177488
1,177491
0,177492
0,177495
1,177497
1,177500
0,177501
1,177503
1,177505
0,177509
0,177510
1,177511
1,177516
0,177520
0,177521
0,177524
0,177529
1,177530
1,177531
0,177533
1,177535
0,177536
0,177538
1,177541
0,177542
0,177546
1,177549
0,177550
0,177552
0,177554
1,177562
0,177563
0,177564
1,177569
0,177573
0,177575
1,177577
0,177580
0,177581
0,177584
0,177586
1,177589
1,177592
0,177594
0,177595
0,177603
0,177604
1,177605
0,177607
0,177608
1,177610
1,177611
0,177612
0,177618
0,177619
1,177621
0,177627
0,177629
0,177633
0,177634
0,177637
0,177639
0,177642
0,177643
0,177645
0,177646
0,177648
1,177652
1,177653
0,177655
1,177665
0,177666
0,177667
0,177675
1,177680
0,177681
1,177683
0,177684
0,177687
0,177693
0,177696
1,177699
1,177706
0,177707
1,177709
1,177712
1,177713
0,177714
1,177715
0,177719
1,177720
0,177723
1,177725
1,177726
1,177728
1,177731
0,177733
1,177734
0,177735
1,177736
0,177742
0,177743
1,177748
1,177749
0,177752
0,177753
0,177755
0,177757
0,177764
1,177765
0,177767
1,177770
0,177773
0,177780
0,177781
0,177788
0,177789
1,177791
1,177792
0,177793
0,177795
1,177797
0,177798
0,177800
0,177801
0,177807
0,177808
0,177809
0,177814
0,177815
1,177819
1,177824
0,177829
0,177831
0,177832
1,177834
0,177837
0,177845
0,177846
0,177848
0,177852
0,177853
1,177858
1,177859
1,177860
0,177862
0,177863
1,177864
0,177866
1,177867
0,177868
1,177871
1,177873
0,177886
0,177888
1,177890
1,177891
1,177892
1,177897
0,177898
1,177900
1,177902
0,177905
0,177907
1,177908
0,177909
0,177914
1,177915
0,177919
0,177922
1,177926
0,177928
1,177937
0,177941
0,177943
1,177945
0,177946
0,177947
1,177948
0,177950
1,177951
1,177952
0,177954
0,177955
0,177959
0,177960
1,177961
0,177970
0,177971
1,177974
0,177976
0,177978
0,177979
0,177980
0,177983
1,177988
1,177989
0,177990
0,177992
0,177993
0,177994
0,177996
1,177997
1,177998
1,178001
0,178005
0,178008
0,178013
0,178015
1,178016
0,178019
0,178023
1,178024
1,178025
0,178026
1,178027
0,178029
0,178032
0,178035
1,178036
0,178040
0,178046
0,178052
0,178062
1,178064
1,178067
0,178068
0,178070
0,178073
0,178080
0,178083
0,178084
0,178085
0,178086
0,178087
1,178088
1,178089
1,178092
0,178094
1,178096
0,178097
0,178102
0,178104
0,178106
1,178107
0,178108
0,178112
1,178113
0,178117
0,178119
0,178120
0,178122
0,178126
0,178128
0,178133
0,178135
0,178136
0,178137
0,178139
0,178141
0,178143
1,178144
0,178145
1,178146
1,178147
0,178148
0,178153
0,178159
0,178163
0,178164
0,178165
0,178166
0,178167
1,178170
0,178173
0,178177
0,178179
0,178180
0,178182
1,178189
0,178191
1,178192
1,178193
1,178195
0,178196
1,178199
0,178200
1,178204
0,178208
0,178210
1,178211
1,178215
0,178218
0,178222
1,178224
0,178225
0,178228
1,178230
1,178234
0,178239
0,178240
0,178241
0,178243
1,178245
0,178247
0,178248
0,178250
1,178251
0,178253
0,178254
0,178255
0,178256
0,178257
0,178261
1,178263
0,178267
0,178268
0,178270
0,178274
0,178275
0,178276
1,178278
0,178280
0,178284
0,178286
1,178287
1,178289
0,178290
0,178293
0,178294
1,178300
1,178301
1,178310
0,178311
0,178319
0,178320
0,178327
1,178328
1,178332
0,178337
0,178339
0,178342
0,178346
1,178347
1,178348
1,178350
1,178351
0,178352
1,178357
0,178358
0,178361
1,178362
1,178365
0,178369
0,178370
0,178371
1,178372
0,178376
1,178379
1,178380
1,178381
0,178382
0,178385
0,178387
0,178389
0,178392
1,178394
0,178396
0,178397
1,178399
0,178400
0,178401
0,178404
1,178405
0,178408
0,178409
0,178410
0,178411
0,178417
1,178419
0,178421
0,178423
0,178424
0,178426
1,178435
0,178437
1,178446
1,178449
0,178451
0,178452
1,178453
0,178454
0,178457
0,178461
0,178464
1,178466
0,178468
0,178470
0,178471
0,178472
0,178475
0,178476
0,178479
0,178481
0,178482
0,178483
0,178484
0,178486
0,178487
0,178488
0,178490
0,178491
0,178492
0,178493
0,178495
0,178497
0,178498
0,178499
1,178500
1,178501
0,178509
0,178511
0,178513
0,178515
1,178516
1,178517
0,178522
0,178523
0,178526
0,178529
0,178531
1,178533
0,178534
0,178535
1,178538
0,178542
1,178546
0,178550
1,178559
0,178560
1,178561
0,178562
0,178563
0,178565
0,178568
1,178571
0,178576
1,178577
0,178579
0,178583
0,178584
0,178586
0,178587
1,178588
1,178590
1,178591
0,178593
0,178594
1,178595
1,178597
1,178598
1,178602
0,178607
0,178608
0,178613
0,178614
0,178615
0,178616
0,178619
1,178621
0,178624
1,178628
0,178630
0,178631
0,178632
0,178634
0,178641
1,178642
0,178644
0,178645
0,178647
1,178648
0,178649
0,178650
0,178651
0,178657
1,178663
0,178664
0,178666
0,178667
0,178672
0,178675
0,178681
0,178687
1,178688
0,178689
0,178691
0,178694
0,178695
0,178699
0,178700
1,178703
1,178704
1,178705
0,178709
0,178712
1,178715
0,178716
0,178721
1,178724
0,178739
1,178740
0,178743
0,178744
0,178746
0,178747
0,178753
1,178754
0,178755
0,178757
1,178759
0,178760
0,178761
0,178766
0,178767
0,178771
0,178778
0,178779
0,178790
0,178791
1,178792
1,178793
0,178797
0,178799
1,178800
1,178802
0,178806
0,178807
0,178810
0,178814
0,178821
0,178824
0,178826
0,178831
0,178834
0,178836
1,178838
0,178839
1,178843
0,178844
0,178849
0,178853
0,178856
0,178857
1,178858
0,178859
0,178860
1,178864
0,178865
1,178870
0,178871
0,178872
1,178875
0,178881
0,178886
0,178890
1,178894
1,178901
0,178903
1,178904
0,178907
0,178910
0,178912
1,178913
1,178917
1,178919
0,178920
0,178921
0,178923
0,178925
1,178926
0,178927
0,178931
0,178937
0,178943
0,178944
0,178950
0,178951
0,178953
0,178954
1,178955
1,178958
0,178959
0,178960
0,178962
0,178963
1,178965
1,178968
0,178971
0,178972
1,178976
1,178978
0,178981
0,178983
1,178984
0,178985
0,178986
0,178987
0,178988
0,178989
0,178990
0,178992
0,178993
1,178994
1,178996
1,178998
0,178999
1,179000
0,179001
1,179005
1,179007
0,179008
1,179011
0,179019
0,179022
0,179026
1,179028
0,179031
0,179036
0,179041
0,179042
1,179044
0,179052
0,179054
0,179059
0,179060
0,179061
1,179062
0,179068
0,179071
1,179073
1,179075
1,179076
0,179081
1,179084
1,179086
0,179091
1,179096
0,179098
1,179100
0,179101
0,179102
0,179103
0,179107
0,179109
0,179110
0,179112
0,179114
0,179116
1,179118
1,179119
0,179121
0,179126
0,179138
1,179141
0,179143
0,179153
0,179155
0,179160
0,179161
0,179164
0,179165
0,179166
0,179167
1,179168
0,179170
1,179171
0,179172
0,179173
1,179174
1,179176
1,179177
0,179178
1,179180
0,179182
1,179184
0,179185
0,179186
0,179189
1,179191
0,179196
1,179198
0,179201
1,179202
0,179205
0,179210
1,179211
0,179214
0,179216
0,179218
0,179221
0,179222
1,179226
0,179227
0,179228
0,179229
0,179230
0,179235
1,179239
1,179240
1,179241
1,179242
0,179247
1,179249
1,179252
0,179253
1,179259
1,179260
0,179261
0,179262
0,179265
0,179266
1,179271
0,179272
1,179274
0,179275
0,179276
1,179279
1,179280
0,179285
1,179287
0,179288
1,179289
1,179290
1,179291
1,179294
0,179298
0,179302
1,179306
1,179308
0,179309
1,179313
0,179318
0,179320
1,179322
1,179327
1,179329
0,179334
1,179335
1,179337
1,179340
0,179341
1,179342
0,179343
1,179348
1,179352
0,179358
0,179359
0,179361
0,179362
1,179363
0,179365
0,179368
1,179370
0,179371
1,179375
0,179378
1,179381
1,179382
1,179383
0,179384
0,179388
1,179389
1,179390
1,179394
1,179395
0,179396
0,179403
1,179404
0,179406
0,179407
0,179408
1,179410
0,179411
0,179412
1,179413
0,179414
0,179415
0,179418
0,179419
0,179421
0,179423
0,179425
1,179429
0,179431
1,179434
1,179437
0,179438
0,179443
0,179444
1,179445
0,179447
1,179450
1,179453
0,179456
0,179459
1,179460
0,179461
1,179469
0,179475
1,179476
1,179482
0,179483
1,179484
0,179485
0,179486
0,179488
1,179491
1,179492
0,179494
1,179496
0,179499
0,179500
0,179503
0,179504
1,179505
0,179514
0,179517
0,179519
1,179520
1,179522
0,179528
0,179536
1,179541
0,179544
1,179551
0,179553
0,179554
0,179555
0,179557
0,179560
1,179561
0,179564
0,179571
0,179572
0,179575
0,179578
0,179591
0,179598
0,179602
1,179603
1,179610
0,179611
0,179613
0,179614
0,179616
1,179620
1,179621
0,179623
0,179624
0,179625
1,179629
0,179630
0,179632
0,179633
0,179634
0,179635
0,179637
1,179638
1,179642
0,179643
0,179644
0,179647
0,179649
0,179664
1,179668
0,179670
1,179671
0,179672
0,179675
0,179676
0,179677
0,179679
0,179681
1,179684
0,179690
0,179698
0,179701
0,179705
0,179708
0,179713
0,179715
0,179719
1,179724
0,179726
0,179730
1,179737
1,179740
1,179741
0,179742
0,179743
0,179745
1,179747
0,179750
0,179751
0,179755
1,179756
0,179757
0,179758
1,179760
0,179761
0,179763
0,179764
1,179765
0,179769
0,179773
1,179776
0,179780
0,179784
0,179787
1,179788
0,179790
1,179791
0,179792
1,179793
0,179794
0,179796
0,179799
1,179802
0,179806
1,179807
1,179808
1,179809
0,179811
1,179813
1,179815
0,179820
1,179822
0,179825
0,179826
0,179833
0,179835
0,179838
0,179840
0,179841
1,179842
0,179844
0,179846
0,179857
0,179860
1,179862
0,179863
1,179865
0,179867
1,179868
0,179873
0,179874
1,179875
0,179877
0,179879
0,179880
1,179882
0,179887
1,179891
0,179892
0,179894
0,179896
0,179899
1,179901
1,179902
1,179904
0,179912
1,179915
1,179917
0,179918
1,179925
0,179926
1,179934
0,179935
0,179941
0,179942
0,179945
0,179950
1,179951
1,179955
0,179956
0,179959
0,179961
1,179962
0,179963
0,179964
1,179967
0,179970
0,179974
0,179984
1,179986
0,179987
0,179988
0,179990
0,179991
1,179998
1,179999
0,180000
1,180002
0,180007
1,180010
1,180011
0,180014
0,180016
0,180020
0,180024
1,180025
1,180027
0,180030
0,180032
0,180034
1,180035
0,180037
0,180038
1,180040
0,180041
0,180043
1,180049
0,180051
1,180055
0,180058
1,180060
0,180063
0,180065
0,180066
0,180071
0,180073
0,180074
0,180077
0,180080
1,180082
0,180086
0,180090
1,180093
1,180096
0,180100
0,180104
0,180106
1,180111
0,180114
0,180115
0,180116
0,180118
1,180120
1,180121
0,180123
0,180124
0,180127
0,180128
0,180129
1,180132
1,180133
0,180135
0,180138
1,180139
0,180140
0,180143
0,180144
0,180147
0,180152
1,180155
0,180156
0,180157
0,180158
0,180159
0,180161
0,180162
1,180163
0,180164
1,180165
1,180166
0,180168
0,180170
0,180172
1,180173
0,180177
0,180179
0,180181
1,180183
0,180185
1,180187
0,180191
1,180193
0,180197
0,180198
1,180199
0,180200
1,180205
1,180206
0,180208
0,180209
0,180210
0,180213
0,180214
0,180220
0,180224
0,180225
0,180227
1,180228
1,180231
1,180233
0,180237
0,180240
1,180241
0,180244
0,180247
0,180251
1,180254
0,180258
0,180259
1,180263
1,180269
0,180272
1,180273
0,180274
1,180276
0,180277
1,180278
0,180280
0,180285
0,180289
0,180291
0,180293
0,180298
1,180305
0,180308
1,180310
0,180311
0,180320
0,180322
1,180324
0,180327
1,180328
0,180333
0,180335
0,180336
1,180340
0,180345
1,180347
0,180348
0,180350
1,180353
0,180355
1,180356
0,180357
0,180358
1,180360
0,180361
1,180365
0,180366
0,180367
0,180369
1,180377
0,180389
0,180394
1,180397
1,180398
1,180399
0,180400
0,180402
0,180403
0,180404
1,180405
0,180407
1,180411
0,180419
0,180423
0,180424
0,180433
0,180434
1,180441
1,180442
0,180444
1,180445
0,180456
0,180460
1,180462
1,180463
0,180465
1,180466
0,180470
0,180480
1,180485
0,180486
0,180487
0,180490
1,180493
0,180495
1,180507
0,180508
1,180509
0,180512
0,180513
0,180520
0,180522
1,180523
0,180525
0,180526
0,180527
0,180533
0,180543
1,180544
0,180546
1,180553
1,180555
1,180557
1,180558
1,180562
1,180564
0,180570
0,180573
0,180574
1,180580
1,180587
1,180590
0,180592
1,180594
0,180600
0,180603
0,180606
0,180608
0,180610
0,180611
0,180613
0,180615
0,180617
1,180625
1,180631
0,180632
0,180633
1,180634
1,180635
0,180636
0,180637
1,180639
1,180640
1,180643
0,180645
1,180647
0,180649
0,180651
0,180655
0,180658
0,180663
1,180664
0,180668
0,180669
0,180671
0,180672
1,180673
0,180674
1,180679
1,180686
0,180689
0,180691
1,180698
0,180699
0,180703
0,180707
1,180708
0,180709
1,180711
0,180718
1,180721
1,180722
1,180725
1,180730
0,180735
0,180737
0,180741
0,180744
0,180746
0,180747
1,180748
0,180752
0,180753
0,180754
0,180755
0,180759
1,180762
0,180769
1,180770
0,180771
0,180773
0,180778
0,180779
1,180780
0,180781
1,180783
1,180785
1,180787
1,180790
0,180791
0,180792
0,180793
1,180794
1,180798
1,180800
1,180802
0,180804
1,180805
1,180808
1,180809
0,180810
0,180811
0,180813
0,180818
1,180821
1,180824
1,180825
1,180826
1,180828
1,180829
0,180830
0,180838
1,180839
0,180845
1,180846
1,180847
0,180855
1,180857
0,180862
1,180865
1,180867
1,180869
1,180872
1,180873
1,180874
0,180882
1,180886
1,180889
0,180890
0,180891
0,180910
0,180915
0,180917
0,180919
0,180922
0,180923
0,180925
1,180927
0,180929
0,180930
0,180932
0,180935
0,180936
0,180937
0,180945
1,180946
1,180948
0,180952
1,180953
0,180961
0,180966
0,180967
0,180968
1,180973
0,180975
0,180979
1,180982
0,180984
0,180987
0,180989
0,180991
0,180992
0,180994
0,180995
0,180996
1,180997
0,180998
0,181001
0,181002
0,181004
0,181011
0,181012
0,181015
0,181016
1,181018
0,181020
0,181021
0,181023
0,181025
1,181027
0,181030
0,181033
0,181034
1,181035
1,181036
0,181039
1,181040
1,181041
0,181043
0,181045
0,181046
0,181047
1,181048
0,181049
0,181050
0,181052
1,181056
1,181057
0,181059
0,181067
1,181070
0,181074
0,181076
0,181078
0,181080
0,181084
0,181085
0,181088
0,181090
1,181095
0,181099
1,181100
0,181101
0,181104
1,181111
0,181114
0,181117
0,181121
1,181122
0,181124
0,181125
1,181129
1,181130
1,181131
0,181132
1,181133
1,181134
0,181135
1,181136
0,181137
0,181139
0,181141
0,181142
1,181143
1,181146
0,181147
0,181148
0,181152
0,181153
0,181155
1,181156
0,181157
0,181164
0,181165
0,181166
0,181168
0,181172
0,181173
0,181177
1,181179
1,181184
0,181185
1,181186
0,181191
0,181192
1,181194
1,181196
1,181197
1,181199
0,181203
0,181206
0,181208
1,181210
0,181213
0,181214
0,181216
0,181217
0,181220
0,181221
1,181222
0,181223
0,181224
0,181225
1,181226
0,181228
0,181231
0,181233
0,181234
1,181238
0,181240
0,181241
0,181242
1,181243
0,181247
1,181249
0,181250
1,181252
1,181253
0,181262
1,181264
1,181267
0,181269
1,181270
1,181271
1,181275
0,181278
0,181280
0,181287
0,181294
0,181297
1,181298
0,181299
0,181303
0,181304
0,181307
0,181308
1,181310
0,181311
0,181312
0,181314
0,181320
0,181324
1,181325
0,181331
0,181334
1,181336
1,181339
1,181342
0,181343
0,181345
0,181348
0,181349
0,181351
1,181352
0,181353
0,181356
1,181358
0,181360
0,181364
1,181367
1,181368
0,181369
0,181370
0,181372
0,181373
0,181378
0,181379
0,181381
0,181385
0,181388
0,181390
0,181391
0,181393
1,181395
0,181396
0,181400
0,181404
0,181405
0,181406
1,181408
0,181409
0,181414
1,181415
0,181419
0,181421
0,181422
0,181423
0,181424
0,181431
0,181433
0,181435
0,181438
1,181439
0,181440
0,181442
1,181443
0,181446
0,181447
0,181451
0,181452
0,181456
0,181457
0,181458
0,181459
0,181461
0,181464
0,181467
0,181469
0,181470
0,181471
0,181472
0,181475
0,181476
0,181477
0,181478
0,181479
1,181482
0,181483
0,181484
1,181486
1,181494
0,181495
1,181497
1,181499
0,181502
0,181505
1,181514
0,181518
0,181519
0,181520
0,181521
0,181522
1,181524
0,181526
0,181528
0,181530
0,181532
0,181534
1,181535
0,181536
0,181538
0,181541
0,181543
1,181544
0,181545
1,181549
0,181552
0,181560
0,181563
1,181568
0,181576
0,181581
1,181583
0,181585
0,181586
0,181588
1,181589
0,181595
1,181596
0,181597
0,181598
0,181599
0,181600
0,181601
0,181602
1,181604
0,181607
0,181608
1,181611
0,181612
0,181615
0,181617
0,181621
1,181625
0,181626
0,181627
0,181628
0,181632
0,181633
0,181635
1,181638
0,181639
0,181641
1,181642
0,181645
1,181646
0,181647
0,181650
0,181651
1,181653
0,181654
0,181656
0,181658
1,181660
0,181662
0,181663
0,181666
0,181667
0,181668
0,181674
1,181681
0,181682
0,181683
0,181684
0,181691
1,181693
0,181695
0,181696
0,181697
0,181700
1,181703
0,181705
1,181708
1,181710
0,181712
0,181714
0,181715
0,181719
0,181720
0,181723
0,181724
0,181725
0,181727
0,181729
0,181731
0,181732
1,181734
0,181739
0,181744
0,181745
1,181750
0,181759
0,181762
0,181778
1,181783
0,181785
0,181786
0,181790
0,181791
1,181793
0,181794
0,181798
0,181799
1,181801
0,181804
1,181806
0,181817
1,181819
0,181823
1,181828
1,181840
1,181846
0,181849
0,181856
0,181858
0,181860
0,181862
0,181869
0,181870
1,181873
1,181880
0,181881
0,181885
0,181886
0,181889
1,181890
0,181891
0,181893
1,181895
0,181896
0,181897
0,181902
0,181906
1,181908
0,181909
1,181911
1,181917
0,181920
0,181922
0,181923
1,181924
0,181925
0,181928
0,181929
1,181931
0,181933
0,181934
0,181935
0,181936
0,181937
0,181941
0,181945
0,181947
1,181948
0,181950
1,181952
0,181953
0,181955
1,181956
0,181957
0,181960
0,181961
0,181967
0,181969
0,181970
0,181971
0,181973
0,181976
0,181979
1,181980
1,181981
0,181982
0,181992
1,181995
0,181997
1,181998
0,182003
1,182007
1,182014
0,182016
0,182022
1,182023
1,182030
0,182031
0,182034
0,182035
0,182039
0,182040
0,182044
0,182045
0,182047
0,182050
0,182052
0,182053
0,182054
0,182061
0,182063
0,182064
0,182067
1,182070
0,182075
0,182076
0,182078
1,182085
0,182087
0,182088
1,182097
1,182101
1,182104
1,182105
0,182106
0,182107
1,182108
0,182109
0,182110
1,182111
0,182113
0,182116
0,182117
0,182119
1,182121
0,182124
1,182127
0,182128
0,182129
1,182130
0,182135
0,182140
0,182143
1,182144
1,182145
0,182147
0,182148
0,182149
0,182150
0,182152
1,182156
0,182158
1,182160
0,182162
0,182168
0,182169
0,182170
0,182174
1,182180
0,182182
0,182186
0,182188
0,182190
0,182191
0,182192
0,182193
0,182194
0,182195
0,182196
0,182201
1,182203
1,182205
0,182206
0,182210
0,182211
0,182213
0,182215
0,182218
1,182219
1,182220
1,182225
0,182226
0,182228
0,182229
1,182230
1,182231
1,182234
0,182235
1,182238
0,182240
0,182241
1,182242
0,182246
0,182247
0,182248
1,182252
1,182255
1,182256
1,182257
0,182265
1,182267
1,182268
0,182270
0,182272
0,182274
1,182278
0,182279
1,182281
0,182282
1,182285
0,182289
1,182290
0,182291
1,182295
0,182296
0,182297
0,182299
1,182300
1,182301
1,182302
0,182304
1,182306
1,182307
0,182309
0,182313
0,182314
0,182317
0,182319
0,182321
1,182322
0,182323
1,182324
0,182330
0,182332
1,182333
0,182335
0,182345
0,182346
0,182356
0,182359
0,182361
0,182366
0,182369
0,182371
0,182374
0,182377
0,182385
1,182387
1,182390
0,182393
0,182396
0,182397
0,182398
0,182399
0,182401
1,182402
0,182407
0,182409
0,182417
0,182421
0,182422
0,182425
0,182427
0,182433
0,182435
0,182437
1,182441
1,182444
0,182445
0,182446
0,182449
0,182450
0,182455
1,182456
0,182458
0,182461
0,182465
1,182470
0,182471
0,182479
0,182480
0,182481
1,182482
0,182485
1,182486
0,182489
0,182490
0,182494
0,182495
0,182496
0,182498
0,182504
1,182506
0,182507
0,182508
0,182512
0,182513
0,182516
1,182518
1,182519
1,182521
0,182525
0,182527
0,182534
0,182535
0,182536
0,182539
0,182540
0,182542
0,182544
1,182549
0,182551
0,182556
0,182559
0,182561
0,182568
0,182570
0,182576
0,182580
0,182582
0,182583
0,182584
0,182585
0,182586
0,182589
0,182590
1,182594
0,182595
0,182598
0,182600
0,182602
1,182603
0,182605
0,182608
1,182612
0,182613
0,182617
1,182618
0,182619
1,182620
1,182621
0,182625
0,182626
0,182628
0,182629
0,182633
0,182634
0,182635
0,182637
0,182638
0,182641
0,182642
0,182643
1,182644
1,182645
0,182646
1,182647
0,182649
0,182656
0,182659
0,182664
0,182667
0,182668
0,182676
0,182681
1,182686
1,182688
0,182689
1,182690
0,182694
0,182695
0,182699
1,182703
0,182706
0,182711
0,182717
0,182718
1,182719
0,182722
0,182724
0,182726
1,182727
1,182729
1,182731
1,182734
0,182738
0,182739
0,182742
0,182743
0,182749
0,182751
1,182752
0,182753
1,182759
1,182760
1,182762
0,182764
1,182767
0,182770
0,182771
0,182772
0,182774
0,182783
1,182784
1,182785
0,182786
0,182792
0,182793
0,182796
0,182804
1,182805
1,182807
0,182809
1,182811
1,182813
1,182814
0,182816
0,182819
0,182821
0,182822
0,182823
0,182826
0,182828
0,182832
0,182833
0,182842
1,182844
0,182845
0,182848
0,182849
1,182851
1,182854
0,182855
1,182856
0,182857
1,182862
0,182864
0,182868
0,182869
1,182870
0,182876
0,182878
0,182879
0,182880
0,182883
0,182884
0,182885
0,182887
0,182893
0,182895
1,182898
1,182899
0,182900
0,182901
0,182903
0,182905
0,182910
0,182912
1,182913
0,182917
0,182920
0,182921
1,182922
0,182924
0,182925
1,182928
0,182930
0,182933
1,182935
1,182938
0,182940
0,182941
0,182943
0,182949
1,182951
1,182952
0,182954
0,182955
1,182957
0,182958
0,182959
0,182962
0,182965
1,182966
0,182968
1,182979
1,182984
1,182989
0,182990
1,182993
1,182996
1,183007
1,183008
1,183011
0,183020
1,183021
0,183022
1,183024
0,183026
0,183027
1,183029
0,183033
0,183035
1,183038
0,183042
0,183044
1,183046
0,183050
0,183052
0,183054
0,183056
0,183057
0,183058
0,183062
0,183063
1,183064
1,183065
1,183067
0,183068
1,183071
1,183074
0,183077
0,183080
0,183081
0,183082
0,183083
1,183087
0,183089
1,183091
0,183093
0,183094
1,183098
1,183099
1,183102
0,183103
0,183106
1,183108
1,183114
1,183115
0,183116
1,183121
0,183124
0,183125
0,183127
0,183129
0,183131
0,183132
1,183133
0,183138
1,183140
0,183144
0,183146
1,183149
0,183152
1,183153
0,183154
0,183159
1,183160
1,183161
1,183163
0,183165
1,183166
1,183167
0,183171
0,183173
1,183174
0,183177
1,183179
0,183180
0,183185
0,183191
1,183192
0,183195
0,183197
1,183198
0,183200
0,183201
0,183203
0,183204
0,183211
0,183214
0,183218
1,183223
0,183226
0,183227
1,183228
0,183229
0,183230
1,183235
0,183236
1,183237
1,183238
1,183239
0,183246
0,183248
0,183250
0,183252
1,183254
0,183256
0,183257
1,183259
1,183262
0,183263
0,183265
0,183267
0,183273
0,183277
0,183279
0,183280
0,183285
1,183291
1,183294
0,183296
0,183298
0,183301
0,183308
0,183309
0,183313
1,183315
1,183317
1,183319
0,183320
0,183324
1,183325
1,183330
0,183335
0,183338
0,183339
0,183340
1,183341
0,183342
1,183344
0,183346
0,183351
0,183353
0,183356
0,183357
0,183361
0,183362
1,183363
1,183365
0,183366
0,183367
0,183376
0,183377
0,183380
0,183382
0,183384
0,183386
1,183389
1,183390
1,183396
1,183397
0,183399
0,183400
0,183403
1,183404
1,183406
1,183407
0,183413
1,183416
1,183419
0,183422
0,183423
0,183424
1,183429
0,183431
0,183433
0,183434
0,183435
0,183436
0,183437
0,183438
1,183446
0,183448
0,183450
1,183454
0,183456
1,183457
0,183459
0,183460
0,183461
0,183466
0,183469
0,183472
1,183475
0,183478
0,183484
0,183486
0,183488
1,183489
0,183490
0,183491
0,183493
1,183497
1,183499
1,183500
0,183505
0,183507
0,183509
1,183510
0,183511
0,183513
0,183514
1,183516
0,183520
0,183521
0,183522
0,183525
0,183529
0,183530
1,183535
0,183536
1,183537
1,183538
0,183539
0,183540
1,183541
0,183543
0,183545
0,183546
0,183549
0,183553
1,183558
0,183567
0,183570
0,183572
0,183573
1,183587
1,183588
0,183589
0,183591
0,183593
1,183596
1,183597
0,183598
0,183600
0,183601
0,183603
1,183607
1,183608
1,183610
0,183613
0,183618
0,183621
1,183622
1,183623
1,183626
1,183628
0,183631
1,183633
0,183635
1,183639
1,183640
1,183641
1,183642
0,183644
0,183651
0,183654
0,183655
0,183658
1,183659
0,183664
0,183667
0,183668
0,183669
1,183670
0,183672
0,183676
1,183677
0,183678
0,183679
0,183680
1,183681
0,183684
1,183685
0,183687
1,183691
0,183693
0,183696
0,183700
1,183702
1,183705
0,183710
1,183711
0,183713
0,183718
1,183719
0,183726
0,183728
0,183736
1,183737
0,183738
0,183741
1,183744
0,183746
1,183749
0,183755
0,183759
0,183760
0,183761
0,183763
0,183764
1,183767
0,183770
0,183773
0,183774
0,183775
0,183776
0,183777
0,183780
0,183783
0,183787
0,183788
0,183795
0,183799
1,183804
0,183807
0,183809
0,183811
0,183812
1,183814
1,183815
1,183816
0,183817
1,183820
0,183823
0,183824
0,183826
0,183827
1,183829
0,183831
0,183832
1,183834
0,183840
0,183841
1,183843
0,183845
0,183847
0,183848
1,183853
0,183862
0,183864
1,183865
0,183866
1,183868
1,183874
1,183882
0,183883
0,183886
0,183887
0,183888
1,183889
0,183892
0,183894
0,183895
1,183897
0,183900
0,183901
0,183905
1,183906
0,183907
1,183908
1,183913
1,183915
1,183916
0,183921
0,183923
1,183924
1,183926
1,183927
1,183928
0,183939
1,183940
1,183943
0,183946
1,183947
0,183948
0,183950
0,183951
1,183952
0,183953
0,183954
0,183956
0,183962
0,183966
0,183968
0,183970
1,183973
0,183974
0,183975
1,183976
1,183980
1,183981
1,183984
0,183985
0,183987
0,183992
0,183993
0,183998
0,183999
0,184000
1,184001
0,184002
0,184005
0,184006
0,184008
1,184010
1,184011
0,184012
0,184016
0,184017
0,184019
1,184021
1,184023
0,184028
0,184030
1,184034
1,184036
0,184040
0,184041
0,184044
0,184051
0,184052
0,184056
0,184058
0,184059
0,184061
1,184063
1,184065
1,184068
0,184069
0,184070
0,184071
0,184072
0,184073
0,184075
0,184077
1,184079
0,184080
0,184083
0,184084
1,184088
1,184092
0,184094
0,184096
0,184099
0,184100
0,184101
0,184104
0,184108
1,184113
0,184121
0,184122
0,184131
0,184133
0,184134
1,184137
0,184139
0,184140
0,184141
0,184148
1,184149
0,184150
0,184151
1,184152
1,184153
0,184154
0,184156
0,184162
1,184163
0,184165
0,184166
0,184171
0,184173
1,184176
0,184177
0,184181
0,184188
0,184193
0,184194
1,184197
0,184198
0,184200
0,184201
0,184205
1,184207
0,184209
0,184213
0,184214
0,184215
1,184217
1,184220
1,184221
1,184224
0,184225
0,184229
0,184232
1,184234
1,184238
0,184239
0,184240
0,184243
1,184244
1,184248
1,184249
0,184252
1,184253
1,184256
1,184260
1,184261
0,184263
0,184265
0,184267
0,184269
0,184274
1,184279
1,184280
0,184281
0,184284
1,184286
0,184288
0,184291
0,184292
1,184293
0,184294
0,184296
1,184297
1,184299
0,184304
1,184308
0,184309
0,184312
0,184315
0,184316
0,184319
1,184320
1,184324
0,184326
1,184330
0,184331
0,184332
1,184333
0,184337
0,184339
1,184340
1,184344
1,184345
0,184353
0,184356
1,184357
0,184358
0,184362
1,184364
1,184365
0,184367
1,184370
1,184378
1,184380
1,184384
0,184385
0,184386
0,184388
0,184389
0,184390
0,184391
1,184393
1,184394
1,184395
1,184402
0,184404
1,184406
0,184407
0,184408
1,184410
1,184411
0,184412
0,184414
1,184415
1,184417
0,184418
0,184419
0,184421
0,184422
0,184426
1,184427
0,184430
0,184431
1,184432
1,184434
1,184436
0,184438
1,184441
1,184442
0,184443
0,184446
0,184447
0,184451
0,184455
1,184456
0,184457
0,184463
0,184467
0,184471
1,184475
0,184478
0,184480
0,184481
0,184486
0,184487
0,184489
1,184490
0,184493
1,184494
1,184500
0,184501
1,184502
1,184503
0,184504
0,184507
0,184510
1,184512
0,184515
0,184516
0,184520
0,184524
0,184525
0,184529
1,184533
1,184535
1,184536
1,184539
1,184541
1,184544
1,184545
0,184546
0,184551
1,184552
0,184557
0,184558
0,184559
0,184562
0,184563
1,184567
0,184568
1,184569
0,184571
0,184572
0,184575
0,184577
0,184580
0,184581
0,184583
1,184585
0,184587
0,184589
0,184590
0,184592
0,184593
0,184594
0,184597
0,184599
0,184602
1,184603
0,184605
1,184606
0,184609
1,184610
0,184611
0,184613
0,184614
0,184616
1,184618
0,184619
1,184632
1,184634
0,184636
0,184638
1,184639
0,184641
0,184642
0,184643
1,184644
0,184645
1,184648
0,184650
1,184651
0,184652
0,184653
0,184654
1,184655
1,184656
1,184659
1,184661
0,184663
0,184666
1,184667
0,184669
0,184670
0,184674
0,184678
1,184680
1,184684
0,184687
1,184690
0,184692
1,184693
0,184694
0,184699
0,184704
0,184708
0,184710
1,184714
1,184719
0,184720
1,184721
0,184726
1,184728
0,184732
0,184733
0,184734
0,184736
1,184737
0,184738
1,184742
0,184743
0,184747
1,184750
1,184751
0,184752
1,184753
1,184754
0,184759
0,184766
1,184767
0,184771
1,184774
1,184775
1,184778
0,184782
0,184783
1,184784
0,184788
0,184789
0,184790
1,184792
1,184793
0,184801
1,184804
0,184805
0,184806
0,184807
0,184808
0,184810
1,184812
1,184813
0,184819
0,184826
1,184827
1,184830
1,184832
1,184834
0,184838
0,184839
0,184842
1,184844
0,184851
0,184852
0,184854
1,184855
1,184856
1,184857
1,184859
0,184860
0,184862
0,184863
1,184864
1,184865
0,184866
0,184867
0,184868
0,184871
0,184872
0,184875
1,184877
0,184879
0,184881
1,184882
0,184886
0,184887
1,184891
0,184892
1,184893
1,184896
0,184897
0,184899
1,184900
1,184904
0,184905
0,184909
0,184911
0,184914
0,184922
0,184923
1,184928
0,184929
0,184930
0,184933
0,184935
0,184936
0,184937
0,184938
1,184943
1,184944
0,184947
1,184948
1,184950
1,184952
0,184953
0,184955
0,184956
0,184957
0,184962
1,184965
0,184967
1,184969
1,184971
0,184977
1,184978
0,184981
0,184984
0,184985
1,184990
0,184991
0,184992
1,184994
0,184995
1,184996
0,184998
1,185001
0,185005
0,185008
0,185009
0,185011
0,185013
0,185016
0,185020
0,185023
0,185024
0,185025
0,185026
0,185027
1,185029
0,185033
0,185034
0,185035
1,185038
0,185039
0,185045
1,185047
1,185048
1,185053
0,185054
0,185055
1,185057
0,185058
0,185059
0,185062
0,185063
1,185065
0,185076
1,185077
0,185081
1,185086
1,185089
0,185092
0,185094
0,185096
0,185099
1,185105
0,185106
0,185110
0,185111
1,185112
0,185113
0,185115
0,185118
0,185119
0,185122
0,185123
1,185126
0,185127
0,185128
0,185130
0,185134
0,185135
0,185136
0,185139
0,185142
0,185145
0,185148
1,185151
0,185152
1,185156
0,185157
0,185159
0,185161
0,185162
1,185163
1,185166
0,185167
0,185170
1,185172
0,185173
1,185177
1,185179
1,185181
0,185183
0,185185
0,185186
0,185187
0,185188
1,185190
1,185193
0,185197
0,185200
1,185201
0,185202
0,185203
0,185205
0,185206
0,185208
0,185210
0,185213
0,185214
0,185217
0,185218
0,185221
0,185222
1,185224
1,185226
1,185229
0,185230
1,185234
0,185236
0,185237
0,185239
0,185242
0,185245
1,185246
0,185249
0,185255
1,185257
1,185266
0,185268
1,185270
0,185272
1,185273
1,185275
0,185282
0,185284
1,185285
1,185286
1,185287
0,185289
0,185291
0,185292
1,185293
0,185295
0,185296
1,185297
0,185298
1,185299
1,185300
1,185302
1,185303
0,185305
0,185308
0,185310
0,185311
0,185313
1,185320
1,185322
0,185324
0,185327
0,185328
0,185329
1,185331
0,185333
0,185334
0,185335
0,185339
0,185340
0,185341
0,185342
1,185345
1,185347
0,185348
0,185349
0,185350
1,185351
0,185352
0,185353
0,185357
0,185358
0,185359
0,185361
1,185363
0,185364
0,185365
1,185367
0,185368
1,185371
0,185378
0,185379
0,185380
1,185381
1,185385
0,185391
0,185394
0,185395
0,185396
0,185397
0,185398
0,185399
1,185401
0,185404
0,185406
0,185411
0,185415
0,185417
1,185419
1,185421
1,185425
0,185430
0,185431
1,185432
1,185435
1,185438
0,185442
0,185445
0,185447
1,185449
1,185450
0,185454
0,185455
0,185456
0,185462
0,185465
0,185466
0,185468
0,185472
1,185473
1,185474
1,185476
1,185482
0,185484
0,185492
1,185494
0,185495
1,185497
1,185498
1,185507
0,185508
0,185509
0,185513
0,185516
0,185517
0,185518
0,185521
1,185522
1,185523
0,185524
1,185525
1,185526
0,185529
0,185530
1,185532
1,185535
0,185537
1,185541
0,185545
0,185547
0,185550
0,185552
1,185555
0,185557
1,185559
0,185563
0,185568
0,185569
0,185570
0,185571
1,185575
1,185581
1,185582
0,185583
0,185585
0,185587
1,185596
1,185597
1,185598
1,185600
0,185601
1,185609
0,185610
1,185620
0,185621
1,185623
0,185625
0,185626
1,185628
1,185630
1,185633
0,185638
0,185640
1,185641
0,185647
1,185649
1,185651
0,185658
0,185663
1,185668
0,185671
0,185672
0,185673
1,185677
0,185679
0,185680
0,185681
1,185682
0,185683
0,185685
1,185687
1,185689
0,185690
0,185692
0,185693
0,185694
1,185696
1,185698
0,185699
1,185704
1,185707
0,185708
1,185710
1,185713
1,185714
0,185715
0,185719
0,185724
0,185725
0,185726
0,185727
0,185731
1,185732
1,185734
0,185735
0,185743
1,185746
1,185752
1,185755
1,185756
1,185757
1,185758
0,185759
1,185762
0,185765
1,185770
0,185772
0,185776
0,185778
1,185781
0,185784
0,185785
0,185786
0,185789
1,185791
0,185794
0,185796
0,185797
0,185798
1,185801
0,185805
1,185806
1,185813
0,185814
0,185819
0,185820
0,185821
0,185823
0,185825
1,185828
1,185831
0,185834
1,185836
0,185841
1,185842
1,185844
0,185846
0,185847
1,185848
1,185850
0,185852
0,185854
0,185855
0,185856
0,185859
1,185863
0,185868
0,185870
0,185871
1,185872
0,185875
0,185876
0,185878
0,185880
1,185881
1,185887
1,185890
0,185891
1,185892
0,185899
1,185902
1,185906
1,185910
1,185912
0,185915
0,185917
0,185918
1,185919
1,185927
0,185935
0,185936
0,185944
0,185945
0,185946
1,185949
0,185954
1,185955
1,185957
1,185958
1,185963
0,185971
0,185972
1,185974
0,185975
0,185976
0,185978
0,185982
0,185983
1,185984
1,185991
1,185993
0,185994
0,185996
0,185999
1,186000
1,186001
0,186004
0,186005
0,186009
0,186012
1,186013
0,186018
0,186020
0,186023
0,186024
0,186026
0,186027
1,186029
0,186034
0,186036
0,186038
1,186039
0,186040
1,186043
0,186044
1,186046
0,186053
0,186055
0,186058
0,186062
1,186069
0,186075
0,186076
0,186078
0,186083
0,186084
0,186088
0,186089
0,186090
0,186092
0,186095
0,186098
0,186102
0,186104
0,186106
0,186108
0,186109
0,186113
0,186116
0,186118
0,186119
0,186123
0,186125
0,186130
1,186135
0,186136
1,186137
0,186138
0,186139
1,186142
1,186143
0,186144
0,186145
1,186146
0,186147
0,186148
0,186149
0,186150
0,186152
1,186155
0,186157
0,186159
0,186161
0,186166
1,186167
1,186168
1,186172
0,186173
0,186175
0,186176
0,186180
0,186181
0,186182
0,186183
0,186188
0,186193
0,186194
0,186195
0,186196
0,186199
0,186200
0,186204
0,186205
0,186207
0,186209
0,186212
1,186214
1,186215
1,186217
0,186218
1,186219
0,186222
0,186225
0,186227
0,186230
1,186235
0,186237
1,186242
1,186243
0,186246
1,186247
0,186249
0,186251
0,186259
0,186261
0,186265
1,186268
0,186272
0,186275
0,186278
0,186279
1,186282
0,186284
0,186286
0,186291
0,186292
0,186294
1,186300
1,186302
0,186303
0,186305
0,186306
1,186308
0,186309
1,186310
0,186312
0,186314
0,186315
0,186316
0,186317
0,186318
1,186320
0,186326
0,186327
0,186328
0,186329
1,186333
0,186334
1,186339
0,186340
0,186342
0,186347
0,186348
0,186349
0,186353
0,186354
0,186356
0,186357
0,186364
0,186366
0,186369
0,186370
0,186376
1,186381
0,186383
0,186385
0,186389
0,186390
0,186393
1,186396
0,186397
1,186398
1,186399
0,186400
1,186404
0,186406
1,186408
0,186410
0,186411
0,186414
1,186419
1,186420
0,186422
0,186431
0,186434
1,186436
0,186442
0,186444
0,186445
1,186449
0,186451
0,186455
0,186459
0,186464
1,186465
0,186470
1,186471
0,186473
0,186475
1,186480
0,186481
0,186484
0,186485
1,186486
1,186488
0,186494
0,186495
0,186496
0,186498
0,186501
1,186505
0,186506
0,186507
0,186508
1,186509
1,186511
0,186512
0,186513
0,186514
0,186516
0,186518
1,186519
0,186530
0,186532
1,186533
1,186536
1,186542
0,186544
1,186548
0,186550
0,186553
1,186560
0,186566
0,186569
0,186571
0,186577
1,186578
0,186580
0,186581
0,186584
0,186586
1,186588
0,186590
0,186591
1,186592
0,186594
0,186595
0,186597
1,186598
0,186600
0,186601
0,186602
0,186607
0,186609
1,186611
0,186613
1,186614
1,186619
0,186621
0,186627
1,186629
0,186630
1,186640
0,186643
1,186645
0,186646
1,186647
0,186648
0,186649
0,186653
0,186655
1,186657
1,186658
0,186660
0,186663
1,186665
0,186670
1,186673
0,186678
0,186679
0,186682
0,186684
0,186685
0,186698
0,186702
0,186703
1,186705
0,186707
1,186709
0,186710
0,186712
0,186713
0,186716
1,186718
1,186719
1,186722
0,186723
0,186730
0,186734
1,186735
0,186736
0,186737
0,186740
0,186741
0,186745
0,186746
0,186747
1,186749
0,186750
1,186751
1,186755
1,186756
0,186758
1,186759
1,186760
0,186762
1,186763
0,186765
1,186772
1,186773
1,186774
1,186775
0,186776
0,186783
0,186784
0,186787
0,186788
0,186791
0,186792
0,186794
1,186796
1,186797
1,186798
1,186802
1,186803
1,186804
0,186807
0,186809
1,186812
0,186813
0,186815
0,186818
0,186819
0,186820
0,186824
1,186825
0,186826
0,186829
0,186833
0,186837
1,186841
0,186843
0,186844
0,186846
1,186847
0,186852
0,186854
0,186858
0,186859
0,186860
1,186865
1,186867
0,186868
0,186873
0,186874
0,186878
1,186879
0,186882
0,186883
1,186885
0,186886
0,186892
0,186893
1,186894
0,186896
0,186898
0,186899
0,186902
0,186904
1,186905
0,186906
0,186909
0,186911
0,186912
0,186913
0,186914
0,186916
0,186917
1,186918
0,186921
1,186922
1,186925
0,186926
1,186932
0,186937
0,186948
0,186951
1,186953
0,186954
0,186955
1,186957
0,186958
1,186966
1,186969
0,186970
0,186972
1,186975
1,186978
0,186980
0,186981
0,186982
0,186985
0,186986
0,186989
0,186991
0,186992
1,186995
0,186996
0,186997
0,186999
0,187001
0,187007
0,187008
0,187010
0,187012
0,187014
1,187018
1,187020
0,187023
1,187029
0,187031
1,187032
0,187035
1,187038
1,187039
0,187040
0,187041
0,187042
0,187044
0,187045
0,187047
1,187049
0,187051
0,187054
0,187056
0,187058
0,187060
0,187064
0,187068
0,187069
0,187073
0,187075
1,187076
0,187077
0,187080
0,187085
1,187087
0,187092
1,187093
1,187094
1,187095
1,187097
1,187099
1,187100
0,187103
0,187104
1,187105
0,187106
0,187107
0,187108
0,187109
1,187110
0,187111
0,187112
1,187113
1,187114
0,187117
0,187118
1,187119
0,187123
1,187125
0,187126
0,187128
0,187131
1,187132
0,187133
0,187135
0,187140
0,187141
0,187142
0,187143
1,187144
0,187146
0,187151
0,187163
1,187165
0,187166
0,187169
0,187171
0,187173
1,187176
0,187177
0,187178
0,187184
0,187185
0,187188
0,187189
1,187192
0,187194
1,187195
0,187199
1,187200
0,187201
1,187202
1,187203
0,187204
0,187205
1,187211
1,187214
0,187216
0,187218
0,187219
0,187220
0,187223
0,187225
0,187229
0,187232
1,187238
0,187242
0,187243
0,187244
0,187247
0,187252
0,187253
0,187254
1,187255
0,187256
1,187259
0,187261
0,187262
0,187268
0,187273
0,187278
1,187280
1,187283
0,187286
0,187287
0,187292
0,187293
1,187295
0,187298
0,187300
0,187302
0,187306
1,187308
0,187311
1,187313
0,187317
1,187318
0,187319
0,187320
0,187321
0,187322
0,187323
0,187329
0,187330
0,187336
0,187338
0,187343
0,187344
0,187345
0,187346
1,187348
0,187356
0,187357
1,187358
1,187361
1,187363
1,187364
1,187369
0,187376
1,187382
1,187387
0,187388
1,187389
0,187394
1,187398
1,187399
1,187401
1,187403
0,187406
0,187407
0,187408
0,187409
0,187415
1,187423
0,187430
0,187436
1,187437
0,187439
0,187445
1,187448
0,187449
0,187452
0,187453
0,187454
1,187457
0,187458
0,187461
0,187462
0,187463
0,187464
0,187465
0,187467
1,187470
0,187471
0,187474
1,187477
0,187479
0,187482
1,187483
0,187484
0,187488
0,187489
1,187491
0,187492
1,187493
1,187494
0,187496
1,187499
1,187501
0,187502
1,187505
0,187510
1,187513
0,187515
1,187517
1,187520
0,187521
1,187522
0,187523
0,187529
0,187530
0,187534
0,187535
0,187537
0,187540
0,187542
0,187545
0,187547
0,187549
0,187552
0,187557
1,187563
0,187564
0,187565
0,187567
1,187569
1,187573
1,187574
1,187577
0,187578
1,187579
0,187584
1,187586
1,187587
1,187590
0,187592
0,187595
0,187596
1,187598
0,187601
1,187605
0,187608
0,187609
0,187610
0,187614
0,187615
0,187616
0,187619
0,187620
1,187621
0,187628
0,187633
1,187640
0,187643
1,187648
1,187649
1,187650
0,187651
0,187658
0,187659
0,187661
0,187663
1,187664
0,187665
0,187666
1,187667
0,187668
1,187669
0,187670
1,187672
0,187674
0,187675
1,187677
1,187678
1,187680
0,187681
0,187682
0,187683
0,187684
0,187685
0,187686
0,187687
0,187690
1,187695
0,187698
1,187699
0,187700
0,187701
0,187702
1,187703
0,187704
0,187705
1,187709
0,187712
1,187714
0,187718
0,187720
0,187721
1,187731
1,187732
1,187734
1,187735
0,187736
1,187737
0,187742
1,187744
1,187746
1,187748
1,187749
0,187752
0,187757
0,187759
1,187760
0,187765
0,187768
0,187770
0,187771
0,187773
1,187774
0,187778
1,187780
1,187781
0,187786
0,187788
0,187790
1,187791
0,187797
1,187802
0,187804
0,187805
0,187808
0,187809
0,187811
1,187812
0,187813
0,187814
0,187817
0,187819
0,187822
0,187833
0,187834
0,187837
0,187840
0,187841
1,187842
1,187845
1,187846
0,187847
0,187848
0,187849
0,187850
0,187851
1,187854
0,187855
0,187857
0,187861
0,187862
0,187868
1,187871
0,187872
0,187873
0,187875
0,187876
0,187877
0,187879
1,187880
1,187882
0,187884
0,187885
0,187892
1,187894
1,187895
0,187897
0,187901
1,187904
0,187905
0,187907
0,187908
0,187915
0,187917
1,187918
0,187921
0,187923
0,187929
0,187931
0,187933
1,187935
1,187936
0,187939
1,187942
1,187944
0,187946
1,187947
0,187950
1,187952
0,187955
1,187957
0,187959
0,187960
0,187961
0,187966
0,187967
0,187972
0,187974
0,187975
0,187983
1,187984
0,187987
0,187989
0,187994
0,187995
1,187996
0,187997
0,187999
0,188001
0,188002
1,188003
0,188004
0,188007
1,188008
0,188009
0,188012
1,188017
0,188019
1,188022
0,188026
0,188028
0,188031
1,188033
1,188035
0,188039
0,188040
1,188041
0,188043
0,188049
1,188052
1,188055
0,188067
0,188069
0,188071
1,188073
0,188074
0,188076
0,188077
1,188078
0,188080
0,188081
0,188085
1,188086
0,188089
0,188096
0,188097
1,188098
1,188109
1,188111
0,188113
0,188118
1,188120
0,188122
1,188124
0,188127
0,188128
1,188130
0,188135
0,188140
0,188143
1,188145
0,188146
1,188148
1,188149
0,188152
1,188157
0,188163
0,188165
1,188166
0,188167
1,188170
0,188182
0,188186
0,188188
0,188189
0,188192
1,188194
0,188195
0,188196
0,188198
1,188202
1,188206
0,188209
1,188212
1,188216
0,188218
0,188221
1,188223
0,188224
1,188225
0,188229
0,188230
0,188231
1,188238
1,188240
0,188241
0,188242
0,188243
1,188245
0,188246
0,188247
0,188248
1,188250
0,188252
1,188253
0,188255
0,188257
1,188258
1,188260
1,188264
0,188265
0,188268
0,188270
0,188278
1,188281
1,188283
0,188284
0,188285
1,188286
0,188289
0,188290
1,188291
0,188294
0,188297
1,188298
0,188302
0,188304
0,188305
0,188306
0,188307
0,188311
1,188312
0,188313
0,188314
0,188315
0,188317
1,188318
1,188327
0,188328
0,188330
0,188334
1,188335
0,188338
1,188339
0,188344
0,188346
1,188347
0,188348
0,188350
0,188351
0,188352
0,188356
0,188357
0,188358
0,188359
0,188361
0,188362
0,188364
1,188366
1,188368
0,188369
0,188370
1,188371
0,188372
1,188373
0,188376
0,188379
1,188380
0,188382
0,188384
1,188385
0,188386
0,188390
1,188394
0,188396
1,188398
0,188401
0,188402
1,188406
0,188410
1,188411
1,188415
0,188418
0,188420
0,188425
1,188427
1,188430
0,188432
0,188436
1,188437
1,188438
0,188439
0,188442
0,188443
0,188444
1,188447
0,188448
0,188450
1,188452
1,188457
1,188458
1,188459
0,188460
0,188461
0,188467
0,188468
0,188472
1,188478
0,188479
1,188480
0,188482
0,188483
0,188485
0,188489
0,188490
0,188494
0,188495
1,188500
1,188503
0,188504
1,188505
0,188507
1,188508
0,188512
0,188514
0,188517
1,188521
0,188524
0,188525
0,188526
0,188527
1,188528
0,188532
1,188536
1,188537
0,188539
0,188540
1,188541
1,188542
0,188544
1,188546
1,188548
1,188549
1,188552
1,188554
0,188559
0,188563
1,188564
1,188565
0,188567
1,188568
1,188572
0,188573
0,188575
0,188576
0,188580
0,188581
0,188582
0,188586
0,188593
0,188594
1,188597
0,188598
1,188599
0,188601
1,188604
0,188605
0,188607
1,188608
0,188609
0,188610
0,188611
0,188612
1,188614
0,188619
0,188621
0,188624
1,188628
1,188629
1,188632
0,188634
0,188635
1,188637
0,188642
0,188645
0,188646
1,188648
1,188654
1,188657
0,188663
1,188666
1,188668
0,188669
0,188670
0,188674
1,188678
1,188681
0,188682
0,188683
0,188684
0,188688
1,188689
0,188690
1,188694
0,188696
0,188697
1,188698
0,188699
1,188700
0,188702
0,188703
0,188712
0,188713
1,188715
0,188717
0,188721
1,188722
1,188723
0,188725
0,188726
0,188733
0,188734
0,188735
1,188736
0,188737
0,188739
1,188741
0,188742
0,188743
1,188747
0,188748
0,188750
0,188752
0,188755
1,188756
0,188757
0,188759
0,188761
1,188762
0,188765
0,188766
0,188771
1,188772
0,188773
0,188775
1,188777
0,188781
1,188783
1,188786
0,188792
0,188795
1,188798
0,188799
1,188802
1,188805
0,188806
1,188811
1,188814
1,188817
1,188820
0,188821
1,188823
0,188825
1,188826
0,188827
1,188829
0,188831
0,188832
1,188833
1,188836
0,188837
0,188838
1,188839
0,188841
0,188845
0,188850
0,188851
0,188855
0,188858
1,188859
0,188861
0,188862
0,188863
0,188866
0,188869
0,188871
1,188877
0,188881
0,188883
1,188886
1,188887
0,188889
0,188890
0,188895
0,188897
1,188905
0,188906
1,188907
1,188908
0,188909
0,188910
0,188911
1,188916
0,188918
0,188921
0,188922
1,188923
0,188924
1,188926
0,188927
1,188929
1,188930
0,188935
1,188937
0,188938
0,188940
1,188944
0,188945
0,188946
1,188947
1,188948
0,188950
0,188954
0,188956
0,188958
0,188960
1,188965
0,188970
0,188971
0,188972
0,188973
1,188979
0,188980
0,188983
1,188984
0,188986
0,188988
0,188989
1,188992
0,188995
0,188996
1,189005
0,189009
1,189010
0,189012
0,189017
1,189018
1,189020
0,189021
1,189022
1,189023
0,189025
1,189027
0,189028
0,189029
1,189030
1,189032
1,189034
0,189035
1,189038
0,189040
0,189041
0,189043
1,189044
1,189047
1,189049
0,189052
0,189053
0,189055
0,189059
0,189060
0,189062
0,189064
0,189065
0,189066
1,189067
0,189068
0,189069
0,189071
0,189077
1,189085
0,189086
1,189087
0,189091
1,189094
1,189098
0,189099
1,189101
0,189104
0,189106
0,189107
0,189108
1,189109
0,189110
0,189112
0,189117
0,189118
0,189120
1,189121
1,189124
1,189126
0,189131
0,189132
0,189133
1,189138
1,189141
0,189142
1,189143
0,189144
0,189147
0,189154
1,189155
0,189158
1,189159
1,189162
0,189164
0,189166
0,189172
1,189182
0,189186
0,189187
0,189191
0,189194
1,189197
1,189202
0,189207
0,189209
0,189210
0,189211
0,189212
0,189213
0,189215
0,189216
0,189220
0,189223
0,189224
0,189228
1,189231
0,189237
0,189238
0,189240
1,189242
0,189245
0,189249
0,189252
1,189254
1,189256
1,189258
0,189261
0,189262
0,189265
0,189271
0,189275
0,189276
0,189279
0,189280
0,189282
1,189284
0,189285
1,189289
0,189290
0,189291
1,189294
0,189297
1,189300
0,189301
0,189303
1,189310
1,189311
0,189313
0,189315
1,189317
1,189319
1,189332
1,189333
0,189334
0,189336
1,189339
0,189340
0,189343
0,189345
0,189346
0,189351
1,189352
0,189353
0,189357
0,189358
1,189360
0,189371
1,189372
1,189374
0,189376
0,189377
0,189378
1,189382
0,189384
1,189389
1,189392
1,189393
1,189397
0,189398
0,189399
0,189400
0,189406
1,189407
0,189408
0,189411
1,189416
0,189418
0,189419
0,189422
0,189424
0,189426
0,189428
1,189434
0,189437
1,189444
0,189446
1,189451
1,189453
0,189454
0,189455
1,189458
0,189460
0,189463
0,189464
0,189465
0,189466
0,189467
0,189471
0,189474
1,189475
0,189476
1,189477
0,189478
0,189487
0,189489
0,189493
0,189494
1,189497
1,189504
0,189507
0,189510
0,189513
0,189514
0,189515
0,189525
1,189526
0,189527
0,189530
1,189535
0,189536
0,189537
0,189538
0,189543
0,189545
0,189546
0,189547
1,189548
0,189549
1,189550
0,189557
0,189562
1,189565
0,189566
1,189567
0,189571
0,189572
0,189575
0,189577
0,189585
0,189586
0,189589
0,189590
0,189596
0,189599
0,189603
0,189614
1,189615
1,189616
0,189622
0,189625
0,189627
0,189628
0,189630
0,189633
1,189635
0,189636
0,189638
0,189642
0,189643
0,189644
0,189645
1,189646
1,189647
0,189648
1,189653
1,189654
0,189656
0,189657
0,189659
0,189661
0,189662
0,189663
0,189664
0,189676
0,189677
0,189678
0,189682
0,189683
1,189686
0,189698
0,189699
0,189701
1,189707
0,189708
0,189712
0,189719
1,189720
0,189721
0,189726
1,189728
1,189729
0,189730
0,189731
0,189736
0,189738
0,189742
0,189745
0,189747
0,189750
0,189751
1,189752
0,189754
0,189759
1,189762
0,189763
0,189766
0,189767
1,189769
0,189770
1,189771
0,189772
1,189773
1,189774
0,189777
1,189778
1,189779
0,189780
0,189781
0,189783
0,189784
0,189786
0,189788
1,189789
0,189791
0,189792
1,189793
1,189794
0,189798
0,189803
1,189804
1,189805
0,189806
1,189808
0,189809
0,189810
1,189815
1,189821
1,189822
1,189827
0,189828
0,189829
0,189830
0,189831
0,189833
0,189834
1,189835
0,189838
0,189846
1,189849
0,189851
1,189853
0,189856
0,189859
0,189861
0,189864
1,189866
0,189868
1,189871
0,189876
1,189877
0,189881
0,189882
0,189883
1,189886
1,189888
1,189901
1,189902
0,189904
0,189908
0,189911
0,189914
0,189915
0,189923
0,189924
1,189925
0,189928
1,189931
0,189934
0,189937
1,189939
0,189940
0,189944
0,189947
0,189948
0,189951
1,189955
0,189956
0,189957
0,189958
0,189959
0,189960
0,189964
0,189968
0,189974
0,189975
1,189978
1,189983
1,189988
0,189990
1,189998
0,189999
0,190000
0,190001
0,190004
0,190005
1,190006
0,190011
1,190013
0,190026
0,190029
1,190034
0,190038
0,190040
1,190045
1,190047
0,190055
0,190063
0,190067
0,190070
0,190072
0,190075
0,190076
0,190078
1,190079
1,190081
1,190082
0,190085
1,190088
1,190091
0,190092
0,190093
0,190096
1,190100
0,190102
1,190104
1,190106
1,190109
1,190114
0,190117
0,190118
0,190121
0,190122
1,190123
1,190125
1,190126
1,190128
0,190133
1,190134
0,190135
1,190136
1,190139
0,190143
1,190145
1,190146
0,190148
0,190150
0,190151
0,190152
0,190159
0,190161
0,190162
0,190164
0,190170
0,190171
0,190173
0,190174
0,190178
0,190183
1,190186
0,190187
1,190190
1,190192
1,190194
0,190195
0,190200
1,190202
0,190204
0,190206
0,190210
0,190211
0,190212
1,190214
0,190215
1,190217
1,190220
0,190223
1,190228
0,190229
1,190239
0,190241
1,190242
0,190246
1,190247
0,190251
0,190252
1,190253
0,190257
0,190258
0,190260
1,190261
1,190266
0,190267
1,190269
1,190272
0,190274
0,190280
1,190281
0,190282
1,190284
0,190286
0,190293
0,190295
1,190296
0,190297
1,190298
0,190301
1,190303
1,190306
0,190307
0,190312
0,190313
0,190316
0,190319
0,190325
0,190330
0,190333
1,190337
1,190338
0,190342
0,190345
0,190346
1,190349
0,190352
0,190354
0,190359
1,190360
0,190361
0,190366
1,190367
0,190368
0,190370
1,190373
1,190379
1,190382
1,190386
1,190391
0,190392
1,190393
0,190395
0,190397
0,190400
0,190403
1,190407
0,190409
1,190410
0,190413
0,190414
0,190415
0,190416
1,190425
0,190426
1,190428
0,190430
1,190434
1,190435
0,190436
0,190438
1,190439
1,190445
0,190448
1,190451
0,190457
0,190458
1,190461
0,190462
0,190467
0,190468
0,190469
0,190474
1,190476
1,190486
0,190487
1,190490
0,190491
0,190492
0,190493
0,190499
0,190503
0,190506
0,190508
0,190509
0,190512
0,190517
0,190521
0,190529
1,190533
0,190534
1,190535
0,190536
1,190537
0,190539
1,190541
0,190542
1,190545
0,190546
0,190548
0,190549
1,190550
0,190551
0,190552
0,190554
0,190558
0,190561
0,190562
0,190563
0,190567
0,190568
0,190571
1,190576
0,190578
1,190579
1,190580
0,190582
0,190583
0,190584
1,190585
1,190591
0,190593
0,190596
1,190599
0,190601
1,190605
0,190608
0,190609
1,190610
0,190613
0,190614
0,190623
0,190624
0,190626
0,190629
1,190630
0,190631
1,190632
0,190635
1,190639
0,190640
0,190641
0,190642
0,190643
0,190645
1,190652
0,190657
1,190664
0,190682
1,190683
0,190684
0,190685
1,190686
0,190689
0,190690
0,190691
0,190693
1,190696
0,190697
1,190699
1,190700
0,190702
0,190704
1,190707
0,190710
0,190711
0,190713
0,190717
0,190720
1,190723
0,190724
0,190725
0,190727
0,190729
0,190730
1,190732
0,190733
1,190739
0,190742
0,190745
1,190746
0,190748
1,190750
1,190751
1,190754
0,190755
1,190756
1,190762
1,190764
0,190766
0,190767
0,190770
1,190771
0,190773
0,190774
1,190775
0,190779
0,190781
0,190787
0,190794
0,190795
1,190801
0,190802
0,190803
0,190805
0,190808
0,190809
0,190810
0,190815
0,190817
0,190818
0,190819
0,190824
0,190826
1,190827
1,190828
0,190829
1,190838
1,190839
0,190841
0,190842
0,190843
0,190844
0,190845
0,190847
1,190850
0,190853
0,190854
1,190855
0,190856
1,190858
0,190859
0,190860
0,190862
0,190869
1,190874
0,190880
0,190885
0,190889
0,190895
1,190896
0,190897
0,190898
0,190899
0,190902
0,190904
0,190905
1,190912
0,190914
0,190918
0,190919
0,190920
1,190921
0,190925
0,190928
0,190933
1,190939
0,190941
0,190942
0,190944
0,190945
0,190953
1,190954
0,190955
1,190956
1,190957
0,190962
0,190970
0,190971
0,190972
0,190974
1,190978
1,190979
0,190980
0,190981
0,190982
0,190983
0,190987
1,190989
0,190991
0,190994
1,190995
1,190998
1,190999
0,191000
0,191001
0,191005
1,191007
1,191008
0,191010
0,191011
0,191012
1,191020
1,191021
0,191022
0,191024
0,191025
0,191026
0,191028
0,191033
1,191038
0,191039
0,191041
0,191043
0,191045
0,191046
0,191047
0,191048
0,191049
0,191050
0,191052
0,191053
1,191056
0,191059
0,191061
0,191064
0,191068
1,191073
1,191074
1,191088
0,191093
0,191095
0,191096
0,191100
1,191101
0,191102
0,191103
0,191104
0,191108
1,191110
0,191112
0,191114
1,191115
0,191118
0,191119
0,191120
1,191121
0,191122
0,191124
0,191127
1,191128
0,191129
0,191132
0,191133
0,191135
1,191136
1,191137
0,191138
0,191140
0,191142
1,191147
0,191148
0,191149
0,191153
0,191161
0,191165
0,191166
0,191167
0,191171
0,191172
1,191174
0,191176
0,191179
0,191182
1,191187
1,191188
0,191192
0,191194
1,191195
0,191197
0,191199
0,191200
0,191208
0,191212
0,191214
1,191216
0,191217
1,191219
1,191220
0,191222
0,191224
0,191228
1,191229
0,191230
0,191233
0,191235
0,191236
0,191239
0,191241
0,191243
0,191244
0,191245
0,191249
1,191252
0,191256
0,191260
0,191261
0,191263
0,191264
0,191269
0,191279
0,191283
1,191287
1,191288
0,191291
0,191295
1,191297
1,191299
1,191300
0,191304
1,191307
0,191309
1,191310
0,191312
0,191314
0,191316
0,191319
0,191321
0,191325
0,191327
0,191337
0,191338
1,191339
0,191341
0,191342
0,191344
1,191345
1,191347
0,191348
0,191351
1,191354
0,191356
1,191358
0,191362
0,191364
0,191368
0,191370
1,191372
1,191374
0,191375
0,191380
0,191382
1,191383
1,191387
0,191388
0,191389
0,191393
1,191400
1,191402
0,191403
0,191404
0,191405
0,191406
0,191410
0,191411
0,191412
1,191415
0,191416
0,191418
0,191422
0,191423
1,191432
0,191435
0,191438
0,191439
1,191442
0,191443
1,191446
0,191447
0,191450
0,191451
0,191452
0,191453
0,191459
1,191461
1,191463
1,191464
0,191465
0,191466
1,191467
0,191470
1,191471
0,191472
0,191474
0,191477
0,191479
0,191480
1,191484
0,191487
0,191488
0,191489
0,191491
0,191494
1,191495
0,191496
0,191500
0,191502
0,191503
0,191504
0,191506
1,191515
0,191523
1,191524
0,191526
1,191527
0,191528
0,191529
1,191530
1,191533
1,191537
1,191538
0,191541
0,191542
0,191543
0,191560
1,191562
0,191564
1,191568
1,191572
0,191578
0,191583
0,191586
0,191588
0,191589
1,191591
0,191592
1,191594
0,191600
0,191603
1,191605
1,191610
0,191612
0,191616
0,191619
0,191620
0,191622
0,191624
0,191625
0,191628
0,191630
0,191634
0,191637
1,191642
1,191644
1,191645
1,191646
1,191650
0,191652
1,191653
0,191654
0,191655
0,191657
1,191659
0,191664
0,191668
0,191671
1,191674
0,191678
1,191680
0,191683
0,191684
0,191685
1,191686
0,191688
0,191689
0,191694
0,191695
0,191700
1,191708
1,191709
0,191710
0,191714
0,191716
0,191717
0,191719
1,191720
0,191721
0,191727
0,191728
1,191730
1,191735
0,191736
1,191738
0,191740
1,191745
1,191746
0,191747
0,191748
0,191752
0,191753
1,191755
0,191759
0,191764
0,191765
1,191766
0,191768
1,191772
0,191774
1,191779
1,191781
1,191782
0,191783
1,191784
1,191785
0,191790
0,191792
0,191797
1,191801
0,191803
0,191808
0,191809
0,191810
0,191812
0,191816
0,191817
0,191819
0,191821
0,191822
0,191823
0,191825
0,191827
0,191828
1,191830
0,191833
0,191835
0,191843
1,191845
0,191847
0,191848
0,191851
0,191852
1,191853
0,191854
1,191855
0,191860
0,191862
0,191863
1,191865
0,191866
1,191869
1,191871
1,191879
1,191882
0,191883
1,191885
0,191887
1,191892
0,191893
0,191894
0,191899
0,191900
0,191901
0,191903
1,191912
1,191914
1,191916
0,191921
1,191922
0,191923
1,191924
0,191932
0,191934
1,191941
0,191943
0,191946
1,191947
0,191948
1,191950
0,191954
0,191955
0,191957
0,191958
0,191959
0,191960
0,191962
1,191968
0,191972
0,191975
0,191979
0,191980
0,191982
1,191983
1,191989
0,191995
0,191997
1,191998
0,192002
0,192004
0,192005
1,192008
0,192009
0,192018
0,192020
1,192023
1,192025
0,192026
0,192027
0,192028
0,192029
0,192035
0,192039
0,192041
1,192045
1,192047
1,192049
1,192050
1,192057
0,192060
0,192064
0,192071
0,192072
1,192075
1,192079
1,192080
1,192083
0,192084
0,192087
0,192088
0,192095
0,192096
1,192098
1,192105
0,192110
0,192111
0,192113
0,192117
0,192121
0,192123
1,192128
0,192130
0,192131
0,192132
0,192133
0,192138
0,192140
0,192142
1,192144
0,192146
0,192147
0,192150
0,192151
1,192152
0,192154
0,192156
0,192161
0,192162
0,192163
1,192164
0,192165
0,192166
1,192167
0,192168
0,192169
0,192170
0,192177
0,192178
0,192179
0,192183
1,192187
0,192188
1,192190
0,192191
0,192192
0,192195
0,192198
1,192199
1,192202
0,192203
1,192206
0,192209
0,192211
0,192214
0,192215
0,192216
0,192218
0,192219
0,192222
0,192225
0,192227
0,192228
0,192229
0,192233
0,192234
0,192236
1,192239
0,192241
0,192242
1,192246
1,192247
1,192250
1,192252
0,192253
0,192259
1,192260
0,192263
1,192264
1,192265
0,192266
0,192268
0,192272
0,192273
0,192276
0,192277
1,192282
1,192285
0,192289
0,192290
0,192291
1,192292
0,192293
0,192295
0,192300
1,192302
1,192304
0,192306
0,192308
0,192309
1,192311
0,192313
0,192317
0,192320
1,192323
0,192324
1,192325
0,192327
1,192329
0,192330
0,192331
0,192332
1,192333
0,192334
1,192337
0,192338
1,192339
1,192341
1,192342
0,192343
1,192348
0,192349
0,192351
0,192352
0,192353
0,192362
1,192364
1,192365
0,192367
1,192369
1,192371
0,192373
0,192376
0,192377
0,192381
1,192384
0,192385
1,192388
0,192392
0,192395
0,192396
1,192397
1,192401
0,192403
1,192404
1,192407
1,192411
0,192415
0,192418
0,192419
0,192421
0,192424
0,192425
0,192427
0,192431
0,192433
1,192436
0,192439
0,192440
1,192442
1,192445
0,192446
1,192448
0,192449
0,192451
0,192454
0,192456
1,192457
0,192459
0,192461
1,192463
0,192464
1,192467
0,192476
0,192477
0,192479
1,192480
0,192488
1,192492
0,192493
1,192496
1,192497
0,192498
1,192500
1,192502
0,192505
1,192509
0,192510
0,192511
0,192516
0,192517
1,192518
0,192520
1,192521
1,192524
0,192525
0,192530
0,192531
0,192533
1,192536
1,192537
0,192538
1,192539
0,192540
1,192545
1,192546
0,192548
0,192549
1,192554
1,192555
0,192556
0,192558
0,192559
0,192561
1,192563
0,192565
1,192566
0,192567
1,192570
1,192571
0,192573
0,192576
0,192577
0,192578
0,192579
1,192581
1,192584
0,192586
0,192587
0,192588
0,192591
0,192596
0,192599
0,192600
0,192601
0,192603
0,192606
0,192607
0,192608
1,192612
0,192615
0,192616
0,192617
0,192618
1,192620
1,192623
0,192624
0,192625
1,192633
1,192635
1,192636
1,192642
1,192644
1,192652
0,192655
1,192656
1,192661
1,192662
0,192663
0,192666
0,192668
1,192672
0,192673
0,192674
0,192675
1,192690
1,192691
1,192692
1,192698
1,192700
1,192706
1,192709
1,192714
1,192716
0,192719
0,192720
0,192724
0,192727
1,192730
1,192733
0,192735
0,192738
0,192740
0,192741
0,192743
0,192745
0,192748
1,192751
0,192753
1,192754
1,192756
1,192757
0,192760
1,192762
0,192763
0,192764
0,192765
0,192766
0,192767
0,192768
1,192770
1,192773
1,192774
0,192778
1,192779
0,192780
0,192784
0,192785
0,192786
1,192789
0,192790
0,192792
1,192793
0,192795
0,192797
0,192798
0,192802
0,192806
0,192807
1,192809
0,192813
0,192814
0,192817
0,192820
1,192825
0,192826
1,192831
1,192833
0,192840
0,192842
0,192844
0,192845
0,192848
0,192852
0,192856
1,192858
0,192859
0,192860
0,192866
1,192868
0,192869
0,192876
1,192877
0,192879
0,192880
1,192886
0,192890
1,192891
0,192893
0,192898
1,192900
0,192902
0,192904
0,192905
0,192908
1,192909
0,192911
0,192912
0,192913
0,192915
1,192920
0,192922
1,192923
1,192934
0,192938
0,192939
1,192946
0,192949
1,192950
0,192951
0,192953
1,192956
0,192961
0,192963
1,192964
0,192965
1,192966
1,192973
0,192974
0,192982
0,192990
0,192992
0,192993
1,192994
0,192995
0,192997
1,193004
0,193005
1,193008
0,193012
1,193014
1,193019
1,193022
1,193023
0,193024
1,193025
0,193030
0,193033
1,193034
1,193035
0,193037
0,193038
1,193039
1,193040
1,193045
1,193046
0,193049
0,193050
0,193051
0,193056
1,193058
0,193060
0,193062
0,193063
0,193064
0,193065
0,193070
1,193071
0,193072
1,193075
1,193076
1,193077
0,193080
0,193084
0,193086
1,193089
0,193091
1,193096
0,193099
0,193103
0,193106
0,193109
1,193113
0,193116
0,193117
0,193121
0,193125
1,193126
0,193127
0,193128
1,193132
0,193136
0,193137
0,193144
0,193146
0,193147
0,193148
0,193151
0,193152
0,193154
0,193155
0,193156
0,193158
1,193159
0,193161
1,193162
0,193163
1,193165
0,193174
1,193175
1,193178
0,193181
0,193185
1,193186
0,193187
0,193188
1,193191
0,193193
0,193195
0,193198
1,193199
0,193206
1,193208
1,193209
0,193210
1,193212
0,193213
0,193214
1,193224
0,193227
0,193228
0,193229
0,193245
1,193246
1,193247
1,193249
1,193251
1,193254
0,193255
1,193258
1,193259
0,193260
0,193263
1,193264
1,193271
0,193272
0,193273
0,193277
1,193280
1,193283
0,193286
0,193287
0,193293
0,193299
0,193300
0,193303
1,193306
1,193309
1,193316
0,193319
1,193323
0,193324
0,193327
0,193328
1,193332
1,193336
1,193337
0,193339
1,193342
0,193344
1,193346
0,193348
1,193351
1,193352
1,193356
0,193357
1,193358
0,193359
0,193361
0,193365
0,193370
0,193372
0,193374
0,193375
0,193377
0,193380
0,193382
0,193384
0,193385
1,193390
1,193393
0,193396
0,193397
0,193398
1,193401
1,193410
0,193411
0,193413
0,193416
1,193417
0,193418
0,193420
1,193428
0,193432
0,193434
1,193435
0,193437
0,193442
0,193444
1,193446
0,193447
0,193452
0,193453
0,193454
0,193457
0,193458
1,193461
1,193464
0,193465
0,193467
0,193470
1,193472
0,193473
0,193480
0,193481
0,193485
0,193486
1,193490
0,193495
1,193497
0,193499
0,193500
0,193502
0,193509
1,193515
0,193518
0,193519
0,193520
0,193521
0,193528
0,193530
1,193531
0,193535
0,193537
0,193538
0,193540
0,193542
0,193543
0,193544
1,193548
1,193549
1,193551
0,193552
1,193559
0,193560
0,193566
1,193568
0,193570
1,193575
0,193577
0,193579
0,193582
0,193583
0,193585
1,193592
1,193595
1,193598
0,193599
1,193600
0,193601
0,193605
1,193606
0,193607
0,193609
0,193611
0,193613
0,193614
0,193615
1,193619
0,193621
0,193623
1,193626
0,193631
0,193632
0,193633
0,193634
1,193638
1,193640
1,193641
0,193648
0,193650
0,193655
1,193656
1,193658
1,193659
1,193661
0,193665
0,193666
0,193671
1,193673
0,193678
1,193680
1,193681
0,193686
0,193692
1,193693
1,193694
0,193695
0,193700
0,193705
0,193710
0,193711
0,193712
0,193713
0,193718
0,193720
1,193723
0,193730
1,193737
1,193739
1,193740
0,193748
0,193750
0,193754
0,193756
0,193759
0,193760
1,193761
0,193762
0,193767
1,193769
0,193773
0,193774
0,193775
0,193777
1,193779
1,193780
0,193787
1,193789
1,193793
0,193797
0,193800
1,193801
1,193804
1,193807
0,193811
0,193814
1,193819
0,193821
0,193827
0,193832
0,193834
0,193837
0,193841
0,193844
1,193845
1,193848
1,193850
0,193854
0,193857
0,193860
0,193861
1,193864
0,193867
0,193868
1,193869
1,193876
0,193878
1,193879
1,193881
1,193882
1,193884
0,193885
1,193886
0,193889
0,193895
0,193899
0,193905
1,193906
1,193908
1,193910
0,193911
0,193915
0,193922
1,193924
0,193925
1,193934
0,193937
0,193940
0,193942
0,193945
0,193946
0,193948
1,193950
0,193951
1,193952
0,193953
0,193954
0,193956
0,193959
0,193960
1,193964
0,193968
0,193970
0,193971
0,193978
1,193988
0,193990
1,193992
0,193996
1,193997
1,194001
0,194004
0,194005
0,194009
0,194013
1,194014
1,194016
0,194023
0,194024
1,194025
1,194026
1,194027
0,194029
0,194031
0,194034
1,194040
0,194043
0,194046
0,194047
0,194052
0,194057
0,194061
0,194062
0,194069
0,194070
1,194071
1,194074
0,194075
0,194076
0,194079
1,194083
0,194084
0,194086
0,194087
1,194089
1,194090
0,194091
1,194092
0,194094
0,194095
1,194098
0,194099
0,194102
1,194105
0,194106
0,194112
0,194115
1,194116
0,194120
0,194123
1,194126
0,194131
0,194134
1,194137
1,194138
0,194139
0,194145
1,194146
0,194149
1,194152
0,194153
0,194154
0,194156
0,194161
0,194167
0,194168
0,194174
0,194175
1,194177
1,194178
0,194179
1,194180
1,194183
0,194188
0,194189
0,194192
1,194193
0,194195
0,194197
1,194203
0,194204
1,194206
0,194207
1,194208
0,194216
0,194219
1,194220
0,194224
1,194225
1,194226
0,194228
1,194229
0,194230
0,194232
0,194233
1,194234
0,194235
0,194239
0,194250
0,194252
0,194254
0,194255
0,194258
0,194259
0,194262
0,194263
0,194265
0,194269
0,194273
1,194275
1,194279
0,194283
0,194287
0,194288
0,194289
1,194298
1,194299
0,194301
0,194302
1,194303
0,194305
0,194307
0,194309
0,194312
0,194313
0,194316
0,194321
0,194323
1,194327
1,194328
0,194329
1,194330
0,194334
0,194336
0,194337
0,194338
0,194340
1,194347
1,194350
1,194352
0,194353
0,194354
0,194357
0,194358
0,194361
0,194362
0,194365
0,194366
0,194370
0,194374
1,194376
1,194379
0,194380
1,194381
0,194382
0,194384
1,194385
0,194388
0,194389
1,194390
1,194392
0,194393
1,194394
1,194398
0,194401
0,194404
1,194407
0,194411
0,194412
0,194416
0,194423
1,194426
0,194433
0,194435
1,194436
0,194437
1,194439
0,194440
0,194445
0,194446
0,194448
0,194449
1,194452
1,194453
0,194455
0,194458
0,194460
0,194462
0,194463
1,194464
0,194467
0,194468
0,194469
1,194471
1,194472
0,194473
0,194477
1,194479
0,194486
0,194487
1,194491
0,194495
0,194496
0,194498
0,194502
0,194506
0,194509
1,194510
1,194514
0,194516
1,194519
1,194520
0,194522
0,194523
0,194524
0,194527
0,194533
0,194536
0,194537
1,194549
0,194551
0,194552
0,194554
0,194557
1,194559
1,194560
1,194563
1,194570
0,194575
0,194577
0,194578
1,194584
0,194585
1,194588
0,194592
0,194595
0,194596
1,194598
0,194599
0,194601
0,194603
0,194604
0,194608
0,194618
0,194619
1,194620
1,194622
0,194623
1,194628
0,194630
0,194631
0,194632
0,194633
0,194635
1,194636
1,194638
0,194639
0,194641
0,194643
1,194644
0,194645
0,194646
0,194647
1,194650
1,194655
0,194656
1,194657
0,194658
0,194668
1,194669
0,194671
1,194672
1,194674
0,194675
0,194677
0,194679
0,194684
0,194685
0,194692
0,194693
1,194698
0,194701
1,194702
0,194703
0,194705
0,194712
1,194714
0,194715
0,194720
1,194721
0,194723
1,194727
0,194730
1,194733
1,194734
0,194741
0,194742
1,194744
0,194746
0,194748
0,194751
0,194752
0,194753
1,194758
0,194759
0,194762
0,194764
1,194770
0,194771
0,194772
1,194775
1,194778
0,194784
1,194786
1,194788
0,194790
0,194797
1,194803
0,194805
0,194807
1,194810
0,194817
1,194818
1,194820
1,194825
0,194826
1,194827
1,194828
1,194834
1,194835
0,194838
1,194841
1,194845
0,194849
1,194856
0,194857
1,194859
0,194860
0,194861
0,194862
0,194863
1,194866
0,194867
0,194870
0,194871
0,194872
1,194873
1,194875
0,194876
1,194877
0,194879
0,194880
0,194885
0,194888
0,194889
0,194890
1,194893
0,194895
0,194896
0,194897
0,194900
0,194906
0,194908
1,194909
0,194915
0,194919
0,194922
1,194923
1,194924
1,194928
0,194929
0,194931
1,194932
0,194934
0,194937
1,194941
0,194942
0,194944
1,194946
0,194951
0,194956
1,194957
0,194963
1,194965
0,194969
1,194973
0,194983
0,194985
1,194988
0,194990
0,194992
1,194994
1,194995
0,194996
0,194999
0,195000
1,195005
0,195006
1,195007
1,195010
0,195019
0,195020
0,195021
0,195024
0,195027
0,195031
0,195036
0,195043
0,195048
0,195052
1,195055
0,195057
0,195058
0,195059
1,195060
0,195062
0,195063
1,195072
1,195076
0,195080
0,195081
0,195082
0,195090
1,195095
0,195096
1,195097
1,195098
0,195099
0,195100
0,195101
0,195107
0,195113
0,195114
0,195115
1,195118
1,195119
1,195123
0,195124
0,195128
0,195131
0,195135
0,195136
0,195137
1,195140
0,195143
1,195145
0,195146
0,195155
0,195157
0,195158
0,195159
0,195163
1,195167
0,195168
1,195171
0,195172
0,195173
1,195174
0,195179
0,195182
1,195185
0,195187
0,195193
0,195196
1,195203
1,195204
1,195207
1,195211
1,195214
0,195218
1,195221
0,195228
1,195231
0,195232
0,195235
1,195237
0,195238
0,195239
1,195242
0,195249
0,195250
0,195254
0,195255
1,195258
0,195260
0,195263
1,195266
1,195268
0,195269
0,195271
0,195272
0,195274
1,195276
1,195277
0,195278
0,195281
0,195283
1,195285
1,195287
1,195296
0,195299
0,195300
0,195302
1,195303
0,195306
0,195307
1,195308
0,195310
0,195311
0,195313
1,195321
0,195322
0,195325
1,195326
0,195328
0,195330
0,195331
1,195336
1,195337
0,195338
0,195340
0,195346
0,195349
0,195351
0,195357
0,195358
0,195359
1,195362
1,195363
1,195364
1,195365
0,195366
0,195368
0,195371
0,195376
1,195380
1,195381
1,195386
0,195390
0,195393
0,195395
0,195396
0,195397
0,195398
1,195400
0,195402
0,195403
1,195404
0,195405
0,195411
1,195412
0,195414
1,195417
0,195418
1,195420
0,195423
0,195424
0,195426
0,195430
1,195431
0,195432
1,195436
0,195437
0,195440
0,195444
0,195445
1,195448
0,195449
0,195450
0,195452
1,195453
1,195454
0,195458
0,195460
0,195466
0,195469
0,195470
1,195471
0,195472
0,195475
1,195481
1,195489
0,195490
0,195492
0,195494
1,195495
0,195498
0,195500
0,195502
0,195505
0,195506
0,195507
0,195508
1,195510
0,195514
0,195515
0,195516
0,195518
0,195519
0,195521
0,195522
0,195523
1,195525
0,195526
0,195528
0,195529
0,195531
1,195533
0,195534
0,195537
1,195539
0,195540
0,195542
0,195543
1,195545
0,195546
0,195547
1,195553
0,195554
0,195556
0,195557
0,195559
0,195561
0,195562
1,195566
0,195570
1,195571
0,195572
0,195573
1,195577
0,195585
0,195587
0,195588
0,195590
0,195593
0,195596
0,195597
0,195600
1,195601
0,195602
0,195604
0,195605
0,195606
0,195609
0,195611
0,195614
0,195616
0,195621
0,195622
0,195623
1,195624
0,195625
0,195628
0,195629
0,195630
0,195633
0,195637
0,195638
0,195639
0,195640
0,195642
0,195643
0,195652
0,195653
0,195655
0,195657
1,195660
0,195666
1,195668
0,195669
0,195671
0,195674
0,195678
0,195680
1,195683
0,195684
0,195685
1,195688
0,195694
0,195696
0,195701
0,195702
1,195704
0,195705
0,195707
0,195708
0,195709
0,195713
0,195717
0,195718
1,195721
0,195723
0,195724
0,195728
0,195731
0,195734
0,195737
0,195739
0,195740
1,195743
0,195744
0,195745
0,195746
0,195754
0,195756
0,195760
0,195762
1,195765
0,195766
1,195767
0,195770
0,195774
0,195775
0,195780
0,195783
0,195784
1,195788
1,195796
0,195797
1,195798
0,195801
0,195803
0,195804
0,195805
0,195808
1,195809
0,195812
1,195818
1,195819
1,195821
0,195822
0,195828
1,195830
0,195832
0,195833
0,195835
1,195836
0,195840
0,195844
0,195849
0,195851
0,195852
0,195855
0,195858
1,195860
1,195863
1,195869
1,195874
0,195877
1,195878
1,195880
0,195887
0,195888
0,195889
0,195891
1,195893
0,195894
1,195897
0,195899
0,195900
0,195906
1,195911
1,195913
0,195915
0,195917
1,195919
1,195920
1,195921
0,195923
0,195925
1,195927
0,195931
0,195935
0,195938
0,195939
0,195942
1,195944
0,195949
0,195950
0,195951
1,195954
0,195957
0,195961
0,195965
0,195966
1,195970
1,195971
0,195973
0,195975
0,195977
0,195978
0,195982
1,195983
0,195997
0,196004
1,196005
1,196012
0,196013
0,196020
1,196022
1,196024
0,196026
0,196027
0,196028
0,196029
0,196031
1,196033
1,196034
1,196038
0,196041
0,196043
1,196044
0,196047
0,196052
0,196056
1,196061
0,196064
0,196065
1,196066
0,196068
1,196073
0,196074
1,196075
0,196077
0,196079
0,196080
0,196084
1,196086
0,196087
0,196090
0,196092
0,196095
1,196097
0,196098
0,196099
1,196101
1,196103
0,196105
0,196108
0,196109
0,196110
1,196111
0,196113
0,196114
0,196115
0,196124
0,196126
0,196129
1,196130
1,196134
1,196137
0,196138
0,196139
0,196141
0,196145
0,196148
0,196150
0,196153
0,196155
0,196157
0,196158
0,196159
0,196161
0,196162
1,196163
1,196165
0,196166
0,196173
0,196175
0,196183
1,196186
1,196187
1,196192
0,196193
1,196194
1,196195
0,196198
1,196200
0,196203
1,196206
1,196207
0,196210
1,196211
1,196212
0,196215
1,196216
0,196217
1,196228
1,196231
0,196232
0,196233
0,196235
0,196238
1,196239
1,196242
0,196244
1,196246
0,196247
0,196251
0,196253
0,196255
0,196256
0,196259
1,196264
0,196266
0,196267
1,196270
1,196271
0,196272
0,196273
0,196274
1,196279
0,196281
1,196283
1,196284
1,196287
0,196294
1,196295
0,196298
1,196299
0,196305
0,196306
0,196308
0,196312
1,196315
1,196316
1,196317
0,196322
0,196326
0,196327
1,196329
1,196333
0,196336
0,196341
0,196344
1,196345
0,196351
1,196352
0,196354
0,196358
1,196359
0,196362
0,196367
1,196372
0,196373
0,196375
1,196376
0,196379
1,196381
0,196383
0,196384
0,196388
0,196390
0,196392
0,196395
1,196396
0,196398
1,196401
1,196402
0,196403
1,196404
0,196405
0,196406
1,196407
0,196408
1,196413
1,196414
0,196416
1,196418
0,196419
0,196423
1,196427
0,196429
1,196430
0,196435
0,196439
0,196440
0,196442
0,196443
0,196449
1,196451
0,196452
1,196453
1,196456
1,196457
0,196464
0,196466
1,196467
1,196468
0,196469
0,196470
1,196472
1,196473
0,196474
1,196475
0,196484
0,196485
0,196486
0,196487
1,196489
0,196490
0,196492
0,196493
0,196495
0,196497
1,196499
0,196501
0,196506
0,196508
0,196510
0,196516
1,196520
0,196521
0,196526
0,196527
1,196529
0,196534
1,196540
0,196548
0,196552
1,196553
1,196556
0,196557
0,196560
0,196564
0,196565
1,196568
1,196570
0,196571
1,196573
0,196576
0,196577
1,196580
0,196583
1,196590
0,196591
0,196592
0,196595
0,196596
1,196597
0,196598
0,196599
1,196601
0,196604
0,196607
1,196608
1,196610
1,196616
0,196621
0,196624
0,196627
1,196628
0,196629
0,196630
1,196635
0,196638
1,196639
1,196640
0,196648
0,196649
0,196650
0,196652
1,196654
0,196656
1,196657
1,196661
0,196667
1,196671
1,196674
1,196675
0,196678
0,196684
0,196685
0,196688
0,196689
1,196692
0,196693
0,196694
0,196695
1,196696
0,196697
1,196704
1,196705
0,196706
0,196707
0,196714
0,196719
1,196721
0,196723
0,196724
0,196726
0,196727
1,196733
1,196735
0,196736
0,196737
1,196740
1,196743
1,196745
0,196746
1,196748
0,196749
1,196755
1,196756
0,196761
1,196765
0,196766
1,196777
1,196781
1,196786
1,196787
0,196788
0,196790
0,196794
0,196796
1,196799
0,196801
1,196803
0,196806
0,196807
0,196809
1,196810
1,196816
0,196821
0,196822
0,196823
0,196832
0,196833
0,196834
1,196835
0,196838
1,196846
1,196851
0,196852
0,196855
0,196859
0,196866
1,196873
1,196874
0,196877
0,196880
1,196881
0,196882
1,196887
0,196891
0,196893
1,196894
0,196900
1,196901
0,196905
1,196906
0,196908
0,196911
0,196914
0,196915
0,196917
0,196918
1,196920
1,196921
0,196923
0,196924
1,196926
0,196927
0,196928
0,196929
0,196933
0,196939
1,196941
0,196945
1,196946
1,196947
1,196948
0,196949
0,196951
1,196952
1,196955
0,196958
0,196959
0,196960
0,196961
0,196962
1,196963
0,196968
1,196969
0,196971
0,196972
1,196973
0,196976
0,196987
0,196994
0,197001
1,197002
0,197006
0,197008
0,197009
1,197011
0,197012
0,197015
1,197024
1,197027
0,197033
0,197041
1,197042
1,197045
0,197049
1,197055
1,197061
0,197064
0,197066
1,197067
1,197068
0,197069
0,197072
1,197073
1,197078
0,197080
0,197085
0,197089
0,197094
0,197096
0,197097
0,197101
1,197103
0,197104
1,197107
1,197109
0,197111
0,197114
1,197118
0,197119
0,197120
1,197121
1,197123
0,197124
0,197131
0,197133
1,197135
0,197139
0,197142
1,197148
0,197151
0,197155
0,197156
1,197157
0,197158
1,197161
0,197164
0,197165
1,197167
0,197169
0,197172
0,197173
0,197181
0,197183
0,197185
1,197187
1,197188
1,197189
1,197192
0,197194
1,197195
0,197197
1,197198
1,197199
0,197208
0,197211
0,197212
0,197213
1,197214
0,197215
1,197216
0,197217
0,197218
1,197220
0,197223
0,197225
1,197227
1,197228
0,197229
0,197232
0,197233
1,197234
1,197235
0,197238
0,197239
0,197240
1,197242
0,197243
0,197244
0,197246
0,197248
0,197249
0,197252
0,197253
0,197254
0,197262
0,197263
0,197264
0,197267
0,197269
0,197270
0,197271
1,197272
0,197273
1,197274
1,197275
0,197276
0,197278
0,197279
0,197284
0,197288
0,197289
0,197294
0,197295
0,197297
0,197298
0,197303
1,197307
0,197308
0,197309
0,197310
0,197311
0,197312
0,197314
0,197316
1,197318
1,197319
1,197323
0,197325
1,197326
1,197328
0,197329
0,197331
1,197333
0,197334
0,197335
1,197336
1,197337
0,197338
1,197340
0,197343
0,197344
0,197345
0,197346
1,197348
1,197354
0,197356
0,197357
1,197359
1,197360
1,197365
0,197366
0,197375
0,197377
0,197379
0,197380
0,197384
0,197388
0,197389
1,197392
1,197393
0,197396
0,197397
1,197398
0,197399
0,197402
0,197404
1,197411
0,197414
1,197419
0,197424
0,197426
0,197427
0,197428
0,197429
1,197431
0,197433
0,197434
1,197435
0,197436
0,197438
1,197440
1,197443
0,197444
0,197446
0,197447
1,197449
0,197450
0,197451
0,197452
1,197453
0,197455
0,197467
0,197475
0,197478
0,197481
1,197482
0,197483
0,197486
0,197490
1,197492
1,197494
1,197495
0,197497
0,197501
0,197503
0,197504
0,197506
1,197509
0,197510
0,197512
0,197514
1,197518
0,197521
0,197522
0,197525
1,197527
0,197528
1,197529
1,197530
0,197539
0,197541
0,197542
0,197543
0,197545
1,197546
0,197551
1,197552
0,197554
1,197555
0,197558
0,197563
0,197564
1,197565
1,197568
0,197569
0,197571
0,197574
0,197579
0,197580
0,197582
1,197584
0,197586
0,197593
0,197596
1,197597
0,197602
1,197607
0,197612
0,197613
0,197615
0,197618
0,197623
1,197627
1,197630
0,197634
0,197635
0,197636
0,197638
0,197640
0,197641
0,197642
0,197645
0,197648
0,197650
0,197651
0,197657
1,197659
0,197660
0,197661
0,197663
0,197664
0,197667
0,197668
0,197673
0,197674
0,197676
0,197678
1,197679
1,197680
0,197682
1,197683
0,197688
1,197689
0,197690
0,197694
0,197700
0,197706
0,197707
0,197708
1,197710
0,197711
1,197716
0,197718
1,197719
1,197720
0,197721
0,197722
0,197726
0,197728
0,197730
0,197731
1,197732
0,197733
0,197735
0,197736
0,197745
1,197747
1,197748
1,197749
0,197750
0,197754
1,197755
0,197757
0,197759
0,197762
0,197765
0,197766
0,197767
0,197771
1,197772
1,197773
0,197774
1,197775
1,197777
1,197778
0,197784
0,197785
0,197787
0,197789
0,197794
1,197798
0,197800
1,197803
1,197808
1,197809
0,197814
1,197816
0,197817
1,197820
0,197826
0,197828
0,197829
0,197835
0,197836
0,197837
1,197844
1,197849
1,197852
1,197855
0,197864
0,197867
0,197868
1,197871
1,197874
0,197878
0,197879
0,197883
0,197884
0,197886
1,197890
0,197891
1,197894
0,197901
1,197902
0,197903
0,197904
1,197909
1,197914
0,197915
1,197919
0,197922
1,197924
1,197926
0,197930
1,197935
0,197936
0,197938
0,197939
0,197945
1,197946
0,197948
1,197949
0,197954
0,197955
1,197956
0,197967
0,197971
0,197974
0,197975
0,197978
0,197979
1,197981
0,197985
1,197987
0,197989
0,197991
0,198000
0,198002
1,198005
1,198008
0,198011
0,198013
1,198018
0,198022
0,198024
1,198028
0,198029
1,198030
1,198031
1,198034
0,198035
1,198037
0,198038
0,198042
0,198043
0,198044
0,198045
0,198049
0,198051
0,198052
1,198054
0,198056
1,198057
0,198058
0,198059
1,198061
1,198063
1,198064
0,198065
1,198066
0,198067
1,198068
0,198069
0,198070
0,198071
0,198073
0,198076
0,198078
0,198082
1,198084
0,198085
0,198086
0,198087
1,198088
0,198091
0,198095
0,198103
0,198105
0,198106
0,198108
0,198110
0,198113
0,198115
0,198116
0,198118
0,198121
1,198125
0,198127
0,198130
1,198132
0,198136
0,198137
0,198140
0,198141
0,198142
0,198145
0,198146
0,198151
1,198154
1,198155
0,198158
0,198160
0,198164
0,198166
1,198167
1,198168
0,198172
0,198174
0,198175
0,198177
1,198178
1,198182
0,198186
0,198187
0,198192
0,198193
0,198194
0,198195
0,198196
0,198199
0,198203
1,198204
0,198205
0,198206
0,198209
1,198213
1,198214
0,198217
1,198219
1,198221
1,198222
1,198224
1,198225
0,198227
0,198229
1,198230
0,198232
0,198233
0,198234
0,198235
0,198236
0,198239
0,198242
0,198247
0,198248
0,198251
0,198252
0,198253
0,198254
0,198255
1,198256
1,198259
1,198262
0,198264
0,198265
0,198267
1,198271
1,198273
0,198275
1,198276
0,198277
0,198288
0,198291
0,198294
0,198296
1,198300
0,198302
1,198308
0,198309
0,198311
0,198319
0,198323
0,198324
1,198326
1,198327
0,198331
0,198333
1,198337
0,198339
0,198341
0,198343
0,198344
1,198346
0,198349
0,198350
0,198351
1,198352
0,198353
0,198356
1,198357
0,198359
0,198361
0,198365
1,198366
0,198367
0,198374
1,198376
0,198379
0,198382
1,198383
0,198385
1,198387
1,198388
1,198395
1,198397
0,198405
1,198406
0,198408
1,198409
0,198411
0,198414
0,198416
0,198417
1,198420
0,198424
0,198428
1,198431
0,198434
1,198435
1,198436
0,198437
1,198439
0,198440
0,198441
1,198442
0,198445
0,198446
1,198453
0,198454
0,198456
0,198458
1,198464
0,198465
0,198467
0,198469
1,198473
1,198475
1,198481
0,198482
1,198483
0,198486
0,198487
0,198489
1,198491
1,198493
0,198497
0,198503
1,198504
0,198506
0,198512
0,198518
0,198521
1,198524
1,198525
0,198528
0,198529
1,198530
0,198534
0,198535
0,198538
0,198539
1,198543
1,198547
0,198550
0,198552
0,198556
0,198557
1,198558
1,198559
0,198560
1,198561
1,198567
0,198568
1,198569
0,198575
0,198576
0,198577
0,198582
1,198583
1,198585
1,198588
0,198592
0,198593
0,198595
1,198596
0,198597
0,198603
0,198606
0,198607
1,198608
0,198610
1,198613
0,198614
0,198616
1,198620
0,198622
1,198629
1,198630
1,198632
1,198635
1,198636
0,198639
0,198641
0,198643
0,198644
0,198645
0,198646
0,198652
1,198658
0,198660
0,198662
1,198664
1,198665
0,198666
1,198667
1,198669
1,198670
1,198672
0,198674
0,198676
0,198682
1,198683
1,198685
0,198686
0,198689
1,198692
0,198695
1,198696
0,198698
0,198704
0,198705
0,198706
1,198707
0,198708
1,198711
0,198713
1,198715
0,198716
0,198717
0,198719
0,198721
1,198723
0,198724
0,198725
1,198726
0,198727
0,198728
1,198729
1,198730
1,198731
1,198732
1,198734
0,198736
1,198738
0,198739
0,198742
0,198743
0,198744
0,198745
0,198748
1,198751
1,198756
0,198758
0,198762
0,198766
0,198769
0,198772
0,198775
1,198776
0,198779
0,198780
1,198783
1,198784
1,198785
1,198786
1,198787
0,198789
0,198794
1,198798
0,198804
1,198805
1,198806
1,198809
1,198814
1,198816
1,198818
0,198820
1,198822
1,198825
1,198835
1,198836
1,198839
1,198843
0,198844
0,198846
0,198847
0,198848
1,198851
1,198855
1,198861
0,198864
1,198865
0,198866
1,198867
1,198868
1,198871
0,198872
0,198874
0,198875
1,198880
0,198886
0,198888
1,198900
0,198901
1,198905
0,198906
0,198908
0,198910
1,198911
0,198912
1,198914
0,198918
0,198921
1,198923
0,198924
0,198927
1,198930
0,198935
1,198941
1,198944
0,198947
0,198950
1,198955
1,198958
0,198961
0,198963
1,198964
0,198965
1,198971
1,198974
0,198976
0,198977
0,198980
0,198981
1,198983
0,198984
0,198985
0,198988
0,198994
0,198997
1,198999
0,199000
0,199001
0,199009
0,199013
0,199014
1,199016
0,199017
0,199020
0,199025
0,199028
0,199030
0,199031
1,199038
0,199041
0,199046
1,199047
0,199048
0,199051
0,199053
0,199054
1,199056
0,199058
1,199062
0,199063
0,199064
0,199071
0,199072
0,199073
0,199074
0,199079
0,199080
0,199087
1,199089
0,199090
0,199091
0,199095
1,199102
0,199103
0,199105
1,199106
1,199112
0,199115
0,199117
0,199119
1,199121
1,199123
1,199124
1,199126
0,199128
0,199129
0,199131
0,199132
0,199137
0,199138
0,199142
0,199144
0,199150
1,199152
0,199153
1,199155
0,199156
0,199157
0,199160
0,199161
0,199164
0,199165
1,199166
1,199171
1,199172
1,199173
0,199175
1,199176
0,199179
1,199183
0,199189
1,199191
1,199192
0,199195
0,199196
0,199200
0,199203
1,199207
0,199209
1,199211
1,199214
0,199216
0,199217
1,199218
0,199219
0,199220
1,199228
0,199230
1,199238
0,199240
0,199241
0,199243
0,199244
0,199245
1,199247
1,199250
1,199252
0,199255
0,199256
0,199257
0,199258
1,199264
0,199265
0,199274
1,199277
0,199281
0,199282
1,199283
0,199285
1,199286
0,199293
1,199295
0,199302
1,199311
1,199314
0,199319
0,199323
0,199324
1,199327
0,199328
0,199329
0,199330
1,199331
0,199338
1,199341
0,199342
1,199344
1,199351
0,199352
0,199356
0,199357
0,199359
1,199360
1,199365
1,199366
1,199367
0,199370
1,199371
0,199372
0,199374
0,199375
1,199376
0,199377
0,199378
0,199382
1,199384
0,199388
1,199392
0,199393
0,199394
0,199396
0,199397
0,199398
0,199404
0,199406
1,199410
1,199411
0,199415
0,199417
1,199419
0,199422
1,199426
1,199427
0,199429
0,199431
0,199434
1,199436
1,199437
0,199440
0,199441
1,199442
0,199447
1,199449
1,199453
0,199454
0,199459
0,199466
0,199469
0,199476
1,199477
1,199479
1,199480
1,199483
0,199484
0,199487
0,199489
0,199490
0,199491
0,199492
0,199494
0,199495
0,199502
1,199506
0,199509
1,199512
1,199515
1,199516
0,199519
0,199523
0,199524
0,199528
0,199529
0,199530
0,199531
0,199532
0,199535
0,199536
0,199543
0,199549
1,199551
0,199559
1,199561
0,199562
1,199564
1,199567
0,199569
0,199571
1,199579
1,199580
0,199581
0,199588
0,199589
0,199590
1,199591
1,199595
0,199597
0,199600
0,199601
0,199603
0,199604
0,199605
0,199606
0,199607
0,199608
0,199609
0,199610
0,199611
0,199615
1,199617
0,199618
0,199620
1,199621
0,199622
1,199624
1,199625
0,199626
0,199628
1,199630
0,199634
0,199635
0,199643
1,199647
0,199654
0,199659
0,199661
1,199662
0,199667
1,199671
0,199672
0,199675
1,199677
1,199679
0,199680
0,199682
0,199688
1,199690
0,199691
0,199693
1,199705
0,199706
0,199709
0,199710
1,199711
1,199713
1,199714
0,199715
0,199717
0,199718
0,199720
1,199724
0,199725
0,199726
0,199727
0,199730
0,199731
1,199732
1,199733
1,199735
0,199738
0,199740
0,199741
1,199742
1,199743
1,199745
0,199746
0,199747
1,199749
1,199752
0,199755
0,199756
0,199758
1,199761
0,199765
0,199766
0,199767
1,199768
0,199773
1,199778
0,199783
0,199784
0,199785
0,199786
1,199787
1,199788
0,199792
1,199794
0,199796
0,199800
0,199802
1,199806
0,199807
0,199808
1,199809
1,199811
1,199813
0,199815
0,199819
0,199820
1,199823
0,199825
0,199826
0,199828
1,199829
0,199830
1,199838
0,199840
0,199848
0,199856
1,199858
1,199862
0,199863
0,199864
1,199865
0,199868
0,199875
0,199876
0,199877
1,199879
1,199880
1,199884
0,199885
0,199886
0,199887
0,199888
0,199890
1,199891
0,199898
1,199900
0,199903
0,199907
1,199911
0,199913
1,199916
0,199917
1,199918
1,199922
0,199926
0,199930
0,199935
1,199936
0,199938
1,199939
0,199942
1,199947
1,199948
0,199950
0,199955
0,199957
0,199958
0,199961
1,199964
1,199965
1,199967
1,199968
1,199970
1,199971
1,199972
0,199973
0,199977
0,199978
0,199979
0,199981
0,199982
0,199983
1,199985
0,199986
0,199987
1,199991
0,199995
1,199996
1,199997
1,199998
0,199999
1,200000
1,200002
1,200003
0,200005
1,200008
1,200009
0,200010
0,200016
0,200021
0,200024
0,200025
0,200027
0,200030
0,200034
0,200036
0,200038
0,200040
0,200041
0,200045
1,200047
1,200049
1,200050
1,200052
0,200053
1,200054
0,200055
0,200056
0,200057
1,200058
0,200059
0,200067
1,200068
1,200077
0,200078
0,200079
0,200083
0,200085
1,200092
1,200093
0,200097
0,200099
0,200102
1,200104
1,200105
0,200106
0,200107
0,200108
0,200109
0,200112
1,200113
0,200115
0,200116
0,200118
0,200125
1,200126
0,200131
1,200132
0,200133
0,200134
0,200137
1,200139
1,200140
0,200142
1,200144
1,200145
1,200147
0,200148
0,200149
0,200150
0,200151
1,200154
1,200156
1,200161
0,200163
0,200166
0,200167
0,200169
0,200170
0,200171
1,200172
1,200174
0,200176
0,200178
0,200181
0,200183
0,200184
1,200185
0,200187
0,200190
0,200193
1,200194
1,200195
0,200198
0,200200
0,200202
1,200203
1,200204
1,200207
0,200208
0,200209
0,200210
0,200212
0,200214
1,200217
1,200218
1,200222
0,200223
1,200226
0,200227
0,200228
0,200230
0,200232
1,200233
0,200235
0,200236
0,200242
0,200243
1,200244
0,200245
0,200246
0,200250
1,200252
0,200255
0,200257
0,200258
0,200259
0,200261
0,200264
0,200265
0,200266
1,200268
0,200269
0,200270
0,200272
1,200274
0,200276
1,200278
0,200282
0,200285
0,200287
0,200294
0,200300
1,200301
0,200306
1,200308
1,200310
0,200311
1,200313
0,200319
0,200320
1,200322
1,200323
0,200325
0,200326
1,200331
0,200332
0,200338
1,200342
0,200343
0,200346
1,200351
1,200354
0,200356
0,200362
1,200365
0,200366
0,200372
0,200376
1,200379
1,200380
1,200382
0,200383
1,200387
1,200389
1,200390
0,200391
1,200392
0,200393
0,200394
0,200396
0,200397
0,200400
0,200405
0,200410
1,200416
1,200417
1,200419
0,200421
1,200423
1,200426
1,200430
0,200431
0,200432
0,200434
0,200435
0,200438
0,200440
0,200441
1,200442
0,200444
0,200445
1,200446
0,200450
1,200451
1,200453
1,200456
1,200458
0,200459
0,200460
0,200461
0,200465
1,200466
0,200469
1,200473
0,200474
0,200475
0,200479
1,200481
1,200486
0,200492
0,200502
1,200503
0,200504
1,200506
0,200508
0,200510
0,200512
0,200513
1,200514
0,200516
0,200523
0,200524
1,200526
0,200527
1,200529
1,200532
1,200533
0,200534
0,200536
1,200540
1,200541
1,200544
0,200546
0,200551
0,200553
0,200558
1,200559
0,200563
0,200566
0,200568
0,200571
0,200572
0,200573
0,200576
0,200579
0,200581
0,200582
0,200585
1,200586
0,200590
0,200594
0,200596
1,200598
1,200601
1,200603
1,200607
0,200608
1,200609
1,200611
0,200614
0,200617
0,200618
1,200622
0,200623
0,200632
1,200633
1,200634
1,200636
0,200642
0,200643
0,200645
1,200647
1,200648
0,200649
1,200656
0,200657
0,200663
0,200669
1,200670
0,200671
0,200678
0,200679
0,200682
0,200683
0,200685
0,200686
1,200688
0,200690
1,200691
1,200692
0,200695
0,200696
0,200698
1,200699
1,200700
0,200707
1,200708
0,200710
0,200714
1,200716
0,200718
1,200720
1,200723
1,200727
0,200735
1,200738
1,200745
1,200746
1,200747
0,200748
0,200751
0,200755
0,200757
0,200758
1,200761
0,200765
1,200766
0,200768
1,200769
0,200770
0,200771
0,200772
0,200773
1,200774
0,200776
0,200777
0,200778
1,200779
1,200781
1,200782
0,200783
0,200784
0,200785
0,200788
0,200793
1,200794
0,200796
0,200801
0,200806
1,200808
0,200812
1,200814
0,200815
1,200819
1,200820
1,200821
1,200822
0,200824
0,200827
1,200828
0,200829
1,200832
1,200835
0,200840
0,200841
0,200843
0,200845
1,200847
0,200849
1,200850
0,200851
1,200852
0,200854
0,200856
1,200861
0,200862
0,200863
0,200869
0,200870
0,200871
0,200872
0,200873
0,200874
0,200878
0,200879
0,200882
0,200883
1,200886
0,200887
1,200889
0,200893
0,200895
0,200897
0,200898
0,200899
1,200902
0,200903
0,200905
1,200907
0,200908
0,200910
1,200913
0,200915
0,200916
0,200918
0,200920
1,200922
0,200923
0,200927
0,200930
0,200931
0,200933
0,200936
0,200939
1,200940
0,200941
0,200944
0,200945
1,200947
0,200948
1,200950
1,200951
0,200959
0,200961
0,200962
1,200967
0,200969
0,200970
0,200971
0,200973
1,200975
1,200979
0,200981
0,200982
1,200984
1,200987
0,200988
0,200990
0,200994
0,201001
0,201002
1,201006
0,201007
1,201008
0,201009
1,201015
1,201016
0,201017
0,201020
0,201023
0,201025
0,201027
0,201030
0,201031
0,201036
0,201037
1,201040
1,201042
0,201045
1,201046
0,201047
0,201049
0,201050
1,201052
1,201054
0,201056
1,201064
1,201065
0,201067
1,201070
1,201071
1,201074
0,201075
0,201077
0,201078
0,201082
0,201085
0,201088
0,201093
0,201100
1,201101
1,201104
1,201105
0,201110
0,201112
1,201114
0,201118
0,201121
0,201123
0,201124
0,201126
0,201135
1,201136
0,201137
0,201140
0,201143
1,201147
0,201149
0,201156
0,201157
0,201158
0,201159
0,201161
1,201163
0,201166
0,201168
0,201170
0,201171
0,201172
0,201173
0,201175
0,201176
0,201177
0,201178
1,201185
0,201190
1,201192
0,201193
0,201194
0,201195
0,201196
0,201198
0,201201
0,201206
0,201209
0,201214
0,201217
0,201218
0,201219
0,201220
1,201222
0,201227
0,201230
0,201232
0,201236
1,201238
0,201240
0,201241
1,201249
0,201250
0,201252
0,201253
1,201255
0,201256
0,201258
0,201259
0,201261
1,201265
0,201266
1,201267
0,201269
0,201272
0,201274
0,201276
0,201277
0,201279
0,201280
0,201282
0,201285
0,201297
0,201298
1,201300
0,201301
0,201303
0,201304
0,201305
0,201309
0,201310
0,201311
0,201315
0,201316
0,201317
0,201319
0,201320
0,201321
0,201322
0,201325
1,201326
0,201329
0,201331
0,201334
1,201335
1,201336
0,201337
1,201338
0,201340
0,201342
1,201344
0,201350
0,201352
0,201353
1,201356
0,201359
1,201361
0,201363
1,201365
1,201368
0,201369
0,201371
0,201373
0,201375
0,201384
0,201385
0,201386
1,201387
1,201393
0,201396
0,201398
1,201399
0,201401
1,201407
0,201409
0,201410
0,201414
1,201416
0,201418
0,201420
0,201422
0,201427
0,201428
1,201429
0,201430
0,201435
0,201436
1,201437
1,201438
1,201442
1,201443
0,201446
0,201447
0,201453
1,201457
0,201458
0,201459
1,201462
0,201463
0,201465
0,201466
1,201468
0,201469
1,201473
0,201474
0,201475
0,201477
1,201479
1,201480
1,201482
0,201483
0,201484
0,201488
1,201490
0,201493
0,201495
0,201496
0,201499
0,201501
1,201505
0,201506
1,201507
0,201509
0,201510
0,201516
0,201522
0,201523
1,201524
1,201527
0,201529
0,201530
0,201532
0,201534
1,201541
0,201542
1,201543
0,201545
0,201546
0,201549
0,201550
0,201551
0,201555
1,201556
0,201564
1,201565
0,201566
1,201567
0,201570
0,201572
0,201573
0,201575
0,201579
0,201581
0,201583
0,201585
0,201596
0,201597
0,201600
0,201602
1,201603
0,201605
0,201608
0,201609
1,201613
0,201614
1,201615
1,201618
0,201619
1,201624
0,201626
0,201629
0,201630
1,201631
1,201632
0,201633
1,201640
0,201643
0,201644
0,201646
1,201655
0,201656
1,201657
0,201658
0,201660
0,201661
0,201662
0,201664
0,201666
1,201668
1,201669
1,201670
1,201671
0,201674
1,201681
1,201685
0,201686
1,201687
1,201689
0,201690
1,201691
0,201696
0,201697
0,201699
0,201700
0,201704
1,201705
1,201712
0,201713
0,201714
0,201717
0,201718
0,201720
1,201724
0,201725
0,201726
0,201727
0,201728
1,201729
0,201734
0,201735
0,201740
1,201741
1,201743
0,201749
0,201751
0,201752
1,201756
0,201759
0,201760
1,201763
0,201767
0,201775
0,201776
1,201777
0,201778
0,201781
0,201783
0,201784
0,201788
1,201789
1,201791
0,201798
0,201803
0,201804
0,201805
1,201808
0,201811
0,201815
0,201816
0,201817
1,201820
0,201821
1,201823
0,201824
0,201828
1,201830
0,201834
0,201835
0,201836
0,201838
0,201842
0,201843
1,201844
1,201849
0,201850
0,201855
0,201857
0,201868
0,201869
0,201870
1,201873
0,201875
0,201879
0,201880
1,201882
0,201889
0,201890
0,201891
1,201894
1,201896
0,201897
0,201905
0,201908
1,201911
0,201912
0,201915
0,201916
0,201917
0,201927
0,201934
1,201935
0,201936
0,201941
0,201942
0,201944
1,201945
1,201950
1,201952
0,201953
0,201957
1,201959
0,201962
0,201963
0,201965
1,201967
0,201970
1,201974
1,201977
1,201979
0,201980
0,201982
0,201983
1,201986
0,201989
0,201993
0,201994
0,201995
0,201999
0,202002
0,202005
0,202007
0,202008
0,202012
0,202013
0,202019
0,202020
1,202025
1,202026
0,202028
1,202029
1,202042
0,202043
0,202045
0,202047
0,202049
0,202057
1,202058
0,202064
0,202067
0,202070
0,202072
1,202075
0,202078
0,202079
1,202083
0,202084
0,202086
1,202087
1,202089
1,202095
0,202097
0,202099
0,202101
1,202106
1,202108
0,202109
0,202114
0,202115
0,202116
1,202119
0,202121
1,202123
1,202126
0,202128
1,202133
0,202134
0,202138
0,202140
0,202144
0,202145
1,202149
0,202159
0,202160
0,202161
0,202162
0,202165
0,202166
1,202167
0,202175
0,202189
0,202197
0,202198
0,202199
0,202201
1,202203
1,202204
1,202206
0,202214
0,202215
1,202217
0,202218
0,202222
0,202223
0,202224
0,202225
0,202226
0,202227
0,202229
0,202235
1,202236
1,202239
0,202244
1,202247
1,202248
1,202251
1,202252
0,202254
0,202257
1,202259
1,202261
0,202264
0,202266
1,202269
0,202270
0,202274
1,202277
1,202282
1,202283
0,202287
0,202289
1,202290
0,202292
1,202293
1,202297
0,202299
0,202300
1,202303
1,202304
0,202305
1,202306
0,202308
0,202309
0,202311
0,202312
0,202313
0,202314
1,202317
1,202318
1,202319
1,202326
1,202328
1,202331
1,202332
0,202335
1,202342
0,202343
1,202348
1,202349
0,202350
0,202351
1,202352
1,202356
1,202362
0,202364
0,202366
1,202367
0,202375
0,202378
0,202379
1,202381
1,202385
0,202386
0,202390
0,202392
0,202393
1,202394
1,202397
1,202399
0,202403
1,202406
1,202407
0,202413
0,202417
0,202423
1,202426
1,202427
0,202431
1,202433
0,202436
1,202437
0,202441
0,202442
0,202444
0,202446
0,202451
0,202454
0,202458
0,202459
1,202464
1,202469
1,202470
1,202473
0,202475
0,202482
1,202483
0,202489
0,202490
0,202491
0,202493
0,202494
1,202495
0,202499
0,202501
0,202503
0,202505
0,202507
0,202508
1,202511
1,202512
1,202514
0,202515
0,202516
0,202518
0,202521
0,202522
1,202523
0,202525
0,202526
0,202527
1,202529
1,202531
0,202534
0,202536
1,202538
1,202540
0,202542
1,202543
1,202546
1,202547
0,202548
0,202549
0,202552
1,202554
0,202561
0,202562
1,202563
1,202564
0,202568
0,202571
0,202572
0,202573
0,202574
0,202575
1,202576
0,202579
0,202584
1,202587
0,202588
1,202589
0,202592
0,202595
1,202599
0,202606
0,202607
1,202608
0,202610
0,202611
0,202612
1,202613
0,202622
1,202624
0,202625
0,202629
0,202633
0,202634
1,202642
1,202643
0,202645
0,202646
1,202647
0,202648
1,202650
1,202653
0,202656
1,202657
1,202659
1,202660
0,202661
0,202662
0,202664
1,202665
1,202668
0,202670
1,202673
0,202676
0,202679
1,202683
0,202684
0,202685
0,202692
1,202705
0,202711
0,202713
0,202716
1,202718
0,202721
0,202729
1,202731
1,202734
0,202735
0,202737
1,202739
1,202741
0,202742
1,202743
0,202744
1,202746
1,202749
0,202755
0,202756
1,202758
1,202760
0,202761
1,202763
1,202765
0,202766
0,202768
1,202770
0,202774
0,202775
0,202778
0,202780
0,202781
0,202786
1,202790
1,202791
0,202793
0,202797
1,202801
0,202803
0,202808
0,202813
1,202814
0,202815
1,202820
0,202824
1,202825
0,202827
0,202829
1,202832
0,202833
0,202834
1,202842
0,202846
0,202847
1,202848
0,202850
0,202854
1,202859
0,202860
0,202863
1,202865
0,202869
1,202870
1,202878
1,202882
1,202883
1,202884
0,202885
1,202886
0,202887
0,202888
0,202890
1,202894
1,202895
0,202896
0,202899
0,202901
0,202902
0,202907
0,202908
0,202909
0,202915
0,202917
0,202918
1,202919
1,202921
1,202923
1,202924
0,202926
0,202930
1,202933
1,202934
1,202939
0,202942
0,202943
1,202949
0,202950
1,202952
0,202953
1,202955
1,202956
1,202957
0,202958
0,202963
0,202967
1,202968
0,202970
0,202973
0,202974
0,202975
1,202981
1,202982
0,202987
1,202988
1,202993
0,202997
0,203000
0,203004
0,203006
0,203007
0,203009
0,203013
0,203015
0,203016
0,203017
0,203020
1,203027
1,203028
1,203029
1,203030
0,203032
0,203035
1,203036
1,203038
0,203039
0,203040
0,203046
0,203048
1,203051
0,203053
0,203057
0,203058
0,203060
1,203063
1,203064
0,203065
1,203066
0,203071
0,203073
1,203074
1,203077
0,203078
0,203081
1,203082
0,203084
0,203085
0,203087
0,203088
0,203089
0,203091
1,203094
0,203100
1,203103
1,203104
0,203105
1,203106
1,203107
0,203114
1,203115
1,203117
0,203122
0,203123
1,203125
0,203127
1,203131
0,203133
1,203137
1,203141
0,203142
0,203145
0,203148
0,203152
0,203153
1,203154
0,203155
0,203156
0,203160
1,203161
0,203163
0,203164
0,203165
1,203168
0,203170
0,203172
0,203173
1,203174
0,203175
1,203178
0,203180
0,203181
0,203185
0,203186
0,203187
0,203192
0,203195
0,203196
0,203198
1,203199
1,203200
0,203208
0,203209
1,203212
1,203215
1,203218
1,203220
0,203221
1,203225
1,203231
0,203232
1,203240
0,203241
1,203242
0,203243
1,203245
0,203249
1,203253
0,203254
0,203255
0,203259
0,203268
0,203270
0,203274
0,203275
0,203276
0,203279
0,203281
0,203283
0,203285
1,203287
1,203290
1,203293
1,203294
0,203297
0,203299
0,203300
0,203302
0,203304
0,203309
0,203311
0,203312
1,203314
0,203315
0,203316
1,203319
0,203320
0,203321
0,203323
0,203326
1,203327
1,203329
1,203334
0,203337
0,203340
0,203341
0,203348
0,203352
0,203353
0,203360
1,203362
1,203363
0,203365
1,203366
1,203369
0,203370
1,203371
0,203375
0,203378
1,203382
0,203386
1,203387
0,203388
0,203395
0,203397
0,203398
0,203400
1,203408
0,203413
0,203414
1,203416
1,203417
0,203420
0,203422
0,203424
0,203425
0,203428
0,203431
0,203434
0,203437
0,203439
0,203442
0,203444
0,203449
0,203450
0,203452
0,203458
0,203461
0,203464
0,203468
1,203469
0,203475
1,203478
0,203479
0,203480
1,203485
1,203488
0,203489
0,203490
0,203491
0,203492
1,203494
0,203498
0,203500
1,203504
0,203505
0,203507
1,203511
0,203512
0,203514
0,203518
0,203519
0,203524
0,203529
0,203531
1,203532
1,203541
0,203544
0,203545
0,203547
1,203548
1,203550
0,203552
1,203553
1,203558
0,203559
1,203560
0,203561
1,203562
1,203564
1,203566
0,203571
0,203572
0,203573
1,203574
0,203577
0,203580
0,203581
0,203583
1,203585
0,203587
1,203591
0,203592
0,203593
0,203594
0,203596
1,203598
0,203600
1,203601
0,203613
1,203614
0,203617
1,203623
1,203624
0,203625
0,203632
1,203638
1,203640
0,203643
1,203647
1,203648
1,203649
1,203650
0,203651
0,203654
0,203656
1,203661
1,203662
1,203665
0,203666
0,203672
0,203674
0,203677
1,203678
0,203680
0,203687
0,203689
0,203692
0,203695
1,203699
1,203701
1,203702
0,203711
1,203712
1,203715
0,203718
0,203720
0,203721
1,203726
0,203727
0,203728
1,203729
1,203733
0,203734
0,203735
0,203736
1,203737
1,203739
0,203741
0,203746
0,203749
0,203752
0,203753
0,203755
1,203757
0,203758
1,203762
1,203765
0,203766
0,203767
0,203769
1,203776
1,203788
0,203789
0,203790
0,203791
1,203795
0,203799
1,203800
0,203803
0,203806
0,203813
1,203818
0,203819
0,203826
0,203830
1,203831
0,203833
0,203834
0,203835
0,203837
0,203842
1,203843
0,203844
0,203847
0,203850
0,203851
1,203852
0,203855
0,203858
0,203859
0,203860
0,203861
0,203862
1,203863
0,203868
0,203870
0,203871
0,203872
1,203873
0,203875
1,203876
0,203877
1,203878
0,203879
0,203880
0,203882
1,203886
1,203887
1,203889
1,203892
0,203895
1,203896
0,203897
0,203899
1,203901
0,203903
1,203907
0,203910
1,203911
0,203912
0,203913
0,203914
0,203917
0,203920
0,203922
1,203923
0,203924
0,203930
0,203931
0,203936
0,203937
0,203938
0,203939
1,203942
1,203944
0,203946
0,203950
0,203952
0,203954
0,203962
0,203964
1,203965
0,203968
0,203969
1,203972
1,203973
0,203974
0,203977
1,203978
0,203981
0,203984
0,203991
1,203992
1,203995
1,203996
0,203997
1,204001
1,204007
0,204011
0,204013
0,204015
0,204016
0,204017
1,204019
0,204022
0,204023
0,204024
0,204031
1,204034
0,204036
1,204039
1,204041
0,204043
1,204044
0,204045
1,204050
1,204051
0,204053
1,204063
0,204065
1,204066
0,204067
0,204068
1,204072
0,204076
0,204078
1,204079
1,204083
0,204084
0,204085
0,204087
0,204088
0,204091
0,204094
0,204095
1,204096
0,204098
0,204105
0,204106
0,204109
0,204114
1,204120
1,204123
1,204125
1,204128
0,204129
0,204130
1,204136
0,204137
0,204138
0,204142
0,204143
0,204145
1,204148
1,204149
0,204150
1,204152
0,204153
0,204155
0,204159
0,204160
0,204161
1,204163
0,204166
0,204171
0,204173
1,204176
0,204180
0,204181
0,204183
0,204184
1,204192
1,204193
0,204196
1,204198
0,204203
1,204204
0,204205
1,204206
0,204210
0,204212
0,204219
0,204220
1,204221
0,204224
1,204225
1,204227
1,204228
0,204231
1,204232
1,204233
0,204234
0,204239
1,204240
0,204241
1,204243
1,204246
0,204247
0,204249
0,204251
1,204252
0,204258
0,204259
1,204262
0,204263
0,204266
0,204268
0,204271
0,204274
1,204276
1,204278
0,204280
1,204281
1,204284
0,204288
0,204292
0,204294
0,204295
0,204299
0,204300
0,204301
1,204303
0,204312
0,204316
0,204319
0,204324
1,204325
0,204328
1,204329
0,204332
0,204337
1,204338
0,204339
0,204340
0,204341
1,204343
1,204346
0,204347
1,204349
1,204351
0,204353
0,204356
0,204358
1,204361
0,204364
1,204371
0,204372
1,204374
0,204376
0,204377
0,204379
0,204382
0,204383
0,204385
1,204388
1,204389
0,204390
1,204392
0,204395
1,204396
0,204397
0,204398
0,204399
0,204401
1,204403
0,204407
0,204412
1,204414
0,204419
0,204420
1,204422
1,204426
0,204427
1,204428
0,204430
0,204433
0,204436
1,204438
1,204440
0,204441
1,204445
0,204446
1,204451
0,204457
1,204459
1,204465
0,204468
0,204469
0,204471
1,204475
0,204476
0,204480
1,204481
0,204482
0,204483
0,204485
0,204487
1,204489
0,204493
0,204495
1,204496
0,204498
0,204501
1,204504
1,204507
0,204509
1,204513
0,204514
0,204515
0,204520
1,204522
0,204524
1,204526
0,204527
1,204529
0,204530
1,204532
0,204535
0,204536
0,204537
0,204538
0,204543
1,204544
0,204546
1,204553
0,204555
0,204559
0,204561
0,204564
0,204565
0,204567
0,204568
0,204573
0,204580
0,204585
1,204592
1,204598
0,204600
1,204601
1,204602
0,204604
0,204605
0,204606
0,204607
0,204608
1,204612
0,204614
0,204616
0,204619
1,204620
1,204624
1,204626
0,204627
0,204628
0,204630
0,204631
1,204635
0,204640
0,204641
0,204645
1,204647
1,204650
1,204652
0,204654
0,204655
0,204663
0,204665
0,204666
0,204672
1,204675
0,204679
0,204681
1,204687
0,204689
0,204690
0,204691
1,204694
0,204695
0,204696
0,204699
0,204705
0,204709
1,204713
0,204717
0,204720
0,204722
1,204730
0,204731
0,204732
1,204734
0,204736
0,204737
0,204738
0,204743
1,204745
0,204746
1,204748
1,204749
0,204756
0,204758
0,204763
0,204766
1,204767
0,204772
1,204775
0,204777
0,204778
0,204784
1,204785
0,204789
0,204790
0,204792
0,204795
0,204797
0,204798
0,204807
0,204808
1,204809
0,204811
0,204812
0,204813
0,204814
1,204816
0,204818
0,204820
0,204822
0,204824
0,204825
1,204827
0,204830
1,204831
0,204832
0,204833
1,204836
0,204837
1,204838
0,204839
0,204840
0,204842
1,204850
0,204851
0,204857
0,204860
0,204866
0,204868
1,204881
1,204885
0,204888
0,204892
0,204893
0,204897
0,204900
0,204902
0,204904
1,204906
0,204909
0,204911
1,204914
1,204916
0,204921
0,204922
1,204928
1,204935
0,204938
1,204944
1,204945
1,204946
0,204949
0,204953
0,204955
0,204956
0,204957
0,204958
0,204960
0,204961
0,204962
1,204963
0,204964
1,204965
1,204966
0,204969
1,204970
1,204974
1,204976
0,204978
0,204982
1,204985
1,204991
1,204992
1,204993
0,204994
1,204995
0,204998
1,204999
0,205000
0,205001
0,205005
0,205006
0,205011
0,205012
1,205014
1,205015
0,205019
0,205020
0,205024
0,205029
0,205031
0,205034
0,205040
0,205042
0,205043
0,205046
0,205047
0,205051
0,205053
1,205056
0,205057
0,205059
0,205060
0,205061
0,205062
1,205064
0,205066
0,205068
0,205069
0,205070
0,205075
0,205077
0,205083
1,205085
0,205087
0,205089
1,205092
0,205093
0,205096
1,205098
1,205099
1,205103
0,205104
0,205106
1,205108
1,205109
0,205114
0,205115
1,205120
1,205121
0,205123
1,205124
0,205133
0,205135
1,205142
0,205144
0,205147
1,205150
1,205151
1,205157
0,205161
1,205162
0,205166
0,205167
0,205168
1,205170
0,205172
0,205173
0,205174
0,205175
0,205177
0,205178
1,205182
0,205184
1,205187
1,205190
0,205192
0,205194
1,205196
0,205203
0,205204
0,205205
0,205206
0,205210
0,205212
0,205216
1,205218
0,205221
0,205222
0,205225
0,205232
0,205234
1,205242
0,205245
0,205246
0,205248
0,205249
1,205252
0,205263
0,205271
1,205272
0,205274
0,205275
0,205276
0,205277
0,205278
1,205282
1,205286
1,205287
0,205291
1,205293
0,205296
0,205298
0,205301
0,205302
0,205303
0,205306
0,205307
0,205310
1,205311
1,205314
0,205325
0,205327
1,205341
0,205342
0,205344
1,205347
1,205349
1,205351
0,205357
0,205358
0,205359
0,205360
0,205361
0,205363
1,205365
0,205367
1,205369
0,205374
1,205375
0,205377
0,205378
1,205379
0,205382
1,205384
0,205385
0,205386
1,205387
1,205389
0,205393
0,205395
1,205398
1,205402
1,205403
0,205404
1,205405
0,205406
0,205408
0,205409
0,205413
0,205414
0,205416
0,205418
1,205425
0,205426
0,205428
0,205433
0,205435
0,205436
0,205438
0,205440
1,205441
1,205443
0,205444
0,205445
0,205449
0,205450
0,205451
0,205454
0,205455
0,205457
1,205462
1,205464
1,205467
1,205470
1,205473
0,205475
0,205477
0,205478
1,205485
0,205487
1,205489
1,205490
0,205492
1,205495
0,205497
0,205500
0,205502
1,205503
0,205508
0,205509
0,205510
0,205512
0,205519
0,205520
1,205521
1,205523
1,205524
0,205526
1,205527
1,205529
0,205531
0,205532
0,205535
0,205536
0,205538
1,205539
1,205540
0,205541
0,205542
0,205543
0,205544
0,205548
1,205549
0,205550
0,205553
0,205556
0,205557
0,205558
0,205560
1,205561
1,205562
0,205568
0,205570
0,205572
0,205574
1,205578
0,205580
1,205584
0,205590
0,205591
0,205592
0,205595
1,205596
0,205597
1,205598
0,205601
1,205603
1,205605
1,205609
0,205611
1,205617
0,205620
0,205625
1,205626
0,205627
0,205628
0,205629
0,205632
1,205633
0,205634
0,205636
0,205640
0,205641
0,205647
1,205653
1,205654
0,205655
0,205656
0,205659
0,205660
0,205662
0,205664
0,205665
1,205667
1,205670
0,205672
0,205676
0,205677
1,205682
0,205684
0,205688
0,205689
0,205694
0,205695
1,205698
0,205700
0,205706
0,205710
1,205712
0,205715
1,205718
0,205719
0,205722
0,205723
0,205724
0,205727
0,205728
1,205737
0,205742
1,205744
1,205745
0,205747
1,205756
0,205761
0,205764
0,205766
0,205769
0,205771
0,205772
0,205775
0,205777
1,205782
0,205783
1,205784
0,205785
0,205786
0,205788
0,205790
1,205791
0,205794
1,205795
0,205799
0,205800
1,205802
0,205805
1,205807
0,205811
1,205815
1,205816
0,205817
0,205818
0,205821
1,205822
0,205823
0,205825
0,205829
0,205833
1,205834
1,205838
1,205841
1,205842
1,205843
1,205851
1,205853
0,205854
0,205857
0,205858
0,205861
0,205862
0,205863
1,205868
1,205871
1,205872
1,205878
0,205879
0,205880
0,205882
0,205886
0,205892
1,205903
0,205906
0,205907
0,205909
0,205910
1,205911
1,205913
0,205914
0,205915
0,205916
1,205918
0,205919
0,205920
0,205921
0,205923
0,205927
1,205928
1,205930
0,205931
1,205935
1,205936
1,205938
0,205941
0,205942
0,205944
0,205945
0,205946
0,205947
1,205950
0,205954
0,205956
1,205957
1,205960
1,205961
1,205962
0,205969
0,205971
1,205973
1,205975
0,205979
0,205982
1,205983
1,205985
0,205986
0,205987
0,205988
0,205989
1,205990
0,205991
1,205992
0,205995
0,205997
0,205999
1,206004
1,206015
0,206020
1,206027
1,206031
0,206032
1,206033
0,206034
0,206036
0,206037
0,206039
0,206043
0,206045
0,206050
0,206051
1,206053
0,206056
1,206057
0,206058
0,206059
0,206061
0,206062
0,206063
1,206064
1,206065
1,206066
0,206069
0,206074
0,206077
0,206080
1,206082
0,206085
0,206090
1,206092
0,206093
1,206094
1,206097
0,206098
0,206099
0,206102
0,206103
1,206104
0,206106
0,206107
0,206116
0,206120
0,206123
0,206127
1,206128
1,206129
0,206133
0,206139
0,206140
0,206143
0,206149
0,206151
0,206156
1,206157
1,206160
0,206165
0,206168
0,206175
0,206177
0,206178
0,206180
1,206182
0,206183
0,206186
0,206187
0,206195
0,206196
0,206198
0,206202
0,206203
0,206204
0,206205
1,206206
0,206207
1,206212
0,206216
1,206222
1,206224
1,206226
1,206228
1,206229
0,206230
1,206233
1,206234
1,206235
0,206237
1,206238
0,206240
0,206245
1,206247
1,206248
0,206250
0,206252
0,206254
1,206259
0,206260
1,206262
0,206264
0,206265
1,206267
1,206268
0,206270
0,206271
1,206272
0,206274
0,206276
0,206277
1,206279
0,206280
0,206282
0,206284
0,206286
1,206287
0,206290
1,206291
0,206292
0,206293
0,206296
1,206297
0,206302
0,206303
0,206306
0,206308
1,206309
1,206310
0,206311
0,206312
1,206314
0,206315
0,206319
0,206321
1,206322
0,206323
1,206324
1,206325
0,206328
0,206329
0,206330
1,206332
0,206334
1,206335
0,206336
0,206349
1,206352
1,206355
0,206356
0,206357
1,206361
0,206362
0,206363
0,206367
1,206371
1,206372
0,206373
1,206375
1,206377
1,206379
0,206384
0,206385
1,206386
0,206388
0,206392
0,206393
0,206394
1,206396
1,206397
0,206399
0,206400
0,206402
1,206403
0,206404
0,206405
0,206406
0,206407
1,206408
0,206409
0,206410
1,206423
1,206424
0,206431
1,206432
1,206433
0,206439
0,206447
1,206448
0,206452
1,206453
0,206455
1,206456
0,206458
0,206460
0,206462
0,206464
1,206467
0,206470
0,206471
0,206474
0,206476
0,206477
0,206479
0,206481
0,206482
0,206486
1,206487
1,206489
1,206490
0,206492
1,206496
1,206504
0,206506
0,206507
0,206510
1,206512
0,206515
0,206516
0,206518
1,206523
1,206526
0,206539
1,206542
0,206544
1,206547
1,206548
0,206551
0,206552
0,206553
1,206555
1,206556
0,206561
1,206567
0,206569
1,206570
0,206572
0,206573
0,206576
0,206577
0,206580
0,206582
0,206584
1,206587
0,206590
0,206591
1,206592
0,206595
0,206596
0,206597
0,206598
0,206599
0,206600
0,206602
0,206606
1,206608
1,206610
0,206611
1,206612
1,206613
1,206617
0,206618
0,206619
0,206620
0,206625
1,206628
1,206629
1,206632
0,206633
1,206634
1,206635
1,206638
0,206642
0,206644
0,206650
0,206652
0,206654
1,206655
1,206656
0,206661
1,206665
0,206667
0,206669
0,206670
1,206671
0,206678
1,206680
0,206681
0,206682
0,206687
1,206688
0,206689
0,206692
0,206695
0,206698
0,206700
0,206704
0,206705
0,206708
1,206709
1,206710
0,206711
1,206712
1,206713
0,206716
0,206726
0,206727
0,206730
0,206732
0,206736
0,206737
1,206738
1,206739
1,206742
1,206744
1,206745
1,206747
1,206750
0,206754
1,206755
1,206757
0,206759
0,206761
1,206762
0,206765
0,206767
0,206774
1,206775
1,206776
1,206777
1,206780
0,206785
0,206792
0,206793
0,206798
1,206800
0,206802
0,206807
0,206810
1,206813
0,206816
0,206825
0,206831
0,206832
0,206834
0,206840
0,206845
1,206846
1,206847
0,206848
0,206856
0,206857
1,206860
1,206861
1,206862
0,206863
1,206864
0,206866
0,206868
0,206871
0,206875
0,206876
0,206878
0,206879
1,206880
1,206882
0,206884
1,206886
0,206887
0,206888
1,206890
0,206891
1,206897
1,206901
1,206902
1,206907
1,206908
0,206913
0,206914
0,206917
1,206921
1,206925
1,206929
1,206933
1,206934
0,206936
0,206937
0,206940
0,206943
0,206947
1,206950
1,206954
0,206955
0,206957
1,206959
0,206962
0,206967
1,206968
0,206972
1,206973
0,206977
1,206978
0,206979
1,206980
1,206981
0,206982
1,206986
0,206987
0,206988
1,206991
1,206992
0,206994
0,206995
1,206996
1,206999
0,207000
1,207002
0,207006
0,207014
0,207016
1,207018
1,207020
0,207021
0,207026
0,207028
0,207029
0,207031
0,207035
0,207040
1,207041
0,207042
1,207044
0,207047
0,207048
0,207049
1,207050
0,207053
0,207054
0,207055
0,207058
0,207059
0,207060
1,207064
0,207067
0,207068
1,207069
1,207073
0,207076
1,207077
1,207079
1,207082
1,207083
1,207085
0,207086
0,207088
0,207089
1,207090
0,207091
0,207095
0,207096
1,207099
0,207102
1,207103
0,207104
1,207106
1,207107
0,207109
0,207113
0,207117
0,207119
1,207120
0,207123
0,207124
0,207126
1,207127
0,207128
1,207131
0,207132
0,207133
0,207136
1,207139
1,207140
1,207144
0,207149
0,207150
1,207158
0,207160
1,207161
0,207163
0,207165
0,207166
0,207167
1,207170
1,207171
0,207172
0,207173
0,207175
0,207176
0,207179
0,207180
0,207182
1,207184
1,207190
1,207195
1,207196
1,207198
1,207205
0,207206
0,207210
0,207211
0,207213
0,207215
1,207216
0,207217
0,207220
0,207221
0,207223
0,207228
0,207232
0,207233
0,207235
1,207244
1,207245
1,207246
0,207247
1,207249
0,207250
0,207254
0,207255
1,207260
1,207261
0,207263
1,207264
0,207265
0,207267
1,207271
1,207275
0,207276
1,207277
1,207278
0,207279
0,207284
1,207285
0,207289
0,207297
0,207308
1,207310
1,207312
1,207313
1,207316
0,207320
0,207325
0,207326
0,207328
1,207333
1,207335
0,207337
1,207339
1,207341
0,207342
0,207344
0,207346
0,207347
1,207348
1,207349
0,207350
1,207351
0,207352
0,207355
0,207356
1,207357
0,207360
1,207363
0,207365
0,207366
0,207368
1,207370
1,207371
0,207373
0,207374
0,207375
1,207376
0,207377
0,207379
1,207381
1,207383
1,207384
0,207385
0,207386
1,207395
0,207396
0,207397
0,207401
1,207403
0,207411
1,207417
0,207418
0,207421
1,207425
1,207426
0,207428
1,207429
0,207430
1,207432
0,207439
0,207441
0,207442
1,207444
0,207447
1,207448
0,207449
1,207451
0,207453
1,207458
1,207459
1,207461
1,207462
1,207465
0,207474
1,207479
1,207481
0,207483
1,207486
0,207488
0,207489
0,207491
0,207493
0,207497
0,207500
1,207504
0,207506
0,207510
0,207511
0,207512
1,207517
0,207521
1,207524
0,207527
1,207528
0,207545
0,207546
0,207549
1,207550
0,207551
0,207552
1,207553
0,207554
0,207555
0,207556
0,207560
1,207563
0,207565
0,207566
0,207567
0,207572
0,207573
0,207577
1,207584
0,207586
0,207587
0,207588
0,207589
0,207592
0,207594
0,207598
0,207599
0,207601
1,207605
1,207607
1,207608
1,207614
0,207615
1,207616
1,207621
0,207628
0,207629
0,207635
0,207637
1,207638
1,207639
0,207640
1,207642
1,207645
1,207646
1,207648
1,207649
0,207652
1,207658
0,207664
0,207666
1,207668
1,207671
0,207672
1,207678
1,207680
0,207681
0,207683
0,207685
0,207686
1,207688
1,207690
0,207691
0,207693
0,207694
1,207695
0,207699
0,207700
0,207703
0,207710
0,207713
0,207717
1,207722
1,207726
1,207728
1,207730
1,207734
0,207739
0,207740
1,207742
0,207744
1,207747
1,207749
1,207750
1,207753
0,207755
0,207756
1,207757
0,207758
0,207759
0,207760
0,207762
1,207763
0,207764
0,207766
0,207771
1,207774
0,207776
0,207777
0,207778
0,207781
1,207788
1,207789
1,207790
1,207791
0,207793
0,207794
1,207795
1,207797
0,207800
1,207801
1,207803
0,207804
0,207805
0,207808
0,207810
1,207813
1,207814
0,207816
0,207820
0,207823
0,207824
0,207827
1,207828
0,207832
0,207835
0,207836
1,207837
0,207838
0,207842
0,207847
1,207849
1,207854
0,207855
0,207856
0,207858
0,207866
1,207867
0,207868
0,207869
0,207871
1,207873
0,207875
0,207881
0,207883
1,207887
1,207889
1,207895
0,207896
0,207899
0,207900
1,207902
0,207904
0,207905
0,207906
0,207909
1,207912
0,207924
0,207925
0,207928
0,207929
0,207930
0,207933
0,207934
0,207935
1,207937
0,207938
1,207939
0,207941
0,207942
1,207943
1,207946
0,207947
0,207948
1,207956
0,207959
0,207960
1,207962
0,207966
0,207968
0,207969
0,207970
1,207971
0,207972
0,207975
0,207976
1,207978
0,207979
0,207982
1,207983
1,207984
0,207985
0,207986
0,207988
0,207995
1,207996
0,207997
0,207998
0,208000
1,208001
1,208002
1,208003
1,208007
1,208010
0,208012
0,208015
0,208016
0,208017
0,208020
0,208023
0,208025
0,208033
1,208034
0,208036
0,208039
0,208040
0,208041
0,208043
0,208046
1,208048
1,208049
0,208054
1,208056
0,208062
1,208063
1,208065
0,208066
0,208067
0,208069
0,208073
0,208076
1,208077
0,208079
1,208083
1,208091
0,208094
0,208097
1,208101
0,208105
0,208108
0,208109
1,208110
0,208114
1,208121
1,208122
1,208123
0,208126
0,208127
0,208131
0,208132
1,208134
1,208135
1,208141
0,208144
0,208145
0,208148
0,208149
1,208151
0,208153
1,208154
0,208156
0,208160
0,208161
0,208163
0,208166
0,208167
0,208173
1,208176
0,208179
1,208180
1,208181
0,208182
0,208183
1,208186
0,208192
1,208193
0,208194
0,208196
0,208197
0,208198
0,208199
0,208201
1,208205
1,208211
1,208217
0,208218
1,208220
0,208222
0,208223
1,208226
1,208227
1,208232
0,208234
0,208236
0,208237
1,208239
0,208241
1,208243
1,208246
0,208251
0,208254
0,208264
0,208266
0,208271
0,208273
1,208274
0,208277
1,208278
0,208280
1,208281
0,208284
0,208286
0,208288
0,208293
0,208294
1,208296
1,208303
0,208304
0,208307
1,208308
0,208309
0,208312
0,208313
0,208314
0,208318
0,208319
0,208321
1,208323
0,208324
0,208325
0,208328
0,208329
1,208331
0,208332
0,208333
0,208334
0,208338
0,208339
0,208340
0,208341
0,208342
0,208344
0,208349
0,208351
1,208353
0,208354
1,208360
0,208363
0,208369
0,208374
1,208377
0,208380
1,208381
1,208388
0,208389
0,208390
0,208396
1,208398
0,208399
1,208402
0,208405
1,208409
0,208413
0,208415
1,208418
1,208423
1,208424
0,208432
0,208433
1,208437
0,208440
1,208441
0,208442
0,208444
1,208445
1,208450
0,208451
1,208453
0,208454
1,208455
0,208456
0,208457
1,208458
0,208460
1,208462
1,208463
1,208464
0,208465
1,208468
0,208470
1,208473
0,208475
0,208477
1,208478
0,208479
1,208482
1,208487
1,208488
1,208489
0,208493
0,208494
0,208496
0,208500
0,208509
0,208511
1,208513
1,208515
0,208518
1,208521
0,208524
0,208525
0,208527
0,208529
1,208532
0,208545
0,208546
0,208549
0,208553
1,208554
0,208555
0,208557
0,208558
1,208560
0,208566
0,208568
0,208570
1,208577
1,208580
0,208581
0,208582
0,208583
1,208584
0,208586
0,208591
0,208592
0,208593
1,208596
0,208598
0,208600
0,208602
1,208605
1,208606
0,208607
0,208611
0,208612
1,208613
0,208617
1,208618
0,208619
0,208620
0,208623
0,208625
0,208626
1,208628
0,208630
0,208633
0,208634
1,208636
0,208637
0,208639
0,208641
0,208647
0,208649
0,208654
0,208656
0,208657
0,208658
0,208659
0,208661
1,208662
0,208670
0,208671
0,208672
0,208675
0,208676
1,208677
0,208680
1,208683
1,208685
0,208687
0,208688
1,208690
0,208692
1,208694
0,208695
1,208697
1,208698
1,208699
0,208701
1,208708
0,208710
0,208711
0,208718
1,208725
0,208726
0,208727
0,208728
0,208731
0,208737
0,208738
1,208739
0,208741
1,208743
0,208744
0,208745
0,208753
0,208755
0,208757
0,208758
0,208761
0,208762
0,208767
0,208768
1,208770
0,208772
1,208776
0,208777
0,208781
0,208783
0,208787
0,208788
0,208789
1,208791
0,208795
0,208798
0,208800
0,208801
0,208803
1,208808
0,208815
0,208817
1,208818
1,208825
1,208826
0,208827
1,208828
0,208830
0,208831
0,208833
0,208834
1,208836
1,208837
0,208838
1,208839
1,208842
0,208846
1,208847
0,208848
0,208850
0,208851
0,208853
0,208854
0,208855
0,208858
0,208861
1,208862
1,208863
1,208864
1,208866
0,208868
1,208871
0,208873
0,208875
1,208878
0,208879
1,208880
0,208882
0,208885
1,208888
0,208889
0,208891
0,208894
1,208895
1,208897
0,208898
0,208899
0,208901
1,208902
0,208903
1,208904
0,208905
0,208909
0,208911
0,208914
1,208917
0,208920
0,208924
0,208926
1,208927
1,208930
0,208931
0,208935
0,208936
1,208937
1,208939
0,208943
0,208946
1,208950
0,208952
0,208955
0,208958
0,208959
0,208963
0,208972
0,208974
1,208976
1,208979
1,208982
0,208983
1,208984
0,208986
0,208987
0,208989
0,208990
0,208992
0,208998
0,208999
1,209004
0,209005
0,209006
0,209008
0,209010
1,209012
0,209014
0,209015
1,209016
0,209017
0,209022
0,209031
0,209035
0,209038
0,209041
0,209042
0,209043
0,209047
0,209048
0,209049
1,209053
0,209054
0,209055
1,209062
1,209063
1,209065
0,209067
1,209068
0,209071
0,209072
0,209073
1,209074
1,209075
1,209087
0,209089
0,209090
1,209091
0,209092
1,209096
0,209097
1,209100
0,209101
0,209108
0,209110
1,209112
1,209113
1,209114
1,209117
0,209118
0,209120
1,209122
1,209123
0,209127
0,209130
0,209131
1,209136
1,209142
0,209145
0,209148
1,209149
0,209151
0,209155
0,209156
0,209162
1,209163
0,209164
0,209166
1,209168
1,209171
1,209174
0,209175
0,209178
0,209180
0,209181
0,209182
0,209184
1,209186
0,209190
0,209192
0,209194
0,209195
0,209197
0,209198
1,209201
1,209202
1,209204
1,209205
0,209208
1,209215
0,209216
1,209217
1,209218
0,209220
1,209221
1,209223
0,209226
0,209230
0,209232
1,209234
0,209237
0,209238
0,209242
0,209243
1,209245
0,209246
1,209247
0,209249
1,209253
0,209256
0,209257
1,209258
0,209260
1,209261
1,209263
0,209271
0,209272
0,209274
1,209275
1,209280
1,209281
0,209285
0,209287
1,209289
0,209291
0,209294
0,209300
0,209301
0,209303
1,209304
1,209305
1,209306
1,209308
1,209309
0,209313
0,209314
0,209315
0,209316
0,209321
0,209325
0,209327
1,209328
1,209329
0,209330
0,209331
0,209336
0,209337
0,209340
0,209341
1,209345
0,209348
0,209349
0,209351
0,209352
0,209354
0,209355
0,209356
1,209358
0,209360
1,209361
1,209362
0,209370
0,209373
1,209374
0,209375
0,209376
0,209378
1,209380
0,209381
1,209385
0,209389
0,209390
1,209393
0,209394
0,209398
0,209400
1,209401
1,209403
0,209405
0,209413
0,209418
0,209420
0,209426
1,209427
0,209428
0,209429
0,209431
0,209434
0,209439
1,209443
1,209444
0,209445
0,209448
1,209450
0,209453
0,209454
0,209457
1,209460
1,209463
0,209468
0,209473
0,209474
0,209478
1,209480
0,209481
0,209483
0,209485
0,209489
0,209491
0,209495
1,209497
0,209498
1,209499
1,209500
0,209502
0,209504
0,209505
1,209508
0,209515
0,209517
0,209519
0,209520
0,209526
1,209530
1,209531
1,209532
0,209533
0,209536
0,209540
0,209541
0,209543
0,209544
0,209546
0,209548
0,209549
1,209551
0,209560
0,209564
1,209565
0,209568
0,209569
0,209571
1,209575
0,209577
0,209579
0,209580
0,209581
0,209582
1,209585
1,209586
1,209589
0,209590
0,209591
0,209592
0,209593
1,209597
1,209598
1,209599
1,209600
0,209601
0,209609
0,209614
0,209617
0,209618
1,209619
0,209620
1,209623
0,209624
0,209625
0,209629
0,209631
0,209633
0,209640
0,209641
0,209644
0,209645
0,209646
0,209649
0,209650
1,209651
1,209652
0,209653
1,209657
0,209659
0,209665
0,209668
1,209669
0,209674
0,209676
1,209677
1,209682
0,209683
0,209686
0,209689
1,209690
0,209691
0,209695
1,209698
0,209701
0,209703
1,209705
0,209708
0,209709
1,209713
0,209715
1,209719
1,209720
1,209724
1,209727
1,209733
1,209736
1,209738
1,209740
0,209743
0,209745
0,209748
0,209753
0,209754
0,209755
0,209760
1,209764
0,209765
1,209766
1,209768
1,209769
1,209778
1,209782
0,209784
0,209785
1,209787
0,209789
1,209791
0,209793
0,209800
1,209801
0,209802
1,209803
1,209807
0,209810
1,209814
0,209824
1,209827
0,209830
0,209831
1,209832
1,209836
1,209841
1,209845
0,209849
1,209855
0,209856
1,209860
1,209861
1,209865
1,209866
0,209870
1,209871
0,209873
1,209874
0,209876
0,209878
1,209880
1,209881
1,209882
1,209885
1,209889
1,209892
0,209893
0,209894
1,209895
0,209899
1,209906
1,209907
0,209912
0,209916
0,209917
0,209918
1,209919
1,209920
1,209921
0,209923
0,209924
0,209927
1,209928
0,209932
1,209933
0,209941
0,209942
0,209943
0,209945
0,209946
0,209947
1,209948
0,209949
1,209953
1,209954
1,209955
1,209957
1,209963
0,209965
0,209967
1,209968
0,209969
1,209970
0,209971
1,209973
1,209974
0,209978
1,209979
0,209982
1,209984
1,209987
0,209988
0,209989
0,209992
0,209995
0,210000
1,210001
0,210003
0,210008
1,210009
1,210010
0,210012
0,210015
0,210019
0,210022
0,210023
0,210025
0,210028
0,210029
0,210031
1,210033
1,210041
0,210043
1,210045
1,210048
0,210049
0,210050
0,210051
1,210052
1,210055
1,210058
0,210060
1,210064
0,210072
0,210075
0,210076
0,210078
1,210080
1,210087
0,210091
0,210095
1,210099
0,210100
1,210103
0,210104
1,210106
1,210107
0,210110
0,210111
0,210113
0,210114
1,210115
0,210116
0,210120
0,210124
0,210126
0,210131
1,210136
0,210137
0,210141
0,210142
0,210145
0,210150
0,210151
1,210153
0,210155
0,210156
1,210157
1,210158
0,210159
0,210162
1,210163
0,210167
0,210170
0,210171
0,210172
0,210175
0,210177
0,210179
1,210182
0,210184
0,210185
0,210188
0,210190
1,210191
1,210192
0,210193
0,210198
0,210206
0,210207
0,210208
0,210210
0,210211
1,210214
1,210215
1,210217
0,210218
0,210219
0,210222
0,210223
1,210224
0,210225
0,210230
0,210234
0,210235
1,210237
0,210241
0,210247
1,210248
1,210250
0,210251
0,210253
0,210257
0,210258
0,210262
0,210263
1,210264
0,210268
0,210270
0,210272
0,210273
0,210279
0,210280
0,210284
1,210285
1,210287
1,210292
1,210296
1,210297
1,210301
1,210303
0,210312
0,210313
0,210317
0,210319
0,210327
0,210329
0,210330
1,210331
0,210332
0,210334
0,210337
1,210338
1,210339
1,210341
0,210344
0,210348
0,210349
1,210350
0,210352
1,210353
0,210355
0,210364
1,210365
0,210367
0,210374
1,210376
0,210379
0,210382
1,210383
0,210386
0,210390
1,210394
0,210395
0,210397
0,210398
0,210399
1,210402
1,210403
1,210416
1,210417
1,210418
0,210420
0,210421
0,210422
0,210423
0,210424
1,210425
0,210426
1,210430
1,210434
0,210435
0,210437
0,210439
0,210440
0,210442
1,210443
0,210445
0,210446
1,210452
1,210457
0,210461
0,210464
1,210466
1,210469
1,210472
1,210475
1,210481
0,210484
1,210485
0,210487
0,210489
1,210490
0,210497
0,210499
0,210501
1,210504
1,210506
0,210508
1,210513
0,210517
0,210519
0,210520
0,210523
1,210524
1,210529
1,210532
0,210534
0,210535
0,210539
1,210541
0,210542
0,210543
0,210547
0,210549
0,210554
1,210555
0,210560
1,210561
0,210563
1,210564
0,210565
0,210566
1,210570
0,210575
0,210576
0,210579
1,210583
0,210586
0,210587
1,210588
0,210589
1,210592
0,210597
0,210600
0,210604
1,210605
1,210606
1,210607
1,210611
1,210613
0,210617
1,210622
1,210623
0,210624
0,210625
0,210627
0,210628
0,210632
0,210635
0,210638
0,210640
0,210642
1,210645
1,210646
0,210649
1,210652
0,210653
0,210654
0,210655
0,210656
0,210657
1,210659
0,210660
0,210662
0,210665
0,210667
0,210673
0,210677
0,210678
0,210679
0,210680
1,210681
0,210683
1,210684
0,210686
1,210687
0,210689
0,210693
0,210694
0,210696
0,210697
1,210698
1,210700
0,210701
1,210702
0,210705
0,210706
0,210711
0,210718
1,210719
1,210720
1,210721
1,210722
0,210725
1,210728
0,210731
0,210732
0,210733
0,210735
1,210736
0,210741
0,210743
1,210748
0,210751
1,210755
0,210756
1,210758
0,210759
0,210764
0,210768
0,210769
1,210776
0,210779
0,210780
1,210784
1,210787
1,210789
1,210796
0,210797
0,210798
1,210800
1,210801
0,210802
1,210808
0,210812
1,210814
1,210815
0,210819
0,210823
0,210824
0,210825
0,210826
0,210828
0,210830
0,210831
0,210832
1,210834
0,210844
0,210845
0,210846
0,210847
0,210848
0,210852
1,210853
0,210854
1,210856
0,210858
1,210860
1,210861
0,210864
0,210867
0,210870
0,210871
1,210874
1,210875
1,210879
1,210880
0,210882
0,210883
1,210884
1,210885
1,210888
0,210889
1,210891
1,210894
0,210896
0,210897
0,210903
0,210905
0,210906
0,210907
0,210910
0,210913
0,210915
1,210916
1,210918
0,210920
1,210922
0,210923
1,210929
1,210930
0,210932
1,210935
0,210938
0,210940
0,210941
0,210942
0,210945
1,210946
0,210947
0,210952
1,210954
1,210961
0,210964
1,210968
0,210969
0,210974
0,210976
0,210978
1,210979
0,210982
0,210983
0,210984
0,210986
0,210997
1,210999
0,211006
0,211016
0,211018
0,211019
0,211021
1,211025
1,211026
0,211033
0,211035
0,211038
0,211039
1,211044
0,211046
0,211047
1,211048
0,211054
0,211056
0,211058
1,211059
0,211061
1,211066
1,211068
0,211069
0,211071
1,211076
0,211087
0,211089
0,211091
0,211092
1,211094
0,211095
0,211100
0,211101
0,211103
1,211106
0,211107
0,211108
0,211110
0,211115
0,211116
0,211117
0,211118
0,211126
1,211131
0,211132
1,211133
0,211136
0,211137
1,211138
1,211142
0,211145
1,211146
0,211149
0,211152
0,211153
0,211155
1,211156
0,211161
0,211163
0,211164
0,211166
0,211168
0,211172
0,211181
1,211184
0,211186
0,211189
0,211190
0,211191
1,211193
1,211194
0,211195
1,211196
0,211198
0,211201
0,211204
0,211206
0,211212
0,211214
1,211217
0,211218
1,211219
0,211221
1,211225
1,211226
0,211228
1,211229
0,211232
1,211235
1,211239
1,211240
0,211246
0,211249
0,211250
1,211252
0,211254
0,211256
1,211261
0,211265
0,211267
0,211268
1,211271
0,211278
1,211282
1,211284
1,211285
0,211286
0,211288
0,211289
1,211293
0,211296
0,211304
1,211305
0,211306
0,211307
0,211310
1,211311
0,211314
0,211315
0,211316
1,211317
0,211318
0,211321
1,211322
0,211327
0,211333
0,211335
0,211337
0,211338
0,211339
0,211340
0,211347
0,211349
1,211350
1,211351
1,211353
1,211357
1,211358
0,211360
0,211363
0,211368
0,211370
1,211374
1,211375
0,211377
1,211380
0,211383
0,211384
1,211385
0,211387
0,211390
1,211392
1,211394
1,211395
1,211402
0,211403
0,211406
0,211407
0,211408
1,211409
0,211410
0,211420
0,211421
0,211423
0,211424
1,211425
1,211429
1,211430
0,211433
0,211437
1,211441
1,211443
0,211444
1,211445
0,211449
0,211450
0,211452
1,211454
1,211455
1,211464
1,211468
0,211469
0,211473
1,211475
1,211480
1,211483
1,211484
0,211486
1,211487
1,211488
0,211489
0,211493
1,211495
1,211496
1,211498
1,211500
0,211502
1,211507
0,211508
1,211511
0,211512
1,211513
0,211516
0,211525
1,211528
1,211529
1,211535
0,211538
1,211540
1,211542
1,211543
0,211544
1,211548
0,211551
0,211554
0,211556
1,211557
0,211559
0,211560
0,211564
0,211568
0,211570
1,211575
0,211576
0,211583
1,211595
1,211597
0,211598
0,211599
0,211600
0,211604
0,211605
1,211606
0,211607
0,211611
1,211615
0,211618
1,211621
0,211623
1,211625
1,211626
0,211627
0,211629
0,211634
0,211639
0,211643
0,211644
1,211647
1,211648
1,211652
0,211655
1,211657
1,211665
1,211666
0,211669
1,211676
0,211677
0,211680
0,211686
1,211687
0,211688
0,211690
0,211691
1,211694
1,211698
0,211699
1,211703
0,211705
0,211707
1,211708
0,211709
1,211712
0,211713
0,211717
1,211719
0,211720
0,211724
1,211725
0,211728
1,211732
1,211736
1,211738
1,211742
0,211747
0,211749
0,211753
0,211757
1,211758
0,211760
1,211763
0,211766
1,211770
0,211771
1,211773
0,211774
0,211775
0,211776
0,211779
1,211780
1,211781
0,211785
0,211786
1,211789
1,211791
0,211794
0,211795
0,211797
0,211799
1,211800
1,211804
0,211807
1,211809
0,211813
0,211818
1,211819
0,211821
0,211824
1,211825
1,211826
0,211831
0,211834
0,211839
0,211841
0,211842
1,211843
0,211848
0,211852
1,211854
0,211860
0,211868
0,211871
1,211872
1,211874
1,211875
1,211878
1,211879
0,211884
0,211888
0,211889
0,211891
1,211892
0,211895
0,211899
0,211901
0,211902
1,211904
0,211906
0,211914
0,211916
1,211921
0,211922
1,211924
1,211925
0,211926
1,211927
0,211930
0,211932
0,211934
1,211935
0,211936
1,211938
0,211940
1,211941
0,211942
0,211943
0,211946
0,211947
0,211948
0,211949
1,211952
0,211953
0,211954
1,211955
1,211962
1,211963
0,211965
1,211966
0,211968
0,211972
0,211973
0,211974
0,211978
0,211979
0,211981
1,211982
0,211985
1,211986
0,211987
1,211992
1,211999
1,212000
0,212003
0,212004
1,212012
0,212013
0,212015
0,212027
0,212028
0,212029
0,212032
0,212036
0,212037
0,212040
1,212042
0,212047
0,212051
1,212053
0,212056
1,212061
0,212062
1,212063
1,212064
1,212065
0,212067
1,212070
0,212071
0,212073
1,212074
0,212075
0,212076
0,212079
0,212080
0,212081
0,212085
1,212088
0,212092
1,212093
0,212095
1,212096
0,212098
0,212099
1,212100
0,212102
0,212108
0,212110
1,212115
0,212117
0,212121
0,212124
1,212125
0,212127
1,212128
0,212130
0,212131
1,212132
0,212135
0,212138
1,212147
1,212150
1,212151
0,212153
0,212155
1,212157
1,212159
1,212160
0,212161
0,212162
1,212167
0,212169
1,212172
0,212173
0,212175
1,212177
1,212181
1,212182
1,212188
0,212189
0,212193
0,212194
0,212197
1,212198
0,212201
0,212205
0,212206
0,212209
0,212215
0,212216
0,212218
0,212219
1,212225
0,212227
0,212231
0,212232
0,212233
1,212234
1,212235
1,212238
0,212239
0,212240
0,212242
0,212244
1,212246
0,212253
0,212254
1,212255
0,212256
0,212263
0,212271
0,212272
1,212274
0,212275
0,212276
0,212279
1,212281
0,212285
0,212287
0,212289
0,212294
0,212296
0,212298
0,212300
1,212301
1,212305
0,212307
0,212309
1,212315
0,212322
0,212326
0,212327
0,212330
0,212332
1,212338
0,212341
0,212345
0,212348
0,212351
1,212357
0,212361
1,212362
0,212368
0,212370
0,212371
0,212372
1,212374
0,212375
1,212378
0,212385
0,212388
0,212390
1,212392
0,212395
1,212396
0,212397
0,212399
1,212400
0,212403
1,212404
0,212405
1,212406
1,212408
0,212411
0,212412
1,212416
1,212417
1,212419
1,212426
0,212428
0,212430
0,212432
0,212437
0,212442
0,212446
1,212449
0,212452
0,212454
0,212456
0,212458
0,212459
0,212460
0,212461
1,212462
0,212463
0,212465
0,212467
0,212470
0,212471
1,212474
0,212475
0,212476
0,212477
1,212478
0,212480
0,212483
0,212484
1,212485
0,212486
0,212487
1,212489
0,212490
0,212492
0,212495
1,212497
1,212500
1,212504
0,212505
0,212506
1,212509
0,212510
1,212511
1,212512
0,212513
0,212517
1,212518
0,212522
0,212526
1,212530
0,212531
0,212532
0,212536
0,212537
0,212540
0,212541
1,212549
0,212550
0,212551
1,212554
0,212556
1,212557
0,212558
0,212560
1,212565
1,212570
1,212571
0,212572
0,212573
0,212576
1,212579
0,212580
0,212582
1,212583
0,212585
0,212589
1,212593
0,212594
0,212595
0,212596
0,212604
0,212606
0,212608
0,212610
1,212612
1,212613
0,212616
0,212619
1,212623
0,212624
0,212626
0,212629
1,212630
0,212635
0,212636
0,212638
0,212646
0,212647
1,212649
1,212654
1,212655
0,212658
0,212664
1,212665
1,212667
0,212669
1,212671
0,212672
0,212674
0,212675
1,212676
0,212677
1,212678
0,212679
0,212681
0,212682
0,212686
0,212687
0,212690
0,212691
0,212692
0,212702
1,212703
1,212710
0,212711
0,212713
1,212718
0,212719
1,212721
0,212723
1,212724
0,212729
0,212732
1,212733
1,212739
0,212740
0,212747
0,212748
0,212752
0,212755
0,212756
0,212759
0,212761
1,212763
1,212766
0,212767
0,212769
0,212770
0,212773
0,212777
0,212780
0,212783
0,212784
1,212787
0,212790
1,212791
0,212793
1,212797
0,212798
0,212800
1,212805
0,212809
0,212812
0,212813
0,212816
1,212817
1,212819
0,212820
0,212822
0,212824
1,212827
0,212831
1,212832
0,212833
0,212834
1,212835
0,212836
1,212842
1,212843
0,212848
0,212850
0,212851
1,212853
0,212854
0,212861
0,212865
0,212867
0,212873
0,212876
1,212878
0,212879
1,212880
1,212883
0,212884
0,212885
0,212887
0,212888
1,212893
0,212894
0,212898
0,212899
0,212900
1,212903
0,212904
1,212909
0,212912
1,212913
1,212916
1,212917
0,212922
0,212927
1,212928
0,212930
0,212932
0,212933
1,212936
1,212937
1,212938
1,212940
1,212943
0,212944
0,212945
0,212950
1,212955
0,212958
0,212959
0,212961
1,212962
1,212966
1,212969
1,212972
1,212973
0,212974
0,212977
0,212981
0,212985
0,212987
0,212990
1,212991
0,212994
1,212996
0,212997
0,212998
0,213003
1,213007
0,213008
0,213014
0,213019
0,213020
1,213021
0,213023
0,213024
0,213025
1,213026
0,213027
0,213030
0,213034
0,213035
1,213040
1,213041
1,213043
1,213047
0,213048
1,213055
1,213061
1,213062
0,213069
1,213071
0,213072
1,213074
0,213077
1,213079
0,213080
0,213081
0,213082
0,213083
0,213087
1,213094
0,213098
1,213099
0,213104
1,213105
0,213112
0,213116
1,213117
0,213124
1,213128
0,213131
0,213132
0,213134
1,213136
1,213138
0,213139
1,213142
0,213143
1,213145
0,213150
1,213155
1,213160
0,213161
0,213162
1,213165
0,213172
0,213174
0,213178
1,213181
1,213186
1,213188
0,213189
0,213190
0,213194
0,213195
1,213196
1,213197
0,213198
1,213200
0,213204
0,213208
0,213214
0,213218
1,213219
0,213221
1,213224
1,213225
0,213227
0,213229
0,213231
0,213236
0,213237
1,213239
0,213243
0,213244
0,213245
0,213247
1,213249
0,213251
1,213252
0,213254
1,213263
0,213264
1,213265
1,213266
1,213268
1,213270
0,213274
0,213277
1,213282
0,213286
0,213287
0,213290
1,213293
1,213298
0,213299
0,213300
0,213302
1,213305
0,213310
0,213313
0,213317
1,213318
0,213322
1,213325
0,213326
1,213327
1,213328
1,213330
0,213332
0,213339
0,213340
1,213342
0,213343
0,213345
0,213346
0,213347
0,213348
0,213350
0,213352
0,213354
0,213355
0,213357
1,213362
0,213364
0,213365
0,213368
0,213371
1,213372
1,213373
0,213378
0,213379
0,213381
1,213382
0,213384
0,213385
1,213399
0,213400
0,213401
1,213405
1,213406
0,213407
0,213408
0,213409
0,213410
0,213412
1,213422
0,213423
0,213424
0,213425
0,213426
1,213428
0,213432
1,213441
0,213442
0,213445
0,213446
0,213448
1,213451
0,213452
0,213455
0,213461
0,213462
1,213463
1,213464
1,213466
0,213468
0,213469
0,213471
0,213474
0,213476
0,213477
0,213478
0,213479
0,213480
0,213483
1,213484
0,213485
0,213490
0,213492
1,213494
0,213495
1,213498
1,213499
0,213500
0,213501
0,213502
0,213504
0,213505
1,213508
0,213510
1,213514
0,213515
0,213518
0,213520
0,213524
1,213525
0,213528
0,213529
0,213534
1,213535
1,213537
0,213540
0,213542
1,213543
1,213544
0,213547
0,213550
0,213553
0,213554
0,213555
1,213564
0,213565
0,213567
0,213571
0,213572
0,213573
1,213574
1,213575
1,213577
1,213580
1,213581
1,213584
0,213586
0,213587
0,213591
0,213593
0,213596
1,213601
1,213605
0,213606
0,213607
0,213608
0,213614
0,213616
0,213619
1,213621
0,213622
0,213623
0,213625
0,213627
1,213630
0,213633
0,213636
0,213640
0,213642
0,213644
0,213649
1,213650
0,213654
0,213655
0,213656
1,213659
0,213662
0,213664
0,213665
0,213666
0,213667
1,213668
0,213670
0,213671
0,213672
1,213674
0,213675
1,213677
0,213678
1,213679
0,213683
1,213684
0,213685
1,213686
1,213688
0,213689
1,213692
1,213693
1,213694
0,213696
1,213698
1,213702
0,213703
0,213704
1,213705
0,213709
0,213713
0,213715
1,213717
1,213718
1,213719
0,213720
0,213722
1,213724
0,213725
0,213726
0,213727
1,213728
0,213731
0,213738
0,213745
1,213747
0,213749
1,213751
0,213752
0,213759
1,213760
1,213762
0,213763
0,213764
0,213766
0,213769
0,213773
0,213774
0,213775
0,213776
0,213778
0,213783
1,213788
1,213790
1,213791
0,213793
0,213796
0,213799
0,213800
1,213803
1,213806
1,213807
1,213808
1,213810
0,213811
1,213814
0,213815
1,213817
0,213818
1,213819
0,213822
0,213823
1,213825
0,213827
0,213829
0,213831
0,213832
1,213834
1,213836
1,213838
0,213839
0,213844
0,213845
0,213847
0,213848
0,213852
0,213853
0,213855
1,213856
0,213857
1,213859
1,213860
0,213863
0,213864
0,213868
0,213871
0,213872
1,213873
0,213874
1,213880
1,213881
0,213883
1,213884
0,213885
0,213886
0,213888
1,213895
1,213904
0,213908
0,213916
0,213917
1,213920
0,213921
0,213922
0,213925
1,213929
0,213930
1,213933
0,213934
1,213936
0,213937
1,213938
1,213945
0,213948
1,213951
0,213952
0,213955
0,213956
0,213959
1,213960
0,213962
0,213963
1,213964
0,213965
0,213966
1,213967
1,213968
0,213973
1,213974
0,213977
1,213979
0,213981
1,213984
1,213985
0,213988
0,213989
0,213990
0,213991
0,213992
0,213994
0,213999
0,214001
1,214007
0,214009
1,214010
0,214014
0,214016
0,214019
0,214021
1,214024
1,214025
0,214026
0,214028
0,214029
0,214037
1,214040
0,214043
0,214047
0,214051
1,214053
0,214054
0,214055
1,214056
1,214059
1,214061
1,214063
1,214064
0,214066
0,214067
1,214074
0,214076
0,214085
1,214088
0,214089
1,214090
0,214094
1,214102
0,214103
0,214109
0,214110
0,214111
0,214112
0,214113
1,214115
1,214116
0,214120
1,214125
1,214131
0,214134
0,214140
1,214144
1,214151
0,214152
0,214156
1,214157
0,214161
0,214166
0,214167
0,214169
1,214171
1,214172
0,214176
1,214178
0,214179
0,214181
0,214183
0,214184
1,214185
0,214189
1,214194
1,214196
0,214197
1,214201
0,214204
0,214208
0,214211
1,214217
1,214220
0,214221
1,214223
1,214226
0,214227
1,214231
1,214232
1,214237
1,214238
0,214241
0,214248
0,214249
0,214254
1,214255
0,214257
0,214259
1,214262
0,214265
1,214266
0,214270
1,214271
1,214272
1,214273
0,214274
0,214275
0,214280
0,214282
0,214286
0,214287
0,214288
1,214289
1,214292
1,214293
0,214296
0,214299
0,214302
1,214303
0,214306
0,214312
0,214315
0,214318
0,214321
0,214322
0,214323
0,214325
1,214326
0,214327
1,214328
0,214332
0,214334
0,214336
0,214338
0,214343
0,214344
1,214345
1,214347
0,214348
0,214349
1,214350
0,214351
0,214352
0,214353
0,214355
0,214356
0,214360
0,214361
1,214367
0,214368
0,214375
0,214377
0,214383
0,214389
1,214392
0,214395
0,214403
0,214404
0,214406
0,214408
0,214411
0,214412
0,214413
0,214418
0,214420
1,214421
1,214423
0,214427
0,214428
1,214431
1,214436
0,214438
0,214442
0,214444
0,214447
0,214448
0,214456
0,214458
1,214459
0,214463
1,214464
1,214467
0,214469
0,214474
0,214475
0,214478
1,214479
0,214480
0,214483
0,214485
1,214486
0,214489
1,214493
0,214497
0,214498
0,214500
1,214501
1,214503
1,214504
0,214509
0,214510
1,214512
0,214515
1,214517
0,214521
0,214522
0,214527
0,214531
1,214534
0,214535
0,214537
0,214541
0,214544
0,214547
0,214548
1,214555
1,214558
1,214559
0,214563
1,214564
0,214565
0,214566
0,214567
0,214568
0,214571
0,214581
1,214584
0,214587
0,214589
1,214594
0,214598
1,214599
1,214605
0,214607
0,214608
0,214611
0,214613
1,214614
0,214617
1,214621
0,214624
0,214628
0,214630
0,214631
0,214632
0,214634
0,214635
0,214642
1,214648
0,214650
0,214651
0,214652
1,214653
0,214654
0,214655
1,214656
0,214658
0,214667
0,214668
1,214674
1,214676
0,214681
0,214682
0,214684
0,214686
0,214689
0,214690
0,214691
0,214692
0,214698
0,214700
0,214704
0,214705
0,214707
0,214717
0,214718
0,214719
0,214720
0,214721
0,214722
1,214725
1,214726
0,214727
1,214732
0,214738
0,214739
1,214740
0,214742
1,214745
0,214747
1,214749
0,214750
1,214754
0,214755
0,214757
0,214758
1,214759
0,214760
0,214761
0,214764
0,214767
0,214768
0,214770
0,214771
0,214772
0,214774
0,214775
0,214778
1,214781
0,214783
0,214784
0,214789
1,214790
0,214793
1,214797
0,214802
0,214803
0,214808
0,214809
0,214813
0,214823
1,214827
0,214828
0,214829
1,214831
1,214834
0,214835
0,214836
0,214837
1,214840
0,214844
0,214846
0,214850
0,214852
0,214855
0,214856
1,214858
0,214862
1,214867
0,214869
0,214872
0,214876
0,214878
0,214887
0,214888
1,214891
0,214895
1,214896
0,214899
1,214901
0,214903
0,214904
0,214906
1,214908
1,214911
1,214913
1,214915
0,214916
1,214920
1,214924
0,214925
0,214926
0,214927
0,214930
0,214932
1,214936
1,214938
0,214942
0,214943
1,214945
0,214949
0,214950
0,214953
0,214956
0,214958
0,214965
1,214966
0,214967
0,214970
1,214971
0,214975
0,214980
1,214981
0,214982
0,214983
1,214986
1,214987
0,214990
0,214991
1,214992
0,214996
0,214997
1,214998
0,214999
0,215002
0,215003
0,215004
0,215006
0,215009
1,215010
0,215013
0,215019
0,215023
0,215025
1,215026
1,215036
0,215039
0,215042
1,215043
0,215051
0,215053
0,215056
0,215057
1,215062
0,215063
0,215069
1,215075
0,215079
0,215080
1,215081
0,215082
0,215088
1,215089
0,215090
1,215091
1,215103
1,215107
0,215110
0,215113
0,215114
0,215115
1,215117
0,215118
0,215120
1,215126
1,215129
0,215130
1,215132
1,215133
1,215135
0,215137
0,215140
0,215143
0,215145
0,215150
1,215159
0,215161
0,215164
1,215165
1,215167
0,215172
1,215174
1,215178
0,215180
1,215182
1,215183
0,215184
1,215185
1,215187
0,215188
0,215197
0,215199
0,215200
0,215201
0,215206
0,215208
0,215209
0,215210
0,215211
0,215214
0,215215
0,215219
0,215221
1,215223
0,215227
1,215228
1,215229
0,215230
0,215234
0,215235
0,215242
0,215245
0,215252
0,215257
0,215261
0,215268
0,215272
1,215275
0,215280
0,215283
1,215286
1,215287
0,215289
0,215291
1,215292
0,215293
1,215296
1,215298
0,215300
0,215304
1,215305
0,215308
0,215313
0,215315
0,215318
0,215321
0,215323
0,215329
0,215331
0,215335
0,215338
1,215339
0,215342
1,215344
0,215345
1,215348
1,215350
1,215354
0,215355
0,215356
0,215357
1,215358
1,215363
0,215366
1,215371
0,215372
0,215375
0,215384
0,215386
0,215389
1,215391
0,215394
1,215396
0,215399
0,215402
0,215403
0,215407
0,215408
0,215409
0,215410
0,215413
0,215415
0,215417
1,215419
0,215423
1,215424
1,215425
0,215426
1,215427
1,215429
0,215430
0,215431
0,215434
0,215436
0,215439
0,215440
1,215441
1,215442
0,215444
0,215445
0,215446
0,215452
0,215453
1,215456
0,215457
0,215460
1,215461
1,215463
0,215464
0,215465
0,215471
0,215477
0,215481
0,215482
1,215484
1,215486
0,215488
0,215489
1,215490
0,215491
0,215492
1,215493
0,215501
0,215502
1,215504
1,215510
1,215512
1,215513
1,215514
0,215516
0,215518
1,215519
0,215522
1,215524
1,215530
1,215531
1,215534
0,215535
0,215538
1,215539
0,215541
1,215542
0,215545
0,215546
0,215549
1,215550
0,215554
0,215556
1,215558
0,215565
0,215567
0,215571
0,215572
1,215573
0,215579
1,215580
0,215585
0,215586
0,215588
1,215589
0,215593
0,215597
0,215599
0,215605
1,215606
0,215610
0,215612
1,215613
0,215614
0,215617
1,215618
0,215619
1,215622
0,215628
0,215632
0,215636
0,215640
1,215643
1,215645
1,215646
0,215649
1,215651
0,215653
0,215654
0,215656
0,215658
1,215659
0,215661
0,215662
0,215663
0,215664
0,215665
0,215667
1,215669
0,215673
0,215674
0,215681
0,215682
0,215683
1,215694
1,215699
1,215703
1,215704
0,215705
1,215706
0,215707
1,215708
0,215713
1,215715
1,215718
0,215719
1,215724
0,215727
1,215728
0,215729
0,215730
0,215733
1,215737
1,215738
0,215745
0,215747
0,215749
0,215752
0,215757
0,215758
0,215760
1,215761
0,215762
0,215765
1,215766
0,215767
0,215768
0,215775
0,215780
0,215781
1,215785
0,215788
0,215789
0,215792
0,215794
0,215797
0,215803
0,215804
0,215806
0,215808
1,215809
0,215810
0,215811
1,215814
0,215815
1,215816
0,215817
0,215819
0,215820
0,215822
0,215830
0,215831
0,215833
1,215836
0,215837
1,215845
1,215849
0,215852
1,215853
1,215856
0,215857
0,215858
1,215859
0,215862
0,215863
0,215866
0,215868
0,215869
0,215870
1,215871
0,215874
0,215876
0,215877
1,215880
0,215882
0,215883
0,215885
0,215888
1,215889
0,215892
1,215894
0,215895
1,215896
0,215898
0,215903
0,215904
0,215905
0,215907
1,215910
1,215912
0,215915
0,215916
0,215919
0,215920
0,215924
1,215925
0,215927
1,215930
0,215931
0,215933
1,215934
0,215936
1,215937
1,215939
1,215940
0,215942
1,215943
0,215944
0,215951
1,215952
0,215954
0,215956
0,215958
0,215960
0,215962
0,215964
1,215965
0,215966
0,215967
0,215970
1,215971
1,215972
1,215973
0,215977
0,215978
1,215983
1,215990
0,215994
0,215998
0,215999
0,216000
0,216002
0,216003
1,216005
1,216006
0,216007
0,216012
0,216014
1,216018
0,216021
1,216023
1,216029
0,216033
1,216034
0,216037
1,216041
0,216044
1,216045
0,216046
1,216047
0,216048
0,216051
1,216053
0,216056
1,216057
0,216059
0,216060
0,216061
0,216062
0,216066
0,216068
0,216069
0,216070
0,216073
1,216082
0,216094
0,216096
1,216097
0,216100
0,216102
1,216103
0,216104
0,216106
0,216108
0,216110
0,216114
0,216118
0,216122
0,216126
1,216131
0,216133
0,216138
0,216139
0,216141
0,216143
0,216144
0,216146
1,216151
0,216152
1,216154
0,216155
0,216158
0,216159
1,216167
0,216168
0,216171
0,216174
1,216176
1,216183
0,216184
0,216186
1,216191
0,216193
0,216194
0,216199
1,216201
1,216211
0,216212
0,216213
1,216215
0,216216
0,216217
0,216219
0,216222
1,216225
0,216227
1,216232
0,216234
0,216235
1,216237
0,216238
0,216244
0,216245
0,216246
1,216247
0,216248
1,216249
0,216252
1,216255
1,216256
0,216260
1,216264
1,216265
0,216269
1,216274
0,216276
0,216280
0,216281
1,216282
0,216283
1,216287
0,216291
1,216294
0,216300
1,216302
0,216308
1,216309
0,216311
0,216312
0,216313
0,216317
0,216319
1,216322
0,216323
1,216328
0,216333
0,216336
0,216340
0,216343
1,216345
0,216346
0,216348
1,216353
0,216358
1,216359
0,216360
0,216369
0,216371
1,216373
0,216375
0,216378
0,216379
0,216381
0,216382
0,216384
1,216385
0,216386
0,216388
0,216390
0,216391
1,216392
0,216393
0,216395
1,216398
0,216400
0,216401
0,216402
1,216404
1,216405
0,216409
1,216412
0,216413
1,216416
1,216417
0,216418
0,216419
0,216422
0,216424
1,216430
0,216438
1,216440
0,216442
0,216445
0,216447
0,216450
1,216452
1,216455
1,216459
1,216460
0,216463
1,216464
0,216465
0,216466
0,216470
0,216471
1,216472
0,216474
0,216478
1,216479
0,216480
0,216482
1,216486
0,216488
0,216493
1,216494
0,216498
0,216499
0,216500
1,216502
0,216505
1,216512
1,216515
1,216520
1,216522
0,216526
1,216527
1,216531
1,216533
0,216534
0,216536
0,216541
0,216543
1,216544
0,216545
0,216549
0,216550
1,216551
1,216552
1,216560
0,216561
0,216562
0,216563
1,216566
0,216567
0,216569
0,216570
1,216576
1,216579
0,216583
0,216590
0,216594
0,216596
1,216597
1,216599
0,216600
0,216603
0,216605
1,216606
1,216609
1,216610
0,216614
0,216619
0,216625
0,216630
0,216631
0,216632
0,216639
0,216641
1,216644
0,216645
0,216648
1,216649
0,216652
1,216654
1,216655
1,216656
1,216658
0,216659
0,216660
0,216661
0,216662
1,216664
0,216665
1,216667
1,216672
0,216674
0,216676
0,216678
0,216681
0,216683
1,216688
0,216689
0,216690
0,216691
1,216693
0,216696
0,216698
0,216701
1,216706
1,216711
0,216714
0,216717
0,216718
0,216719
1,216723
0,216729
0,216730
0,216731
0,216741
1,216742
1,216745
0,216746
1,216748
1,216750
0,216751
0,216755
1,216756
0,216757
0,216759
0,216760
0,216761
1,216768
0,216770
0,216771
0,216773
0,216774
0,216775
0,216776
0,216777
0,216778
0,216782
0,216788
1,216791
0,216792
0,216794
0,216798
0,216799
1,216800
0,216802
0,216804
1,216806
1,216813
0,216814
0,216818
0,216819
0,216820
1,216827
0,216828
0,216832
0,216833
0,216834
1,216837
0,216838
0,216842
0,216846
0,216848
1,216852
1,216855
0,216860
1,216861
0,216863
0,216866
0,216868
0,216871
1,216873
0,216874
0,216875
0,216880
0,216883
1,216884
0,216900
0,216903
0,216904
1,216905
0,216908
0,216909
0,216911
0,216916
1,216921
1,216922
0,216924
0,216926
0,216927
0,216928
0,216930
0,216932
1,216937
0,216946
0,216947
0,216951
0,216952
0,216960
0,216961
0,216962
0,216964
0,216966
0,216967
1,216971
0,216973
0,216975
0,216976
0,216978
1,216980
0,216985
1,216986
1,216988
1,216989
0,216990
0,216991
0,216996
0,216997
0,217000
0,217001
0,217009
0,217010
1,217012
1,217013
0,217014
0,217019
1,217020
0,217021
1,217022
0,217024
1,217026
0,217027
1,217029
0,217033
1,217034
0,217035
0,217037
0,217041
0,217042
0,217043
1,217048
0,217050
0,217054
0,217056
0,217058
1,217060
1,217061
0,217066
0,217067
0,217069
0,217072
0,217075
0,217079
1,217080
0,217081
0,217084
0,217085
0,217086
1,217087
0,217088
0,217089
0,217094
0,217097
0,217100
0,217101
0,217104
0,217108
1,217113
0,217116
0,217118
0,217119
0,217121
0,217123
1,217128
0,217130
0,217133
0,217134
0,217136
0,217138
1,217139
0,217141
0,217144
1,217147
0,217150
0,217151
0,217152
1,217153
0,217159
0,217162
0,217163
0,217167
0,217169
0,217170
0,217173
0,217175
0,217176
1,217180
1,217182
0,217183
0,217184
1,217186
0,217188
0,217189
1,217190
0,217191
0,217195
0,217197
1,217199
1,217203
1,217204
0,217206
0,217209
1,217211
0,217212
1,217213
0,217214
0,217217
0,217218
0,217222
1,217224
0,217225
0,217226
0,217227
0,217228
0,217230
0,217231
1,217232
0,217234
0,217235
0,217236
0,217240
0,217244
1,217245
0,217248
1,217249
1,217250
0,217251
0,217252
0,217253
0,217258
0,217259
0,217261
0,217265
0,217267
1,217270
1,217272
1,217276
1,217277
0,217278
1,217280
0,217283
0,217284
0,217287
1,217289
1,217292
0,217293
1,217296
1,217303
0,217304
0,217305
0,217307
1,217310
0,217315
0,217316
0,217319
1,217322
0,217323
0,217325
1,217326
1,217327
1,217328
0,217334
0,217336
0,217339
0,217344
1,217345
1,217353
1,217354
0,217355
1,217357
0,217361
1,217364
0,217365
0,217366
0,217369
0,217370
0,217371
0,217372
0,217375
0,217377
0,217382
1,217383
0,217384
0,217389
1,217391
1,217393
1,217395
0,217396
0,217397
0,217398
1,217400
0,217406
1,217407
1,217415
1,217425
1,217426
1,217429
0,217430
0,217431
0,217436
1,217438
1,217439
0,217441
0,217442
0,217444
0,217446
0,217448
1,217449
1,217450
1,217451
1,217452
0,217456
1,217457
1,217460
1,217461
1,217462
1,217465
1,217467
1,217468
0,217473
0,217474
0,217476
0,217480
0,217485
0,217488
0,217490
0,217493
0,217496
0,217504
0,217506
0,217512
1,217513
0,217517
0,217519
0,217523
1,217525
0,217526
1,217528
1,217529
0,217533
1,217534
1,217539
0,217541
0,217542
0,217545
1,217546
0,217549
0,217551
1,217552
0,217556
0,217558
1,217560
0,217568
0,217569
1,217573
0,217576
0,217581
0,217585
0,217586
1,217587
0,217590
0,217592
0,217595
1,217596
0,217598
0,217599
0,217601
1,217607
0,217610
0,217619
1,217620
1,217624
0,217626
0,217630
1,217631
0,217633
0,217634
0,217636
1,217638
0,217641
0,217642
1,217643
0,217645
0,217648
1,217653
0,217655
0,217656
0,217657
0,217659
1,217664
1,217667
0,217671
0,217673
1,217675
1,217676
1,217677
0,217680
1,217681
1,217684
0,217686
0,217690
1,217693
0,217694
1,217695
1,217696
0,217698
0,217701
0,217702
0,217705
1,217708
1,217709
0,217712
0,217716
0,217719
0,217722
0,217723
0,217729
0,217730
1,217731
1,217737
0,217738
0,217743
0,217745
0,217748
0,217749
1,217752
1,217754
0,217759
0,217766
0,217770
0,217772
1,217774
0,217777
0,217778
0,217780
0,217782
0,217784
0,217788
0,217791
0,217793
0,217795
0,217797
0,217800
0,217811
0,217814
1,217819
1,217823
0,217825
0,217827
0,217831
1,217832
1,217834
0,217837
0,217838
1,217839
0,217842
1,217843
1,217845
0,217848
0,217849
0,217853
0,217855
0,217858
0,217859
0,217862
0,217863
0,217867
1,217871
1,217874
0,217879
0,217880
1,217885
0,217886
1,217888
0,217891
0,217898
0,217899
0,217900
0,217905
0,217906
0,217908
0,217909
0,217913
0,217916
1,217917
1,217918
1,217920
0,217924
0,217925
1,217927
1,217929
0,217930
0,217931
0,217932
0,217933
1,217934
1,217936
1,217940
0,217947
0,217948
0,217952
0,217959
0,217960
0,217961
0,217964
0,217965
1,217966
1,217971
1,217973
0,217974
0,217977
0,217978
0,217981
1,217983
1,217985
0,217987
1,217988
0,217992
1,217995
1,217996
0,217998
0,217999
0,218001
0,218002
0,218003
1,218005
0,218009
0,218011
1,218012
0,218013
1,218014
1,218018
0,218022
0,218023
1,218024
0,218025
0,218027
0,218028
0,218031
0,218034
0,218039
1,218042
0,218045
0,218049
0,218053
1,218058
0,218059
0,218062
0,218064
0,218067
1,218069
1,218071
0,218073
0,218075
0,218078
0,218079
0,218080
0,218081
0,218082
0,218083
0,218084
0,218085
0,218086
1,218096
0,218097
0,218098
1,218099
0,218102
0,218103
1,218104
0,218105
1,218107
0,218108
1,218116
1,218120
1,218122
0,218124
0,218129
0,218139
0,218141
0,218143
1,218145
0,218148
0,218153
0,218156
1,218157
1,218160
0,218161
0,218162
0,218163
1,218170
0,218171
0,218172
0,218175
0,218177
0,218178
0,218182
1,218186
1,218187
0,218188
1,218189
1,218192
0,218196
0,218198
1,218199
0,218200
1,218204
0,218205
0,218207
0,218210
1,218212
0,218214
0,218216
1,218217
0,218219
0,218223
0,218225
0,218226
1,218232
1,218239
0,218242
0,218245
0,218247
0,218248
1,218249
0,218250
0,218251
0,218257
0,218260
0,218262
0,218263
0,218264
0,218275
1,218276
0,218278
1,218279
1,218281
0,218285
1,218286
0,218289
0,218291
0,218292
1,218298
1,218299
1,218302
0,218307
0,218308
1,218309
0,218315
1,218320
0,218322
0,218329
1,218330
0,218333
0,218337
1,218338
0,218347
1,218348
0,218349
1,218351
0,218352
0,218356
1,218358
0,218359
1,218360
0,218362
0,218364
0,218365
0,218368
0,218369
0,218370
0,218371
0,218372
0,218376
0,218378
0,218382
0,218384
0,218385
0,218387
1,218389
1,218391
0,218392
1,218395
0,218396
1,218400
0,218401
0,218404
1,218405
0,218406
0,218408
0,218409
0,218410
0,218412
0,218416
0,218418
0,218419
0,218420
1,218422
0,218425
0,218426
1,218427
1,218432
0,218433
0,218435
1,218436
1,218441
0,218444
0,218445
0,218450
0,218451
0,218452
0,218454
0,218455
1,218457
1,218458
1,218460
0,218462
0,218464
0,218469
1,218471
1,218472
0,218473
1,218482
0,218484
0,218488
0,218491
0,218492
1,218498
0,218499
0,218506
1,218511
0,218514
0,218517
1,218520
1,218523
0,218524
1,218526
1,218530
0,218532
0,218536
1,218539
0,218540
1,218544
0,218547
0,218552
0,218553
1,218556
0,218558
0,218559
0,218562
0,218563
0,218564
0,218565
1,218570
0,218573
1,218577
0,218581
1,218582
0,218591
0,218592
1,218595
0,218596
1,218597
0,218598
0,218603
0,218605
0,218610
0,218612
0,218613
1,218615
1,218617
0,218618
0,218619
0,218620
1,218621
0,218622
0,218623
0,218624
0,218625
1,218626
1,218630
1,218631
1,218636
1,218641
0,218645
1,218647
0,218648
1,218649
0,218651
0,218654
0,218659
1,218670
0,218672
1,218674
0,218675
0,218676
1,218678
0,218684
0,218688
0,218689
1,218690
1,218691
1,218697
0,218698
0,218700
0,218703
0,218706
0,218708
0,218711
1,218714
0,218715
0,218720
1,218722
0,218724
0,218725
0,218726
1,218732
0,218737
1,218738
1,218739
0,218744
1,218745
1,218746
1,218747
0,218750
0,218753
1,218754
0,218760
1,218765
0,218766
0,218767
1,218768
0,218772
0,218773
0,218776
0,218779
0,218780
0,218782
0,218787
0,218788
1,218790
0,218791
0,218794
0,218798
0,218799
0,218805
1,218807
0,218809
1,218810
0,218812
0,218814
0,218818
1,218819
0,218831
0,218832
1,218833
1,218834
0,218835
0,218836
0,218839
1,218841
0,218846
1,218847
0,218849
1,218850
0,218855
0,218860
0,218861
1,218875
1,218876
0,218891
0,218892
1,218893
0,218894
0,218896
0,218903
1,218905
1,218915
0,218916
1,218922
1,218923
0,218930
0,218932
0,218935
1,218936
1,218937
0,218940
0,218943
0,218945
1,218950
0,218951
1,218955
0,218956
0,218960
0,218962
0,218963
0,218964
1,218965
0,218966
0,218967
0,218970
1,218971
1,218972
0,218973
0,218974
0,218975
1,218978
0,218979
0,218980
1,218981
0,218983
0,218984
0,218987
0,218993
0,218997
0,219000
1,219002
1,219004
0,219005
1,219011
0,219015
0,219018
0,219020
0,219021
0,219022
1,219025
0,219027
0,219028
0,219029
1,219032
1,219034
0,219036
0,219037
1,219038
0,219039
0,219040
0,219041
0,219042
1,219044
1,219049
1,219050
0,219051
1,219052
1,219054
1,219055
1,219056
0,219060
0,219063
1,219067
1,219068
0,219072
0,219077
1,219078
0,219079
0,219080
0,219081
1,219082
1,219084
0,219086
0,219088
0,219091
0,219092
0,219093
0,219096
0,219099
1,219101
0,219105
1,219106
0,219111
0,219112
1,219113
1,219114
1,219116
1,219117
0,219118
1,219119
1,219121
0,219124
0,219127
0,219128
0,219129
0,219130
1,219131
0,219136
0,219142
1,219143
1,219151
0,219152
0,219153
0,219154
1,219156
0,219157
0,219158
0,219161
0,219163
0,219169
0,219170
0,219174
0,219175
0,219176
1,219179
0,219181
0,219184
1,219185
0,219187
0,219188
0,219191
1,219194
0,219198
1,219199
1,219200
1,219201
0,219203
0,219204
0,219208
1,219211
0,219213
1,219214
0,219218
1,219221
0,219222
0,219224
1,219225
0,219229
0,219231
1,219233
1,219234
1,219235
0,219236
0,219237
0,219239
0,219242
0,219243
1,219244
0,219247
0,219248
1,219251
0,219252
0,219256
0,219260
1,219261
0,219263
0,219265
0,219266
0,219271
0,219272
1,219276
0,219277
0,219278
0,219280
0,219282
0,219284
0,219285
0,219287
0,219294
1,219298
0,219300
0,219301
0,219304
0,219305
0,219309
0,219313
1,219314
0,219316
0,219319
1,219322
1,219323
1,219328
0,219333
0,219334
1,219337
0,219343
1,219348
1,219351
1,219353
1,219355
0,219356
0,219359
0,219360
0,219362
1,219366
0,219371
0,219379
1,219381
0,219382
0,219385
0,219390
0,219394
1,219397
0,219400
0,219404
0,219405
1,219411
0,219413
1,219414
1,219415
0,219416
0,219417
1,219418
0,219422
0,219423
1,219426
1,219427
1,219428
1,219429
1,219431
1,219432
0,219434
0,219435
1,219438
0,219439
0,219442
0,219444
1,219445
1,219447
0,219456
0,219458
0,219459
0,219463
1,219467
0,219468
1,219471
0,219473
1,219474
0,219475
0,219476
0,219477
0,219478
0,219479
1,219480
0,219481
1,219487
1,219494
0,219504
1,219506
0,219511
1,219513
1,219517
0,219518
0,219519
0,219520
1,219521
1,219525
0,219526
1,219527
1,219528
0,219529
1,219530
0,219532
0,219534
0,219536
1,219538
1,219543
1,219553
0,219556
0,219557
0,219558
1,219563
1,219565
0,219568
0,219571
0,219573
0,219578
0,219579
0,219580
0,219584
1,219585
0,219586
1,219591
0,219594
1,219596
0,219598
0,219599
0,219600
0,219601
0,219603
1,219604
0,219606
0,219608
0,219609
0,219610
0,219612
0,219614
0,219620
0,219621
1,219625
0,219626
0,219630
0,219631
1,219637
0,219639
0,219640
1,219642
1,219643
0,219645
0,219646
1,219648
1,219650
0,219653
0,219658
0,219659
0,219660
0,219661
0,219662
0,219663
1,219675
0,219677
1,219678
0,219680
0,219681
0,219682
0,219686
0,219688
1,219690
0,219693
0,219696
1,219697
1,219699
0,219702
1,219709
0,219716
1,219717
1,219720
0,219722
0,219723
0,219724
0,219726
0,219729
0,219736
0,219739
1,219741
0,219744
0,219749
0,219755
0,219756
1,219757
0,219760
0,219762
1,219763
0,219767
1,219770
1,219771
1,219773
0,219774
1,219775
0,219776
1,219783
0,219785
1,219786
0,219788
0,219789
0,219794
0,219795
0,219796
0,219800
0,219802
1,219805
0,219811
1,219813
0,219827
1,219829
0,219830
1,219832
0,219833
1,219835
0,219836
1,219838
0,219844
0,219850
0,219854
0,219856
0,219861
0,219862
0,219865
0,219868
0,219872
0,219874
1,219875
1,219876
0,219877
1,219879
0,219882
1,219886
0,219894
1,219895
0,219896
0,219897
1,219899
0,219900
0,219904
1,219907
1,219909
0,219913
0,219914
0,219915
1,219917
0,219918
1,219922
0,219924
1,219925
1,219928
0,219929
0,219931
0,219933
0,219935
1,219937
0,219938
0,219940
0,219942
0,219943
0,219944
0,219945
0,219948
0,219950
0,219955
0,219958
0,219964
1,219967
1,219968
0,219969
1,219970
0,219972
0,219976
1,219981
0,219982
0,219985
0,219989
0,219990
0,219993
1,219996
1,219997
1,219999
1,220000
0,220003
0,220005
1,220008
0,220011
1,220012
0,220016
0,220018
0,220020
0,220023
0,220025
0,220028
1,220029
0,220031
0,220034
1,220036
0,220043
0,220047
0,220048
1,220051
0,220054
0,220063
0,220066
1,220067
1,220068
1,220074
0,220079
0,220081
1,220083
0,220085
1,220086
1,220087
1,220093
0,220094
0,220095
0,220098
0,220099
0,220102
0,220103
1,220108
1,220109
0,220113
1,220114
0,220116
0,220118
0,220119
0,220120
0,220124
1,220126
0,220129
0,220141
0,220142
0,220143
1,220145
0,220149
1,220152
1,220154
1,220157
0,220159
1,220160
1,220172
0,220174
1,220177
0,220178
0,220181
0,220182
0,220183
0,220185
1,220187
0,220189
0,220192
1,220195
1,220197
1,220201
0,220202
1,220205
0,220212
0,220218
1,220219
1,220222
0,220223
1,220224
0,220230
0,220233
0,220234
1,220237
1,220241
1,220243
0,220245
0,220247
0,220249
1,220250
0,220251
1,220253
0,220254
0,220255
0,220257
1,220258
0,220259
1,220260
1,220261
1,220263
1,220267
0,220269
0,220272
0,220282
1,220284
0,220290
0,220291
1,220293
0,220295
0,220296
0,220299
0,220301
0,220302
1,220307
0,220309
1,220311
1,220326
0,220327
1,220328
1,220330
1,220333
0,220334
0,220341
1,220342
1,220343
0,220355
0,220356
0,220357
0,220361
1,220366
1,220367
0,220372
0,220375
1,220378
0,220380
0,220385
0,220387
0,220389
0,220390
0,220393
0,220398
0,220402
0,220404
1,220407
0,220413
1,220414
1,220415
0,220417
0,220421
0,220422
0,220427
1,220430
1,220435
1,220438
0,220439
0,220444
0,220448
1,220450
1,220453
0,220455
1,220456
0,220458
0,220459
0,220463
0,220469
0,220470
1,220471
0,220478
1,220483
0,220485
0,220488
0,220489
0,220491
0,220495
0,220496
0,220497
0,220498
1,220499
0,220500
0,220504
0,220506
1,220508
0,220509
1,220510
0,220511
1,220512
0,220514
0,220515
0,220516
0,220520
0,220521
0,220523
0,220528
0,220530
0,220531
0,220532
0,220533
0,220534
1,220538
1,220539
0,220542
0,220544
0,220547
1,220550
1,220555
0,220556
0,220558
0,220559
0,220563
0,220567
1,220568
1,220569
1,220571
1,220573
1,220574
0,220576
0,220577
0,220580
0,220582
0,220594
0,220596
0,220597
0,220598
1,220599
0,220602
0,220603
1,220605
0,220609
0,220614
1,220625
1,220626
0,220630
1,220631
0,220642
0,220643
0,220645
0,220646
0,220657
0,220659
1,220661
0,220662
1,220664
0,220665
0,220671
0,220672
0,220676
0,220677
1,220678
0,220681
0,220682
0,220686
1,220687
1,220692
0,220694
1,220695
0,220698
0,220699
1,220700
0,220701
0,220704
1,220706
1,220709
1,220713
0,220715
0,220719
0,220723
0,220724
1,220732
1,220733
1,220740
0,220744
0,220748
0,220750
0,220753
0,220755
0,220756
0,220760
0,220765
0,220766
1,220768
0,220770
0,220771
0,220772
0,220774
0,220775
0,220780
1,220782
0,220783
0,220786
0,220790
0,220791
0,220793
0,220794
0,220799
0,220800
1,220804
0,220805
0,220807
1,220809
1,220810
0,220816
1,220818
1,220820
0,220821
0,220830
0,220831
0,220833
0,220840
1,220841
1,220842
0,220843
0,220844
0,220846
0,220847
0,220851
1,220852
1,220855
0,220856
0,220857
0,220865
1,220866
0,220874
0,220875
0,220876
1,220881
1,220884
0,220885
1,220893
0,220894
1,220896
0,220899
0,220901
0,220902
0,220908
1,220910
0,220913
1,220914
1,220916
1,220920
0,220923
1,220927
1,220928
1,220934
1,220938
0,220939
1,220941
0,220942
1,220951
1,220955
0,220960
0,220961
0,220973
0,220974
0,220976
1,220980
0,220982
0,220983
1,220990
1,220991
0,220992
0,220993
0,220994
0,220995
0,220998
0,221000
0,221001
0,221003
0,221006
0,221007
0,221008
0,221010
0,221021
1,221022
0,221025
0,221029
1,221030
0,221031
0,221032
1,221035
0,221039
1,221044
1,221045
1,221047
0,221048
0,221049
0,221053
0,221055
0,221056
1,221058
1,221061
1,221063
1,221064
1,221066
0,221067
1,221068
1,221071
0,221073
0,221074
1,221075
0,221078
0,221080
1,221086
0,221087
0,221090
0,221093
1,221098
0,221099
0,221101
0,221105
1,221106
1,221108
0,221112
1,221113
0,221114
0,221116
1,221119
1,221120
1,221124
0,221125
1,221126
0,221129
1,221133
1,221134
0,221137
0,221138
1,221140
1,221141
0,221142
0,221144
0,221145
1,221146
0,221149
0,221151
1,221153
0,221156
0,221158
0,221159
0,221160
1,221162
0,221163
1,221164
0,221172
1,221175
0,221179
1,221180
0,221184
1,221185
1,221189
0,221191
0,221192
1,221196
0,221197
0,221198
0,221200
0,221202
0,221203
1,221205
1,221206
0,221209
0,221215
0,221217
0,221218
1,221219
0,221221
0,221223
0,221225
0,221227
1,221228
1,221229
0,221230
1,221232
0,221233
1,221235
0,221244
0,221245
0,221246
1,221250
1,221251
0,221252
1,221253
0,221256
1,221259
0,221262
1,221264
0,221265
0,221268
0,221270
1,221271
0,221272
0,221273
1,221275
1,221277
0,221281
0,221287
0,221289
1,221290
0,221291
1,221298
0,221300
1,221302
0,221304
0,221306
1,221313
0,221315
0,221316
0,221317
1,221318
0,221319
0,221320
1,221324
0,221329
0,221330
0,221334
0,221336
0,221337
0,221342
1,221347
1,221348
0,221354
0,221355
1,221359
0,221362
0,221363
0,221364
1,221366
1,221370
0,221371
0,221375
0,221377
1,221378
0,221379
0,221384
0,221385
0,221391
0,221393
0,221394
0,221396
1,221398
0,221399
1,221400
0,221401
0,221406
0,221410
0,221411
1,221413
1,221415
0,221419
0,221422
0,221426
0,221434
1,221435
0,221442
0,221444
1,221453
0,221454
1,221457
1,221459
0,221462
0,221463
1,221468
1,221469
0,221470
0,221477
1,221481
0,221482
1,221483
1,221485
0,221486
0,221489
0,221501
1,221502
0,221505
0,221506
1,221507
0,221508
0,221509
0,221512
0,221516
0,221518
1,221519
1,221523
1,221524
1,221526
0,221533
1,221535
0,221536
1,221538
0,221539
0,221540
0,221541
0,221544
0,221547
0,221548
0,221549
0,221555
1,221556
0,221557
0,221559
0,221560
0,221561
0,221563
0,221564
0,221566
0,221568
0,221570
0,221578
0,221582
0,221584
0,221585
0,221588
0,221589
0,221593
1,221595
0,221596
0,221597
0,221598
1,221600
0,221604
0,221606
1,221608
1,221610
1,221612
1,221615
0,221616
1,221617
0,221618
0,221620
0,221621
1,221627
0,221628
0,221630
0,221632
1,221633
0,221637
0,221639
0,221641
1,221643
1,221644
1,221646
0,221653
1,221654
0,221655
1,221656
1,221659
0,221660
1,221661
0,221671
1,221672
1,221673
1,221681
0,221682
0,221683
1,221684
0,221691
0,221692
1,221693
1,221695
0,221696
1,221699
0,221700
1,221701
1,221702
0,221709
1,221710
0,221714
0,221717
1,221719
1,221721
0,221722
1,221727
0,221729
0,221731
0,221732
0,221734
0,221735
0,221736
1,221738
1,221740
0,221751
1,221755
1,221760
1,221763
0,221764
0,221765
0,221769
0,221771
1,221775
1,221780
1,221781
0,221783
0,221786
0,221791
1,221792
1,221793
0,221795
0,221796
1,221799
0,221801
0,221802
0,221803
1,221807
0,221808
1,221812
0,221816
0,221818
1,221822
1,221827
0,221829
0,221831
0,221833
0,221837
1,221838
1,221840
1,221841
1,221842
1,221850
0,221852
1,221857
0,221858
0,221860
1,221862
0,221863
0,221864
0,221866
0,221867
1,221871
1,221872
0,221873
1,221875
1,221881
0,221882
0,221883
0,221884
0,221889
0,221891
0,221892
0,221895
1,221897
1,221898
0,221899
0,221901
1,221903
1,221904
1,221910
1,221911
0,221912
1,221914
0,221917
0,221921
0,221922
0,221925
1,221934
0,221936
0,221939
0,221940
0,221942
0,221945
0,221947
0,221950
0,221952
0,221953
1,221955
0,221956
0,221957
0,221958
1,221959
0,221962
0,221965
0,221968
0,221969
0,221970
0,221974
0,221977
1,221978
0,221979
1,221981
1,221983
0,221986
1,221990
0,221993
1,221995
0,221996
0,221998
0,221999
0,222002
0,222007
0,222010
0,222012
0,222023
1,222025
0,222031
1,222032
0,222035
1,222036
0,222037
0,222039
0,222040
0,222044
0,222046
0,222047
0,222050
0,222055
0,222056
0,222058
1,222063
0,222064
0,222066
0,222068
0,222069
0,222071
0,222076
1,222078
1,222079
0,222081
0,222087
0,222088
0,222089
0,222095
1,222096
0,222099
0,222100
0,222103
0,222109
0,222111
1,222112
1,222116
0,222118
0,222120
0,222122
0,222123
0,222125
0,222126
0,222129
0,222131
0,222133
1,222135
0,222137
0,222140
1,222141
0,222143
0,222148
0,222150
1,222152
0,222157
0,222158
1,222160
0,222161
0,222162
0,222165
0,222166
0,222169
1,222170
0,222176
0,222179
1,222180
1,222181
1,222183
0,222185
0,222186
1,222187
0,222188
1,222192
0,222194
0,222195
0,222201
0,222204
1,222206
0,222208
0,222211
1,222212
0,222222
0,222223
1,222224
1,222226
0,222229
0,222232
0,222235
0,222236
0,222238
0,222239
0,222241
1,222242
0,222245
0,222246
0,222247
0,222248
1,222250
0,222252
0,222253
0,222255
0,222257
0,222259
0,222261
0,222263
0,222264
0,222265
0,222266
0,222267
0,222270
0,222273
0,222274
1,222275
0,222277
0,222279
0,222286
0,222287
0,222288
1,222292
0,222294
1,222297
1,222298
1,222299
1,222300
1,222305
0,222306
1,222307
0,222310
0,222311
0,222312
0,222314
0,222315
0,222320
0,222322
1,222323
1,222324
1,222325
1,222326
0,222329
0,222330
0,222332
0,222334
1,222337
0,222338
1,222340
0,222342
0,222343
1,222345
0,222353
0,222357
1,222360
0,222361
0,222364
1,222365
1,222366
0,222367
0,222369
0,222370
0,222372
0,222373
0,222377
0,222378
0,222379
0,222381
1,222383
0,222386
1,222389
0,222395
0,222397
0,222399
1,222403
0,222404
1,222406
0,222409
0,222411
0,222415
1,222416
0,222417
0,222420
1,222422
0,222428
1,222432
0,222434
0,222437
0,222441
0,222448
0,222449
0,222455
0,222458
0,222459
0,222460
0,222461
0,222464
0,222469
0,222470
0,222471
0,222476
1,222479
0,222480
0,222482
0,222484
1,222489
1,222490
0,222491
1,222493
0,222495
1,222496
0,222497
0,222498
0,222499
0,222500
0,222501
0,222502
0,222503
1,222507
0,222510
0,222511
0,222512
0,222513
1,222515
0,222516
1,222521
0,222523
1,222524
1,222529
0,222536
1,222537
1,222539
0,222548
1,222550
0,222556
1,222559
0,222563
0,222566
0,222567
0,222570
1,222571
0,222572
0,222573
0,222577
0,222578
0,222582
0,222584
0,222585
1,222586
0,222591
0,222592
0,222593
1,222602
1,222609
0,222610
0,222615
0,222617
0,222619
0,222624
1,222626
1,222629
0,222630
0,222632
1,222633
0,222634
1,222636
1,222638
0,222644
0,222646
0,222651
0,222652
1,222654
0,222656
0,222657
0,222658
0,222660
0,222663
1,222664
0,222665
1,222670
0,222671
1,222672
1,222681
0,222684
0,222685
1,222686
0,222687
0,222689
0,222690
1,222692
0,222693
0,222694
1,222695
1,222697
1,222699
0,222700
0,222704
0,222705
0,222706
0,222707
1,222708
0,222709
1,222710
1,222716
0,222717
0,222718
0,222720
0,222722
0,222723
0,222724
0,222729
0,222732
1,222741
0,222743
0,222746
0,222749
0,222750
1,222754
0,222759
0,222760
0,222762
0,222764
0,222766
0,222773
0,222774
0,222779
0,222780
0,222783
0,222784
0,222789
0,222790
0,222793
1,222794
0,222795
1,222797
1,222798
0,222799
0,222803
0,222809
1,222810
0,222816
1,222817
0,222818
0,222820
0,222821
0,222823
0,222824
0,222826
1,222827
0,222829
0,222830
0,222831
1,222837
0,222849
0,222850
0,222854
0,222861
1,222862
1,222864
0,222867
0,222868
0,222869
0,222870
0,222872
1,222875
0,222877
0,222882
0,222883
0,222886
0,222888
1,222891
0,222892
0,222896
1,222897
0,222909
0,222911
0,222917
0,222918
0,222919
1,222921
0,222926
0,222928
0,222931
0,222933
1,222935
0,222936
0,222938
0,222939
1,222940
0,222942
0,222945
1,222949
1,222951
0,222952
0,222954
1,222961
1,222962
0,222964
0,222966
0,222969
0,222974
0,222977
0,222979
0,222980
1,222981
1,222982
0,222983
1,222984
0,222991
0,222993
0,222995
1,222996
0,223006
0,223009
1,223012
0,223013
0,223014
1,223019
0,223020
0,223023
0,223028
0,223032
1,223033
0,223035
1,223036
1,223038
0,223040
1,223044
0,223046
0,223047
0,223049
0,223050
0,223051
0,223055
1,223057
1,223059
0,223065
0,223066
0,223069
0,223077
0,223079
0,223081
0,223093
0,223094
0,223095
0,223097
1,223099
1,223101
0,223102
0,223103
0,223106
0,223108
0,223112
1,223118
0,223123
0,223124
1,223127
0,223128
0,223129
0,223130
1,223131
1,223134
0,223135
0,223137
0,223139
0,223140
0,223143
0,223144
0,223145
0,223146
0,223149
0,223154
0,223155
0,223157
1,223160
0,223161
0,223162
1,223163
0,223171
0,223172
0,223174
1,223175
1,223176
1,223177
0,223178
0,223185
0,223186
0,223188
0,223190
0,223193
0,223195
0,223198
1,223201
1,223203
0,223204
0,223212
0,223217
0,223220
1,223225
0,223227
0,223228
1,223230
0,223231
0,223235
1,223236
0,223243
0,223245
0,223249
0,223251
0,223252
0,223255
0,223256
0,223258
0,223259
0,223260
0,223262
0,223264
1,223268
1,223270
0,223275
1,223277
0,223278
0,223280
1,223282
0,223283
1,223285
0,223286
0,223292
0,223293
1,223294
1,223295
0,223298
0,223300
0,223301
1,223304
0,223308
0,223310
0,223313
1,223315
0,223319
0,223320
0,223321
1,223326
0,223328
0,223329
0,223330
0,223334
0,223340
0,223341
0,223342
0,223349
0,223350
0,223352
1,223353
0,223355
1,223356
0,223360
0,223362
1,223365
0,223366
0,223367
1,223377
0,223378
1,223381
1,223382
0,223384
1,223386
0,223387
0,223390
0,223392
0,223393
1,223394
0,223395
0,223396
0,223397
0,223398
0,223410
1,223413
0,223414
0,223415
1,223416
0,223418
0,223419
0,223422
0,223424
1,223429
0,223430
0,223436
1,223437
1,223439
0,223440
0,223442
0,223443
0,223446
1,223447
1,223448
1,223453
1,223456
0,223457
1,223459
1,223461
0,223462
0,223463
1,223465
0,223466
1,223467
0,223469
1,223470
0,223471
0,223473
1,223474
0,223475
0,223477
0,223480
0,223481
0,223483
1,223484
1,223486
1,223487
1,223488
1,223489
0,223491
1,223492
0,223498
0,223502
1,223505
1,223513
1,223515
0,223516
0,223522
0,223525
1,223526
0,223528
1,223529
0,223531
0,223532
1,223534
0,223536
0,223540
1,223541
0,223542
0,223543
0,223545
1,223553
0,223555
0,223556
1,223561
1,223562
0,223563
0,223571
0,223573
1,223577
1,223578
1,223579
0,223580
1,223581
0,223582
0,223583
1,223584
0,223585
1,223589
0,223594
0,223595
1,223596
1,223597
1,223598
0,223599
0,223603
0,223605
0,223606
0,223607
0,223609
0,223611
1,223612
1,223615
0,223616
0,223620
1,223624
1,223626
1,223627
0,223633
0,223638
0,223639
0,223640
1,223642
1,223644
0,223648
0,223649
0,223650
0,223651
0,223652
1,223653
0,223659
0,223662
1,223664
0,223666
0,223667
0,223668
0,223669
0,223675
0,223678
1,223679
0,223684
0,223685
0,223687
0,223688
1,223690
1,223691
1,223699
1,223701
0,223704
0,223705
0,223708
1,223716
1,223717
0,223718
1,223719
0,223720
0,223722
0,223723
1,223729
1,223731
0,223738
0,223741
1,223745
0,223751
1,223755
0,223758
1,223760
0,223761
1,223771
0,223774
1,223777
0,223783
1,223785
0,223787
0,223792
0,223795
0,223799
0,223803
1,223806
1,223807
0,223808
1,223809
1,223810
1,223815
0,223820
0,223823
0,223824
0,223826
0,223827
1,223834
1,223838
1,223843
0,223844
0,223847
0,223849
0,223853
0,223855
0,223858
0,223863
1,223871
0,223873
1,223874
0,223875
1,223877
1,223879
0,223881
0,223882
1,223884
0,223885
0,223886
1,223889
0,223890
1,223891
0,223892
0,223893
0,223894
1,223905
1,223908
0,223909
0,223910
0,223911
1,223912
0,223915
1,223917
1,223920
1,223927
0,223930
0,223936
1,223938
1,223940
1,223941
0,223943
0,223946
1,223949
0,223951
0,223953
0,223958
1,223960
0,223963
0,223964
0,223965
0,223967
0,223969
0,223971
1,223976
1,223979
0,223980
1,223981
1,223982
0,223985
0,223986
0,223989
0,223993
0,223995
0,224001
1,224004
0,224005
0,224008
1,224014
0,224018
0,224020
1,224022
0,224024
1,224026
0,224028
0,224031
1,224032
0,224035
0,224039
0,224041
0,224053
1,224054
0,224055
0,224058
0,224059
1,224060
1,224061
0,224064
1,224065
1,224066
0,224069
0,224074
0,224075
1,224076
1,224077
0,224080
1,224085
1,224088
0,224090
1,224091
0,224093
1,224094
1,224095
1,224096
0,224097
0,224098
0,224099
0,224100
1,224102
0,224110
0,224113
1,224115
0,224116
1,224119
0,224120
0,224124
0,224125
1,224128
0,224131
0,224133
0,224134
0,224140
1,224142
0,224144
0,224145
0,224148
0,224150
0,224151
1,224152
1,224153
1,224156
0,224158
1,224161
1,224162
1,224165
0,224171
0,224179
1,224181
1,224186
0,224188
0,224192
0,224194
0,224197
0,224198
0,224199
0,224200
0,224201
1,224205
1,224206
0,224214
1,224216
1,224222
1,224226
0,224229
1,224231
0,224233
1,224234
0,224235
1,224236
1,224237
1,224238
0,224240
0,224241
0,224242
0,224244
0,224245
1,224248
0,224250
1,224252
0,224255
0,224258
0,224262
0,224267
0,224268
0,224270
0,224271
1,224272
0,224274
0,224276
0,224281
0,224282
1,224286
0,224288
1,224289
0,224292
0,224293
1,224298
1,224299
1,224300
0,224301
0,224302
0,224303
0,224306
1,224308
0,224309
1,224310
0,224312
0,224313
0,224314
0,224317
0,224318
1,224320
0,224324
0,224325
0,224327
1,224334
1,224339
0,224342
0,224354
0,224356
0,224363
0,224364
0,224366
1,224367
1,224368
0,224369
0,224370
1,224375
0,224377
0,224378
1,224380
0,224383
0,224388
1,224390
0,224393
0,224399
1,224401
0,224406
0,224407
0,224408
1,224412
0,224416
0,224417
0,224418
1,224420
0,224421
1,224425
0,224435
1,224444
1,224447
1,224450
0,224454
1,224456
1,224457
0,224459
0,224460
0,224463
0,224464
1,224466
0,224468
0,224471
1,224472
0,224476
0,224477
0,224478
1,224481
0,224487
1,224490
0,224495
0,224500
1,224507
0,224511
0,224513
0,224514
1,224520
0,224521
0,224523
1,224524
0,224529
0,224532
0,224534
0,224541
1,224546
0,224556
1,224557
1,224558
0,224559
0,224562
0,224571
0,224572
0,224574
0,224575
0,224576
1,224580
0,224584
0,224585
0,224588
0,224590
0,224591
1,224592
0,224594
0,224599
0,224600
1,224605
0,224608
0,224609
0,224610
0,224613
0,224614
1,224617
0,224619
0,224622
1,224623
0,224626
1,224627
1,224628
0,224630
0,224634
0,224638
1,224644
0,224647
0,224650
1,224651
1,224653
0,224657
1,224661
0,224664
0,224666
0,224670
1,224671
0,224672
0,224674
0,224677
0,224681
0,224687
0,224689
0,224690
0,224693
0,224697
1,224706
0,224707
0,224708
0,224709
0,224714
0,224718
0,224719
0,224721
1,224723
1,224725
0,224727
1,224729
1,224733
0,224735
1,224736
0,224737
0,224738
1,224744
0,224748
0,224749
1,224751
0,224755
1,224756
0,224757
0,224760
0,224761
1,224762
0,224763
1,224766
0,224770
1,224771
0,224772
0,224773
1,224775
1,224777
0,224778
0,224779
0,224780
0,224783
1,224784
0,224786
0,224787
0,224797
1,224798
0,224800
1,224801
1,224802
0,224806
0,224807
0,224811
0,224816
1,224818
0,224820
1,224823
0,224825
0,224828
0,224831
0,224833
0,224835
0,224836
0,224839
1,224841
0,224844
1,224848
0,224856
0,224858
0,224862
1,224867
1,224870
0,224871
0,224873
1,224879
0,224880
1,224881
0,224888
0,224891
0,224895
0,224896
0,224898
1,224899
1,224901
0,224904
0,224909
1,224912
0,224914
0,224919
1,224920
0,224921
0,224928
0,224929
0,224930
1,224933
0,224934
1,224935
0,224937
1,224941
1,224942
1,224945
0,224948
0,224949
0,224954
0,224956
1,224957
0,224958
0,224960
1,224963
0,224973
0,224974
0,224975
0,224978
0,224982
1,224983
0,224984
0,224985
0,224987
1,224989
0,224991
1,224992
1,224993
1,224997
1,225003
1,225004
1,225006
1,225007
0,225009
1,225011
0,225012
0,225013
1,225015
0,225020
1,225022
0,225024
0,225025
1,225026
0,225028
1,225033
0,225035
1,225037
0,225047
0,225048
1,225050
0,225051
1,225052
0,225054
0,225056
0,225058
0,225066
0,225069
0,225071
0,225074
1,225078
0,225081
0,225084
0,225085
1,225086
0,225088
0,225090
0,225098
0,225099
0,225101
1,225106
1,225108
1,225112
0,225113
0,225114
0,225119
0,225122
0,225123
1,225124
0,225126
0,225127
0,225128
0,225131
0,225132
0,225133
0,225136
1,225140
0,225144
0,225148
0,225151
0,225154
0,225155
0,225157
0,225159
1,225160
0,225162
1,225163
0,225165
0,225166
0,225168
0,225169
0,225170
1,225172
1,225174
1,225176
0,225177
1,225178
0,225179
0,225180
0,225181
0,225186
0,225188
0,225190
0,225192
0,225194
0,225195
1,225204
0,225207
1,225209
1,225210
1,225214
0,225223
0,225224
0,225227
0,225228
1,225229
0,225230
1,225231
0,225233
0,225235
0,225237
0,225238
1,225241
1,225242
0,225244
0,225246
0,225248
0,225253
0,225255
1,225258
1,225261
0,225263
1,225269
1,225270
0,225271
0,225275
1,225276
0,225277
0,225279
0,225280
1,225283
1,225285
0,225289
1,225290
0,225294
1,225299
1,225303
1,225304
0,225305
0,225309
0,225311
0,225312
0,225313
0,225315
0,225316
1,225318
0,225321
0,225322
0,225325
0,225326
1,225327
0,225328
1,225330
0,225333
0,225335
0,225336
0,225338
0,225342
1,225343
1,225345
0,225346
1,225347
0,225348
1,225349
0,225352
0,225353
1,225356
0,225357
0,225360
0,225363
0,225367
1,225369
0,225370
0,225371
0,225372
0,225375
0,225377
1,225380
0,225382
0,225387
0,225390
0,225393
0,225397
0,225399
0,225400
1,225401
0,225402
0,225405
0,225408
0,225413
0,225415
1,225425
0,225429
0,225431
0,225434
1,225435
1,225439
0,225440
1,225442
1,225443
0,225444
0,225446
0,225447
1,225450
0,225451
0,225452
0,225454
1,225459
0,225460
0,225461
1,225464
0,225466
0,225469
0,225472
0,225477
0,225478
1,225481
1,225482
0,225483
1,225484
0,225486
1,225493
0,225496
0,225499
0,225500
0,225502
0,225505
0,225507
0,225508
0,225509
1,225510
1,225511
0,225513
1,225515
0,225517
0,225518
0,225519
0,225520
1,225521
0,225522
0,225524
0,225526
0,225532
0,225534
0,225536
0,225537
1,225538
0,225540
0,225541
0,225542
0,225543
1,225546
0,225547
0,225548
1,225550
1,225551
1,225557
0,225558
1,225561
0,225562
1,225563
0,225565
0,225566
0,225568
1,225570
0,225572
1,225576
0,225580
0,225581
0,225582
1,225586
0,225588
0,225589
0,225590
0,225591
1,225592
0,225593
0,225594
1,225596
1,225597
1,225602
0,225603
1,225604
1,225606
1,225610
1,225611
0,225615
0,225618
0,225619
0,225621
0,225623
0,225627
0,225629
1,225630
1,225634
1,225636
1,225641
0,225645
0,225646
0,225647
0,225650
1,225651
0,225656
1,225658
0,225659
0,225660
1,225662
1,225663
0,225670
1,225672
0,225675
1,225676
0,225677
0,225678
0,225683
0,225685
1,225686
1,225688
0,225690
0,225691
0,225697
1,225701
0,225702
1,225703
1,225704
1,225705
0,225706
0,225711
0,225712
0,225713
0,225714
0,225715
0,225717
1,225718
0,225720
0,225722
0,225726
0,225728
0,225729
1,225731
1,225732
1,225733
1,225736
0,225737
1,225738
1,225743
0,225744
1,225746
0,225747
0,225754
1,225756
0,225760
0,225764
0,225766
0,225767
0,225772
1,225774
0,225778
0,225779
0,225780
0,225782
1,225783
1,225788
0,225789
0,225793
1,225796
0,225799
0,225802
0,225812
1,225813
0,225816
0,225817
1,225821
0,225826
0,225831
0,225833
1,225838
1,225840
0,225845
0,225846
0,225850
1,225854
1,225870
0,225875
0,225876
0,225877
1,225881
1,225882
1,225889
1,225891
1,225892
0,225894
0,225895
1,225897
1,225900
1,225901
0,225902
1,225906
0,225908
0,225909
1,225912
0,225916
1,225917
0,225924
0,225925
0,225926
0,225927
1,225928
0,225930
0,225935
0,225937
1,225939
0,225953
0,225954
0,225955
1,225957
1,225964
1,225965
1,225967
0,225969
0,225970
1,225972
0,225974
0,225976
0,225978
0,225981
0,225983
1,225985
0,225988
1,225989
1,225990
1,225991
0,225998
0,226000
0,226002
0,226003
0,226012
0,226016
0,226021
1,226022
1,226024
0,226025
1,226026
0,226029
0,226032
0,226034
0,226040
0,226042
0,226044
0,226050
1,226051
0,226052
0,226056
0,226057
1,226063
0,226064
1,226067
0,226074
1,226079
1,226080
1,226082
0,226084
1,226087
1,226093
0,226097
1,226098
1,226099
0,226100
0,226102
0,226103
0,226105
0,226107
0,226109
1,226110
0,226111
0,226113
0,226115
1,226116
0,226119
0,226120
1,226122
0,226123
1,226126
1,226129
0,226130
0,226131
0,226132
0,226133
1,226135
0,226136
0,226139
0,226141
1,226142
1,226143
0,226146
1,226149
0,226151
0,226154
0,226157
0,226161
0,226162
0,226165
1,226166
1,226168
1,226172
0,226174
0,226175
1,226180
0,226181
1,226183
0,226184
1,226186
1,226188
1,226191
1,226194
0,226203
0,226207
1,226215
0,226217
0,226218
1,226219
0,226220
0,226222
1,226225
0,226231
0,226232
0,226235
0,226237
1,226242
0,226243
0,226244
1,226245
0,226246
0,226247
1,226248
0,226249
0,226250
0,226255
0,226260
0,226261
1,226262
0,226263
0,226264
1,226266
1,226267
0,226270
1,226271
0,226272
0,226274
0,226277
0,226280
0,226282
1,226284
1,226285
0,226286
1,226292
1,226297
1,226301
0,226302
1,226306
0,226308
1,226309
1,226311
0,226313
0,226315
0,226320
0,226321
1,226322
1,226328
1,226329
1,226333
0,226334
1,226335
0,226339
1,226342
0,226350
1,226352
1,226353
0,226354
1,226357
0,226358
1,226360
0,226367
0,226369
1,226373
0,226375
0,226378
1,226379
0,226381
0,226385
0,226389
1,226390
1,226392
0,226394
0,226396
0,226398
0,226399
0,226401
0,226410
0,226411
1,226415
0,226416
0,226418
0,226422
1,226424
0,226426
0,226427
1,226436
1,226437
0,226438
0,226442
1,226443
1,226444
1,226445
0,226446
0,226450
1,226454
0,226456
1,226459
0,226461
1,226462
0,226468
0,226469
1,226470
0,226471
0,226473
0,226475
1,226476
1,226478
0,226481
0,226483
0,226485
0,226488
0,226499
1,226503
1,226506
1,226508
1,226509
0,226515
0,226517
0,226518
0,226519
1,226522
0,226523
1,226525
1,226534
1,226538
1,226541
1,226543
0,226546
0,226548
0,226549
1,226553
0,226561
0,226562
1,226565
1,226567
0,226571
0,226575
1,226580
0,226582
1,226586
0,226587
1,226588
0,226589
0,226591
0,226592
1,226594
0,226597
1,226602
1,226606
1,226610
1,226611
0,226614
1,226615
0,226616
0,226618
1,226619
0,226620
0,226621
1,226623
0,226624
0,226626
0,226627
0,226629
0,226631
0,226633
1,226635
1,226638
0,226640
1,226642
1,226645
1,226650
1,226651
1,226654
0,226658
0,226663
1,226668
1,226672
1,226673
0,226674
1,226676
1,226681
0,226685
0,226686
0,226688
1,226690
0,226692
0,226694
1,226696
0,226697
0,226698
1,226699
1,226700
0,226701
1,226704
0,226705
0,226707
1,226710
0,226714
1,226718
0,226720
1,226724
0,226725
1,226727
0,226729
0,226733
1,226734
0,226735
0,226737
0,226741
1,226744
0,226746
0,226756
1,226757
0,226759
1,226768
0,226769
0,226774
0,226777
1,226778
0,226779
1,226781
0,226789
0,226790
0,226793
1,226794
1,226795
1,226798
0,226801
1,226802
1,226805
0,226807
0,226808
0,226813
1,226816
1,226817
0,226819
1,226822
1,226823
0,226824
1,226825
0,226827
0,226836
0,226837
0,226838
0,226841
1,226844
0,226845
1,226846
0,226847
0,226849
0,226850
0,226851
1,226852
1,226853
1,226863
0,226868
0,226871
0,226872
0,226873
0,226874
1,226877
0,226881
0,226884
0,226885
0,226887
0,226890
0,226892
1,226895
1,226898
1,226900
1,226901
0,226906
0,226909
0,226910
0,226911
1,226914
0,226916
0,226918
0,226919
0,226920
0,226922
0,226923
0,226925
1,226929
1,226933
0,226935
0,226938
0,226941
0,226942
0,226943
0,226946
0,226950
0,226951
0,226952
0,226957
0,226958
0,226959
1,226960
1,226963
1,226964
0,226970
1,226972
0,226973
1,226977
0,226978
0,226981
1,226982
0,226984
0,226986
0,226989
1,226996
0,226997
0,226998
0,227002
0,227004
0,227009
1,227010
0,227012
0,227013
0,227014
0,227015
1,227017
0,227021
0,227025
0,227026
1,227029
0,227031
0,227036
0,227042
1,227044
0,227047
0,227050
1,227052
0,227054
1,227057
1,227058
0,227062
0,227065
0,227066
1,227067
1,227070
0,227072
0,227077
1,227081
0,227082
0,227083
0,227084
0,227088
0,227089
0,227090
0,227091
0,227094
0,227098
0,227099
0,227100
0,227101
0,227102
0,227103
1,227104
1,227113
0,227114
0,227121
0,227123
0,227127
0,227132
1,227134
0,227138
0,227139
0,227141
1,227142
0,227143
1,227144
0,227159
0,227160
0,227161
0,227169
0,227170
0,227172
1,227174
1,227176
0,227177
0,227184
0,227186
1,227194
0,227195
0,227196
1,227198
0,227200
0,227202
1,227204
0,227210
0,227213
0,227215
1,227222
1,227224
1,227227
0,227228
0,227229
1,227230
0,227236
0,227238
0,227240
0,227242
0,227243
0,227244
0,227245
0,227249
1,227251
1,227253
1,227254
0,227255
0,227256
0,227257
0,227258
0,227262
1,227264
0,227269
0,227272
0,227273
1,227274
0,227275
1,227277
0,227287
0,227288
0,227289
0,227294
1,227296
0,227300
1,227308
0,227312
0,227313
1,227319
1,227320
1,227323
0,227325
0,227328
0,227329
0,227331
0,227332
0,227333
1,227334
0,227335
0,227337
0,227338
1,227340
1,227341
0,227346
0,227351
0,227352
0,227353
0,227354
0,227355
0,227356
1,227357
1,227362
1,227364
1,227367
1,227368
0,227369
0,227374
1,227380
1,227381
1,227382
0,227384
0,227387
0,227390
1,227397
0,227398
0,227405
0,227406
0,227411
1,227412
1,227413
1,227414
0,227415
0,227416
1,227420
1,227421
1,227422
0,227424
1,227430
0,227432
1,227435
0,227437
0,227445
1,227449
0,227451
0,227452
0,227457
0,227458
0,227463
0,227466
1,227468
0,227471
0,227472
0,227473
1,227474
0,227478
0,227485
1,227496
0,227499
0,227502
0,227503
1,227505
0,227506
0,227510
0,227511
0,227515
0,227519
0,227521
0,227523
1,227524
0,227525
0,227526
0,227536
0,227539
1,227541
0,227543
0,227550
1,227551
0,227553
1,227556
0,227565
0,227566
0,227570
0,227571
0,227572
0,227573
1,227575
0,227578
0,227579
1,227582
0,227585
0,227588
1,227590
0,227595
1,227596
0,227597
0,227601
0,227602
0,227608
1,227609
1,227610
0,227611
0,227612
0,227613
0,227616
0,227617
0,227619
0,227621
0,227623
0,227627
0,227628
0,227630
1,227631
0,227633
0,227634
0,227641
0,227644
1,227647
1,227656
0,227661
1,227670
0,227675
1,227679
0,227681
1,227685
0,227687
0,227690
0,227692
1,227693
1,227700
1,227701
1,227702
1,227703
1,227707
1,227709
1,227710
1,227711
0,227714
0,227715
0,227720
0,227722
0,227725
1,227731
0,227732
0,227740
1,227742
0,227743
0,227750
0,227755
0,227758
0,227761
0,227763
0,227765
0,227767
0,227768
0,227770
0,227776
0,227778
0,227783
0,227784
0,227787
0,227792
1,227793
1,227796
0,227800
0,227804
1,227805
0,227806
1,227809
0,227813
1,227815
0,227816
0,227820
1,227821
0,227822
0,227823
1,227825
0,227827
0,227830
1,227831
0,227832
0,227835
1,227838
0,227844
1,227845
0,227848
1,227849
0,227857
0,227859
0,227860
0,227863
0,227868
0,227869
1,227873
0,227875
1,227876
1,227882
0,227886
1,227887
1,227889
1,227894
0,227895
0,227898
1,227901
1,227906
0,227907
0,227909
0,227916
0,227918
1,227919
0,227922
0,227923
1,227925
0,227926
1,227928
0,227929
1,227935
1,227936
0,227939
0,227940
0,227943
0,227944
1,227945
0,227946
1,227950
1,227952
0,227959
1,227963
0,227964
0,227967
0,227968
1,227969
0,227975
1,227979
1,227983
0,227988
0,227989
0,227991
1,227993
1,227995
0,227998
1,227999
1,228000
0,228001
1,228003
1,228008
0,228009
1,228010
1,228011
1,228017
0,228023
0,228027
1,228030
1,228032
0,228033
0,228034
0,228040
0,228042
0,228043
0,228044
1,228046
0,228048
1,228055
1,228057
0,228059
0,228066
0,228067
0,228068
0,228070
0,228071
0,228075
0,228079
0,228080
0,228081
1,228082
0,228084
1,228088
0,228090
0,228092
0,228094
0,228095
0,228096
0,228102
1,228103
0,228104
1,228108
0,228112
1,228113
0,228115
0,228118
0,228119
0,228121
0,228122
1,228123
1,228124
0,228125
1,228127
0,228129
0,228132
0,228133
0,228135
1,228136
0,228139
0,228141
1,228142
0,228144
1,228145
0,228146
0,228147
1,228148
1,228150
0,228153
0,228154
0,228159
1,228160
0,228161
0,228162
0,228163
0,228168
1,228171
1,228172
0,228173
0,228176
1,228181
0,228183
1,228184
0,228185
0,228189
0,228192
0,228193
0,228194
0,228197
0,228198
1,228200
1,228201
0,228203
0,228204
0,228207
1,228208
1,228209
0,228210
0,228216
0,228217
1,228220
1,228221
0,228223
0,228224
0,228231
0,228233
1,228236
0,228241
0,228243
0,228244
0,228246
1,228248
0,228250
0,228253
0,228259
1,228260
0,228262
0,228267
1,228271
0,228272
1,228273
0,228275
1,228276
1,228278
0,228280
1,228282
0,228283
1,228284
1,228286
1,228293
0,228295
1,228296
0,228297
0,228299
1,228301
0,228305
0,228307
0,228309
0,228310
0,228312
1,228314
0,228316
0,228318
0,228319
0,228322
0,228326
1,228329
0,228333
0,228334
1,228346
0,228351
1,228353
0,228355
0,228357
0,228358
0,228360
0,228364
0,228366
0,228368
0,228369
0,228371
0,228372
0,228376
0,228379
0,228381
1,228383
1,228384
1,228385
0,228386
1,228387
1,228388
0,228393
1,228396
0,228401
1,228404
0,228406
0,228410
1,228411
0,228415
0,228417
0,228418
0,228419
0,228421
1,228423
1,228428
0,228430
0,228431
1,228434
0,228441
1,228442
0,228447
0,228449
1,228452
0,228454
0,228455
1,228459
1,228460
1,228464
0,228465
0,228466
0,228471
1,228472
0,228475
1,228477
0,228480
1,228481
1,228482
0,228483
1,228485
1,228486
0,228489
1,228493
1,228494
0,228497
0,228498
0,228500
0,228501
1,228508
0,228509
1,228510
0,228511
0,228512
0,228514
1,228516
0,228518
1,228520
0,228528
0,228529
0,228530
0,228532
1,228536
0,228537
0,228538
0,228541
0,228543
0,228547
0,228549
0,228550
1,228552
0,228553
0,228554
0,228558
0,228560
0,228566
0,228567
0,228569
0,228571
1,228577
0,228582
0,228583
1,228589
1,228591
0,228594
0,228595
1,228596
0,228597
1,228598
0,228602
0,228609
0,228610
0,228611
0,228612
1,228613
0,228614
0,228617
0,228620
0,228621
0,228625
1,228629
0,228631
1,228634
0,228643
1,228644
0,228646
0,228650
0,228651
0,228652
0,228653
0,228659
0,228664
0,228668
0,228669
1,228670
1,228671
0,228677
1,228678
0,228683
0,228685
1,228688
0,228690
0,228694
0,228695
0,228696
0,228697
0,228698
0,228699
1,228702
0,228704
0,228706
0,228707
0,228708
0,228710
0,228713
1,228714
1,228715
1,228716
1,228717
1,228718
0,228721
0,228725
0,228727
0,228728
0,228729
1,228736
1,228737
1,228740
0,228748
0,228749
1,228751
0,228758
0,228759
0,228761
0,228762
0,228765
0,228766
0,228767
0,228769
1,228771
0,228775
0,228776
0,228777
0,228778
0,228779
0,228781
1,228782
1,228783
0,228785
0,228789
1,228793
1,228797
0,228798
0,228799
0,228802
0,228806
1,228807
0,228808
0,228809
0,228813
1,228816
1,228817
1,228818
1,228823
1,228825
0,228826
0,228827
1,228828
1,228829
0,228834
0,228835
1,228843
1,228845
1,228846
0,228847
0,228849
1,228850
1,228851
1,228857
0,228858
1,228859
1,228861
0,228863
0,228864
0,228868
0,228871
0,228872
1,228877
0,228880
0,228881
1,228884
0,228885
1,228888
0,228889
0,228890
0,228891
0,228894
0,228899
0,228902
1,228904
0,228906
0,228908
1,228909
0,228910
0,228915
0,228918
0,228920
1,228925
0,228927
0,228930
0,228932
1,228933
1,228940
0,228941
1,228942
0,228950
0,228951
1,228952
1,228956
0,228957
1,228958
0,228962
1,228964
0,228966
0,228967
0,228971
1,228976
0,228978
0,228983
0,228986
0,228988
1,228990
1,228991
0,228993
0,228994
0,228997
0,228998
0,229000
0,229003
0,229006
0,229007
0,229008
1,229010
0,229014
0,229017
0,229018
0,229020
0,229021
1,229025
1,229026
0,229027
1,229028
1,229029
1,229032
1,229033
0,229034
0,229038
0,229039
0,229040
0,229043
0,229047
0,229048
0,229050
0,229056
0,229058
0,229059
1,229062
0,229064
0,229066
0,229067
0,229068
0,229069
1,229072
0,229074
0,229075
1,229081
0,229083
0,229085
0,229086
1,229094
0,229097
0,229098
0,229100
0,229102
0,229104
1,229108
1,229110
1,229115
0,229120
0,229121
0,229127
0,229128
0,229129
1,229134
1,229135
1,229137
0,229138
0,229141
0,229144
0,229146
0,229147
0,229149
0,229152
0,229156
0,229157
0,229158
1,229162
1,229163
0,229166
1,229168
0,229171
0,229172
0,229174
1,229175
0,229176
1,229180
0,229185
1,229186
0,229187
1,229188
0,229190
0,229192
0,229193
0,229195
1,229197
0,229198
0,229200
0,229201
1,229204
0,229209
0,229210
1,229212
1,229218
1,229220
0,229226
0,229227
0,229234
0,229236
1,229238
0,229242
0,229243
1,229245
1,229248
0,229250
1,229254
0,229255
0,229257
0,229259
0,229260
0,229263
1,229264
1,229265
1,229266
0,229268
0,229270
1,229271
0,229276
0,229277
1,229280
0,229282
0,229283
0,229284
0,229285
1,229286
0,229289
1,229291
0,229293
1,229295
1,229296
0,229297
0,229298
0,229301
0,229302
0,229304
0,229306
0,229308
0,229310
0,229312
0,229313
0,229315
0,229318
0,229320
1,229321
1,229326
1,229327
0,229329
0,229330
0,229331
1,229332
0,229333
1,229334
0,229339
0,229340
0,229341
0,229344
1,229345
0,229346
0,229347
0,229349
0,229350
0,229351
0,229352
0,229354
1,229357
0,229358
0,229360
1,229363
0,229364
1,229365
0,229366
0,229375
0,229376
0,229380
0,229381
0,229382
0,229389
1,229394
0,229395
1,229398
0,229401
1,229405
0,229406
1,229409
0,229412
1,229417
1,229418
0,229420
1,229422
1,229432
0,229433
0,229434
0,229437
1,229439
0,229440
1,229442
1,229444
0,229447
0,229448
0,229449
0,229452
0,229453
0,229454
0,229455
1,229457
1,229458
0,229460
0,229463
1,229465
0,229466
0,229467
0,229468
0,229471
1,229473
0,229476
0,229477
0,229478
0,229479
0,229480
0,229481
0,229482
0,229483
0,229484
0,229486
0,229489
0,229491
0,229493
1,229494
0,229495
0,229496
0,229497
0,229500
0,229501
0,229504
0,229505
1,229506
1,229507
1,229509
1,229511
0,229515
0,229520
0,229521
0,229523
1,229525
0,229526
0,229537
1,229538
0,229539
1,229540
0,229541
1,229543
0,229544
0,229547
0,229550
0,229551
0,229552
1,229553
0,229559
0,229560
0,229561
0,229562
0,229564
1,229565
0,229566
1,229567
1,229568
0,229570
0,229571
0,229575
0,229578
0,229581
1,229591
0,229593
0,229596
0,229606
1,229610
0,229611
0,229612
1,229613
1,229616
0,229617
1,229619
0,229621
0,229622
0,229625
1,229628
0,229631
1,229636
0,229643
0,229647
1,229648
0,229649
1,229652
1,229658
0,229660
1,229661
1,229663
0,229666
1,229667
0,229668
0,229671
0,229673
0,229674
0,229676
0,229677
0,229680
0,229682
1,229684
1,229687
1,229692
0,229693
1,229694
0,229696
0,229697
0,229698
0,229699
1,229700
1,229702
0,229703
1,229705
0,229707
1,229708
1,229711
0,229715
0,229717
0,229723
0,229725
0,229734
0,229738
0,229739
1,229741
0,229742
1,229743
1,229747
0,229750
0,229751
0,229752
1,229753
0,229758
0,229760
0,229761
1,229762
0,229766
0,229768
0,229769
1,229771
0,229772
0,229773
0,229775
0,229777
0,229780
0,229783
0,229785
0,229787
0,229790
0,229794
0,229802
0,229803
0,229805
1,229806
0,229808
0,229812
0,229815
0,229817
0,229818
0,229822
0,229828
0,229835
0,229837
1,229839
0,229843
0,229844
1,229846
1,229849
0,229852
0,229854
0,229856
0,229858
0,229859
1,229860
0,229861
1,229863
0,229865
1,229866
1,229867
0,229868
1,229871
1,229874
0,229875
1,229876
0,229882
0,229883
0,229889
1,229890
0,229891
1,229896
0,229898
0,229899
0,229905
1,229908
0,229918
0,229919
1,229920
0,229925
0,229926
0,229927
0,229928
1,229929
1,229930
1,229933
1,229940
0,229941
0,229942
0,229945
0,229948
0,229951
0,229953
0,229954
1,229957
0,229960
0,229964
1,229967
0,229970
0,229972
0,229973
0,229974
1,229975
0,229976
1,229978
1,229979
1,229980
1,229981
1,229982
0,229985
0,229988
0,229989
1,229993
1,229994
0,229998
0,230000
0,230003
0,230006
0,230009
0,230010
0,230011
0,230015
1,230022
0,230025
0,230027
0,230031
0,230033
0,230034
0,230035
0,230036
0,230045
1,230046
1,230054
0,230055
1,230057
0,230058
1,230061
0,230063
0,230064
0,230065
0,230067
0,230070
0,230071
0,230072
1,230074
0,230075
1,230076
0,230077
0,230079
0,230081
0,230082
1,230084
0,230085
0,230086
0,230088
0,230090
0,230094
0,230096
0,230099
0,230101
0,230110
0,230112
0,230118
1,230119
1,230121
0,230123
0,230124
1,230125
0,230129
1,230131
0,230132
1,230141
0,230142
1,230144
0,230148
0,230151
1,230152
0,230156
1,230157
0,230159
0,230161
0,230169
0,230170
0,230172
0,230173
0,230177
1,230178
0,230181
0,230185
0,230186
1,230187
0,230188
1,230193
0,230195
1,230198
0,230200
0,230206
0,230207
0,230210
0,230212
0,230215
0,230219
0,230220
0,230222
1,230223
1,230224
1,230228
0,230229
1,230231
0,230232
1,230233
0,230235
1,230236
0,230238
0,230243
1,230247
1,230248
0,230250
0,230254
1,230257
1,230261
0,230264
1,230265
0,230267
0,230268
1,230269
0,230271
1,230272
0,230273
0,230274
0,230277
0,230278
0,230280
1,230281
0,230283
1,230288
0,230289
0,230294
1,230298
0,230305
1,230306
1,230307
0,230313
1,230317
0,230324
0,230325
0,230326
0,230330
1,230331
0,230333
0,230340
1,230343
1,230344
0,230345
0,230346
0,230347
0,230352
0,230353
0,230354
0,230356
0,230357
1,230363
0,230364
1,230368
0,230371
0,230373
0,230384
0,230391
0,230397
0,230403
0,230404
0,230408
0,230409
0,230410
0,230412
0,230413
0,230418
1,230425
0,230426
0,230428
0,230429
0,230431
0,230436
0,230439
1,230444
1,230445
1,230446
0,230448
0,230450
0,230451
0,230455
0,230459
1,230461
0,230463
0,230466
0,230468
1,230469
1,230470
0,230475
0,230476
1,230479
0,230481
0,230482
1,230483
1,230489
0,230490
0,230494
0,230495
0,230497
0,230498
0,230499
0,230505
0,230508
1,230510
0,230512
0,230513
1,230521
0,230523
0,230525
0,230528
1,230529
0,230530
0,230531
0,230535
1,230536
0,230537
1,230540
1,230545
0,230548
0,230550
0,230553
0,230559
0,230560
0,230561
0,230562
1,230563
0,230564
0,230565
1,230566
0,230567
1,230568
1,230571
1,230572
1,230577
1,230584
0,230585
0,230587
0,230590
0,230593
1,230595
0,230596
0,230597
0,230602
0,230603
0,230606
0,230607
0,230610
0,230611
0,230614
1,230615
1,230617
0,230618
0,230619
1,230634
0,230637
1,230638
0,230639
0,230640
0,230642
0,230643
1,230647
0,230651
0,230654
0,230656
0,230657
0,230663
0,230665
0,230667
0,230668
1,230670
0,230672
0,230673
1,230678
0,230679
0,230680
0,230688
1,230693
1,230694
1,230699
1,230701
0,230702
0,230703
1,230704
0,230705
0,230707
0,230708
0,230709
1,230711
1,230718
0,230719
0,230720
0,230721
1,230724
0,230725
0,230726
0,230727
0,230730
0,230731
0,230732
1,230735
0,230737
0,230738
0,230741
0,230742
0,230745
1,230746
1,230747
0,230749
0,230751
1,230753
0,230754
1,230755
0,230757
1,230758
1,230760
0,230763
1,230765
0,230767
0,230771
0,230773
1,230775
0,230777
1,230778
0,230785
0,230789
0,230791
1,230795
0,230798
1,230802
1,230806
0,230807
1,230815
0,230817
0,230820
0,230823
0,230824
1,230825
0,230831
1,230835
1,230836
1,230837
0,230838
1,230844
1,230845
1,230847
1,230849
0,230850
0,230853
0,230860
0,230861
1,230864
1,230865
1,230867
0,230868
0,230871
0,230876
0,230879
1,230880
1,230882
1,230888
1,230892
0,230893
0,230896
0,230897
0,230900
0,230901
1,230903
1,230905
0,230906
0,230908
1,230909
0,230910
0,230911
1,230912
0,230914
1,230918
0,230923
1,230925
0,230926
0,230930
0,230932
0,230934
0,230935
1,230938
0,230939
1,230940
0,230944
0,230947
0,230948
0,230953
1,230954
0,230955
0,230956
1,230957
1,230959
0,230963
0,230964
0,230966
0,230967
0,230969
0,230970
0,230971
0,230973
1,230975
1,230976
0,230980
0,230981
0,230988
1,230997
0,230998
1,231005
1,231009
1,231010
1,231014
1,231015
0,231016
0,231019
0,231020
1,231022
1,231023
1,231024
1,231026
0,231027
1,231030
0,231036
1,231037
0,231041
0,231042
0,231045
0,231046
1,231048
1,231049
0,231050
1,231052
0,231054
0,231056
1,231060
0,231061
0,231063
0,231066
0,231067
0,231069
0,231072
0,231076
0,231078
0,231079
1,231082
0,231087
0,231090
1,231094
0,231097
1,231098
0,231101
1,231102
0,231104
0,231111
1,231113
0,231118
0,231122
1,231124
0,231128
0,231129
0,231133
0,231134
1,231136
0,231138
0,231139
0,231140
1,231141
0,231143
0,231145
0,231146
0,231147
0,231148
0,231150
1,231152
0,231156
0,231157
0,231158
0,231159
0,231160
0,231162
0,231163
0,231165
1,231174
0,231175
1,231179
0,231180
0,231181
0,231183
0,231187
0,231189
0,231194
0,231195
0,231198
0,231199
1,231205
0,231209
1,231214
0,231217
0,231218
0,231220
1,231222
0,231223
0,231224
1,231228
0,231229
0,231230
0,231232
1,231235
0,231236
0,231239
1,231240
1,231245
0,231247
1,231251
1,231252
1,231254
1,231255
1,231256
0,231257
1,231259
0,231260
0,231264
1,231268
0,231271
1,231272
0,231274
0,231277
1,231278
1,231283
0,231290
0,231295
0,231296
0,231297
0,231298
1,231299
1,231301
0,231302
0,231304
0,231305
0,231306
0,231311
1,231312
0,231314
1,231318
1,231325
1,231327
1,231329
0,231330
1,231344
0,231352
0,231354
0,231357
1,231358
0,231359
1,231360
0,231361
0,231364
1,231372
0,231373
0,231374
0,231375
0,231377
0,231379
1,231382
1,231384
0,231385
1,231388
1,231389
0,231393
1,231395
1,231396
0,231397
0,231403
0,231404
1,231405
1,231406
0,231411
0,231412
1,231413
0,231418
0,231419
0,231421
1,231422
0,231431
0,231432
0,231433
0,231440
0,231445
1,231448
1,231449
0,231451
0,231452
0,231453
1,231455
1,231457
0,231461
0,231463
0,231466
0,231469
0,231471
0,231472
0,231473
0,231474
0,231475
1,231478
0,231482
0,231483
0,231485
1,231487
0,231488
1,231490
0,231492
0,231493
0,231496
0,231499
0,231506
1,231516
0,231520
1,231525
0,231526
1,231531
0,231532
0,231536
1,231539
0,231541
0,231544
0,231545
0,231546
1,231549
1,231551
0,231555
1,231557
0,231558
0,231564
0,231569
1,231572
0,231578
1,231579
1,231580
0,231583
1,231584
1,231585
0,231587
1,231589
0,231598
0,231599
0,231600
0,231602
0,231606
1,231607
0,231608
1,231610
0,231612
0,231617
0,231618
0,231622
0,231623
0,231626
1,231627
0,231631
0,231632
1,231635
0,231638
0,231641
0,231642
0,231643
1,231645
0,231649
0,231650
1,231652
0,231656
1,231657
0,231659
0,231662
1,231664
0,231670
1,231672
1,231673
0,231676
0,231680
0,231681
0,231683
0,231694
0,231695
0,231698
1,231700
1,231703
0,231705
1,231707
0,231714
0,231715
1,231716
1,231717
0,231724
0,231731
1,231733
0,231736
1,231737
0,231741
0,231742
0,231743
1,231744
0,231746
0,231749
1,231750
0,231753
1,231755
0,231761
0,231765
0,231766
0,231768
0,231770
0,231771
0,231772
1,231777
1,231781
1,231783
0,231784
0,231785
1,231787
0,231791
1,231793
1,231794
0,231795
1,231800
0,231804
1,231809
0,231810
0,231813
0,231814
0,231815
0,231816
0,231817
1,231818
0,231820
0,231827
1,231828
0,231829
0,231839
0,231840
0,231841
0,231848
0,231849
0,231851
0,231852
0,231860
0,231861
0,231863
0,231866
0,231877
0,231878
1,231879
0,231880
0,231882
0,231884
0,231885
0,231890
0,231891
0,231893
0,231894
1,231895
0,231896
0,231898
0,231901
1,231907
0,231908
1,231915
0,231916
1,231917
0,231921
0,231922
0,231924
0,231926
1,231930
0,231936
0,231942
0,231943
0,231946
0,231950
0,231951
1,231954
0,231958
0,231959
0,231965
0,231966
1,231968
1,231972
1,231973
1,231974
0,231981
0,231987
0,231989
0,231991
0,231992
0,231993
0,231994
0,231995
1,231998
0,232002
0,232003
1,232006
0,232008
0,232009
1,232011
1,232013
1,232014
0,232015
0,232016
0,232021
0,232022
0,232025
0,232027
1,232028
1,232029
0,232030
0,232031
0,232033
1,232034
1,232035
0,232038
0,232040
0,232041
1,232042
0,232044
0,232045
1,232048
0,232051
1,232052
0,232053
1,232054
0,232056
0,232057
0,232060
1,232062
1,232067
0,232068
0,232072
1,232073
0,232075
0,232077
1,232079
0,232080
1,232082
0,232087
1,232089
0,232091
0,232092
1,232094
1,232097
1,232098
0,232100
1,232105
1,232107
0,232110
0,232118
1,232120
0,232122
0,232125
0,232128
1,232129
0,232131
1,232135
0,232137
0,232138
0,232139
0,232140
1,232145
1,232148
0,232152
0,232154
1,232156
0,232160
0,232162
0,232163
0,232164
0,232165
0,232168
0,232172
0,232176
0,232178
0,232179
0,232183
0,232186
0,232189
0,232194
1,232197
0,232198
1,232200
0,232201
1,232203
0,232205
0,232206
0,232209
0,232210
0,232217
0,232219
1,232222
0,232225
0,232226
0,232233
0,232234
0,232236
1,232237
0,232238
0,232241
1,232243
0,232247
0,232252
1,232253
1,232254
0,232256
0,232261
1,232264
0,232267
1,232268
0,232271
0,232273
0,232275
1,232276
0,232279
1,232280
0,232281
0,232284
0,232285
0,232287
0,232302
1,232303
0,232304
0,232308
1,232309
1,232310
0,232311
1,232312
0,232313
0,232314
0,232318
0,232320
0,232321
0,232323
1,232325
0,232328
0,232330
1,232331
1,232337
1,232341
0,232343
0,232345
1,232347
1,232348
0,232349
0,232356
0,232360
0,232364
1,232365
0,232370
1,232373
0,232374
0,232378
1,232380
1,232383
1,232384
1,232386
0,232387
0,232388
1,232391
1,232395
1,232397
1,232398
0,232400
1,232401
0,232404
1,232406
1,232407
1,232408
0,232409
1,232410
0,232411
0,232412
0,232413
0,232414
0,232418
1,232421
0,232426
1,232428
0,232431
0,232432
0,232437
0,232441
0,232442
0,232444
0,232447
0,232451
1,232453
0,232454
1,232458
1,232463
1,232466
1,232468
0,232469
0,232472
0,232474
1,232475
1,232478
0,232479
1,232480
0,232483
0,232484
0,232485
0,232487
0,232489
0,232491
1,232494
0,232497
0,232498
0,232499
0,232501
1,232502
1,232504
0,232508
0,232511
1,232512
0,232524
1,232526
1,232527
1,232532
0,232533
1,232534
1,232535
0,232536
0,232539
0,232541
0,232548
1,232549
0,232550
0,232551
1,232554
0,232558
0,232565
0,232567
0,232568
1,232569
0,232572
0,232575
0,232579
0,232582
1,232586
0,232587
0,232588
0,232589
0,232591
0,232592
1,232595
1,232601
1,232604
0,232607
1,232610
0,232616
0,232617
0,232621
0,232623
0,232625
0,232628
0,232636
0,232637
1,232638
1,232640
1,232642
1,232643
1,232644
0,232646
0,232649
0,232650
1,232654
0,232655
0,232657
1,232658
1,232659
0,232660
1,232661
0,232666
0,232667
0,232668
1,232670
0,232674
0,232675
1,232681
0,232683
0,232684
1,232686
1,232687
1,232692
1,232693
0,232698
0,232702
1,232705
0,232706
0,232708
1,232709
0,232710
0,232713
0,232715
0,232716
0,232718
0,232719
0,232723
0,232724
0,232729
0,232734
0,232737
1,232738
1,232739
0,232743
1,232745
0,232750
0,232751
0,232753
0,232761
1,232766
0,232770
0,232772
1,232773
0,232776
0,232780
0,232783
0,232784
1,232785
0,232786
0,232789
0,232793
0,232795
0,232797
1,232801
0,232802
0,232804
0,232805
1,232806
0,232810
0,232811
1,232816
1,232818
1,232819
0,232821
1,232822
0,232824
1,232827
1,232830
1,232831
1,232832
0,232833
1,232835
1,232836
0,232837
0,232839
0,232843
0,232848
0,232853
0,232855
1,232856
0,232858
0,232860
0,232861
1,232863
0,232867
0,232872
0,232873
0,232879
1,232882
0,232883
0,232886
0,232887
1,232888
0,232894
1,232900
0,232902
0,232903
0,232905
1,232906
1,232907
1,232908
0,232910
0,232911
0,232912
1,232914
0,232917
0,232919
0,232920
0,232922
0,232923
0,232924
1,232927
0,232928
0,232929
1,232934
0,232936
0,232938
0,232939
0,232940
0,232941
0,232942
1,232944
1,232947
0,232948
1,232950
0,232953
1,232954
0,232957
1,232960
0,232963
0,232966
1,232967
0,232970
1,232972
1,232974
1,232975
1,232977
0,232978
1,232980
0,232981
1,232983
1,232985
1,232986
0,232988
1,232990
1,232992
1,232995
0,233003
0,233010
1,233012
0,233015
0,233016
1,233018
0,233020
1,233022
0,233024
0,233037
0,233038
0,233041
0,233046
0,233051
0,233055
0,233056
0,233060
0,233061
0,233062
0,233066
1,233067
1,233068
0,233069
0,233072
0,233073
0,233075
0,233085
1,233088
0,233091
1,233093
0,233094
0,233098
0,233104
0,233106
0,233107
1,233108
1,233111
0,233112
1,233114
0,233115
0,233116
0,233117
1,233120
0,233128
0,233129
0,233130
0,233131
0,233132
0,233135
0,233137
0,233139
1,233143
1,233144
0,233146
0,233148
1,233154
1,233156
0,233158
0,233160
0,233163
0,233165
1,233167
0,233168
0,233170
0,233172
0,233177
0,233178
0,233180
1,233181
0,233183
0,233184
1,233186
1,233189
0,233190
1,233193
1,233195
0,233204
0,233209
1,233210
1,233212
1,233216
1,233219
0,233221
1,233222
0,233226
1,233227
0,233229
0,233232
0,233236
0,233240
1,233241
0,233242
0,233243
1,233244
1,233246
0,233248
0,233249
0,233254
1,233257
1,233258
0,233259
0,233260
0,233265
0,233267
0,233270
0,233271
0,233273
0,233278
0,233284
0,233285
1,233288
0,233290
1,233291
0,233293
0,233297
0,233298
0,233300
0,233304
0,233307
1,233310
0,233312
0,233314
0,233318
0,233320
1,233323
0,233324
1,233326
0,233327
0,233329
0,233330
1,233331
1,233334
0,233335
0,233340
1,233344
0,233345
0,233347
0,233350
1,233352
0,233357
1,233360
0,233363
0,233366
1,233367
1,233370
0,233371
0,233372
0,233375
0,233377
0,233383
1,233384
0,233386
0,233389
0,233390
0,233393
1,233395
0,233397
0,233400
0,233401
1,233402
0,233403
0,233405
1,233409
0,233413
0,233417
0,233419
1,233421
1,233424
0,233425
0,233426
0,233429
1,233430
0,233432
1,233433
0,233434
1,233437
0,233438
0,233442
0,233443
0,233445
1,233446
1,233448
0,233450
0,233451
0,233454
0,233456
0,233458
0,233463
0,233464
0,233466
1,233467
0,233469
0,233472
0,233481
1,233483
0,233484
1,233486
1,233487
0,233490
0,233492
0,233494
0,233495
0,233496
1,233497
1,233499
0,233503
0,233504
0,233506
1,233507
0,233508
1,233509
1,233511
0,233513
0,233514
0,233518
0,233519
0,233520
0,233524
1,233525
1,233526
0,233532
1,233534
0,233539
0,233540
0,233541
0,233542
0,233545
0,233547
0,233548
1,233549
0,233551
0,233552
0,233554
0,233555
1,233559
1,233561
0,233562
0,233565
0,233566
0,233567
0,233568
0,233569
0,233570
0,233571
0,233575
0,233577
1,233579
1,233580
0,233581
0,233582
0,233583
0,233585
0,233589
0,233590
1,233592
1,233593
0,233595
1,233599
0,233601
0,233602
1,233605
1,233608
0,233611
0,233612
0,233613
1,233614
0,233615
0,233617
1,233622
0,233623
1,233627
0,233628
1,233629
0,233633
0,233634
0,233635
1,233636
0,233637
1,233638
0,233640
0,233644
0,233651
1,233655
0,233658
0,233664
1,233665
0,233666
0,233668
1,233669
0,233671
0,233672
0,233673
0,233675
1,233676
1,233677
0,233678
0,233683
0,233685
0,233689
0,233691
0,233692
0,233694
0,233695
0,233702
0,233703
0,233707
0,233711
1,233712
0,233716
0,233723
0,233724
1,233725
0,233728
0,233731
0,233732
1,233735
0,233739
1,233740
0,233741
0,233744
0,233746
0,233749
0,233752
0,233756
0,233757
0,233758
0,233759
0,233760
1,233764
1,233765
0,233769
0,233773
0,233776
0,233778
0,233780
0,233782
1,233792
0,233795
0,233799
0,233800
1,233801
0,233805
0,233807
1,233813
0,233820
0,233821
0,233824
0,233825
0,233826
1,233827
0,233828
0,233831
0,233833
1,233838
0,233839
0,233840
0,233842
0,233845
0,233846
0,233849
1,233850
1,233853
0,233855
0,233862
1,233865
0,233868
1,233877
1,233880
1,233902
0,233904
1,233908
0,233909
0,233911
0,233912
0,233913
1,233914
1,233916
0,233919
1,233922
0,233923
0,233924
1,233930
0,233936
1,233944
0,233945
1,233946
0,233947
0,233948
0,233952
1,233953
0,233955
0,233956
0,233959
0,233962
1,233965
0,233968
0,233969
0,233971
0,233972
0,233973
0,233974
0,233975
0,233978
0,233979
0,233981
0,233989
0,233990
1,233993
0,233995
0,233999
0,234000
0,234008
1,234009
1,234010
1,234011
1,234012
0,234014
0,234019
0,234024
0,234026
1,234028
0,234030
1,234032
0,234033
0,234034
0,234036
1,234037
1,234039
0,234041
0,234044
0,234045
0,234051
0,234055
0,234070
1,234076
1,234077
0,234080
0,234084
0,234088
0,234089
0,234090
0,234098
1,234101
0,234104
0,234108
1,234109
0,234111
0,234112
1,234113
0,234115
1,234116
0,234117
0,234121
1,234123
0,234124
0,234125
0,234126
1,234127
0,234128
0,234132
0,234133
0,234134
1,234136
0,234137
0,234140
0,234141
0,234143
0,234144
0,234145
0,234146
0,234147
1,234149
1,234150
1,234151
0,234154
0,234155
1,234162
0,234163
0,234166
0,234173
0,234174
1,234175
0,234176
0,234181
0,234184
1,234187
0,234188
1,234189
0,234193
0,234200
0,234201
0,234203
0,234206
0,234208
0,234212
0,234213
0,234218
0,234220
0,234222
1,234223
1,234225
1,234228
0,234229
0,234230
0,234233
1,234234
0,234235
0,234239
0,234243
1,234244
0,234245
1,234250
0,234251
1,234252
0,234253
1,234257
0,234260
1,234261
1,234262
0,234263
0,234264
0,234266
0,234267
1,234269
1,234272
0,234273
0,234276
1,234277
0,234278
0,234279
1,234281
1,234285
1,234286
0,234287
0,234288
0,234289
0,234290
0,234299
0,234300
1,234302
0,234304
0,234306
1,234308
1,234313
1,234314
0,234315
0,234316
0,234317
1,234318
1,234319
0,234326
0,234327
0,234328
0,234329
0,234331
1,234335
0,234336
1,234338
0,234339
0,234340
0,234342
0,234346
0,234350
0,234352
0,234355
0,234359
1,234360
0,234361
0,234363
0,234364
0,234365
0,234366
0,234368
0,234369
0,234372
1,234373
1,234374
0,234380
1,234387
0,234389
0,234393
0,234402
0,234405
1,234415
1,234416
0,234417
0,234418
0,234421
0,234422
0,234423
0,234425
0,234427
0,234428
0,234429
0,234430
0,234434
0,234438
0,234440
0,234443
0,234445
0,234446
0,234447
1,234448
1,234451
1,234452
1,234453
1,234455
0,234457
0,234459
0,234462
0,234469
0,234470
0,234475
0,234482
0,234483
1,234487
1,234489
1,234492
0,234496
0,234501
0,234505
1,234506
0,234507
0,234508
1,234513
1,234517
1,234518
0,234521
0,234524
0,234525
1,234526
0,234527
0,234528
0,234529
0,234532
1,234534
0,234536
1,234537
0,234538
0,234540
1,234542
0,234544
1,234545
1,234546
0,234548
0,234550
0,234554
0,234558
1,234562
0,234565
1,234566
1,234567
0,234568
0,234571
1,234573
0,234574
1,234577
1,234578
0,234586
0,234588
0,234589
0,234591
0,234592
0,234594
0,234598
1,234602
0,234604
0,234606
1,234608
0,234609
0,234610
1,234615
0,234625
0,234627
1,234630
1,234634
1,234635
1,234637
1,234648
0,234649
0,234651
0,234652
0,234654
1,234659
0,234662
1,234663
1,234664
0,234667
0,234668
1,234670
0,234671
0,234674
0,234684
0,234688
0,234690
1,234692
0,234696
0,234697
0,234699
0,234704
0,234707
1,234708
0,234712
0,234713
0,234714
0,234718
0,234719
1,234727
0,234728
1,234731
0,234736
0,234738
0,234741
0,234747
0,234753
0,234756
1,234758
1,234759
1,234760
0,234761
1,234764
0,234769
1,234772
0,234774
1,234775
1,234776
0,234777
0,234778
0,234779
1,234788
1,234789
0,234791
0,234793
0,234798
0,234799
0,234800
0,234804
0,234806
0,234809
0,234810
0,234812
0,234813
1,234815
0,234816
1,234817
1,234818
1,234819
1,234824
1,234827
1,234828
1,234829
1,234830
0,234833
0,234836
0,234839
0,234840
0,234842
0,234843
0,234846
0,234847
1,234848
1,234849
0,234850
0,234854
1,234858
0,234863
1,234864
0,234865
1,234869
0,234870
0,234872
1,234873
0,234874
0,234879
0,234880
0,234881
0,234882
0,234883
0,234886
0,234888
0,234889
0,234892
1,234893
0,234900
0,234902
1,234908
0,234911
1,234912
0,234913
0,234920
0,234921
1,234926
0,234929
0,234931
0,234934
1,234937
1,234939
0,234942
0,234943
0,234944
1,234946
0,234950
0,234951
0,234952
0,234956
0,234957
1,234959
0,234960
1,234962
0,234968
0,234971
0,234974
0,234987
0,234989
1,234990
0,234993
1,234995
1,234997
1,234998
0,235001
0,235005
0,235006
1,235007
0,235010
0,235012
0,235019
0,235020
1,235022
1,235027
0,235031
0,235032
0,235034
0,235036
1,235042
0,235048
0,235049
1,235051
1,235053
0,235055
0,235056
0,235060
0,235061
0,235064
1,235066
1,235067
0,235069
0,235070
0,235071
0,235074
0,235077
0,235078
1,235081
0,235083
0,235084
1,235088
0,235089
0,235092
0,235097
1,235100
0,235102
1,235104
0,235108
0,235110
0,235111
0,235114
0,235116
0,235118
1,235119
0,235122
0,235123
0,235124
0,235125
1,235127
1,235128
0,235133
1,235136
1,235137
1,235140
1,235142
0,235143
1,235144
1,235146
1,235150
1,235151
0,235152
0,235153
1,235155
0,235159
0,235160
1,235164
1,235170
0,235174
0,235175
1,235176
0,235179
0,235180
1,235181
1,235183
0,235184
0,235192
0,235194
0,235195
0,235197
1,235198
0,235201
0,235203
1,235208
0,235211
0,235212
0,235213
1,235214
0,235216
0,235217
0,235220
1,235224
1,235227
0,235228
0,235230
0,235231
0,235232
1,235233
1,235234
0,235243
0,235245
0,235248
0,235249
1,235251
1,235252
0,235258
0,235264
0,235269
1,235270
1,235271
1,235274
0,235275
0,235279
1,235280
1,235281
1,235283
0,235284
1,235289
0,235290
1,235292
0,235294
0,235297
0,235299
1,235301
0,235303
0,235305
0,235306
0,235307
1,235308
0,235312
1,235313
1,235322
0,235323
0,235325
1,235326
0,235328
0,235329
0,235336
0,235339
0,235342
0,235345
1,235346
0,235347
0,235349
0,235351
1,235353
0,235355
1,235356
1,235358
0,235361
0,235363
1,235364
0,235365
0,235368
1,235369
1,235370
0,235371
0,235377
0,235380
0,235381
0,235382
0,235383
0,235385
0,235388
0,235395
1,235396
1,235397
1,235398
0,235401
0,235402
1,235405
0,235408
0,235410
0,235413
0,235415
0,235416
1,235419
0,235420
1,235424
1,235425
1,235431
0,235433
0,235434
0,235435
1,235438
0,235444
0,235447
0,235448
0,235459
0,235462
0,235469
1,235470
0,235472
1,235476
0,235478
0,235479
0,235481
0,235482
0,235483
1,235487
0,235490
0,235492
0,235493
0,235495
1,235496
0,235498
0,235503
0,235506
0,235508
1,235510
1,235513
0,235514
0,235515
0,235516
0,235517
1,235519
0,235520
0,235526
0,235531
1,235534
0,235537
0,235540
0,235546
0,235554
0,235555
0,235564
1,235565
1,235567
0,235569
0,235571
0,235572
1,235576
0,235578
0,235579
1,235584
0,235588
0,235590
1,235596
0,235597
1,235599
0,235602
1,235603
0,235604
1,235605
0,235607
0,235608
0,235610
1,235616
0,235618
1,235621
0,235622
1,235623
0,235626
0,235628
0,235629
0,235631
1,235632
0,235635
1,235636
1,235639
0,235641
1,235642
1,235644
1,235647
0,235649
0,235656
0,235659
0,235663
1,235665
0,235667
0,235669
0,235673
0,235674
0,235676
0,235677
0,235679
0,235681
1,235682
1,235686
0,235687
1,235688
0,235690
0,235692
1,235695
1,235697
0,235699
1,235701
0,235702
1,235711
1,235712
0,235714
1,235716
1,235717
0,235722
0,235724
1,235725
0,235728
0,235729
1,235730
1,235735
0,235738
0,235739
0,235742
0,235745
1,235747
0,235754
1,235755
1,235759
1,235760
0,235761
0,235763
0,235767
1,235770
1,235772
1,235777
0,235779
1,235784
0,235788
1,235789
0,235793
0,235794
0,235795
0,235796
1,235798
0,235801
0,235802
1,235804
1,235805
0,235807
1,235808
1,235810
0,235811
0,235814
1,235816
0,235818
1,235820
1,235822
0,235823
0,235824
1,235825
1,235826
0,235827
0,235828
1,235829
0,235830
0,235833
1,235835
0,235836
1,235840
0,235842
0,235844
1,235846
0,235857
0,235858
1,235859
0,235861
0,235863
0,235864
1,235867
1,235869
0,235874
0,235876
0,235881
1,235885
0,235887
1,235889
0,235890
0,235891
0,235894
0,235896
0,235897
1,235899
0,235900
0,235901
0,235903
0,235904
0,235905
1,235917
1,235924
1,235925
0,235926
1,235928
0,235930
0,235933
1,235936
0,235938
1,235939
0,235942
1,235944
0,235945
1,235952
0,235953
1,235955
0,235956
0,235958
0,235959
1,235960
0,235962
0,235963
0,235965
1,235966
0,235967
0,235969
0,235970
1,235973
0,235982
0,235986
0,235989
0,235991
0,235994
0,235995
1,235996
0,235998
1,236002
1,236004
0,236005
1,236006
1,236015
0,236017
0,236019
0,236025
1,236027
1,236028
0,236034
1,236037
1,236041
0,236045
0,236046
0,236049
0,236051
0,236058
0,236059
1,236061
0,236063
0,236065
1,236066
0,236067
1,236072
1,236078
1,236079
0,236080
1,236081
1,236086
1,236088
1,236090
1,236092
0,236093
1,236096
0,236098
0,236099
1,236102
0,236103
0,236106
1,236108
0,236115
0,236117
0,236119
0,236122
1,236123
1,236124
0,236131
1,236133
0,236134
1,236140
0,236141
1,236144
0,236149
0,236151
0,236160
0,236161
1,236165
1,236166
1,236168
0,236172
0,236174
0,236175
0,236176
1,236177
1,236182
1,236184
0,236186
0,236188
0,236194
0,236195
0,236198
1,236199
0,236201
1,236203
0,236204
0,236205
0,236206
0,236207
0,236208
0,236209
0,236212
1,236216
1,236217
1,236218
0,236222
1,236223
0,236224
0,236229
0,236231
0,236234
0,236235
0,236236
0,236237
0,236238
0,236239
1,236240
1,236241
0,236243
1,236244
0,236248
0,236251
1,236258
0,236261
1,236262
0,236265
0,236266
0,236272
1,236273
1,236274
0,236278
0,236281
0,236287
0,236290
1,236292
0,236294
1,236296
0,236299
0,236300
0,236302
1,236304
0,236307
1,236309
0,236310
0,236315
0,236316
0,236318
0,236322
1,236323
1,236325
0,236326
0,236327
0,236328
0,236331
1,236334
0,236336
1,236337
0,236338
0,236339
0,236341
0,236343
1,236345
1,236347
0,236349
0,236350
0,236352
0,236353
0,236355
0,236356
0,236363
1,236364
0,236365
1,236367
1,236375
0,236380
1,236381
0,236382
0,236384
1,236385
0,236387
0,236390
1,236391
1,236392
1,236395
0,236397
0,236400
0,236403
0,236407
0,236408
1,236412
0,236417
1,236423
1,236429
0,236430
0,236432
1,236433
0,236434
0,236436
1,236438
1,236441
1,236448
0,236449
1,236452
0,236453
0,236454
1,236455
0,236458
0,236459
0,236460
0,236462
0,236470
0,236471
0,236472
0,236473
0,236475
1,236477
0,236480
0,236483
1,236488
1,236489
0,236491
0,236493
1,236497
0,236502
1,236504
0,236506
0,236508
0,236510
1,236512
0,236513
1,236514
0,236517
0,236518
0,236520
1,236523
0,236525
0,236529
0,236530
0,236533
0,236534
0,236536
0,236539
0,236542
0,236549
1,236550
1,236551
0,236553
1,236555
0,236556
0,236557
0,236558
0,236559
1,236561
0,236566
0,236567
0,236569
0,236571
0,236582
1,236583
1,236589
1,236592
0,236597
0,236599
0,236602
1,236603
1,236606
0,236607
1,236609
1,236614
0,236617
1,236620
0,236622
1,236623
0,236627
0,236630
1,236631
1,236633
1,236634
0,236637
0,236639
0,236640
1,236641
1,236644
0,236648
0,236649
0,236651
0,236656
0,236657
1,236662
1,236666
0,236668
1,236669
1,236670
1,236674
0,236675
1,236676
1,236681
1,236685
1,236687
0,236689
0,236690
0,236693
1,236694
0,236696
0,236697
0,236704
0,236706
0,236707
0,236708
0,236710
0,236711
0,236715
1,236720
1,236723
0,236724
1,236725
1,236728
0,236729
1,236734
0,236736
0,236738
1,236739
0,236741
0,236743
0,236746
1,236748
0,236751
0,236756
0,236758
0,236764
0,236765
0,236768
0,236769
1,236772
0,236773
0,236776
0,236777
0,236782
1,236785
1,236796
0,236801
0,236804
1,236805
1,236806
1,236808
1,236811
1,236813
0,236814
1,236819
0,236823
0,236824
0,236825
0,236827
0,236828
0,236833
0,236834
0,236839
1,236841
0,236842
0,236844
0,236846
1,236847
1,236849
0,236850
1,236854
1,236855
1,236857
1,236859
1,236860
1,236862
1,236866
0,236870
0,236871
0,236872
0,236874
0,236879
1,236881
1,236891
0,236894
1,236897
0,236898
0,236899
0,236900
1,236902
0,236903
0,236904
0,236908
1,236909
0,236910
0,236911
0,236918
0,236919
0,236921
0,236927
0,236928
1,236931
0,236936
0,236938
1,236940
0,236943
0,236947
0,236950
1,236951
1,236954
0,236969
0,236971
1,236975
0,236978
0,236981
0,236983
0,236988
0,236992
0,236993
1,236995
0,236996
0,236997
1,237004
0,237009
1,237012
0,237014
1,237017
1,237020
1,237022
0,237023
0,237024
1,237028
1,237031
1,237036
0,237037
0,237038
1,237040
0,237041
1,237042
0,237047
1,237055
0,237056
0,237058
0,237059
1,237065
0,237067
1,237068
1,237070
0,237072
1,237077
1,237078
1,237080
0,237081
0,237083
0,237084
1,237093
1,237094
0,237097
1,237098
1,237099
1,237100
1,237101
1,237102
1,237103
1,237105
0,237106
1,237108
0,237112
1,237115
1,237121
0,237122
0,237126
0,237127
1,237129
1,237135
0,237138
0,237139
1,237140
0,237141
0,237142
0,237153
1,237158
1,237159
0,237160
0,237161
1,237162
1,237163
1,237168
0,237169
1,237172
0,237174
1,237176
0,237178
0,237179
0,237181
1,237182
0,237183
0,237184
0,237186
0,237187
1,237188
1,237189
0,237192
0,237197
0,237199
0,237200
0,237203
0,237204
0,237205
1,237206
0,237208
0,237211
0,237212
0,237216
0,237217
0,237218
1,237220
0,237222
0,237223
0,237224
0,237226
0,237227
0,237228
0,237230
0,237233
0,237235
1,237236
0,237238
1,237241
0,237245
0,237247
1,237248
0,237252
0,237258
0,237259
0,237263
1,237264
0,237266
0,237269
0,237270
0,237272
0,237274
0,237276
1,237277
1,237279
0,237281
0,237282
0,237283
0,237284
0,237285
0,237286
1,237292
1,237293
0,237298
1,237299
1,237300
1,237306
0,237307
1,237309
1,237311
0,237317
1,237323
0,237325
0,237326
0,237327
0,237328
0,237329
0,237331
1,237332
1,237333
0,237335
0,237341
0,237342
0,237343
1,237344
0,237345
1,237346
1,237349
1,237353
0,237356
1,237357
0,237361
0,237364
0,237370
0,237371
1,237372
0,237373
0,237377
1,237381
0,237384
0,237387
0,237391
1,237394
0,237395
0,237398
1,237399
0,237402
0,237405
1,237411
0,237412
0,237413
0,237417
0,237423
0,237424
1,237425
0,237426
1,237428
0,237430
0,237431
0,237439
1,237442
1,237444
0,237446
0,237447
1,237448
0,237449
0,237450
1,237452
0,237455
0,237456
1,237457
0,237458
1,237459
1,237460
1,237463
1,237468
1,237472
0,237476
0,237477
0,237483
0,237486
0,237488
1,237490
0,237493
0,237495
1,237497
1,237498
0,237502
0,237507
0,237508
1,237514
0,237515
1,237517
0,237519
1,237520
0,237521
1,237522
0,237526
1,237532
1,237535
0,237536
0,237538
0,237539
1,237542
0,237543
1,237548
1,237549
0,237550
1,237551
0,237562
1,237569
0,237571
1,237572
1,237575
0,237578
0,237580
1,237586
0,237588
0,237589
0,237590
1,237591
0,237593
1,237594
1,237595
0,237597
1,237598
0,237599
0,237600
0,237601
0,237605
1,237609
0,237610
0,237611
0,237612
0,237618
0,237621
0,237622
0,237624
0,237629
0,237630
1,237632
1,237635
1,237636
0,237640
0,237641
1,237644
0,237646
1,237647
1,237651
0,237654
0,237656
1,237657
0,237658
1,237659
0,237665
0,237668
0,237670
0,237671
1,237677
0,237678
0,237679
1,237680
0,237681
0,237682
0,237684
0,237685
0,237686
0,237687
0,237688
1,237690
1,237691
0,237694
0,237695
1,237696
1,237698
1,237699
0,237700
1,237701
0,237702
0,237710
0,237715
1,237716
0,237718
1,237720
1,237723
0,237729
1,237730
1,237732
1,237733
0,237734
1,237736
1,237737
0,237743
0,237745
1,237751
0,237752
0,237753
0,237760
0,237766
0,237769
0,237770
0,237775
0,237784
0,237785
1,237790
0,237792
0,237793
0,237797
0,237799
0,237800
0,237804
1,237806
1,237818
0,237821
1,237823
0,237828
1,237832
0,237838
0,237839
1,237842
1,237843
0,237851
1,237854
0,237855
0,237856
0,237857
0,237858
0,237860
0,237861
0,237863
0,237864
0,237865
0,237867
0,237871
0,237876
0,237878
0,237881
0,237883
0,237884
1,237886
1,237890
0,237892
1,237894
0,237895
1,237903
1,237906
0,237908
0,237911
1,237914
1,237915
1,237916
1,237918
1,237923
0,237938
1,237939
1,237940
0,237943
0,237944
0,237945
0,237947
0,237948
0,237954
1,237956
0,237958
0,237959
0,237960
0,237967
0,237968
1,237970
0,237971
0,237972
0,237974
1,237975
1,237978
1,237981
0,237986
0,237988
0,237992
1,237994
0,237995
0,237996
0,237997
1,237999
0,238000
0,238011
0,238012
0,238013
0,238017
0,238018
1,238021
0,238022
1,238025
1,238026
1,238029
0,238031
0,238032
0,238036
0,238038
0,238041
0,238042
0,238045
1,238046
0,238047
1,238049
0,238051
1,238054
0,238057
0,238058
0,238061
0,238063
1,238067
0,238069
0,238071
0,238072
0,238078
0,238080
0,238087
0,238089
0,238093
0,238096
0,238097
0,238099
1,238105
0,238113
0,238116
0,238125
0,238127
0,238130
1,238132
0,238137
0,238140
0,238144
0,238147
1,238148
1,238150
0,238166
0,238167
0,238168
0,238169
0,238170
0,238173
0,238181
0,238184
0,238185
0,238187
0,238189
0,238193
0,238194
0,238196
1,238198
1,238199
0,238200
1,238202
1,238204
0,238207
0,238209
0,238210
0,238213
0,238214
1,238216
1,238218
0,238219
0,238220
0,238221
1,238223
0,238224
0,238225
1,238228
0,238230
1,238232
0,238234
0,238238
1,238246
0,238248
0,238249
1,238251
0,238259
0,238262
1,238264
0,238265
1,238266
0,238269
1,238277
1,238278
0,238280
0,238281
0,238284
0,238285
0,238288
0,238289
0,238290
0,238291
0,238296
0,238297
0,238298
0,238299
0,238300
1,238301
1,238302
1,238303
0,238304
0,238305
0,238308
1,238311
1,238312
0,238314
1,238322
0,238325
1,238326
0,238329
1,238332
0,238334
1,238339
0,238340
0,238342
0,238343
0,238344
1,238345
0,238347
0,238350
1,238354
0,238357
0,238361
0,238363
0,238366
1,238367
1,238370
0,238373
0,238376
0,238377
0,238378
0,238379
1,238381
1,238383
0,238384
0,238386
1,238387
1,238394
0,238399
0,238403
1,238404
0,238407
1,238410
1,238412
1,238418
0,238420
0,238423
0,238426
1,238427
0,238429
0,238431
1,238433
0,238437
1,238438
0,238439
0,238443
0,238444
0,238445
0,238446
0,238448
0,238449
0,238451
1,238453
0,238454
0,238456
0,238458
0,238460
0,238462
0,238463
1,238465
0,238467
0,238473
1,238474
0,238478
0,238481
0,238482
0,238485
0,238486
0,238489
1,238490
0,238493
0,238494
1,238496
0,238497
1,238503
1,238511
0,238512
0,238517
0,238521
1,238525
0,238526
0,238529
0,238530
0,238533
1,238550
0,238551
1,238552
0,238560
0,238561
1,238565
0,238566
0,238567
0,238569
0,238572
0,238573
0,238576
0,238577
0,238579
0,238580
1,238581
1,238583
0,238585
1,238588
1,238589
1,238590
1,238591
1,238592
0,238594
1,238605
1,238606
0,238607
1,238609
0,238611
0,238612
0,238614
0,238620
0,238621
0,238622
0,238625
0,238627
1,238628
1,238629
0,238634
0,238638
0,238641
1,238642
1,238645
1,238648
0,238650
1,238651
0,238656
0,238659
1,238660
0,238661
1,238663
1,238669
0,238671
0,238677
0,238678
0,238683
0,238685
0,238686
0,238687
0,238692
1,238694
1,238697
1,238698
0,238700
0,238704
1,238705
1,238706
1,238708
0,238709
0,238710
1,238714
0,238719
1,238722
0,238723
0,238724
0,238726
1,238732
0,238734
0,238735
0,238736
1,238737
0,238739
0,238743
0,238750
0,238752
0,238753
0,238757
1,238759
0,238763
1,238764
0,238767
1,238769
0,238771
0,238773
0,238775
0,238776
0,238777
0,238778
1,238780
1,238785
0,238795
1,238796
1,238797
0,238799
0,238800
0,238801
1,238803
0,238806
1,238808
0,238811
0,238812
1,238814
0,238821
0,238823
0,238830
1,238833
0,238837
0,238839
0,238840
0,238841
1,238842
0,238844
0,238848
0,238849
1,238850
0,238851
0,238852
0,238854
0,238855
0,238861
0,238862
1,238863
0,238866
0,238868
1,238870
0,238874
0,238875
1,238876
1,238878
0,238881
0,238882
0,238884
1,238885
1,238887
1,238890
0,238892
0,238893
1,238896
0,238901
0,238903
0,238905
0,238907
0,238908
0,238909
0,238911
1,238917
0,238918
1,238921
0,238922
0,238925
0,238926
1,238934
1,238937
1,238938
0,238942
1,238944
1,238948
0,238950
1,238953
0,238954
1,238962
0,238964
0,238971
0,238974
1,238975
0,238979
0,238981
0,238984
0,238987
0,238990
1,238994
1,238995
0,238997
1,238998
1,239000
0,239001
0,239003
0,239012
1,239018
0,239021
0,239023
0,239025
0,239032
0,239034
0,239035
1,239037
0,239043
0,239044
0,239046
1,239047
0,239048
1,239051
0,239060
0,239061
1,239062
0,239063
1,239066
0,239070
0,239075
1,239078
0,239080
0,239083
0,239085
0,239086
0,239087
0,239088
0,239089
1,239090
0,239094
0,239096
0,239099
0,239102
0,239105
1,239107
1,239108
0,239110
0,239111
1,239113
0,239117
0,239120
0,239121
0,239122
0,239123
0,239128
0,239132
1,239137
1,239138
0,239139
1,239142
1,239143
1,239144
0,239146
1,239147
0,239149
0,239151
0,239152
0,239154
1,239160
0,239165
0,239166
1,239167
0,239171
1,239173
0,239174
1,239178
1,239179
1,239183
0,239188
0,239190
0,239193
1,239194
0,239201
1,239204
0,239205
1,239206
1,239209
1,239213
1,239215
1,239218
0,239223
0,239224
1,239227
0,239230
1,239234
0,239239
1,239240
0,239241
1,239244
1,239257
0,239258
1,239259
0,239266
0,239267
1,239268
1,239269
1,239270
0,239274
1,239278
0,239280
1,239285
0,239290
0,239296
0,239298
0,239299
1,239303
0,239304
0,239308
0,239310
0,239311
0,239312
1,239314
0,239316
0,239317
1,239319
0,239321
0,239327
1,239330
0,239335
0,239336
0,239339
1,239340
0,239341
0,239344
0,239349
0,239350
1,239352
1,239355
1,239356
1,239359
1,239361
0,239364
1,239366
0,239368
1,239370
0,239374
0,239378
0,239379
1,239382
1,239384
0,239386
0,239387
1,239388
1,239389
1,239391
1,239392
0,239393
0,239394
1,239399
1,239404
0,239405
0,239410
0,239412
0,239416
0,239418
0,239419
0,239422
1,239423
0,239424
0,239425
1,239428
0,239430
1,239437
0,239441
1,239450
0,239451
0,239452
0,239453
0,239462
1,239463
1,239464
0,239465
0,239467
0,239472
0,239474
1,239479
1,239481
0,239482
1,239484
0,239486
0,239490
1,239492
1,239496
0,239498
0,239503
0,239504
1,239506
1,239508
0,239509
0,239511
0,239512
0,239514
0,239516
0,239520
0,239521
0,239524
0,239525
1,239526
0,239529
1,239530
1,239532
0,239536
0,239541
1,239543
0,239545
1,239547
0,239548
1,239549
1,239550
0,239553
0,239557
0,239558
1,239559
0,239560
0,239561
1,239565
1,239568
0,239569
0,239570
1,239577
0,239581
1,239582
0,239589
0,239593
1,239595
0,239596
0,239598
0,239599
1,239600
1,239615
1,239617
0,239618
0,239627
0,239628
0,239631
0,239632
1,239633
1,239635
1,239636
0,239638
1,239641
0,239652
1,239657
1,239661
1,239662
0,239663
0,239664
0,239665
0,239668
1,239669
1,239678
1,239681
0,239684
1,239687
0,239689
1,239690
0,239696
1,239697
0,239699
0,239701
1,239702
1,239708
0,239710
1,239720
0,239722
1,239725
0,239727
1,239728
1,239733
0,239734
0,239736
0,239739
0,239740
0,239741
0,239743
0,239745
0,239747
1,239748
1,239749
1,239750
1,239751
0,239752
0,239754
1,239755
1,239760
1,239761
0,239764
0,239768
1,239772
0,239773
1,239774
1,239778
1,239781
0,239782
1,239783
1,239784
1,239785
0,239786
0,239787
0,239791
0,239793
0,239796
0,239798
0,239801
0,239802
0,239803
0,239807
1,239808
0,239809
0,239810
1,239811
1,239812
1,239815
0,239816
0,239820
1,239822
0,239824
1,239825
0,239828
0,239831
1,239832
0,239836
0,239837
1,239842
1,239843
0,239847
0,239850
1,239852
1,239854
0,239858
0,239860
0,239864
1,239865
1,239866
1,239869
0,239871
0,239874
0,239881
1,239883
0,239886
0,239888
1,239891
1,239893
0,239896
1,239897
1,239900
1,239901
0,239902
0,239906
1,239907
0,239909
1,239910
1,239915
1,239917
1,239919
0,239920
0,239921
0,239925
1,239927
0,239930
0,239933
0,239934
0,239939
0,239942
1,239943
1,239944
1,239945
0,239946
0,239948
0,239949
1,239950
0,239952
1,239956
1,239958
0,239960
0,239961
0,239962
0,239963
0,239966
0,239970
1,239972
0,239973
1,239975
1,239976
0,239977
0,239978
1,239985
0,239986
1,239991
0,239992
1,239993
0,239994
0,239997
0,240002
1,240003
0,240006
1,240011
0,240014
0,240018
1,240020
1,240021
0,240022
0,240024
0,240025
1,240027
0,240028
0,240029
0,240034
1,240036
1,240037
1,240041
0,240042
1,240043
0,240044
0,240046
1,240048
1,240049
1,240050
1,240054
1,240058
1,240059
1,240060
0,240061
1,240063
0,240064
1,240066
0,240069
0,240070
1,240073
1,240076
1,240077
0,240079
0,240080
1,240083
1,240085
0,240086
0,240087
0,240091
0,240092
1,240094
1,240095
0,240096
0,240097
1,240098
0,240101
0,240102
1,240104
0,240105
0,240106
0,240109
0,240112
0,240115
0,240117
1,240118
0,240119
0,240123
0,240124
0,240127
1,240129
0,240130
1,240132
0,240134
1,240135
0,240139
1,240143
1,240146
0,240147
1,240148
1,240149
1,240150
1,240151
1,240152
0,240154
1,240157
0,240158
1,240160
0,240161
1,240162
0,240163
1,240164
0,240167
0,240171
1,240172
1,240173
1,240175
1,240177
1,240180
1,240185
1,240192
0,240193
1,240194
0,240195
0,240198
0,240205
0,240210
0,240211
0,240214
0,240219
0,240220
0,240222
0,240224
0,240225
0,240230
0,240231
0,240234
0,240235
1,240238
1,240247
0,240248
0,240250
1,240251
0,240252
1,240254
1,240255
0,240260
1,240264
0,240267
0,240268
0,240269
0,240271
1,240273
1,240275
0,240276
1,240278
1,240285
1,240287
0,240288
0,240289
0,240291
0,240292
1,240295
0,240297
0,240301
0,240308
0,240309
1,240310
1,240311
0,240314
1,240315
0,240317
0,240319
0,240320
0,240323
1,240327
0,240328
0,240330
0,240333
1,240334
0,240335
1,240337
1,240341
0,240342
0,240343
0,240347
1,240348
0,240356
0,240358
1,240362
1,240364
0,240370
0,240371
0,240372
0,240375
0,240376
0,240379
1,240382
0,240383
0,240384
0,240385
1,240389
0,240390
0,240391
0,240392
0,240397
0,240398
0,240403
0,240407
1,240408
1,240411
1,240412
0,240415
1,240416
0,240420
1,240421
1,240422
1,240423
0,240424
1,240429
0,240432
0,240435
0,240436
0,240440
1,240441
0,240448
1,240450
0,240453
1,240454
1,240457
0,240460
1,240462
1,240464
0,240466
1,240467
0,240468
1,240469
0,240472
0,240476
1,240480
0,240482
0,240485
0,240486
0,240487
0,240488
1,240490
0,240492
1,240494
0,240498
0,240502
0,240504
0,240505
0,240508
1,240511
0,240512
0,240516
0,240517
1,240519
1,240520
0,240521
1,240526
0,240528
1,240532
1,240534
0,240535
0,240538
0,240539
0,240540
0,240541
0,240543
1,240545
1,240546
0,240552
0,240554
1,240555
1,240556
1,240560
0,240561
0,240562
0,240564
1,240568
0,240570
0,240573
0,240574
0,240576
1,240579
0,240580
0,240585
0,240588
0,240593
0,240595
0,240596
0,240598
0,240600
1,240607
1,240611
0,240614
0,240616
0,240617
0,240618
1,240622
1,240623
0,240626
0,240633
0,240640
0,240641
1,240645
1,240648
1,240649
1,240650
0,240654
1,240655
0,240657
0,240661
0,240663
0,240665
0,240668
0,240669
1,240670
1,240673
0,240675
0,240676
0,240678
0,240686
1,240690
0,240691
0,240694
0,240695
1,240697
1,240698
1,240700
1,240701
0,240702
0,240707
0,240708
0,240709
0,240711
0,240714
1,240718
0,240719
0,240724
0,240725
1,240726
1,240727
1,240743
0,240746
0,240749
0,240752
0,240754
1,240755
0,240760
0,240763
1,240778
0,240780
0,240781
1,240782
0,240783
1,240784
0,240787
0,240788
0,240792
0,240794
0,240796
0,240798
0,240806
0,240807
1,240817
0,240819
1,240820
1,240821
0,240824
0,240828
0,240829
0,240830
0,240831
0,240833
0,240836
1,240837
0,240839
0,240840
0,240843
0,240845
0,240847
1,240853
1,240854
0,240855
0,240856
1,240857
0,240858
0,240860
0,240861
0,240867
1,240868
1,240871
0,240875
0,240876
0,240877
0,240881
0,240886
1,240888
0,240891
0,240892
0,240894
1,240896
1,240900
0,240901
0,240904
0,240907
0,240909
0,240911
0,240913
0,240917
1,240918
0,240921
1,240922
0,240927
1,240930
0,240934
0,240936
1,240938
0,240940
0,240941
0,240942
1,240945
1,240946
0,240948
1,240950
1,240951
0,240952
1,240956
0,240961
0,240963
1,240964
0,240966
1,240967
1,240969
0,240972
1,240974
0,240975
0,240976
0,240978
0,240979
1,240982
1,240983
1,240985
1,240988
0,240989
1,241001
1,241003
1,241004
0,241008
0,241011
0,241012
1,241013
1,241015
1,241016
1,241017
1,241018
1,241019
0,241021
0,241022
0,241024
0,241026
1,241029
0,241030
1,241034
1,241037
0,241042
0,241044
1,241046
1,241047
0,241048
0,241050
0,241051
0,241053
0,241056
1,241061
1,241063
0,241066
0,241071
0,241072
0,241075
1,241078
0,241080
0,241081
0,241087
0,241088
0,241091
0,241093
1,241097
0,241098
0,241105
1,241108
1,241110
0,241111
0,241114
1,241117
0,241119
0,241120
0,241124
0,241125
0,241140
1,241141
0,241142
0,241146
0,241148
0,241149
0,241150
1,241156
1,241157
1,241159
0,241161
0,241162
0,241165
1,241166
0,241167
1,241168
0,241169
1,241170
1,241173
1,241175
0,241184
0,241185
0,241188
1,241189
0,241191
0,241192
0,241203
0,241204
1,241209
0,241211
0,241216
0,241217
1,241220
0,241222
1,241224
0,241226
1,241228
1,241229
1,241230
0,241235
0,241240
1,241241
1,241242
0,241243
1,241244
0,241247
0,241249
0,241251
0,241255
0,241256
0,241259
0,241260
1,241261
0,241262
0,241263
0,241264
1,241265
0,241266
0,241267
1,241268
0,241269
0,241270
0,241272
0,241275
1,241278
1,241279
1,241285
0,241288
0,241290
0,241292
1,241293
1,241295
0,241296
0,241298
0,241299
1,241300
0,241302
0,241307
0,241309
0,241310
0,241315
0,241318
0,241323
0,241324
0,241327
1,241330
1,241331
0,241333
1,241335
1,241337
0,241341
0,241342
1,241344
1,241345
0,241346
0,241349
0,241350
1,241353
1,241357
0,241358
0,241359
1,241361
1,241363
0,241365
0,241368
0,241376
0,241378
1,241379
1,241386
0,241387
0,241389
0,241392
0,241393
1,241395
0,241396
0,241405
0,241407
0,241409
1,241417
1,241418
0,241419
0,241421
1,241428
1,241430
0,241432
0,241435
0,241442
1,241443
0,241444
1,241445
0,241446
1,241453
0,241456
1,241457
1,241458
0,241460
1,241463
0,241464
0,241468
0,241469
0,241483
0,241484
1,241485
0,241489
1,241491
1,241493
1,241494
0,241495
0,241499
1,241500
0,241505
0,241509
1,241510
1,241513
0,241514
1,241516
0,241518
0,241520
0,241522
0,241524
1,241525
1,241528
0,241530
1,241533
0,241534
1,241535
0,241538
1,241539
0,241540
0,241545
0,241546
0,241549
1,241553
0,241558
0,241560
0,241562
0,241566
0,241573
1,241574
1,241575
1,241577
0,241578
1,241582
0,241584
0,241588
0,241590
1,241591
0,241592
0,241596
1,241599
0,241600
1,241602
0,241604
0,241605
0,241606
1,241609
0,241611
0,241612
0,241613
0,241616
1,241617
1,241619
0,241627
1,241629
0,241630
0,241631
0,241632
1,241634
0,241635
0,241636
0,241639
0,241640
0,241641
0,241645
0,241646
0,241647
0,241648
0,241651
0,241652
0,241654
0,241655
0,241656
1,241657
0,241661
1,241664
0,241665
1,241671
1,241672
0,241675
0,241676
0,241677
1,241678
0,241681
0,241683
0,241687
0,241689
0,241690
1,241693
1,241697
1,241698
1,241699
0,241702
1,241705
1,241707
1,241711
1,241712
1,241713
0,241715
1,241717
0,241718
1,241723
0,241724
0,241726
1,241729
0,241731
1,241736
0,241739
0,241744
0,241745
0,241746
0,241747
0,241749
0,241750
0,241756
0,241760
0,241761
0,241762
0,241763
0,241765
1,241768
0,241771
1,241776
0,241778
0,241781
1,241782
0,241783
1,241785
1,241786
1,241787
0,241790
1,241791
0,241792
0,241793
1,241794
1,241795
0,241796
0,241799
0,241803
0,241804
0,241807
0,241808
0,241809
1,241812
0,241814
0,241815
0,241818
1,241821
0,241823
1,241825
0,241827
1,241829
0,241833
1,241838
0,241839
0,241840
0,241841
0,241848
0,241853
0,241855
0,241859
0,241860
0,241864
1,241867
0,241870
1,241871
0,241875
0,241877
0,241878
1,241883
0,241885
1,241888
0,241893
0,241898
0,241900
0,241903
0,241904
0,241911
1,241912
0,241913
0,241915
1,241919
0,241920
0,241923
1,241924
1,241925
1,241926
1,241929
0,241930
0,241931
0,241933
0,241934
1,241936
1,241937
0,241938
0,241942
0,241943
0,241945
0,241947
0,241949
0,241950
0,241952
1,241953
0,241954
1,241962
0,241968
0,241970
0,241972
1,241975
1,241980
0,241984
0,241985
0,241988
0,241989
1,241990
0,241991
0,241992
0,241993
1,241994
0,241996
0,241997
0,242000
0,242001
1,242002
0,242004
0,242010
0,242011
0,242012
0,242015
0,242020
1,242021
1,242023
0,242024
1,242027
1,242031
0,242032
0,242036
0,242039
1,242041
0,242046
1,242047
1,242051
0,242054
0,242055
0,242057
0,242059
0,242061
1,242064
0,242070
1,242074
1,242079
1,242081
0,242084
0,242089
0,242094
0,242098
0,242099
0,242101
1,242102
0,242106
1,242107
1,242112
0,242113
0,242114
1,242116
1,242120
0,242121
0,242125
0,242126
0,242128
0,242131
1,242138
0,242140
0,242141
0,242143
0,242151
1,242154
0,242157
0,242158
0,242159
0,242160
0,242165
0,242166
0,242167
0,242174
0,242175
0,242176
0,242179
0,242182
1,242183
0,242185
1,242192
0,242193
0,242194
1,242196
0,242207
0,242209
1,242216
0,242217
0,242219
1,242222
1,242223
1,242227
0,242228
0,242231
1,242235
0,242239
1,242243
0,242244
0,242245
0,242251
1,242253
0,242263
1,242265
0,242271
1,242274
0,242279
1,242281
0,242283
0,242285
1,242289
1,242292
1,242294
0,242298
0,242299
0,242300
1,242312
0,242313
1,242314
0,242315
0,242317
0,242318
0,242319
0,242320
0,242323
0,242324
0,242326
1,242328
0,242334
1,242337
0,242339
1,242341
0,242343
1,242345
0,242346
0,242351
1,242352
1,242357
1,242360
0,242364
0,242365
0,242371
0,242373
0,242376
0,242378
0,242384
0,242385
1,242386
0,242387
0,242396
1,242398
0,242399
0,242404
0,242407
0,242409
0,242416
0,242417
0,242418
0,242420
1,242421
0,242422
0,242424
0,242425
0,242426
0,242428
0,242429
1,242433
1,242440
0,242441
0,242442
1,242444
1,242448
0,242449
0,242450
0,242451
1,242453
0,242454
0,242456
1,242462
0,242464
0,242465
0,242466
0,242469
0,242470
0,242472
0,242473
0,242475
0,242477
0,242478
0,242484
0,242486
0,242487
0,242489
0,242490
1,242491
0,242503
0,242505
0,242507
0,242509
0,242510
1,242511
0,242517
1,242518
1,242523
1,242527
1,242529
1,242531
1,242532
1,242535
0,242542
0,242543
0,242547
0,242550
1,242551
0,242553
0,242556
1,242557
0,242560
1,242561
0,242563
0,242564
1,242567
0,242568
0,242569
1,242574
0,242584
0,242585
0,242587
0,242589
1,242593
1,242595
0,242596
0,242597
0,242598
0,242599
1,242600
0,242602
0,242603
1,242609
1,242612
0,242613
0,242616
0,242624
1,242626
1,242627
0,242633
1,242636
1,242637
0,242639
0,242640
1,242641
0,242643
0,242648
0,242651
0,242652
0,242653
0,242657
0,242658
0,242659
1,242660
0,242661
0,242662
0,242664
0,242665
0,242666
0,242671
0,242673
1,242675
0,242676
0,242677
0,242684
0,242685
0,242686
1,242688
1,242690
1,242691
0,242693
0,242694
1,242696
0,242698
1,242700
0,242702
0,242711
1,242712
1,242716
1,242717
0,242718
0,242721
0,242727
0,242729
0,242730
0,242731
0,242734
1,242738
1,242739
0,242742
1,242746
1,242748
1,242752
0,242754
1,242755
0,242756
0,242757
1,242761
0,242764
0,242767
0,242769
1,242770
0,242773
0,242775
1,242776
0,242777
0,242780
0,242783
1,242784
1,242785
0,242786
0,242787
1,242788
0,242793
0,242794
0,242795
0,242797
1,242799
1,242800
0,242803
0,242806
0,242816
0,242819
1,242820
1,242826
0,242828
0,242833
0,242836
0,242840
0,242841
1,242842
1,242846
1,242847
0,242849
0,242853
1,242855
0,242858
0,242861
1,242862
0,242863
0,242865
0,242866
1,242868
1,242870
0,242871
0,242872
0,242875
0,242877
0,242878
0,242879
0,242886
1,242887
0,242892
0,242894
0,242897
1,242898
1,242905
0,242907
0,242910
1,242912
0,242918
0,242919
0,242922
0,242924
0,242925
0,242926
1,242927
0,242928
1,242929
0,242931
1,242934
0,242935
0,242936
0,242937
0,242938
0,242940
1,242941
1,242944
0,242945
1,242952
0,242954
0,242959
1,242961
0,242963
0,242968
0,242972
1,242975
0,242976
0,242982
0,242987
0,242990
0,242992
0,242993
0,242995
1,242998
0,243004
1,243005
1,243007
1,243009
0,243014
0,243016
0,243024
0,243025
0,243027
0,243028
0,243030
0,243031
0,243034
0,243036
0,243041
0,243042
1,243048
1,243049
0,243051
1,243052
0,243053
0,243054
0,243056
0,243057
0,243058
0,243059
0,243061
1,243062
0,243066
0,243067
0,243076
0,243079
1,243082
0,243085
0,243086
0,243087
0,243095
1,243098
0,243099
0,243100
1,243104
0,243112
1,243114
1,243115
0,243116
1,243118
0,243120
0,243122
0,243125
1,243126
1,243127
0,243129
0,243130
0,243133
1,243134
0,243135
0,243137
0,243138
0,243139
0,243140
0,243142
0,243143
0,243148
0,243150
1,243152
0,243156
1,243158
0,243168
0,243171
0,243173
0,243174
0,243175
1,243177
1,243178
0,243179
0,243180
0,243181
1,243182
1,243185
1,243186
0,243187
0,243188
0,243189
0,243193
1,243195
1,243197
0,243200
0,243201
0,243208
0,243209
0,243210
0,243212
0,243214
0,243219
0,243226
0,243229
1,243238
1,243239
0,243240
1,243243
0,243244
1,243246
1,243247
0,243248
0,243253
0,243254
0,243257
1,243264
0,243266
1,243269
1,243271
1,243275
0,243279
0,243280
0,243281
1,243284
0,243285
1,243288
0,243292
0,243293
1,243295
1,243296
0,243297
1,243298
0,243300
0,243304
0,243306
0,243307
1,243308
1,243309
0,243311
0,243312
0,243314
0,243316
1,243317
0,243320
1,243321
0,243325
0,243326
0,243330
0,243333
1,243337
0,243338
0,243343
0,243345
0,243346
0,243355
0,243356
1,243357
0,243360
0,243362
0,243364
1,243365
0,243366
0,243367
1,243368
1,243370
0,243371
0,243374
0,243377
0,243379
0,243381
0,243382
0,243384
1,243386
0,243387
1,243399
0,243400
0,243401
0,243403
0,243404
0,243406
1,243410
0,243414
0,243416
1,243417
1,243419
0,243423
0,243424
0,243427
0,243428
1,243430
1,243433
0,243436
0,243438
1,243440
1,243446
0,243447
1,243448
0,243449
0,243458
0,243459
0,243460
0,243462
0,243467
0,243470
0,243471
0,243473
1,243474
0,243476
0,243477
0,243479
1,243481
0,243483
0,243485
0,243486
0,243493
0,243494
0,243496
0,243497
1,243499
0,243500
1,243501
0,243503
0,243506
0,243514
1,243515
1,243520
0,243521
0,243522
1,243525
1,243526
0,243528
1,243529
0,243530
0,243531
1,243533
0,243536
1,243538
1,243539
0,243544
0,243547
1,243548
0,243550
0,243555
1,243558
0,243560
0,243563
0,243564
0,243565
0,243575
0,243578
0,243579
0,243583
1,243585
0,243586
0,243587
1,243589
0,243590
0,243591
1,243592
1,243594
0,243598
1,243600
1,243601
1,243607
0,243608
0,243609
1,243614
0,243617
1,243619
0,243622
1,243625
1,243626
1,243629
0,243633
1,243635
0,243636
1,243637
0,243640
0,243643
0,243645
0,243646
0,243650
0,243654
0,243656
0,243658
0,243659
1,243661
0,243665
1,243668
0,243670
0,243671
0,243675
1,243677
1,243680
1,243684
1,243686
1,243688
0,243689
0,243691
1,243692
0,243693
1,243694
1,243697
0,243699
0,243705
0,243707
0,243710
0,243712
0,243714
0,243715
0,243716
0,243717
0,243718
1,243721
1,243728
0,243729
1,243736
1,243741
1,243744
1,243745
0,243746
1,243750
1,243751
1,243752
1,243754
0,243755
0,243761
0,243763
0,243769
0,243771
0,243776
0,243777
1,243778
1,243780
1,243781
0,243787
1,243789
1,243791
1,243793
0,243794
0,243795
0,243796
0,243797
1,243798
0,243799
0,243800
1,243801
0,243802
0,243803
0,243808
0,243812
0,243818
0,243819
1,243820
1,243826
0,243827
0,243833
0,243835
0,243841
0,243845
1,243848
1,243849
1,243850
0,243853
0,243854
1,243857
1,243859
0,243861
0,243862
0,243864
0,243865
0,243869
1,243872
0,243873
0,243875
0,243876
0,243877
0,243879
1,243880
0,243881
0,243884
1,243885
0,243886
0,243896
0,243898
0,243901
0,243902
0,243909
0,243913
0,243914
0,243916
1,243917
0,243918
1,243921
0,243922
0,243925
0,243926
0,243927
1,243929
0,243931
0,243932
0,243934
0,243937
0,243939
0,243941
0,243943
0,243945
0,243949
0,243955
0,243961
1,243962
0,243964
0,243971
1,243972
0,243973
0,243977
0,243978
0,243979
1,243980
0,243982
0,243983
0,243984
0,243985
0,243986
1,243987
1,243989
1,243997
0,243998
0,243999
0,244003
0,244004
1,244005
1,244007
1,244008
0,244010
0,244011
1,244013
1,244014
1,244015
0,244017
0,244018
0,244019
1,244021
0,244022
0,244023
0,244024
0,244026
1,244028
1,244030
0,244034
0,244035
1,244036
0,244037
0,244038
1,244041
1,244044
1,244045
1,244046
0,244047
1,244048
1,244049
1,244052
1,244053
0,244056
1,244057
0,244061
0,244063
1,244065
0,244067
0,244070
0,244071
0,244072
0,244073
1,244074
0,244076
1,244079
0,244081
0,244086
1,244087
0,244088
0,244091
0,244093
0,244096
0,244098
1,244103
0,244106
1,244110
0,244114
1,244116
0,244119
1,244122
0,244123
0,244125
0,244127
0,244128
0,244130
0,244131
1,244133
1,244134
1,244135
1,244140
0,244142
0,244143
0,244144
0,244145
0,244150
1,244153
0,244161
1,244162
0,244163
0,244164
0,244166
0,244169
1,244170
0,244175
1,244176
1,244180
1,244181
1,244185
1,244187
1,244189
1,244190
0,244192
0,244194
0,244195
1,244197
0,244202
0,244211
0,244212
0,244215
1,244219
1,244220
0,244223
1,244224
0,244230
0,244234
0,244235
1,244240
0,244242
0,244245
0,244246
0,244248
1,244249
0,244251
0,244252
1,244253
1,244255
1,244261
0,244265
1,244266
1,244268
0,244270
0,244271
0,244273
0,244277
1,244279
0,244280
1,244283
0,244284
1,244285
0,244287
0,244288
0,244289
1,244297
1,244301
1,244302
1,244303
1,244306
0,244308
0,244309
1,244311
1,244312
0,244313
0,244317
1,244321
0,244322
1,244323
0,244324
0,244328
0,244329
1,244333
0,244336
0,244337
0,244338
0,244341
1,244342
0,244347
0,244348
0,244349
0,244356
0,244357
0,244358
1,244360
0,244361
1,244363
1,244366
1,244367
0,244368
1,244375
0,244379
1,244380
0,244383
1,244386
1,244387
0,244389
0,244391
0,244393
0,244394
1,244395
0,244397
0,244398
0,244399
0,244402
1,244406
0,244408
0,244409
0,244410
0,244412
0,244414
0,244416
0,244419
1,244422
1,244424
0,244425
1,244426
0,244427
1,244428
0,244432
0,244433
0,244435
1,244436
1,244441
0,244447
0,244448
1,244450
0,244451
0,244454
0,244456
1,244457
1,244459
0,244460
1,244464
0,244465
0,244467
0,244469
0,244472
0,244473
1,244474
1,244475
0,244480
1,244482
1,244483
0,244487
0,244490
0,244492
0,244496
0,244497
1,244498
1,244505
1,244507
1,244508
1,244510
0,244511
0,244512
1,244513
1,244514
0,244515
1,244516
0,244520
0,244524
0,244525
0,244526
0,244533
0,244534
0,244536
0,244539
0,244540
1,244541
0,244542
0,244544
0,244545
0,244546
0,244547
0,244552
0,244556
0,244557
0,244559
0,244560
0,244564
0,244565
0,244569
0,244572
1,244579
1,244584
0,244585
0,244586
0,244587
0,244588
0,244592
0,244594
1,244600
0,244601
0,244613
1,244621
0,244624
0,244628
1,244632
1,244636
0,244644
0,244645
1,244648
0,244651
0,244653
1,244654
0,244655
0,244656
1,244657
1,244658
0,244662
1,244663
0,244668
1,244670
0,244672
0,244673
1,244675
0,244677
1,244678
0,244680
0,244683
0,244688
0,244689
0,244693
0,244694
0,244695
0,244697
0,244698
0,244700
0,244702
1,244705
0,244709
1,244719
1,244723
0,244725
0,244726
1,244728
0,244729
0,244730
0,244734
0,244739
1,244742
0,244744
0,244745
0,244750
0,244752
1,244754
1,244755
1,244762
1,244765
1,244767
1,244768
0,244771
0,244772
1,244773
0,244780
0,244782
0,244785
0,244789
1,244795
1,244797
0,244805
0,244809
1,244812
0,244813
0,244814
0,244816
0,244817
1,244820
1,244821
0,244824
0,244829
1,244830
1,244831
0,244832
0,244834
0,244836
0,244838
1,244840
0,244842
0,244844
1,244845
0,244847
1,244848
1,244849
0,244850
0,244852
0,244855
0,244856
0,244858
0,244859
0,244861
1,244862
1,244865
0,244866
1,244867
1,244868
0,244869
0,244870
0,244872
0,244873
0,244874
1,244877
0,244879
0,244880
0,244885
1,244887
0,244891
1,244892
1,244899
0,244907
0,244908
0,244909
0,244910
0,244914
0,244915
0,244917
0,244918
1,244924
0,244927
0,244931
0,244932
1,244933
0,244937
0,244939
0,244941
0,244942
0,244943
1,244944
1,244945
0,244948
1,244954
0,244955
0,244956
0,244961
1,244965
0,244966
1,244967
1,244969
1,244970
0,244972
0,244973
0,244975
1,244976
0,244979
0,244984
0,244985
0,244986
1,244987
0,244989
1,244991
0,244992
0,244995
0,244996
0,244997
0,245001
1,245003
1,245004
0,245007
1,245008
0,245010
0,245012
0,245015
1,245020
1,245022
1,245024
0,245025
0,245026
0,245029
1,245031
1,245032
0,245033
0,245036
0,245037
0,245044
0,245046
0,245048
1,245049
0,245050
0,245053
0,245054
0,245055
0,245056
0,245061
1,245067
0,245068
1,245069
0,245070
0,245071
0,245074
1,245075
0,245076
1,245080
0,245081
1,245085
1,245086
1,245087
0,245092
0,245095
0,245096
0,245097
1,245099
1,245102
1,245104
1,245111
0,245114
1,245115
1,245117
1,245120
1,245123
1,245125
0,245128
0,245130
0,245131
0,245132
0,245133
1,245136
0,245137
1,245139
0,245141
0,245142
0,245146
1,245147
0,245149
1,245153
1,245155
0,245156
0,245157
1,245158
1,245160
0,245166
0,245168
1,245170
0,245172
1,245174
1,245176
0,245183
0,245190
0,245191
1,245200
0,245201
1,245205
1,245206
0,245208
1,245210
0,245211
0,245212
0,245214
1,245215
1,245218
1,245219
0,245226
1,245227
1,245228
0,245229
0,245233
0,245234
0,245235
1,245237
0,245239
1,245240
0,245244
1,245245
0,245250
0,245252
1,245253
0,245256
1,245260
1,245261
1,245262
1,245263
1,245273
1,245277
0,245279
0,245283
0,245285
0,245287
0,245291
0,245296
1,245300
0,245303
1,245305
0,245311
0,245312
0,245314
0,245315
0,245316
0,245317
0,245320
0,245321
0,245323
1,245324
0,245326
0,245328
0,245329
0,245331
0,245332
1,245340
0,245342
1,245343
0,245345
0,245352
1,245355
0,245356
0,245357
0,245359
1,245360
0,245361
0,245362
0,245364
0,245365
0,245366
0,245369
0,245372
1,245373
1,245375
1,245376
1,245377
0,245379
1,245381
1,245382
0,245385
1,245389
0,245390
0,245391
0,245392
1,245394
0,245395
0,245396
0,245398
1,245405
0,245407
0,245412
1,245413
0,245417
1,245418
1,245421
0,245423
0,245426
1,245427
0,245428
0,245430
0,245433
0,245446
0,245448
0,245452
0,245453
0,245456
0,245460
1,245464
0,245465
0,245468
0,245469
0,245471
0,245476
0,245477
0,245478
1,245480
1,245483
0,245486
1,245487
0,245491
0,245492
0,245494
1,245495
0,245496
1,245497
0,245500
0,245503
0,245505
0,245507
1,245511
0,245512
0,245515
0,245516
0,245517
0,245518
1,245520
1,245522
0,245523
0,245531
0,245536
0,245537
0,245541
0,245542
0,245544
1,245548
0,245550
1,245555
0,245556
0,245559
1,245560
0,245561
0,245562
0,245564
0,245565
1,245567
1,245568
0,245573
0,245577
0,245578
0,245583
0,245587
0,245588
0,245590
1,245593
0,245594
1,245598
1,245601
0,245604
0,245605
0,245607
1,245609
0,245612
1,245614
0,245615
0,245616
0,245617
0,245618
0,245620
0,245621
0,245624
0,245625
0,245627
0,245628
0,245629
0,245632
1,245633
0,245634
0,245635
1,245638
0,245640
1,245641
0,245642
1,245643
0,245644
0,245645
0,245647
0,245651
0,245664
1,245665
0,245668
0,245669
1,245670
0,245677
0,245679
0,245684
0,245687
0,245688
1,245690
0,245691
1,245693
0,245695
1,245696
0,245697
0,245698
1,245700
0,245703
1,245706
0,245707
0,245714
1,245719
0,245720
1,245723
0,245724
0,245726
0,245727
0,245730
0,245731
1,245733
1,245738
0,245739
1,245740
0,245741
0,245743
0,245744
0,245745
1,245747
0,245748
0,245754
1,245757
1,245758
1,245760
1,245762
0,245764
0,245768
1,245769
0,245770
1,245773
1,245774
1,245778
1,245781
0,245782
1,245783
0,245785
0,245786
0,245787
1,245789
0,245793
1,245794
0,245795
1,245797
0,245800
1,245805
1,245806
0,245808
1,245813
0,245814
0,245816
1,245817
0,245818
0,245824
0,245829
1,245831
0,245832
0,245833
0,245834
1,245835
1,245836
0,245838
0,245839
1,245840
0,245841
0,245847
1,245848
0,245850
1,245851
1,245852
0,245854
0,245855
1,245857
0,245860
1,245862
0,245866
0,245870
1,245871
0,245874
1,245875
0,245878
0,245883
0,245884
0,245889
0,245891
1,245892
1,245896
1,245898
1,245899
0,245900
0,245901
1,245903
1,245905
1,245908
0,245909
0,245910
0,245911
0,245912
0,245913
0,245914
1,245915
0,245920
0,245921
1,245926
1,245931
0,245936
0,245938
0,245939
1,245940
1,245941
0,245942
0,245943
0,245944
1,245948
0,245950
0,245951
1,245953
0,245957
0,245962
0,245963
0,245964
0,245968
0,245969
0,245971
1,245972
1,245974
0,245976
0,245977
1,245978
1,245984
0,245985
1,245987
0,245989
0,245991
0,245995
1,245996
0,245997
0,245998
1,246000
1,246001
0,246003
0,246005
0,246013
0,246016
0,246021
0,246022
0,246026
1,246028
0,246034
0,246038
0,246043
0,246045
1,246046
0,246047
0,246049
0,246050
0,246051
0,246052
0,246053
1,246054
0,246056
0,246058
1,246062
0,246068
0,246070
0,246071
0,246072
1,246073
0,246075
1,246076
0,246080
0,246081
1,246082
0,246084
0,246085
0,246086
0,246089
0,246090
0,246092
0,246095
1,246096
0,246097
0,246098
0,246099
0,246104
0,246106
0,246108
1,246109
0,246112
0,246113
0,246119
0,246123
1,246124
0,246125
1,246128
1,246129
0,246130
0,246131
0,246135
1,246141
1,246144
0,246145
0,246147
0,246152
0,246153
0,246154
0,246158
0,246159
1,246161
1,246163
0,246165
0,246169
0,246170
1,246171
0,246173
1,246174
0,246177
1,246180
0,246183
0,246185
0,246186
0,246188
0,246192
1,246195
0,246200
0,246202
1,246203
0,246207
0,246208
0,246209
0,246211
0,246212
0,246213
1,246218
0,246221
0,246222
1,246223
0,246228
1,246229
1,246230
0,246231
0,246233
0,246234
1,246235
0,246237
0,246238
1,246239
1,246240
0,246241
1,246243
1,246245
1,246250
1,246251
0,246253
1,246255
0,246256
0,246258
0,246261
0,246262
0,246264
0,246265
0,246266
0,246267
0,246268
0,246269
0,246270
0,246271
0,246272
0,246276
0,246280
0,246283
1,246289
0,246291
0,246292
0,246293
1,246295
1,246296
1,246303
0,246304
1,246305
0,246309
0,246310
1,246312
0,246313
0,246315
1,246319
1,246320
0,246324
0,246328
0,246332
0,246334
0,246336
0,246337
0,246338
1,246339
0,246341
1,246342
0,246344
0,246346
0,246349
0,246355
0,246358
0,246359
0,246360
0,246361
0,246363
1,246365
0,246371
0,246375
0,246377
0,246381
0,246382
0,246384
0,246388
1,246389
0,246391
0,246393
0,246397
0,246398
0,246400
1,246402
0,246404
0,246406
1,246407
1,246409
0,246413
0,246416
1,246418
1,246422
0,246423
0,246430
0,246434
1,246436
1,246437
0,246441
1,246442
0,246443
0,246444
1,246447
0,246448
1,246449
0,246454
1,246458
0,246459
0,246461
0,246462
0,246465
0,246470
1,246471
0,246472
0,246475
0,246476
0,246482
1,246484
0,246485
0,246487
0,246488
1,246489
0,246490
1,246496
0,246497
1,246499
1,246500
0,246501
1,246503
1,246505
1,246506
0,246509
1,246511
1,246516
0,246518
1,246519
1,246522
1,246523
0,246528
0,246529
0,246530
0,246531
1,246532
1,246533
0,246534
0,246539
0,246541
1,246542
0,246543
0,246546
1,246548
0,246550
0,246555
0,246560
1,246562
0,246566
0,246567
1,246568
1,246572
0,246573
1,246578
1,246579
1,246581
0,246584
1,246585
1,246586
1,246587
0,246589
0,246595
0,246596
1,246597
1,246598
0,246599
0,246603
0,246605
0,246606
0,246607
1,246610
0,246611
0,246613
0,246614
0,246616
0,246617
0,246618
0,246623
1,246624
0,246631
1,246636
1,246642
0,246652
0,246653
0,246654
0,246660
1,246663
0,246665
1,246670
0,246671
0,246672
0,246673
0,246676
0,246678
1,246681
1,246683
0,246685
0,246686
0,246688
0,246689
0,246691
0,246692
0,246693
1,246695
1,246696
0,246699
0,246704
0,246705
0,246706
0,246708
0,246711
1,246713
1,246714
1,246715
0,246716
0,246725
0,246726
1,246730
1,246731
0,246733
1,246734
0,246739
0,246740
1,246742
0,246744
0,246749
0,246750
1,246751
1,246752
0,246754
0,246760
0,246763
0,246764
0,246766
1,246768
0,246770
0,246771
0,246775
0,246780
0,246781
1,246784
0,246787
1,246789
1,246790
0,246794
1,246795
0,246796
1,246798
0,246800
1,246801
0,246803
1,246806
0,246808
1,246809
0,246814
0,246818
0,246820
1,246823
0,246824
0,246825
1,246826
1,246827
1,246828
0,246831
1,246832
1,246834
1,246837
0,246838
0,246839
0,246842
0,246844
0,246845
0,246847
0,246850
1,246851
0,246852
0,246853
0,246854
0,246855
1,246861
0,246862
1,246864
1,246867
1,246873
0,246874
0,246878
1,246879
0,246889
0,246897
1,246898
1,246900
0,246907
0,246908
0,246909
0,246913
0,246917
1,246925
1,246927
0,246928
1,246929
0,246931
0,246933
1,246934
0,246935
1,246938
0,246941
1,246942
1,246943
0,246944
1,246949
0,246950
0,246952
1,246954
0,246955
0,246956
0,246958
0,246962
0,246964
0,246965
0,246966
1,246969
1,246971
0,246979
0,246983
0,246984
0,246985
0,246990
0,246991
0,246997
1,247005
0,247007
0,247010
0,247015
0,247016
0,247017
0,247018
1,247019
0,247021
1,247022
0,247025
1,247027
0,247030
0,247031
1,247032
0,247033
0,247035
0,247037
0,247040
1,247041
0,247045
0,247058
1,247060
0,247061
1,247062
0,247066
1,247069
1,247074
0,247075
0,247076
0,247078
0,247085
1,247091
1,247093
1,247094
0,247095
1,247101
1,247104
1,247106
0,247107
1,247108
0,247109
1,247112
1,247116
1,247117
0,247118
1,247121
0,247125
0,247126
0,247128
0,247129
0,247130
0,247131
1,247134
0,247135
0,247136
0,247137
0,247141
0,247142
1,247149
0,247151
0,247160
1,247161
0,247162
0,247163
0,247164
0,247166
1,247167
0,247172
1,247177
0,247181
0,247182
1,247186
0,247187
0,247188
1,247191
0,247193
0,247194
0,247196
0,247199
0,247205
1,247211
1,247212
0,247213
0,247214
0,247215
0,247216
0,247218
1,247221
0,247222
1,247228
0,247229
0,247230
0,247236
1,247237
0,247239
1,247241
0,247242
0,247243
0,247253
0,247256
0,247257
1,247259
1,247260
1,247261
1,247262
1,247264
0,247266
0,247267
0,247270
0,247274
0,247275
0,247277
0,247278
0,247282
1,247283
1,247284
1,247286
1,247288
0,247291
1,247293
1,247294
1,247295
0,247297
0,247299
1,247300
0,247303
0,247306
1,247309
0,247311
0,247321
0,247322
0,247324
0,247329
0,247330
0,247331
0,247335
0,247338
0,247340
0,247341
0,247347
0,247350
0,247355
1,247359
1,247361
1,247362
0,247364
0,247365
0,247371
1,247379
0,247380
0,247381
0,247383
0,247384
0,247386
1,247387
1,247388
0,247389
1,247390
0,247395
0,247396
1,247401
0,247410
0,247411
0,247415
0,247423
1,247424
0,247426
0,247427
0,247430
0,247435
1,247436
1,247439
0,247445
0,247446
0,247448
0,247460
0,247461
0,247463
0,247475
0,247478
0,247483
0,247485
1,247487
1,247488
0,247490
0,247493
0,247495
1,247496
0,247497
0,247501
0,247503
0,247504
0,247505
1,247506
1,247510
1,247512
0,247515
0,247516
0,247517
1,247519
1,247521
0,247523
0,247524
0,247527
0,247530
0,247531
0,247534
0,247536
0,247539
0,247541
1,247544
0,247545
0,247547
0,247548
0,247551
0,247556
1,247559
1,247562
0,247563
0,247564
0,247569
0,247570
1,247572
1,247577
0,247578
0,247579
0,247583
0,247584
0,247586
0,247588
0,247591
0,247592
0,247594
0,247597
1,247598
0,247602
0,247603
0,247604
0,247605
0,247606
0,247607
0,247608
0,247610
1,247613
0,247618
1,247621
1,247622
0,247623
1,247624
0,247627
0,247628
0,247629
0,247630
0,247631
0,247633
0,247634
0,247639
1,247642
0,247643
0,247647
0,247648
0,247650
1,247652
0,247655
0,247658
0,247659
1,247663
1,247665
0,247669
0,247674
0,247675
0,247680
0,247684
0,247686
1,247688
0,247691
0,247692
0,247693
0,247695
0,247697
0,247700
0,247702
0,247703
0,247707
0,247712
0,247713
0,247714
1,247715
0,247718
0,247721
0,247722
0,247724
0,247731
0,247740
0,247742
1,247748
0,247750
0,247751
1,247752
1,247755
1,247756
0,247757
1,247758
1,247759
1,247762
0,247765
0,247767
1,247771
1,247774
0,247775
0,247777
0,247778
1,247785
0,247786
0,247791
0,247793
0,247797
0,247801
0,247805
1,247810
1,247811
1,247812
1,247813
0,247816
0,247818
0,247819
0,247829
1,247831
0,247834
0,247836
0,247837
0,247839
0,247841
0,247844
0,247845
1,247846
1,247848
1,247849
0,247851
0,247852
0,247853
1,247854
1,247856
0,247857
1,247860
0,247864
1,247868
1,247869
0,247870
0,247871
0,247873
0,247876
0,247880
1,247881
0,247882
0,247883
0,247884
0,247886
1,247890
0,247902
0,247904
0,247909
1,247911
1,247915
1,247916
1,247924
0,247928
0,247929
1,247930
0,247933
0,247934
1,247935
0,247936
0,247938
0,247943
0,247948
0,247950
0,247951
1,247957
0,247958
1,247960
0,247965
0,247977
0,247981
1,247982
1,247997
0,248003
0,248004
1,248005
0,248006
1,248012
1,248014
0,248017
0,248019
0,248029
0,248030
0,248036
0,248039
1,248043
1,248044
1,248046
0,248048
1,248049
1,248053
0,248054
0,248056
0,248061
1,248068
0,248069
0,248070
1,248073
0,248076
1,248077
1,248078
0,248081
0,248082
1,248083
1,248084
0,248085
0,248086
0,248088
0,248094
0,248096
1,248098
0,248099
1,248101
1,248103
1,248104
0,248106
0,248107
1,248108
0,248110
0,248122
0,248123
1,248124
1,248125
0,248127
1,248128
1,248130
0,248131
0,248132
0,248133
0,248134
0,248135
1,248136
1,248137
0,248138
1,248139
0,248140
1,248141
1,248143
0,248144
0,248146
0,248150
0,248156
0,248158
1,248160
0,248166
1,248170
0,248172
0,248173
0,248181
0,248182
0,248183
0,248185
0,248186
0,248193
0,248194
0,248201
0,248202
1,248215
0,248217
0,248226
0,248227
1,248237
1,248238
1,248239
0,248243
1,248246
1,248249
0,248251
1,248252
1,248257
0,248264
0,248270
1,248271
1,248272
0,248278
1,248280
0,248286
1,248292
1,248294
0,248295
1,248297
0,248300
1,248303
1,248304
0,248308
0,248310
0,248312
0,248318
0,248320
0,248322
1,248324
0,248325
1,248326
1,248335
1,248337
0,248339
0,248342
1,248346
0,248350
0,248351
0,248362
0,248366
0,248368
0,248371
1,248372
1,248376
1,248377
1,248378
0,248381
0,248384
0,248390
1,248391
0,248395
0,248397
0,248399
1,248401
0,248402
0,248403
0,248405
0,248406
0,248407
1,248411
0,248415
0,248417
0,248418
0,248419
1,248420
0,248427
1,248428
0,248429
1,248433
1,248435
1,248437
1,248438
0,248439
1,248440
0,248441
0,248442
1,248444
1,248445
1,248447
0,248448
1,248449
0,248451
0,248453
0,248458
0,248460
0,248465
0,248467
0,248470
1,248471
0,248476
0,248478
0,248482
1,248483
0,248484
1,248492
1,248493
0,248494
0,248496
0,248500
1,248503
0,248504
0,248505
1,248510
0,248511
0,248514
1,248516
1,248517
0,248518
1,248519
0,248521
0,248524
1,248527
0,248537
0,248539
1,248540
0,248541
0,248546
0,248549
1,248550
1,248551
0,248554
1,248555
1,248556
0,248557
1,248558
0,248563
0,248567
0,248575
1,248582
0,248583
0,248584
0,248586
1,248590
0,248600
0,248601
1,248603
1,248605
0,248606
0,248607
0,248608
1,248611
0,248613
0,248614
0,248616
0,248618
1,248622
0,248625
1,248627
0,248631
0,248633
0,248634
0,248635
0,248638
1,248641
1,248643
1,248644
0,248647
1,248648
1,248649
0,248650
0,248652
0,248654
0,248657
0,248658
0,248659
0,248661
1,248663
0,248665
0,248668
0,248669
1,248673
0,248674
0,248676
1,248677
0,248678
0,248680
1,248681
1,248683
1,248684
0,248690
1,248691
0,248693
0,248694
0,248695
0,248700
1,248706
1,248708
1,248710
0,248716
1,248720
0,248725
0,248726
0,248731
0,248739
1,248741
0,248743
1,248749
0,248766
0,248767
0,248768
0,248769
1,248773
0,248775
0,248777
0,248778
0,248779
1,248780
1,248782
0,248784
0,248786
1,248788
1,248792
1,248793
0,248795
0,248796
0,248797
1,248798
0,248800
1,248802
1,248803
0,248805
0,248806
0,248807
1,248809
0,248810
1,248811
1,248815
0,248816
1,248822
0,248824
1,248836
0,248838
1,248842
0,248843
0,248844
0,248846
0,248847
1,248851
0,248858
0,248865
0,248866
1,248869
0,248873
0,248874
1,248876
0,248878
0,248881
1,248882
0,248883
0,248888
0,248889
0,248896
1,248897
0,248898
1,248900
0,248902
0,248903
0,248904
1,248905
0,248907
0,248908
0,248909
1,248910
1,248913
0,248915
1,248920
0,248926
1,248933
0,248935
0,248936
0,248940
0,248945
0,248951
1,248952
1,248958
0,248961
0,248966
0,248967
0,248968
0,248973
1,248974
0,248976
0,248981
1,248990
0,248991
0,248994
0,248997
0,248998
0,248999
1,249001
0,249008
0,249011
0,249012
1,249014
0,249015
0,249022
0,249026
0,249027
0,249030
1,249038
1,249039
0,249043
1,249045
1,249046
0,249047
0,249051
1,249062
1,249063
0,249067
0,249072
0,249074
0,249075
0,249085
0,249087
0,249088
0,249091
1,249093
1,249094
0,249095
0,249097
1,249098
0,249099
0,249102
0,249103
1,249104
1,249105
0,249111
0,249112
0,249113
1,249114
0,249115
1,249116
0,249121
1,249125
0,249126
1,249128
0,249130
0,249137
1,249139
0,249143
0,249145
0,249148
0,249149
0,249150
1,249151
0,249152
0,249154
1,249158
0,249160
0,249161
1,249162
1,249165
0,249169
0,249173
0,249178
0,249179
0,249181
1,249185
1,249186
0,249187
0,249192
1,249193
1,249196
1,249198
1,249203
0,249209
0,249210
1,249213
0,249215
0,249216
0,249217
0,249218
0,249219
1,249223
0,249224
0,249228
0,249230
0,249233
0,249234
0,249236
0,249237
0,249238
0,249242
0,249244
0,249246
1,249247
1,249248
1,249249
0,249250
1,249251
0,249258
1,249259
1,249264
1,249265
1,249266
1,249269
0,249270
0,249271
1,249277
1,249281
0,249283
1,249286
0,249287
1,249289
0,249290
0,249292
0,249300
0,249306
0,249311
0,249312
1,249314
0,249315
0,249316
1,249318
0,249322
0,249325
0,249326
0,249329
0,249331
1,249333
0,249335
1,249336
0,249338
0,249342
0,249345
0,249346
0,249350
1,249351
0,249356
0,249358
0,249363
1,249365
0,249367
1,249369
0,249370
0,249372
0,249376
1,249380
0,249381
0,249382
0,249383
0,249385
1,249388
0,249392
0,249395
0,249396
1,249397
0,249400
0,249402
0,249404
1,249405
0,249406
0,249408
0,249409
1,249411
1,249412
0,249416
0,249418
0,249420
0,249421
1,249425
0,249426
0,249428
0,249429
0,249435
0,249436
0,249437
0,249439
1,249440
0,249443
0,249444
0,249447
0,249448
0,249449
1,249450
0,249454
0,249457
1,249458
0,249459
0,249460
1,249462
0,249465
1,249468
0,249471
1,249472
0,249475
1,249477
1,249478
1,249480
0,249481
1,249482
0,249483
0,249484
0,249485
0,249491
0,249494
0,249495
1,249496
1,249497
0,249501
0,249502
0,249503
0,249507
0,249508
1,249512
0,249513
1,249515
0,249516
1,249517
1,249519
1,249520
1,249522
1,249525
1,249529
1,249532
1,249533
0,249534
0,249535
0,249537
0,249541
0,249542
1,249547
0,249548
1,249549
1,249553
1,249554
0,249555
0,249556
0,249558
1,249559
1,249560
1,249564
0,249565
0,249566
0,249569
0,249573
1,249574
0,249580
1,249582
1,249585
1,249588
0,249590
1,249591
1,249596
1,249597
1,249600
0,249601
1,249607
0,249608
1,249609
0,249610
0,249613
0,249614
0,249615
0,249616
0,249618
0,249619
0,249620
0,249623
0,249627
1,249628
0,249632
1,249637
0,249638
0,249640
1,249641
0,249642
0,249646
1,249648
0,249650
0,249651
1,249652
1,249654
0,249655
1,249656
0,249658
0,249659
1,249660
0,249661
0,249663
0,249665
1,249672
1,249680
0,249681
0,249683
1,249685
0,249686
0,249687
0,249690
0,249691
0,249692
1,249698
0,249699
0,249702
0,249704
0,249708
0,249709
1,249712
0,249715
1,249716
0,249717
0,249718
0,249721
0,249727
0,249730
0,249732
0,249737
0,249740
0,249753
0,249754
0,249755
1,249757
1,249758
1,249759
0,249760
1,249762
0,249764
0,249770
0,249774
1,249777
0,249778
0,249779
1,249781
0,249783
0,249785
0,249787
0,249788
1,249789
1,249790
0,249791
1,249792
0,249794
0,249796
0,249799
1,249800
0,249801
0,249802
0,249804
0,249805
1,249807
1,249809
1,249811
1,249814
0,249816
1,249817
1,249818
0,249820
0,249821
0,249822
1,249826
1,249827
0,249829
1,249830
1,249834
0,249836
0,249839
1,249842
0,249845
1,249847
1,249848
0,249850
0,249852
0,249854
0,249856
1,249859
0,249861
1,249866
1,249867
1,249873
0,249879
0,249880
1,249882
0,249884
0,249885
1,249886
1,249890
1,249891
0,249894
0,249897
1,249899
0,249901
0,249908
0,249911
0,249916
0,249917
0,249923
1,249924
0,249926
0,249928
0,249929
0,249935
0,249937
0,249938
0,249939
0,249940
1,249942
0,249943
0,249945
0,249948
0,249952
0,249953
0,249957
0,249958
0,249961
0,249963
0,249966
0,249967
0,249974
0,249978
0,249979
1,249981
1,249986
1,249990
0,249991
1,249992
0,249996
1,249997
0,249999
1,250000
0,250003
0,250004
1,250009
1,250010
0,250011
0,250013
0,250016
0,250023
0,250028
0,250030
0,250031
0,250032
0,250033
0,250034
1,250035
1,250036
0,250037
0,250038
0,250039
1,250047
0,250052
1,250053
0,250055
0,250057
1,250062
0,250064
0,250066
0,250070
0,250071
0,250073
0,250077
0,250081
0,250082
0,250085
1,250086
0,250088
0,250095
1,250101
0,250104
0,250106
1,250107
0,250108
0,250109
1,250110
1,250112
0,250114
0,250115
1,250117
0,250118
1,250119
0,250120
0,250121
1,250123
0,250124
0,250125
1,250129
1,250133
1,250134
1,250135
0,250139
0,250144
0,250145
1,250151
1,250152
1,250163
0,250164
0,250165
1,250166
1,250167
1,250168
0,250169
1,250173
0,250174
0,250177
1,250178
1,250180
1,250185
1,250194
0,250196
0,250198
1,250202
0,250204
1,250205
0,250206
0,250210
0,250212
0,250215
0,250216
0,250217
0,250218
0,250221
0,250223
0,250226
1,250227
0,250228
0,250234
0,250236
1,250237
0,250238
1,250242
0,250247
0,250248
0,250252
0,250261
0,250263
1,250266
0,250269
0,250270
1,250272
0,250273
0,250275
0,250279
1,250281
1,250284
1,250285
0,250286
0,250288
1,250292
1,250295
1,250296
0,250298
0,250301
1,250302
0,250303
1,250305
1,250306
1,250311
1,250316
1,250319
0,250321
1,250322
1,250323
0,250327
1,250329
1,250330
1,250332
1,250335
0,250343
0,250346
0,250347
0,250349
1,250350
1,250353
0,250354
0,250357
1,250358
1,250360
1,250365
1,250368
0,250371
0,250372
0,250378
0,250380
1,250383
0,250384
1,250385
0,250387
0,250393
1,250394
0,250395
1,250397
1,250398
1,250399
1,250406
1,250410
0,250412
0,250413
0,250418
1,250423
1,250425
1,250427
1,250429
1,250430
0,250432
0,250433
0,250438
0,250441
1,250442
0,250446
0,250447
0,250451
1,250452
1,250453
0,250455
1,250457
1,250462
0,250463
0,250464
1,250465
0,250466
0,250467
1,250469
0,250471
0,250474
0,250476
0,250480
0,250481
0,250485
1,250486
0,250491
1,250499
1,250501
1,250502
0,250510
1,250512
1,250516
0,250517
0,250518
0,250519
1,250520
0,250521
0,250523
1,250524
0,250527
1,250531
0,250532
0,250533
0,250534
1,250539
0,250540
0,250543
0,250545
0,250547
1,250548
1,250549
0,250550
1,250551
1,250553
1,250554
1,250555
1,250556
1,250558
0,250559
1,250561
0,250562
0,250569
1,250570
0,250578
0,250584
0,250585
0,250586
0,250587
1,250589
0,250594
1,250596
0,250599
0,250601
0,250603
1,250605
0,250607
0,250609
0,250610
0,250611
0,250614
0,250615
1,250619
1,250620
0,250621
0,250622
0,250623
1,250624
0,250632
0,250634
0,250637
1,250639
0,250640
0,250644
0,250646
1,250648
0,250649
0,250650
0,250652
1,250655
1,250657
0,250658
0,250660
1,250662
1,250663
0,250666
0,250669
0,250673
0,250675
1,250682
0,250683
0,250684
1,250686
0,250687
1,250689
1,250692
1,250693
0,250695
1,250697
0,250700
0,250702
0,250705
0,250708
1,250710
0,250711
1,250712
0,250713
0,250715
0,250717
1,250720
1,250726
0,250729
0,250732
1,250734
1,250735
0,250737
0,250739
1,250740
1,250743
1,250747
0,250748
0,250754
0,250756
0,250760
1,250761
0,250762
1,250764
0,250765
1,250767
1,250770
0,250771
1,250772
0,250775
1,250778
1,250779
0,250780
1,250781
1,250783
1,250786
0,250788
1,250789
0,250791
0,250793
1,250794
1,250799
0,250801
1,250802
0,250805
1,250809
0,250810
0,250813
0,250816
1,250824
0,250826
0,250827
0,250830
0,250833
0,250835
1,250837
0,250840
1,250843
0,250846
0,250854
0,250855
1,250857
0,250860
0,250861
0,250862
1,250863
0,250864
0,250865
1,250871
0,250873
1,250875
1,250877
0,250880
0,250884
1,250889
1,250890
1,250894
1,250895
1,250896
0,250899
0,250901
1,250905
0,250906
0,250916
0,250918
1,250919
0,250925
1,250930
0,250933
1,250934
0,250936
0,250941
0,250943
1,250944
1,250945
0,250949
1,250950
1,250953
0,250955
1,250956
0,250958
0,250959
0,250960
0,250964
0,250965
1,250969
1,250971
1,250973
1,250974
1,250975
0,250980
0,250984
0,250986
0,250990
1,250994
1,250998
0,250999
1,251000
0,251007
0,251009
0,251010
1,251011
1,251013
0,251016
1,251017
1,251024
1,251026
1,251031
1,251035
0,251036
0,251037
0,251038
0,251039
0,251042
1,251044
1,251045
1,251047
1,251049
0,251052
1,251058
0,251059
1,251060
0,251061
0,251063
1,251065
0,251066
0,251068
1,251071
1,251072
1,251073
0,251074
1,251078
1,251081
0,251085
0,251088
1,251089
1,251090
0,251091
0,251097
1,251098
1,251099
1,251100
0,251101
1,251103
0,251104
0,251106
1,251107
0,251109
0,251114
1,251115
1,251117
0,251118
1,251121
1,251122
1,251123
1,251124
0,251127
0,251131
0,251132
1,251133
0,251135
0,251139
0,251141
1,251145
0,251147
0,251148
0,251155
0,251157
0,251160
0,251162
0,251164
0,251167
1,251168
0,251171
1,251179
0,251180
0,251185
0,251187
0,251188
0,251189
1,251191
0,251193
0,251194
1,251195
1,251199
0,251200
0,251206
0,251207
1,251216
1,251220
0,251222
0,251223
0,251228
1,251234
0,251235
0,251237
0,251238
0,251244
0,251245
0,251250
1,251253
1,251254
1,251255
0,251256
0,251261
0,251262
0,251263
0,251264
0,251266
0,251268
0,251271
0,251272
0,251275
1,251276
0,251278
0,251281
1,251284
0,251288
0,251290
1,251292
0,251295
1,251296
0,251300
0,251302
1,251304
0,251306
0,251312
0,251313
1,251316
0,251319
0,251322
1,251323
0,251324
0,251325
0,251326
1,251329
0,251332
1,251334
1,251335
0,251338
1,251340
0,251342
0,251344
0,251348
1,251350
1,251351
0,251353
0,251354
0,251355
0,251356
0,251357
0,251358
1,251359
0,251362
1,251363
1,251364
0,251365
1,251367
0,251368
0,251370
0,251371
0,251374
1,251378
0,251379
0,251383
0,251385
0,251386
0,251388
0,251389
1,251390
0,251392
0,251395
0,251397
1,251403
0,251405
0,251406
1,251408
1,251413
1,251419
0,251420
0,251421
1,251422
0,251424
0,251431
0,251432
0,251435
0,251438
0,251440
0,251443
0,251455
0,251463
1,251465
1,251466
1,251469
0,251470
0,251477
1,251482
0,251484
0,251485
0,251492
0,251498
1,251505
0,251508
0,251513
0,251515
1,251517
1,251521
0,251529
1,251536
0,251537
1,251539
1,251541
0,251546
0,251547
0,251548
0,251551
0,251552
0,251553
0,251556
1,251557
0,251558
1,251562
1,251566
0,251570
0,251571
0,251572
0,251580
0,251581
0,251583
0,251585
0,251586
0,251591
0,251593
0,251597
0,251603
0,251606
1,251607
1,251608
1,251610
0,251612
0,251614
0,251616
0,251617
0,251619
1,251620
0,251621
0,251623
0,251624
0,251628
0,251629
0,251632
0,251635
1,251643
0,251646
0,251650
0,251651
1,251653
1,251654
0,251660
1,251664
0,251665
0,251667
0,251668
0,251669
0,251674
0,251676
0,251678
0,251679
1,251680
0,251685
0,251686
1,251687
0,251689
1,251694
1,251695
0,251697
1,251700
1,251703
0,251705
1,251706
0,251707
1,251708
0,251713
1,251714
1,251718
0,251721
0,251722
0,251723
1,251725
0,251727
1,251729
0,251731
0,251732
0,251733
0,251737
1,251738
0,251739
0,251740
1,251742
1,251743
0,251746
0,251750
0,251753
0,251763
0,251764
0,251766
1,251770
0,251771
1,251774
0,251776
1,251778
0,251779
1,251781
0,251783
1,251786
0,251792
0,251795
1,251797
1,251803
1,251804
0,251805
0,251811
1,251813
0,251814
1,251815
0,251817
1,251818
1,251822
1,251824
1,251832
1,251833
1,251834
0,251835
0,251836
0,251837
0,251842
0,251843
1,251844
0,251845
0,251848
1,251854
0,251858
0,251860
0,251861
0,251862
1,251863
1,251870
1,251873
1,251876
1,251881
0,251884
1,251885
0,251887
0,251889
1,251894
0,251895
0,251898
0,251900
0,251902
1,251904
0,251908
0,251914
0,251922
0,251924
0,251928
0,251929
0,251934
0,251935
0,251942
0,251945
1,251946
1,251952
0,251954
1,251956
0,251957
0,251958
0,251960
0,251962
1,251964
0,251965
1,251967
1,251968
0,251970
0,251973
0,251977
0,251980
1,251981
1,251982
0,251983
0,251985
1,251986
0,251987
0,251988
1,251989
0,251993
1,251996
0,251997
0,252001
0,252002
1,252006
0,252007
1,252008
1,252009
0,252014
0,252015
0,252016
0,252020
0,252021
0,252022
1,252025
0,252029
1,252031
0,252038
0,252042
0,252043
0,252045
1,252047
1,252049
0,252052
1,252053
1,252059
0,252062
0,252063
0,252064
1,252068
0,252072
0,252074
1,252078
0,252080
1,252081
1,252085
0,252087
1,252088
1,252089
0,252090
1,252092
0,252093
0,252094
0,252101
0,252102
1,252103
1,252111
0,252112
1,252113
1,252114
0,252115
1,252119
0,252122
1,252123
1,252124
1,252129
0,252130
0,252136
0,252138
0,252140
0,252143
0,252144
0,252147
1,252153
0,252155
1,252159
1,252160
0,252161
1,252165
1,252181
1,252183
0,252185
1,252190
0,252192
0,252193
0,252195
1,252197
1,252203
0,252204
0,252205
1,252209
0,252210
0,252213
0,252215
1,252217
0,252222
0,252223
0,252225
0,252227
0,252228
0,252230
0,252232
0,252233
1,252236
1,252237
1,252239
1,252242
1,252249
0,252250
0,252252
0,252253
0,252257
0,252261
1,252262
0,252268
1,252269
1,252271
1,252275
0,252276
1,252277
1,252278
1,252291
1,252297
1,252299
1,252301
0,252303
0,252304
1,252310
1,252313
1,252315
0,252318
0,252319
1,252320
1,252326
1,252328
1,252331
0,252333
0,252334
0,252335
1,252339
0,252342
0,252346
1,252347
0,252348
1,252350
1,252351
0,252352
0,252353
0,252355
0,252358
0,252359
1,252360
0,252365
0,252369
1,252371
0,252373
0,252376
1,252378
0,252379
1,252381
1,252382
1,252384
0,252386
0,252387
1,252388
0,252389
0,252396
0,252397
1,252404
0,252405
0,252406
1,252408
1,252410
1,252411
1,252417
0,252420
1,252421
1,252422
0,252426
0,252427
1,252429
0,252430
0,252431
0,252432
0,252434
0,252437
1,252438
0,252440
0,252442
1,252444
1,252445
1,252449
1,252454
0,252455
1,252459
1,252460
0,252461
1,252468
0,252471
0,252475
0,252483
0,252484
0,252490
1,252491
0,252492
0,252493
0,252494
0,252496
0,252498
0,252500
0,252502
1,252513
0,252514
0,252515
0,252525
1,252529
1,252533
0,252536
0,252539
1,252542
1,252543
0,252545
0,252547
0,252550
0,252551
1,252558
0,252560
0,252566
0,252570
1,252575
0,252577
0,252579
1,252581
0,252590
0,252596
1,252597
0,252603
0,252604
0,252605
1,252606
0,252607
0,252611
0,252612
1,252614
1,252618
0,252619
0,252620
1,252621
1,252623
1,252624
1,252626
0,252627
0,252628
0,252629
0,252630
1,252633
0,252638
1,252639
0,252640
1,252641
0,252643
1,252644
1,252648
1,252650
0,252651
0,252653
0,252657
0,252659
0,252663
1,252664
0,252668
0,252670
0,252676
1,252679
1,252681
1,252685
1,252686
0,252689
0,252690
0,252691
0,252694
1,252695
1,252696
1,252697
0,252698
0,252710
0,252714
0,252716
1,252720
0,252725
0,252726
0,252727
1,252729
0,252732
1,252738
1,252739
0,252743
0,252744
1,252746
0,252748
1,252749
1,252752
0,252759
0,252761
0,252763
0,252764
0,252765
0,252768
0,252770
0,252771
0,252773
1,252775
0,252777
0,252778
0,252779
1,252780
0,252782
1,252785
0,252787
0,252790
1,252791
0,252792
1,252794
0,252797
0,252798
0,252799
1,252800
0,252801
0,252802
0,252805
0,252810
0,252816
0,252818
1,252825
1,252826
1,252831
1,252832
0,252834
0,252841
0,252844
0,252849
1,252850
1,252853
0,252859
0,252860
0,252861
0,252863
0,252864
0,252865
1,252866
0,252868
0,252871
0,252873
0,252877
1,252879
0,252880
0,252883
0,252889
0,252891
1,252895
1,252898
0,252899
1,252900
1,252901
1,252906
0,252910
0,252915
1,252916
0,252920
0,252921
0,252924
0,252926
1,252928
1,252937
1,252939
0,252940
0,252945
0,252947
1,252948
1,252951
0,252954
0,252957
0,252962
0,252968
0,252969
0,252971
0,252972
1,252974
0,252983
0,252987
0,252989
1,252990
0,252992
0,252993
0,252994
0,252995
0,252998
0,252999
0,253000
0,253002
0,253005
1,253007
0,253009
0,253011
1,253012
0,253013
0,253014
1,253020
0,253022
0,253023
0,253024
0,253026
1,253027
0,253028
0,253030
0,253037
0,253040
1,253041
0,253043
1,253047
0,253049
0,253055
0,253057
0,253060
0,253066
0,253071
0,253073
0,253075
0,253077
1,253082
0,253088
1,253092
0,253094
0,253096
0,253100
0,253102
0,253103
1,253104
0,253109
0,253110
0,253114
0,253115
1,253120
0,253121
0,253124
0,253127
0,253132
0,253134
0,253142
0,253151
1,253152
0,253160
0,253162
0,253164
0,253166
0,253170
1,253171
1,253177
0,253179
0,253181
1,253182
0,253183
1,253184
0,253186
1,253188
0,253194
0,253195
0,253197
1,253203
1,253205
1,253207
0,253208
1,253209
0,253212
1,253215
0,253219
0,253220
0,253221
0,253222
0,253223
0,253224
0,253225
0,253226
0,253232
1,253234
1,253237
1,253238
0,253241
0,253243
1,253251
0,253252
0,253253
0,253254
0,253255
0,253257
1,253258
1,253259
0,253262
0,253264
0,253267
0,253268
1,253269
0,253271
1,253274
0,253275
1,253276
0,253280
0,253281
0,253284
0,253289
0,253290
0,253292
0,253293
1,253294
0,253298
1,253301
1,253306
0,253307
0,253309
0,253310
0,253313
1,253315
0,253317
0,253318
1,253322
0,253327
0,253330
0,253335
0,253336
0,253337
0,253342
0,253353
1,253354
1,253355
0,253356
1,253357
0,253361
0,253364
0,253371
0,253376
0,253377
1,253378
0,253380
0,253382
0,253383
0,253389
0,253393
1,253394
0,253398
0,253400
0,253401
0,253402
0,253405
0,253406
0,253408
0,253410
0,253412
0,253413
1,253418
0,253419
0,253421
0,253423
0,253426
1,253429
0,253430
1,253433
1,253435
1,253437
0,253438
0,253442
0,253444
1,253446
0,253447
0,253448
0,253449
0,253457
1,253458
0,253460
0,253461
0,253466
1,253468
0,253470
0,253473
1,253474
1,253477
1,253482
1,253485
0,253489
0,253490
0,253493
1,253495
0,253496
0,253498
0,253500
0,253503
0,253505
1,253513
1,253515
0,253525
1,253526
1,253527
1,253533
0,253536
1,253537
1,253539
1,253540
0,253542
0,253544
1,253547
0,253551
0,253552
1,253553
0,253556
0,253557
0,253558
0,253559
0,253560
1,253561
1,253564
0,253569
0,253571
0,253572
0,253573
1,253577
0,253578
0,253581
0,253582
0,253584
0,253585
0,253586
1,253590
1,253592
0,253593
0,253594
0,253599
1,253600
1,253601
0,253605
0,253610
1,253613
0,253614
0,253620
1,253622
0,253624
0,253625
0,253627
0,253628
0,253630
1,253633
0,253635
0,253638
1,253642
0,253647
0,253648
0,253649
1,253651
0,253654
0,253655
1,253656
0,253657
0,253658
0,253662
0,253665
0,253666
0,253667
0,253669
1,253670
1,253671
0,253673
0,253677
0,253680
0,253684
0,253686
0,253690
0,253693
0,253695
1,253698
1,253699
0,253700
1,253701
0,253703
0,253705
0,253706
1,253711
0,253714
0,253715
1,253720
0,253722
0,253723
0,253729
1,253737
1,253741
1,253746
0,253747
1,253753
0,253758
0,253759
0,253760
0,253761
0,253762
0,253763
0,253768
1,253769
0,253770
0,253772
0,253774
0,253775
0,253776
0,253779
1,253781
0,253782
0,253791
1,253792
0,253796
0,253801
1,253806
0,253807
1,253810
0,253812
0,253815
0,253824
0,253826
1,253827
0,253829
0,253833
0,253835
0,253836
1,253839
0,253840
0,253841
0,253843
0,253844
0,253848
1,253849
0,253850
0,253852
1,253857
0,253863
0,253865
1,253866
0,253867
1,253869
0,253870
1,253875
0,253880
1,253881
0,253883
0,253885
0,253887
0,253888
0,253889
1,253891
1,253894
0,253896
0,253897
0,253899
0,253901
1,253902
0,253906
0,253909
0,253911
0,253912
0,253913
0,253914
0,253915
0,253916
0,253924
0,253926
0,253927
0,253932
0,253934
0,253936
0,253937
1,253938
1,253939
1,253940
1,253942
0,253943
0,253944
0,253946
0,253948
0,253951
0,253952
0,253954
1,253955
0,253957
1,253963
0,253965
0,253966
1,253969
1,253970
0,253971
1,253972
0,253975
0,253979
0,253981
1,253982
1,253987
0,253997
0,253998
0,254004
0,254006
0,254008
0,254009
1,254010
1,254011
0,254012
0,254014
1,254015
0,254021
0,254026
0,254030
1,254032
1,254033
1,254035
0,254036
0,254037
0,254041
1,254043
1,254045
1,254046
0,254049
0,254050
0,254052
0,254053
1,254054
0,254056
1,254065
1,254070
0,254071
1,254075
0,254076
0,254083
1,254086
1,254099
0,254100
0,254101
0,254102
0,254104
1,254106
0,254109
1,254113
0,254115
1,254116
1,254119
1,254120
0,254126
0,254127
1,254130
0,254132
0,254134
0,254136
0,254137
0,254138
1,254143
0,254146
0,254160
1,254161
0,254164
0,254167
0,254168
1,254170
1,254171
0,254172
0,254174
1,254177
1,254180
0,254181
0,254182
0,254184
0,254185
0,254186
0,254188
1,254190
0,254191
0,254193
0,254196
0,254198
0,254201
0,254202
0,254203
0,254205
0,254206
1,254208
0,254210
1,254211
1,254214
0,254215
0,254216
0,254217
0,254218
0,254219
0,254222
0,254224
0,254225
1,254227
0,254229
0,254231
1,254235
0,254237
1,254239
0,254241
1,254242
0,254246
0,254248
0,254252
1,254254
0,254256
0,254259
1,254260
1,254261
0,254262
0,254266
1,254267
0,254269
0,254271
1,254272
0,254273
0,254278
0,254279
0,254286
0,254287
0,254288
0,254289
0,254290
0,254291
1,254293
1,254294
1,254302
0,254303
0,254305
0,254307
0,254308
1,254312
1,254313
1,254319
0,254321
0,254322
0,254324
0,254327
1,254330
1,254334
0,254335
0,254338
0,254340
1,254343
1,254345
1,254346
0,254351
1,254355
1,254357
1,254359
0,254360
0,254361
1,254364
1,254367
0,254368
0,254371
1,254374
0,254375
1,254376
0,254380
0,254381
0,254382
1,254383
0,254385
0,254387
0,254388
0,254389
0,254392
0,254393
0,254396
0,254398
0,254402
0,254404
0,254405
0,254406
0,254408
0,254410
0,254414
0,254416
1,254417
1,254419
0,254420
1,254421
0,254422
1,254424
0,254427
1,254430
0,254431
0,254432
1,254435
0,254437
0,254438
1,254439
1,254440
0,254442
1,254444
1,254445
0,254446
0,254447
1,254448
0,254449
1,254451
1,254453
1,254461
0,254464
0,254466
1,254467
0,254469
0,254472
1,254473
1,254477
1,254479
1,254481
1,254482
0,254489
0,254492
1,254493
0,254496
0,254499
1,254500
1,254501
0,254503
1,254504
0,254507
0,254509
0,254511
1,254512
0,254515
0,254521
1,254523
0,254530
0,254532
1,254533
1,254537
0,254539
0,254542
1,254544
1,254545
0,254547
0,254550
0,254553
0,254554
0,254555
1,254556
0,254562
0,254563
0,254564
0,254566
0,254567
0,254572
1,254575
1,254576
0,254581
1,254585
0,254586
0,254588
0,254589
0,254591
0,254592
1,254595
0,254596
0,254598
0,254600
0,254601
0,254603
1,254605
0,254606
1,254611
1,254613
1,254616
0,254619
0,254621
0,254628
1,254629
1,254632
0,254634
0,254636
1,254638
1,254642
0,254647
0,254649
0,254652
0,254653
1,254654
0,254656
0,254657
1,254658
1,254660
1,254662
0,254664
1,254668
1,254669
0,254670
1,254671
0,254673
1,254674
1,254675
0,254677
1,254679
0,254687
0,254689
0,254690
0,254692
1,254694
0,254695
1,254696
0,254698
0,254700
1,254701
1,254702
0,254704
1,254706
0,254707
0,254711
1,254714
0,254715
1,254719
0,254724
0,254729
1,254733
0,254739
0,254740
1,254742
0,254745
0,254748
0,254749
0,254750
1,254753
0,254754
0,254756
0,254765
0,254766
0,254769
0,254770
0,254771
1,254772
0,254776
0,254777
1,254780
0,254781
0,254784
1,254785
1,254787
0,254789
0,254790
0,254792
0,254793
0,254798
0,254802
0,254804
0,254812
1,254814
1,254817
0,254818
0,254820
0,254821
0,254823
0,254824
1,254826
1,254827
0,254829
0,254830
0,254831
1,254832
0,254833
1,254835
0,254837
0,254839
0,254840
1,254841
0,254846
0,254848
0,254850
1,254852
0,254857
1,254861
0,254863
0,254864
1,254867
0,254870
0,254871
0,254874
0,254877
1,254878
1,254879
1,254882
0,254884
0,254887
0,254889
0,254890
0,254891
0,254892
0,254898
0,254906
0,254911
0,254913
0,254917
0,254927
1,254930
1,254934
1,254935
1,254936
0,254939
0,254941
0,254942
0,254943
1,254944
1,254948
1,254962
1,254967
1,254972
1,254974
1,254977
0,254980
1,254983
0,254990
1,254991
0,254997
1,255000
0,255004
1,255005
0,255008
0,255009
1,255010
0,255014
0,255017
0,255025
1,255029
0,255031
0,255035
0,255039
0,255043
1,255046
0,255048
1,255049
0,255051
0,255052
0,255053
0,255058
1,255067
0,255070
1,255072
1,255075
1,255077
0,255078
1,255079
0,255081
1,255084
0,255086
1,255087
0,255088
0,255090
0,255091
1,255092
0,255093
0,255094
0,255095
0,255097
0,255100
0,255101
1,255104
0,255110
1,255111
0,255112
0,255113
1,255114
1,255116
0,255120
1,255123
0,255126
0,255129
1,255131
1,255132
1,255133
0,255137
1,255141
0,255146
1,255153
0,255154
0,255155
1,255156
1,255157
0,255163
0,255164
0,255168
0,255169
0,255170
0,255176
0,255191
1,255193
1,255195
1,255202
0,255206
0,255209
1,255213
0,255217
0,255218
1,255219
1,255222
0,255224
1,255230
0,255232
0,255235
1,255236
1,255237
0,255238
0,255239
1,255244
1,255245
0,255246
0,255247
0,255248
1,255249
0,255251
0,255252
0,255253
1,255256
1,255259
1,255261
1,255262
0,255264
0,255265
1,255268
0,255270
0,255271
0,255273
0,255274
0,255275
1,255279
0,255280
1,255281
0,255284
1,255288
0,255289
0,255293
0,255294
0,255295
0,255299
0,255300
0,255302
0,255303
0,255305
0,255306
1,255316
1,255317
1,255318
0,255319
0,255321
1,255326
0,255327
1,255329
1,255330
1,255331
1,255332
0,255333
0,255335
0,255339
1,255341
0,255346
0,255348
1,255349
1,255352
1,255357
1,255359
0,255360
0,255361
0,255362
0,255363
0,255364
1,255365
1,255366
0,255369
0,255370
0,255372
0,255376
0,255378
1,255380
0,255381
1,255383
1,255386
0,255387
0,255388
0,255390
0,255395
0,255396
1,255397
0,255398
0,255402
1,255403
0,255407
0,255408
1,255414
0,255418
0,255420
1,255421
0,255422
0,255423
0,255424
1,255427
0,255431
0,255434
0,255437
0,255442
1,255445
0,255446
1,255447
1,255448
0,255450
0,255456
0,255461
1,255463
0,255465
1,255468
1,255469
0,255472
0,255473
0,255486
0,255488
1,255495
0,255501
0,255502
0,255503
1,255513
0,255518
0,255523
0,255524
0,255526
1,255530
1,255531
1,255535
0,255538
0,255543
0,255544
0,255549
1,255551
1,255552
0,255553
0,255561
0,255565
1,255566
0,255574
1,255575
1,255579
1,255582
0,255585
1,255586
1,255588
1,255589
1,255590
0,255593
0,255596
0,255597
1,255598
1,255599
0,255600
1,255601
0,255607
0,255618
1,255619
0,255621
0,255627
0,255630
0,255633
0,255636
0,255640
1,255641
1,255643
0,255644
0,255645
0,255647
0,255649
1,255650
0,255651
0,255654
0,255660
0,255663
0,255664
0,255666
0,255670
1,255671
0,255672
1,255682
1,255683
0,255684
0,255689
0,255696
1,255700
1,255704
1,255707
0,255708
0,255710
0,255713
0,255714
0,255715
0,255716
0,255717
1,255718
0,255722
0,255723
0,255725
0,255727
0,255730
1,255731
0,255733
1,255735
0,255740
1,255742
1,255745
0,255747
0,255748
0,255753
0,255756
0,255758
1,255759
0,255760
1,255761
0,255763
0,255764
1,255768
1,255770
0,255773
1,255775
0,255776
1,255777
1,255779
0,255781
0,255785
0,255786
0,255791
0,255793
1,255796
0,255798
1,255801
1,255803
1,255804
0,255805
0,255807
0,255813
1,255817
0,255818
0,255819
0,255824
1,255825
0,255827
1,255828
0,255837
0,255847
0,255849
1,255850
1,255856
0,255860
0,255861
1,255864
0,255869
1,255873
0,255874
0,255875
1,255876
0,255877
0,255879
1,255881
0,255882
1,255883
0,255884
1,255888
0,255889
0,255890
0,255891
0,255893
1,255894
0,255895
0,255900
1,255903
0,255909
0,255914
1,255916
1,255917
0,255919
1,255920
0,255921
1,255926
0,255930
0,255932
1,255933
1,255939
0,255940
0,255942
1,255943
0,255946
1,255950
0,255952
0,255957
1,255960
0,255962
0,255966
1,255967
1,255971
0,255978
1,255979
0,255980
1,255982
0,255983
0,255985
0,255986
0,255987
0,255993
1,255996
1,255997
0,255998
0,255999
0,256000
0,256001
0,256014
0,256018
0,256028
0,256035
1,256037
0,256038
0,256041
1,256042
0,256043
0,256044
0,256045
0,256046
0,256048
0,256051
1,256055
0,256059
0,256063
0,256064
1,256065
1,256067
0,256070
1,256073
1,256074
1,256075
0,256077
0,256078
1,256079
0,256080
0,256082
1,256088
0,256090
1,256094
1,256096
1,256097
0,256098
1,256100
1,256101
0,256106
0,256108
0,256111
1,256112
0,256116
1,256118
0,256123
0,256125
0,256127
0,256128
0,256133
0,256134
0,256136
1,256142
0,256144
0,256148
0,256153
1,256154
0,256156
0,256157
1,256160
1,256162
0,256163
0,256167
1,256168
0,256169
1,256170
1,256172
0,256176
1,256178
0,256181
0,256182
1,256185
1,256186
1,256191
0,256197
0,256200
0,256202
0,256204
0,256207
1,256208
1,256209
0,256210
0,256214
1,256215
0,256219
0,256222
0,256224
1,256225
1,256229
0,256230
0,256232
1,256235
0,256241
0,256242
0,256243
1,256246
0,256248
1,256250
1,256251
1,256255
0,256256
1,256260
1,256261
0,256262
0,256265
1,256269
0,256276
1,256278
0,256280
0,256291
0,256293
0,256295
0,256298
1,256299
0,256301
0,256302
0,256304
0,256305
1,256308
0,256313
0,256314
0,256315
0,256317
0,256319
0,256322
1,256323
0,256326
0,256331
0,256332
1,256334
1,256337
0,256339
0,256340
0,256342
1,256348
1,256349
0,256353
0,256355
0,256356
0,256359
0,256360
0,256361
0,256363
1,256366
0,256372
0,256373
0,256374
1,256375
1,256376
1,256377
1,256378
0,256379
1,256381
0,256384
0,256385
0,256387
0,256390
0,256391
0,256394
1,256399
0,256404
0,256405
0,256406
0,256408
1,256409
0,256410
0,256412
0,256413
0,256417
0,256429
1,256430
0,256432
0,256433
1,256436
0,256440
0,256445
1,256447
0,256448
0,256451
0,256453
0,256461
0,256462
0,256463
0,256465
0,256466
0,256474
0,256480
0,256484
0,256487
0,256488
0,256490
1,256491
1,256492
0,256496
1,256500
0,256501
1,256507
1,256508
0,256511
0,256513
0,256514
0,256523
0,256526
1,256528
1,256529
0,256533
1,256534
0,256536
1,256538
1,256541
0,256545
0,256550
0,256554
1,256559
1,256566
0,256574
0,256575
0,256578
1,256581
0,256582
0,256584
0,256585
0,256586
0,256593
0,256595
0,256596
0,256600
1,256601
0,256603
0,256609
0,256612
1,256615
0,256618
0,256621
1,256624
1,256628
0,256634
0,256637
1,256638
0,256642
0,256645
0,256650
0,256652
1,256653
0,256654
1,256657
0,256658
0,256659
0,256662
0,256663
0,256664
0,256667
0,256668
0,256672
0,256673
0,256675
1,256679
0,256685
0,256686
0,256687
0,256689
0,256690
0,256691
1,256693
0,256696
1,256697
0,256698
0,256699
0,256700
1,256703
0,256704
0,256709
1,256710
1,256711
0,256725
0,256727
0,256728
0,256729
0,256731
0,256732
0,256733
0,256742
0,256748
1,256751
0,256752
0,256755
0,256756
1,256758
0,256763
1,256765
0,256766
0,256767
1,256768
0,256775
1,256778
0,256783
0,256784
0,256785
0,256786
0,256787
0,256790
1,256791
0,256793
0,256795
1,256796
0,256797
1,256799
0,256800
1,256801
0,256803
0,256804
0,256806
0,256809
0,256821
0,256823
0,256826
0,256830
0,256831
0,256833
0,256834
0,256835
1,256836
0,256838
0,256842
0,256850
0,256852
0,256855
0,256864
0,256865
0,256867
0,256879
1,256880
0,256883
0,256884
1,256888
0,256892
0,256895
0,256897
0,256900
0,256901
0,256904
0,256906
0,256907
0,256909
0,256910
1,256912
0,256915
0,256917
0,256920
0,256922
0,256923
0,256926
0,256927
0,256934
0,256937
0,256942
0,256946
1,256952
0,256954
0,256957
0,256959
0,256961
0,256963
1,256966
0,256969
0,256970
1,256972
0,256974
0,256975
1,256976
1,256978
1,256982
0,256991
1,256996
0,257001
0,257003
0,257008
0,257011
0,257015
0,257016
0,257017
0,257018
0,257020
1,257022
0,257023
0,257028
1,257029
1,257030
0,257031
1,257040
0,257046
1,257049
1,257050
0,257053
0,257055
1,257058
1,257062
1,257063
0,257065
0,257070
1,257071
1,257075
1,257076
1,257084
1,257086
0,257087
0,257091
0,257092
0,257094
0,257096
0,257097
0,257098
0,257099
0,257101
0,257104
0,257106
0,257107
1,257109
1,257110
1,257111
1,257113
0,257115
0,257120
1,257123
0,257124
0,257128
1,257129
1,257131
0,257132
0,257133
0,257134
0,257135
1,257136
1,257137
0,257139
0,257141
0,257148
0,257154
0,257155
0,257156
0,257157
0,257161
0,257162
0,257163
0,257165
0,257169
0,257171
0,257177
1,257178
0,257183
0,257184
0,257189
0,257192
0,257194
0,257205
0,257207
0,257209
0,257210
1,257216
1,257217
0,257222
0,257223
0,257227
0,257228
1,257232
0,257233
1,257246
0,257247
0,257249
0,257250
1,257251
0,257253
0,257256
0,257260
0,257264
0,257265
0,257267
1,257271
0,257272
0,257276
1,257280
0,257281
1,257282
0,257284
0,257285
0,257286
0,257287
1,257296
0,257299
0,257303
1,257304
1,257306
1,257309
1,257311
1,257312
0,257315
0,257317
1,257326
0,257327
0,257328
0,257329
0,257330
0,257334
0,257335
1,257336
1,257340
1,257341
1,257342
0,257344
0,257350
0,257353
0,257360
0,257361
0,257363
0,257368
1,257372
1,257374
0,257375
0,257379
0,257380
0,257385
0,257388
1,257400
1,257402
0,257403
0,257405
1,257406
1,257409
0,257410
1,257411
1,257422
1,257423
1,257425
0,257426
1,257427
0,257428
0,257430
0,257431
0,257432
0,257433
1,257434
0,257435
0,257436
0,257437
1,257438
0,257439
1,257440
0,257442
0,257445
0,257451
0,257455
1,257458
1,257459
0,257464
0,257465
0,257466
0,257468
0,257469
0,257471
0,257473
0,257474
0,257477
0,257478
0,257479
1,257480
1,257481
1,257482
0,257483
1,257484
0,257488
0,257489
1,257490
1,257491
0,257492
0,257499
0,257500
0,257510
0,257512
0,257515
0,257517
0,257519
0,257520
0,257521
1,257522
0,257523
0,257524
1,257525
0,257526
0,257535
0,257536
1,257537
0,257544
0,257546
0,257550
0,257552
0,257553
1,257554
1,257564
1,257566
1,257569
1,257572
1,257574
0,257575
0,257577
1,257579
0,257580
0,257585
0,257589
0,257591
0,257595
0,257596
0,257599
1,257600
0,257602
0,257603
1,257604
0,257606
0,257608
0,257609
0,257610
1,257611
0,257614
0,257616
0,257619
1,257622
0,257626
0,257628
1,257629
1,257630
0,257631
0,257632
0,257633
0,257639
0,257640
0,257643
0,257645
1,257648
0,257649
0,257653
1,257655
0,257657
1,257659
0,257663
0,257666
0,257668
1,257670
1,257673
0,257674
0,257675
1,257680
0,257681
0,257682
1,257686
1,257687
1,257688
0,257689
0,257690
1,257693
1,257700
1,257701
0,257703
1,257704
0,257707
0,257711
0,257712
0,257715
0,257719
0,257723
0,257724
0,257729
0,257732
0,257733
0,257735
0,257736
1,257738
0,257740
0,257742
0,257744
0,257750
0,257751
1,257761
0,257762
0,257765
0,257769
0,257771
1,257777
0,257782
0,257783
0,257784
1,257789
0,257798
0,257803
1,257806
0,257807
0,257808
0,257811
1,257815
0,257818
0,257819
1,257824
0,257825
0,257829
1,257830
0,257833
0,257837
0,257841
0,257842
0,257845
1,257847
0,257850
0,257852
0,257856
0,257857
0,257859
1,257861
0,257862
0,257864
0,257865
0,257868
1,257869
0,257871
0,257872
0,257873
0,257874
1,257877
0,257880
1,257883
0,257888
0,257889
0,257890
0,257891
0,257897
0,257906
1,257909
0,257912
1,257913
0,257919
0,257920
1,257921
1,257924
1,257926
0,257927
0,257928
0,257932
0,257933
0,257934
0,257936
0,257937
0,257939
0,257942
1,257943
1,257944
0,257946
0,257947
0,257949
1,257951
0,257954
1,257956
0,257957
0,257958
1,257959
0,257963
0,257964
0,257965
0,257966
0,257967
0,257968
0,257969
0,257970
0,257971
0,257977
0,257978
1,257981
0,257986
0,257987
0,257988
1,257991
1,257993
1,257994
0,257995
0,257997
0,257999
0,258000
0,258001
0,258002
0,258003
0,258004
1,258005
0,258006
0,258007
0,258008
0,258017
0,258018
0,258021
0,258023
1,258026
1,258027
1,258028
1,258030
0,258033
0,258037
0,258041
1,258043
0,258044
0,258045
1,258046
1,258047
1,258051
0,258053
0,258056
0,258058
1,258060
1,258061
0,258064
0,258068
1,258070
0,258072
0,258073
1,258076
0,258077
0,258079
1,258081
0,258083
0,258085
1,258086
1,258089
0,258095
0,258099
1,258101
1,258102
1,258103
1,258105
1,258108
0,258113
1,258115
1,258116
0,258118
0,258119
0,258120
0,258123
1,258124
1,258126
0,258127
0,258128
0,258129
1,258130
1,258132
0,258136
1,258137
1,258138
1,258139
1,258142
0,258144
1,258145
0,258147
1,258148
0,258150
0,258152
0,258153
1,258157
1,258158
0,258160
1,258168
0,258169
0,258170
0,258171
0,258172
0,258179
1,258180
1,258181
0,258186
1,258187
0,258188
0,258189
0,258193
0,258195
0,258196
0,258199
0,258200
0,258201
0,258202
1,258205
1,258206
0,258209
0,258212
0,258215
0,258216
1,258217
0,258221
0,258223
0,258228
1,258229
0,258237
0,258239
1,258243
1,258244
0,258249
1,258254
0,258255
0,258256
0,258264
0,258266
0,258268
0,258270
1,258276
0,258277
1,258279
0,258282
1,258283
0,258285
1,258288
