ID,Prediction
0,1
2,1
4,0
8,1
9,1
10,1
13,1
14,1
15,1
19,0
21,1
24,1
27,1
30,1
33,1
35,0
37,1
41,1
43,0
45,1
46,0
47,0
48,0
55,1
56,1
57,1
59,1
61,0
62,1
64,0
67,1
68,1
72,1
78,0
80,1
81,1
82,0
84,1
88,0
90,1
93,0
94,1
95,1
97,1
99,0
102,0
104,1
106,0
107,0
108,0
109,0
111,1
113,1
116,1
117,1
119,1
121,1
123,0
124,1
126,0
127,1
129,0
137,1
138,1
140,0
141,1
142,1
143,1
146,1
147,0
156,0
165,1
166,0
167,1
168,1
170,0
174,0
176,0
177,0
180,1
183,0
184,0
186,0
187,0
190,1
193,1
195,0
197,0
201,1
202,1
203,1
204,1
210,1
213,1
216,0
218,0
223,0
227,0
228,1
229,0
232,0
236,0
237,1
238,0
239,1
244,0
245,1
248,0
252,0
260,1
263,0
265,0
272,1
274,0
275,1
276,0
277,1
279,0
281,0
283,1
287,1
291,1
293,0
295,0
297,0
300,0
306,1
307,1
308,1
312,1
313,1
316,0
317,1
323,0
326,1
327,1
329,0
333,0
335,1
336,0
338,0
339,1
340,0
344,0
345,1
347,1
348,1
349,0
354,0
356,1
357,1
358,1
359,0
360,0
362,1
363,1
371,0
383,0
386,0
390,0
392,0
393,0
397,0
398,0
399,0
400,1
402,0
406,0
407,1
408,0
413,0
417,0
421,0
423,1
425,0
427,1
428,0
429,0
430,0
433,0
438,0
443,0
445,1
447,1
448,0
450,0
451,1
453,0
455,1
459,0
464,0
468,1
470,1
472,1
476,0
477,1
478,1
481,1
482,1
487,1
492,1
493,1
496,1
498,1
504,1
506,0
509,1
511,1
512,0
514,1
516,0
520,0
532,1
535,0
537,1
540,1
542,0
543,1
544,0
545,0
546,0
547,0
548,0
550,0
551,1
555,0
557,1
558,0
561,1
562,1
564,1
568,1
569,0
572,0
578,0
579,1
582,0
591,1
595,1
598,1
599,0
600,1
602,1
604,1
605,1
607,0
608,1
609,0
610,0
611,0
612,1
613,0
614,1
616,0
620,0
622,1
623,1
624,1
626,0
628,1
629,0
630,1
631,0
636,0
641,0
642,1
645,1
653,0
654,0
655,1
657,1
659,0
660,0
663,0
664,1
665,1
666,1
668,1
671,0
673,0
680,0
681,0
688,1
690,0
692,1
694,0
696,1
698,0
699,1
701,1
702,0
703,1
705,0
714,0
715,0
721,1
726,0
727,1
729,0
730,0
732,1
735,0
736,0
741,1
744,1
748,0
753,0
758,0
761,1
765,0
766,0
767,1
768,1
772,0
777,1
780,1
782,1
784,0
785,1
788,0
789,0
793,1
795,1
797,1
798,0
799,0
810,0
812,1
813,1
816,0
818,0
819,0
822,1
823,0
825,0
829,0
830,1
831,0
833,1
835,0
840,1
844,1
845,1
846,0
847,1
850,0
855,0
856,1
857,0
859,0
862,1
863,0
867,0
869,1
873,1
880,1
881,0
883,0
884,0
887,0
888,1
891,0
892,1
893,1
895,1
897,1
899,0
900,1
902,0
904,1
907,0
912,0
914,0
916,1
919,1
920,0
924,0
926,0
927,1
928,1
930,1
931,0
934,1
936,0
937,1
938,1
939,0
940,1
946,1
948,1
949,0
950,0
952,1
953,0
956,0
957,0
960,1
961,1
965,1
966,1
969,0
970,1
971,1
974,1
975,1
979,0
980,0
984,1
988,1
990,0
991,1
992,1
1001,1
1006,1
1008,1
1012,0
1014,0
1015,0
1020,1
1023,1
1026,1
1028,0
1029,0
1030,1
1032,0
1034,1
1035,0
1040,1
1043,0
1049,0
1050,0
1053,0
1061,0
1062,0
1063,0
1064,1
1065,1
1066,0
1067,0
1069,1
1071,0
1075,0
1076,0
1077,1
1082,1
1083,1
1084,1
1085,0
1088,1
1089,1
1091,0
1092,0
1093,0
1096,0
1098,1
1099,1
1101,1
1102,0
1104,0
1108,1
1110,1
1111,0
1112,1
1113,1
1114,0
1119,0
1120,1
1121,0
1122,1
1129,0
1132,0
1134,1
1137,1
1140,1
1144,0
1150,0
1151,1
1155,0
1157,1
1160,1
1161,0
1166,1
1169,0
1170,0
1171,0
1174,0
1178,1
1181,0
1182,0
1183,0
1185,0
1186,0
1187,0
1196,1
1197,0
1199,1
1201,0
1202,0
1205,0
1207,0
1210,1
1213,0
1215,1
1222,0
1224,0
1225,0
1226,1
1228,0
1229,1
1230,0
1231,0
1238,0
1239,1
1244,0
1245,1
1247,1
1249,0
1251,0
1258,0
1260,0
1261,1
1264,1
1265,1
1266,0
1268,0
1270,1
1275,1
1278,1
1281,1
1287,0
1289,0
1290,0
1293,0
1295,1
1298,0
1301,0
1305,0
1307,1
1309,1
1310,0
1311,1
1313,0
1316,0
1319,0
1324,1
1329,0
1330,0
1336,0
1337,0
1338,0
1343,0
1347,0
1348,0
1349,0
1358,1
1359,1
1360,1
1363,0
1364,0
1366,1
1369,1
1378,1
1379,0
1383,1
1385,1
1386,0
1387,1
1390,0
1392,0
1393,0
1396,0
1398,1
1400,1
1401,0
1405,1
1406,0
1409,1
1410,1
1411,1
1412,0
1413,1
1417,1
1420,1
1421,0
1426,0
1427,1
1428,1
1434,0
1435,1
1437,0
1441,1
1442,0
1446,0
1448,0
1449,1
1451,0
1460,0
1461,0
1465,1
1466,1
1468,1
1469,0
1470,0
1472,0
1474,0
1475,1
1479,0
1482,0
1483,1
1484,0
1485,0
1486,0
1487,0
1488,1
1491,0
1494,0
1501,1
1502,1
1505,0
1508,1
1516,0
1517,0
1518,0
1521,1
1522,0
1523,1
1528,1
1529,1
1534,0
1537,1
1540,0
1543,1
1545,1
1548,0
1549,1
1552,0
1561,0
1562,1
1565,0
1567,1
1569,1
1571,0
1573,1
1577,1
1579,0
1580,1
1581,1
1583,1
1584,1
1586,1
1587,0
1588,1
1591,0
1593,0
1595,0
1598,1
1601,1
1604,0
1605,0
1606,0
1610,0
1617,1
1618,1
1622,0
1629,0
1630,0
1631,1
1632,0
1633,0
1635,1
1637,1
1639,0
1644,1
1645,0
1648,0
1651,1
1654,1
1655,0
1657,1
1659,1
1663,0
1665,0
1667,1
1668,1
1676,1
1678,1
1683,0
1685,0
1686,1
1688,1
1689,0
1690,1
1691,0
1693,0
1694,0
1696,0
1699,1
1706,0
1709,0
1712,0
1714,0
1715,0
1720,0
1721,0
1722,0
1723,0
1730,0
1736,1
1739,1
1743,0
1747,1
1748,1
1750,1
1751,1
1753,1
1755,1
1756,1
1761,0
1762,1
1764,1
1766,1
1767,1
1769,0
1776,0
1778,0
1780,0
1781,0
1784,0
1789,1
1793,1
1794,0
1795,0
1801,0
1802,0
1805,0
1807,0
1811,1
1813,0
1815,1
1816,1
1817,0
1818,0
1819,1
1822,0
1824,0
1827,0
1832,0
1833,1
1836,0
1837,0
1838,0
1840,1
1843,0
1844,1
1845,1
1847,0
1850,0
1854,1
1856,0
1858,1
1859,0
1860,1
1863,1
1872,1
1873,0
1875,0
1876,0
1877,0
1878,0
1879,0
1883,1
1898,0
1899,0
1905,0
1906,1
1907,0
1908,0
1909,0
1919,0
1922,1
1923,0
1924,0
1927,1
1930,0
1932,0
1933,0
1934,1
1935,1
1937,1
1939,0
1941,1
1944,1
1946,1
1948,0
1949,0
1950,0
1953,0
1956,1
1958,1
1960,0
1961,1
1963,0
1964,0
1965,0
1966,0
1968,0
1971,1
1974,0
1975,1
1976,0
1983,0
1985,0
1986,0
1993,0
1995,0
1996,0
1997,1
1998,0
1999,0
2004,1
2005,0
2012,1
2014,0
2017,0
2018,1
2020,1
2021,0
2022,1
2027,0
2030,0
2036,1
2037,0
2039,0
2043,0
2044,0
2045,0
2046,0
2047,1
2049,1
2051,0
2053,0
2058,0
2060,0
2065,1
2075,1
2076,0
2078,1
2080,0
2082,0
2089,0
2090,0
2093,1
2094,0
2095,1
2097,0
2099,0
2100,0
2104,0
2109,1
2114,0
2115,1
2116,0
2122,1
2132,0
2133,0
2134,0
2135,1
2137,0
2139,0
2145,0
2146,1
2154,0
2156,1
2157,0
2158,0
2163,1
2164,1
2166,0
2168,0
2170,1
2171,0
2172,0
2173,0
2177,0
2178,1
2179,0
2182,1
2184,1
2185,0
2186,0
2188,0
2198,1
2199,1
2201,1
2202,0
2203,1
2204,0
2208,1
2209,0
2212,0
2217,0
2218,0
2219,1
2221,0
2224,0
2227,0
2230,1
2234,0
2236,1
2237,1
2238,0
2239,1
2240,0
2242,0
2243,0
2244,1
2245,0
2246,1
2252,0
2253,1
2254,0
2256,0
2257,0
2260,1
2263,1
2265,1
2266,0
2269,0
2274,1
2276,1
2279,0
2280,1
2284,0
2285,0
2287,0
2289,0
2290,0
2291,0
2292,0
2293,0
2294,0
2296,1
2297,0
2306,0
2310,0
2311,0
2312,1
2313,0
2321,0
2322,1
2325,0
2326,1
2327,0
2328,0
2330,0
2331,1
2332,1
2335,0
2338,0
2341,1
2342,0
2350,1
2356,0
2357,0
2358,1
2359,0
2360,1
2362,1
2363,0
2364,0
2365,0
2366,0
2368,0
2371,0
2372,1
2373,1
2375,1
2376,1
2377,0
2378,0
2380,1
2382,0
2383,0
2384,0
2386,1
2389,1
2390,1
2394,0
2395,1
2398,1
2399,1
2400,1
2407,1
2409,1
2413,1
2414,0
2415,0
2417,1
2418,1
2419,1
2420,1
2421,1
2428,0
2433,0
2435,0
2438,1
2439,1
2443,0
2444,0
2447,1
2448,0
2461,0
2462,0
2463,0
2464,1
2467,1
2468,1
2469,1
2474,0
2476,1
2478,0
2479,1
2480,1
2482,1
2484,1
2489,1
2495,1
2499,0
2501,0
2504,0
2505,1
2512,1
2513,0
2517,1
2520,1
2526,1
2527,0
2530,0
2532,0
2535,1
2541,0
2543,0
2545,0
2546,0
2547,1
2549,0
2550,0
2551,0
2554,1
2555,1
2558,1
2559,0
2564,0
2567,0
2568,1
2569,1
2571,1
2573,1
2574,1
2576,0
2577,1
2579,1
2580,0
2581,1
2583,1
2585,0
2587,0
2588,0
2589,0
2591,1
2595,0
2596,0
2599,1
2609,0
2610,0
2613,0
2615,1
2616,1
2618,0
2619,0
2630,1
2631,0
2632,0
2633,0
2634,0
2636,0
2639,1
2640,0
2642,1
2645,1
2647,0
2655,0
2656,0
2660,1
2663,1
2665,0
2666,0
2667,0
2668,0
2669,1
2671,1
2672,1
2674,0
2677,0
2679,1
2683,0
2685,1
2688,0
2689,1
2694,1
2707,1
2708,0
2712,0
2714,1
2719,0
2725,1
2729,1
2730,0
2733,1
2739,1
2743,0
2744,0
2745,1
2751,1
2757,0
2760,0
2762,0
2764,0
2765,1
2766,0
2768,0
2770,1
2772,0
2773,1
2775,0
2779,1
2788,0
2789,1
2791,0
2793,0
2794,1
2796,1
2800,0
2801,0
2803,1
2804,0
2809,1
2810,0
2811,1
2813,1
2815,0
2816,1
2818,0
2823,1
2824,0
2826,0
2828,1
2830,1
2831,1
2834,1
2838,0
2839,1
2844,1
2845,0
2847,1
2853,0
2855,0
2856,0
2859,1
2860,1
2868,1
2874,0
2880,1
2881,1
2883,0
2884,0
2885,1
2887,1
2890,1
2892,0
2893,0
2894,0
2895,1
2899,0
2903,0
2904,0
2907,1
2908,0
2910,0
2912,0
2913,0
2914,0
2915,0
2922,1
2926,0
2927,1
2934,1
2936,0
2942,1
2944,1
2946,0
2951,0
2952,0
2955,1
2958,1
2965,1
2967,0
2971,0
2974,1
2975,0
2976,1
2978,1
2980,1
2982,1
2983,1
2984,0
2985,0
2986,0
2989,0
2992,1
2996,1
2997,1
2998,1
3001,1
3008,0
3012,0
3013,0
3015,1
3016,1
3018,0
3019,0
3020,0
3021,1
3026,0
3027,1
3028,1
3029,0
3030,0
3032,1
3034,0
3038,1
3045,1
3048,1
3049,0
3051,1
3054,1
3057,0
3058,0
3061,1
3062,1
3063,0
3064,1
3066,0
3069,0
3073,0
3076,0
3079,0
3082,1
3083,1
3086,0
3087,0
3090,1
3097,1
3100,0
3101,0
3102,1
3104,0
3108,1
3110,1
3111,0
3112,1
3119,0
3120,0
3125,1
3126,0
3131,0
3135,1
3138,0
3140,0
3142,0
3144,1
3150,0
3155,1
3156,1
3159,1
3162,0
3163,0
3164,0
3168,1
3170,1
3174,1
3175,0
3177,0
3185,1
3187,0
3189,0
3201,0
3204,0
3206,1
3207,1
3210,1
3212,0
3213,0
3214,1
3215,0
3216,0
3217,1
3218,0
3219,1
3221,1
3223,1
3224,1
3225,0
3226,0
3233,0
3235,1
3236,1
3238,1
3239,0
3241,0
3244,1
3252,0
3253,1
3254,0
3255,0
3256,1
3257,1
3258,1
3260,0
3261,0
3264,1
3265,1
3266,1
3269,1
3272,0
3273,1
3274,1
3279,0
3280,0
3283,0
3285,0
3287,1
3290,0
3292,1
3294,1
3297,1
3298,0
3299,1
3301,0
3303,1
3311,1
3313,1
3314,1
3315,0
3316,0
3318,0
3319,1
3322,0
3323,1
3324,1
3327,1
3329,0
3331,1
3335,0
3337,1
3339,1
3340,1
3341,1
3342,0
3349,0
3351,1
3353,0
3360,0
3361,1
3367,1
3374,1
3376,0
3380,0
3381,0
3386,1
3387,1
3388,0
3392,1
3401,0
3407,1
3409,1
3410,1
3411,0
3412,1
3414,1
3415,1
3416,0
3417,1
3420,0
3421,0
3423,1
3425,1
3429,1
3432,1
3436,1
3437,1
3438,1
3448,0
3449,0
3451,1
3452,1
3457,0
3462,1
3463,1
3465,1
3468,0
3474,1
3477,1
3478,1
3489,1
3490,0
3497,0
3499,1
3505,1
3507,0
3510,1
3517,0
3518,1
3520,1
3521,1
3522,1
3525,0
3528,0
3529,0
3534,0
3537,0
3542,0
3543,0
3545,1
3547,1
3548,1
3550,0
3551,0
3552,1
3558,1
3560,0
3562,1
3563,0
3565,0
3566,1
3567,1
3571,1
3583,1
3587,0
3589,1
3591,0
3594,1
3595,0
3596,1
3598,1
3599,1
3600,1
3602,0
3603,1
3604,1
3612,1
3614,1
3615,1
3618,0
3621,0
3631,0
3633,1
3634,1
3635,0
3643,1
3645,1
3646,0
3648,0
3651,0
3652,1
3653,0
3655,0
3656,1
3657,1
3661,0
3662,0
3663,1
3665,0
3667,0
3673,1
3676,1
3677,1
3679,1
3681,0
3684,1
3685,1
3687,0
3690,0
3699,0
3700,1
3705,1
3712,0
3713,0
3716,0
3721,0
3722,0
3724,1
3727,1
3737,0
3739,1
3740,0
3742,1
3743,0
3747,0
3748,0
3749,0
3754,0
3756,0
3759,1
3760,1
3763,1
3765,1
3766,0
3767,1
3768,0
3771,1
3773,0
3775,1
3778,0
3781,0
3787,0
3788,0
3792,1
3796,1
3798,0
3799,1
3800,1
3801,1
3805,1
3809,0
3810,1
3812,1
3813,0
3814,1
3815,1
3816,1
3819,0
3820,1
3822,1
3824,0
3829,1
3830,1
3835,0
3838,0
3842,0
3847,1
3848,0
3850,0
3852,1
3853,0
3855,0
3867,0
3868,1
3875,1
3877,1
3880,1
3882,0
3884,0
3885,0
3893,1
3897,1
3899,0
3903,1
3906,1
3908,0
3912,1
3913,0
3918,0
3919,1
3921,0
3923,1
3924,0
3925,0
3928,1
3930,1
3931,0
3937,1
3938,0
3949,0
3951,1
3954,1
3957,1
3960,1
3964,1
3968,0
3969,1
3970,1
3972,1
3973,0
3978,1
3981,1
3983,0
3984,1
3990,1
3993,1
3994,1
3995,0
3997,1
4003,0
4004,0
4008,1
4013,1
4014,1
4017,0
4018,1
4021,0
4029,1
4031,1
4032,1
4033,0
4035,0
4036,0
4038,0
4042,1
4045,0
4046,1
4048,0
4051,0
4055,0
4056,0
4057,1
4058,1
4065,1
4068,0
4070,0
4072,0
4073,1
4074,1
4077,0
4086,0
4089,1
4096,0
4098,0
4106,0
4108,0
4113,0
4114,1
4126,0
4127,1
4128,1
4129,1
4130,0
4135,1
4136,0
4137,1
4138,1
4142,1
4146,0
4147,0
4155,1
4156,1
4159,0
4160,0
4165,0
4166,1
4170,1
4173,1
4174,0
4175,1
4177,0
4178,0
4180,1
4181,1
4183,0
4186,1
4187,0
4188,1
4190,1
4191,0
4192,1
4195,1
4198,0
4199,1
4203,1
4205,1
4207,1
4208,1
4210,0
4214,0
4215,1
4216,0
4219,0
4222,0
4226,1
4229,0
4230,0
4233,0
4234,1
4235,1
4237,1
4240,1
4245,0
4248,0
4250,0
4253,0
4255,1
4256,0
4257,0
4261,0
4263,0
4268,0
4271,0
4277,0
4279,1
4281,1
4284,0
4288,0
4289,0
4291,0
4292,0
4293,0
4294,1
4295,1
4296,0
4298,1
4300,0
4302,0
4307,0
4316,0
4317,1
4319,0
4320,1
4322,0
4325,1
4327,0
4328,0
4331,1
4332,0
4337,0
4338,0
4345,1
4348,0
4350,1
4354,1
4355,1
4356,0
4361,1
4363,1
4365,0
4366,0
4377,0
4378,0
4379,1
4381,1
4383,1
4384,0
4385,1
4386,1
4389,1
4395,1
4396,0
4400,1
4401,0
4402,0
4403,1
4405,1
4407,1
4409,1
4411,0
4412,1
4416,0
4423,0
4425,0
4427,0
4432,0
4433,1
4435,0
4436,1
4438,1
4439,0
4441,1
4445,1
4446,1
4447,0
4448,1
4450,1
4451,1
4452,0
4455,0
4466,1
4469,1
4470,0
4471,0
4474,1
4477,0
4478,0
4482,0
4483,1
4485,1
4490,0
4494,0
4500,0
4504,0
4505,0
4508,0
4509,1
4514,0
4515,1
4518,1
4521,1
4525,1
4526,0
4532,1
4535,0
4536,1
4538,0
4539,1
4541,1
4542,0
4543,1
4544,1
4549,1
4552,1
4553,0
4554,1
4555,0
4558,1
4559,0
4567,0
4568,0
4569,1
4570,0
4571,0
4572,1
4574,0
4577,1
4579,1
4581,0
4583,0
4587,0
4588,1
4589,0
4590,0
4592,0
4594,0
4601,1
4602,0
4604,1
4607,1
4609,0
4613,1
4617,1
4619,1
4621,1
4625,1
4626,0
4627,1
4629,0
4633,1
4634,1
4638,1
4641,1
4644,0
4649,0
4650,0
4651,1
4655,0
4657,1
4659,1
4660,1
4661,1
4662,1
4663,0
4666,0
4667,1
4669,1
4670,0
4674,0
4675,0
4676,1
4679,0
4688,0
4692,1
4696,0
4697,0
4699,1
4700,0
4701,0
4703,0
4705,0
4706,1
4707,0
4708,0
4710,0
4711,0
4713,0
4714,1
4716,1
4719,0
4725,0
4726,0
4728,1
4730,1
4733,1
4737,0
4740,0
4745,0
4747,0
4750,1
4751,1
4757,1
4758,1
4760,0
4765,0
4770,0
4772,0
4774,0
4780,1
4782,0
4783,1
4784,1
4787,0
4789,0
4791,0
4792,0
4794,1
4796,1
4798,0
4801,0
4804,0
4805,1
4806,0
4810,0
4811,0
4813,1
4815,1
4816,0
4817,1
4819,0
4820,1
4828,1
4829,1
4831,0
4832,1
4833,0
4834,0
4835,0
4836,1
4838,0
4839,0
4840,0
4842,0
4844,1
4845,0
4849,1
4850,0
4851,1
4854,1
4858,1
4859,0
4860,0
4862,0
4865,1
4869,1
4873,1
4885,1
4887,0
4888,0
4891,0
4892,0
4893,1
4894,0
4896,1
4898,0
4901,1
4903,1
4906,1
4908,0
4911,1
4912,0
4915,1
4918,1
4921,0
4927,0
4929,0
4930,1
4931,0
4932,0
4933,0
4934,1
4938,1
4941,1
4943,0
4944,1
4946,0
4949,0
4953,0
4957,1
4964,0
4965,0
4966,1
4967,0
4968,1
4975,0
4976,0
4977,0
4979,1
4980,1
4982,1
4990,1
4992,0
4993,0
4994,1
4995,0
4996,1
4998,1
5001,0
5002,0
5003,0
5004,0
5005,0
5006,0
5008,1
5011,0
5015,0
5021,1
5024,0
5025,1
5027,0
5037,1
5038,0
5051,1
5056,1
5059,0
5061,1
5065,1
5067,0
5068,0
5075,0
5082,1
5083,1
5086,0
5087,0
5091,0
5094,1
5095,1
5097,0
5098,1
5101,0
5102,1
5104,1
5105,0
5110,1
5114,1
5118,1
5120,0
5124,0
5125,1
5130,1
5131,1
5133,0
5134,1
5135,0
5136,0
5138,1
5140,0
5141,1
5147,1
5149,0
5150,0
5152,1
5155,0
5156,1
5157,1
5162,1
5165,0
5169,0
5172,1
5173,1
5174,1
5176,1
5177,1
5183,0
5184,1
5185,1
5186,1
5195,1
5200,1
5202,1
5204,1
5209,0
5211,0
5214,1
5215,0
5217,0
5219,1
5221,0
5222,1
5225,0
5226,1
5228,1
5231,0
5233,0
5237,1
5240,1
5243,1
5247,1
5249,1
5253,1
5254,1
5255,0
5260,0
5263,0
5265,1
5266,0
5271,1
5272,0
5273,0
5278,0
5281,0
5284,0
5285,0
5286,0
5289,0
5291,0
5292,0
5293,0
5294,0
5295,0
5296,1
5298,1
5299,1
5301,0
5302,1
5303,0
5304,1
5305,0
5308,1
5309,0
5313,1
5319,0
5320,1
5327,0
5329,0
5330,0
5331,1
5332,0
5334,1
5341,0
5342,0
5344,0
5349,1
5350,1
5351,1
5353,0
5354,0
5358,0
5361,1
5364,1
5366,1
5368,1
5369,1
5370,0
5371,1
5372,0
5376,1
5379,1
5391,0
5396,1
5397,0
5398,0
5399,0
5401,0
5402,1
5404,1
5411,0
5416,1
5419,1
5421,0
5422,0
5423,0
5424,1
5425,0
5426,1
5433,1
5437,0
5439,1
5441,0
5443,1
5444,0
5445,1
5447,1
5449,0
5450,1
5452,0
5453,0
5454,0
5458,1
5459,1
5464,0
5465,1
5468,0
5469,1
5473,0
5474,1
5476,0
5477,1
5481,0
5482,0
5483,1
5485,0
5486,0
5487,0
5490,0
5494,0
5495,0
5500,0
5501,1
5503,0
5504,0
5505,1
5510,0
5511,0
5514,1
5520,0
5521,1
5522,0
5525,1
5527,1
5528,0
5530,0
5531,1
5532,1
5533,0
5534,1
5539,1
5540,0
5544,1
5545,1
5546,0
5547,0
5548,0
5550,1
5552,1
5556,1
5560,0
5561,1
5564,1
5568,1
5569,1
5570,1
5574,1
5575,1
5577,0
5578,0
5582,0
5584,1
5587,0
5588,0
5589,0
5593,1
5594,1
5596,1
5597,1
5598,0
5600,0
5601,0
5602,0
5603,1
5604,1
5609,0
5612,1
5616,1
5618,1
5624,1
5629,1
5630,0
5632,1
5633,0
5647,1
5648,0
5650,0
5654,1
5655,0
5658,0
5659,0
5661,1
5662,1
5664,1
5668,0
5670,1
5671,1
5672,1
5676,0
5679,1
5680,0
5681,1
5682,1
5684,0
5688,0
5689,0
5692,1
5693,0
5698,0
5699,1
5700,0
5701,1
5709,1
5710,1
5711,1
5712,1
5713,0
5714,0
5716,0
5717,0
5718,0
5720,0
5722,0
5724,1
5728,1
5729,0
5730,1
5732,1
5733,1
5735,1
5737,1
5738,1
5739,1
5740,0
5742,1
5743,1
5746,0
5749,1
5752,1
5755,1
5758,0
5759,0
5760,1
5761,1
5768,1
5771,0
5772,0
5773,0
5782,1
5783,0
5784,1
5785,1
5786,0
5789,1
5791,0
5792,0
5793,1
5795,1
5796,1
5799,1
5808,1
5811,0
5813,0
5814,0
5817,0
5818,0
5819,1
5822,0
5824,1
5825,1
5827,1
5830,0
5831,0
5834,1
5835,0
5837,1
5838,1
5844,0
5845,1
5847,1
5850,1
5852,0
5855,0
5858,0
5861,0
5867,0
5868,0
5870,1
5872,1
5873,0
5874,1
5875,1
5876,0
5877,1
5887,1
5889,0
5890,1
5895,0
5896,0
5898,1
5899,1
5900,1
5901,1
5904,1
5905,0
5910,0
5914,1
5915,0
5916,0
5920,0
5922,0
5927,1
5932,1
5933,1
5935,1
5939,1
5940,1
5941,1
5943,0
5949,0
5952,1
5955,1
5962,0
5966,1
5971,0
5973,1
5975,1
5976,0
5978,0
5979,0
5980,0
5982,0
5984,0
5986,0
5989,1
5990,1
5992,0
5993,0
5995,1
5996,1
5997,0
5999,0
6000,1
6002,1
6004,0
6009,1
6014,0
6015,0
6016,1
6018,1
6019,1
6021,0
6022,0
6023,0
6024,1
6030,1
6031,1
6032,0
6034,0
6037,1
6038,0
6039,0
6041,1
6043,0
6044,1
6047,1
6051,1
6053,1
6055,1
6056,1
6057,0
6058,1
6060,0
6063,1
6064,1
6065,0
6069,0
6071,1
6073,0
6075,0
6078,0
6079,0
6081,1
6082,1
6084,1
6085,1
6088,1
6089,0
6094,1
6095,0
6101,1
6105,1
6107,1
6112,1
6113,0
6114,0
6116,1
6118,1
6120,1
6121,1
6129,1
6134,1
6135,1
6137,1
6138,0
6140,0
6155,1
6161,0
6163,1
6165,1
6167,1
6168,1
6174,1
6178,0
6180,0
6182,0
6184,1
6187,1
6188,1
6190,0
6191,1
6197,0
6198,0
6201,0
6210,1
6212,0
6213,1
6214,1
6218,0
6220,1
6224,0
6227,0
6228,0
6232,0
6234,1
6236,0
6245,0
6246,1
6250,1
6251,1
6252,1
6254,1
6255,0
6256,1
6260,0
6261,0
6263,1
6264,0
6266,0
6267,1
6270,0
6271,0
6272,1
6275,0
6284,0
6287,1
6290,1
6296,1
6297,0
6301,1
6304,1
6305,0
6308,1
6311,0
6312,0
6316,1
6319,1
6325,1
6326,1
6327,1
6328,1
6333,0
6337,1
6338,1
6339,0
6340,0
6342,0
6353,1
6357,0
6359,1
6361,0
6362,0
6365,0
6366,0
6368,0
6369,1
6373,0
6374,0
6375,1
6379,0
6383,0
6384,0
6389,0
6390,0
6393,1
6398,0
6400,0
6402,1
6404,0
6406,1
6408,1
6409,1
6412,0
6413,0
6414,0
6415,0
6418,1
6419,0
6421,0
6424,1
6425,0
6427,0
6430,1
6435,1
6436,0
6437,1
6438,0
6440,1
6443,0
6444,1
6445,0
6447,1
6449,0
6450,1
6451,0
6453,0
6454,0
6456,0
6457,0
6458,1
6459,1
6460,0
6463,1
6470,0
6471,0
6474,1
6476,0
6477,0
6484,1
6486,1
6487,1
6489,1
6498,1
6499,1
6500,0
6505,0
6506,1
6508,1
6509,0
6515,1
6516,1
6517,0
6518,1
6523,1
6527,0
6529,0
6535,0
6536,0
6537,0
6538,0
6540,1
6541,1
6542,0
6552,1
6553,0
6555,0
6560,0
6562,1
6563,1
6571,1
6572,0
6579,1
6580,1
6583,1
6592,1
6594,1
6596,1
6600,1
6601,0
6602,1
6603,1
6604,0
6605,0
6606,0
6608,1
6609,0
6610,0
6612,1
6614,0
6616,1
6618,1
6619,1
6622,1
6626,0
6627,1
6629,0
6632,0
6634,0
6637,1
6640,1
6642,1
6647,1
6648,1
6650,0
6651,1
6660,1
6665,0
6667,0
6668,1
6670,0
6673,1
6674,1
6675,0
6678,1
6680,1
6688,0
6692,0
6696,0
6698,0
6699,0
6701,1
6706,1
6708,1
6711,0
6714,1
6715,1
6716,0
6717,0
6718,1
6720,0
6728,1
6731,0
6739,0
6741,0
6742,1
6743,1
6746,0
6748,0
6750,0
6754,1
6755,1
6756,1
6757,0
6761,0
6763,0
6770,0
6773,1
6774,0
6775,1
6778,1
6786,0
6788,0
6789,1
6791,1
6794,0
6796,0
6798,1
6800,1
6805,1
6807,0
6808,1
6810,0
6813,1
6815,1
6821,0
6822,0
6824,0
6825,1
6827,0
6830,1
6831,1
6832,1
6833,0
6835,0
6839,1
6840,1
6841,0
6842,1
6845,1
6848,0
6849,0
6850,0
6854,0
6859,0
6861,0
6865,0
6866,0
6867,0
6869,0
6870,0
6871,1
6873,0
6877,1
6878,1
6881,0
6885,0
6886,1
6889,1
6891,0
6895,1
6897,1
6898,1
6903,1
6905,1
6906,1
6909,1
6910,1
6912,0
6913,1
6914,1
6920,1
6921,1
6923,1
6924,0
6928,0
6931,0
6933,0
6935,0
6937,1
6939,1
6941,1
6944,1
6946,1
6953,1
6954,1
6955,1
6956,0
6958,1
6959,0
6960,0
6961,1
6963,1
6964,0
6965,0
6969,0
6970,0
6971,0
6973,0
6974,1
6976,1
6985,1
6987,1
6990,1
6993,0
6997,1
6998,0
7000,1
7003,0
7004,1
7008,0
7010,1
7016,0
7018,0
7019,0
7021,0
7025,0
7026,0
7027,0
7031,0
7033,0
7035,1
7041,1
7042,1
7047,1
7049,0
7050,0
7051,1
7052,1
7054,0
7055,1
7059,0
7060,1
7063,1
7065,0
7066,0
7068,1
7069,0
7070,0
7071,0
7073,1
7077,1
7079,0
7086,1
7087,0
7089,1
7090,0
7092,0
7101,0
7103,0
7107,1
7108,1
7109,0
7110,1
7111,0
7112,0
7115,0
7116,1
7117,1
7123,1
7126,0
7129,1
7132,1
7133,0
7134,0
7136,1
7137,0
7142,0
7145,0
7147,1
7150,1
7155,0
7157,0
7158,1
7159,0
7160,0
7165,1
7168,1
7169,0
7170,1
7176,0
7181,1
7186,0
7193,0
7197,1
7198,0
7199,0
7201,1
7205,0
7210,1
7212,0
7214,1
7215,0
7216,1
7218,0
7219,0
7223,0
7224,1
7225,0
7226,0
7231,0
7237,0
7238,0
7240,1
7248,1
7250,0
7261,1
7263,1
7265,0
7266,0
7269,0
7270,1
7271,0
7272,0
7275,0
7276,0
7277,1
7280,1
7285,0
7286,0
7289,1
7292,0
7295,1
7296,1
7298,0
7299,1
7304,1
7306,1
7307,0
7309,1
7310,1
7314,0
7318,1
7319,0
7320,1
7322,0
7324,0
7326,0
7327,0
7328,0
7329,0
7333,0
7334,0
7336,1
7337,1
7342,0
7343,0
7344,1
7346,1
7348,1
7349,0
7353,1
7354,1
7355,0
7357,1
7358,1
7359,0
7364,0
7367,0
7368,0
7373,0
7374,0
7375,1
7376,1
7377,0
7379,0
7381,0
7385,0
7386,0
7387,0
7389,0
7390,0
7391,1
7393,1
7395,1
7399,0
7404,0
7405,1
7406,1
7409,1
7410,0
7412,0
7415,0
7417,0
7418,0
7419,1
7426,1
7427,1
7434,0
7437,1
7438,1
7442,1
7457,1
7459,0
7460,1
7462,1
7465,0
7467,0
7468,1
7469,0
7470,0
7472,0
7473,1
7475,0
7477,0
7478,0
7483,1
7485,1
7488,1
7490,0
7492,1
7494,0
7501,0
7502,0
7503,1
7504,1
7505,1
7506,0
7507,1
7510,1
7512,0
7513,0
7514,1
7516,1
7520,0
7525,1
7526,1
7528,1
7529,1
7533,0
7535,0
7536,1
7537,1
7539,1
7540,1
7545,1
7548,0
7550,0
7553,1
7554,0
7556,1
7557,1
7561,1
7563,1
7568,0
7570,0
7571,0
7573,1
7577,1
7578,0
7581,1
7582,0
7587,1
7588,1
7589,0
7592,1
7596,0
7597,0
7601,1
7602,0
7603,0
7604,1
7605,1
7606,1
7607,1
7608,1
7610,0
7613,0
7618,0
7621,1
7631,1
7632,1
7636,0
7640,1
7644,1
7645,0
7647,1
7653,0
7654,0
7656,1
7658,0
7659,0
7662,1
7663,0
7666,1
7667,1
7676,1
7677,0
7680,1
7685,1
7688,0
7690,0
7693,1
7694,1
7697,1
7702,1
7705,0
7713,1
7714,0
7715,0
7726,0
7727,1
7731,1
7732,1
7733,0
7734,1
7735,1
7738,1
7739,0
7741,1
7742,1
7746,0
7750,0
7752,1
7755,0
7757,0
7758,1
7761,1
7767,0
7771,1
7772,1
7777,1
7779,1
7780,0
7783,0
7785,0
7789,1
7790,0
7793,1
7795,0
7798,1
7800,0
7802,0
7803,0
7805,1
7809,0
7810,1
7822,0
7824,0
7827,0
7828,1
7829,0
7832,1
7833,1
7834,0
7837,0
7840,0
7841,0
7844,1
7845,0
7850,0
7851,0
7852,1
7856,1
7857,0
7860,1
7863,0
7865,1
7866,1
7868,1
7870,0
7871,0
7873,0
7879,0
7881,0
7883,1
7884,0
7885,0
7888,0
7891,1
7893,0
7895,0
7905,0
7907,1
7908,1
7911,1
7912,1
7917,0
7918,1
7919,1
7923,1
7926,1
7928,1
7935,1
7936,0
7940,0
7943,0
7944,1
7946,0
7950,0
7956,1
7957,0
7958,0
7959,0
7961,0
7963,1
7965,1
7966,0
7967,0
7970,0
7978,1
7982,0
7983,0
7984,0
7985,0
7988,0
7991,1
7992,0
7997,0
7998,0
8001,0
8002,0
8007,1
8008,1
8009,0
8013,0
8018,0
8020,1
8022,0
8023,1
8027,0
8029,1
8032,1
8035,0
8037,1
8039,0
8040,1
8043,0
8044,0
8046,0
8049,0
8050,1
8052,0
8056,1
8058,0
8060,0
8062,0
8063,0
8068,1
8069,0
8075,0
8077,1
8079,1
8086,0
8087,0
8088,1
8090,0
8093,0
8094,0
8096,0
8100,1
8101,0
8102,1
8103,0
8104,1
8105,1
8107,0
8111,0
8114,1
8117,1
8119,0
8120,0
8121,1
8122,0
8123,1
8125,1
8126,1
8128,1
8129,1
8132,1
8133,0
8135,0
8137,1
8139,0
8143,1
8146,1
8147,0
8150,1
8152,0
8153,0
8155,0
8156,1
8157,0
8158,1
8160,0
8162,1
8163,1
8165,1
8169,1
8170,1
8171,1
8177,0
8179,0
8184,1
8188,0
8193,1
8197,1
8198,0
8201,0
8203,0
8204,1
8205,1
8207,1
8208,1
8210,1
8211,0
8213,1
8216,0
8218,1
8219,1
8222,1
8223,0
8225,0
8231,0
8232,1
8233,0
8234,0
8238,0
8241,0
8252,1
8254,0
8259,1
8260,1
8262,0
8263,0
8264,1
8270,1
8273,0
8276,0
8279,0
8280,1
8281,0
8286,1
8287,1
8292,1
8293,0
8294,0
8297,0
8300,1
8301,1
8303,0
8310,1
8311,1
8317,1
8318,0
8319,1
8326,0
8327,0
8331,0
8334,0
8339,0
8343,0
8344,0
8346,1
8349,1
8352,1
8353,0
8354,1
8355,1
8357,0
8361,1
8362,1
8363,0
8365,0
8368,1
8375,1
8376,1
8379,0
8381,1
8387,1
8389,1
8390,0
8392,1
8395,0
8398,1
8400,1
8402,1
8404,1
8408,0
8410,0
8416,1
8418,1
8427,0
8430,0
8432,1
8438,1
8440,0
8443,1
8444,0
8445,0
8446,1
8453,1
8455,1
8459,0
8464,1
8468,1
8469,0
8470,1
8471,1
8472,1
8481,0
8482,0
8483,0
8484,0
8489,1
8493,1
8494,0
8496,0
8497,1
8498,0
8499,0
8500,0
8501,1
8503,1
8506,1
8508,1
8510,0
8511,0
8515,0
8516,1
8517,0
8522,0
8523,1
8525,1
8527,0
8529,1
8532,0
8536,1
8541,0
8542,1
8544,1
8546,1
8552,0
8553,0
8558,0
8560,1
8561,1
8562,1
8566,1
8569,0
8571,1
8575,1
8577,1
8578,0
8581,1
8585,1
8589,0
8596,1
8597,1
8605,0
8607,1
8608,1
8611,1
8612,1
8613,1
8614,1
8615,0
8616,0
8619,1
8622,0
8623,0
8624,1
8627,0
8633,0
8635,1
8636,1
8642,0
8645,0
8647,1
8648,1
8654,0
8656,0
8657,1
8658,1
8659,0
8660,1
8662,1
8665,1
8666,0
8667,1
8669,0
8670,1
8672,1
8679,1
8682,0
8685,0
8686,0
8687,0
8689,1
8690,0
8691,1
8697,1
8701,0
8703,1
8704,1
8706,1
8710,0
8712,1
8713,0
8715,1
8719,1
8723,1
8724,1
8725,0
8726,0
8731,1
8733,1
8735,1
8736,0
8737,0
8740,1
8745,1
8746,1
8752,1
8754,0
8755,1
8756,1
8757,0
8760,0
8764,1
8767,1
8768,1
8773,1
8776,1
8778,0
8784,0
8791,0
8792,1
8793,0
8795,0
8801,0
8809,0
8812,0
8817,1
8819,1
8827,0
8830,0
8831,1
8834,0
8839,1
8840,1
8843,1
8845,1
8847,0
8851,1
8853,1
8856,0
8859,1
8860,1
8862,0
8863,1
8864,0
8865,0
8870,1
8871,1
8879,1
8881,0
8883,0
8885,0
8889,0
8892,1
8895,0
8896,1
8898,1
8899,1
8904,0
8905,1
8906,1
8910,0
8914,1
8917,1
8920,0
8921,0
8924,0
8925,1
8930,0
8933,1
8936,1
8937,1
8939,1
8943,1
8944,0
8945,1
8946,0
8947,0
8948,0
8952,1
8954,1
8961,0
8962,1
8965,0
8966,0
8971,1
8975,1
8980,1
8982,1
8985,1
8986,1
8991,0
8994,1
8995,1
8996,0
9004,0
9005,1
9008,1
9010,1
9019,0
9021,1
9022,1
9032,0
9033,0
9035,1
9036,1
9038,1
9040,0
9043,0
9044,1
9045,0
9047,0
9050,0
9055,0
9057,0
9059,1
9060,1
9061,0
9062,1
9064,1
9067,1
9070,1
9072,1
9073,1
9075,1
9076,0
9080,1
9082,1
9084,0
9085,1
9090,1
9091,1
9098,0
9104,0
9105,0
9106,1
9108,0
9112,0
9113,1
9114,1
9115,1
9116,0
9117,1
9118,0
9120,1
9122,0
9127,1
9130,0
9136,0
9138,1
9142,0
9146,1
9148,0
9150,1
9151,0
9155,1
9156,0
9158,1
9159,1
9160,0
9161,0
9162,1
9164,1
9166,1
9171,1
9172,0
9175,1
9176,0
9177,0
9178,0
9181,0
9183,1
9184,1
9186,0
9190,0
9192,1
9197,0
9198,1
9200,0
9205,0
9207,0
9209,0
9211,1
9216,0
9218,0
9222,0
9225,1
9226,1
9228,1
9229,1
9231,0
9236,1
9237,1
9238,0
9240,1
9241,1
9243,1
9245,0
9246,0
9250,0
9251,0
9252,1
9259,0
9261,0
9264,1
9265,1
9269,0
9270,1
9272,0
9273,0
9275,1
9277,0
9278,0
9279,0
9280,0
9281,0
9285,1
9289,0
9292,0
9293,1
9294,1
9297,1
9299,0
9302,1
9304,1
9305,0
9306,1
9314,0
9317,0
9321,1
9324,0
9325,0
9331,1
9333,1
9335,0
9337,0
9338,0
9344,1
9346,0
9348,1
9349,1
9350,1
9351,1
9358,1
9360,0
9363,0
9365,0
9366,1
9370,0
9371,0
9373,1
9374,1
9375,0
9376,0
9377,0
9379,1
9383,1
9385,1
9395,0
9405,1
9406,0
9408,0
9409,0
9412,1
9415,0
9417,1
9419,1
9420,1
9424,1
9429,1
9432,1
9433,0
9434,1
9436,1
9442,0
9443,0
9445,0
9447,0
9448,1
9449,1
9453,1
9454,0
9457,0
9458,1
9459,1
9460,0
9462,0
9467,0
9469,1
9470,0
9471,0
9472,1
9473,0
9475,1
9476,0
9478,1
9480,0
9483,1
9485,1
9486,1
9492,1
9496,1
9497,0
9498,0
9500,0
9504,0
9505,1
9506,1
9509,1
9512,0
9513,1
9516,1
9521,0
9522,1
9527,0
9528,0
9529,1
9530,1
9535,0
9536,1
9540,1
9546,0
9555,0
9556,1
9558,1
9562,1
9564,0
9565,0
9573,1
9586,1
9592,0
9594,1
9596,1
9597,1
9598,0
9600,0
9601,1
9603,1
9604,0
9605,1
9606,0
9607,0
9610,1
9613,0
9615,1
9623,1
9627,1
9629,0
9630,0
9631,0
9632,1
9635,1
9638,0
9647,0
9648,1
9650,1
9653,0
9660,1
9663,0
9666,0
9668,0
9670,0
9672,0
9673,1
9677,0
9678,1
9679,0
9681,1
9682,0
9684,0
9685,1
9687,1
9689,1
9690,0
9699,1
9700,0
9701,1
9702,1
9703,1
9707,1
9709,1
9716,0
9717,1
9720,1
9723,1
9727,1
9729,1
9730,1
9731,0
9733,1
9734,1
9735,1
9742,0
9748,1
9749,1
9752,0
9755,0
9756,1
9757,1
9759,0
9760,1
9762,1
9763,0
9764,1
9765,0
9766,1
9768,0
9770,1
9771,1
9772,0
9777,0
9779,1
9781,0
9782,1
9788,1
9789,0
9792,0
9793,1
9794,0
9797,1
9798,1
9801,1
9806,0
9811,1
9814,0
9817,0
9820,0
9823,1
9824,1
9837,0
9839,0
9840,0
9841,0
9842,1
9844,1
9845,0
9847,1
9855,0
9861,1
9865,1
9869,1
9875,0
9877,1
9882,1
9885,0
9888,1
9889,1
9891,0
9893,0
9895,1
9897,0
9898,0
9900,0
9901,0
9902,0
9904,1
9906,0
9918,0
9923,1
9924,1
9926,0
9932,1
9933,0
9938,1
9940,0
9941,1
9943,1
9944,1
9946,1
9947,0
9948,0
9950,0
9953,1
9956,1
9961,0
9962,0
9963,1
9964,0
9965,1
9966,1
9967,1
9969,1
9970,1
9971,1
9975,1
9976,1
9977,0
9980,0
9981,0
9982,1
9983,0
9984,1
9985,1
9989,0
9990,0
9992,1
9994,1
9999,1
10001,1
10002,1
10004,0
10005,0
10010,1
10011,0
10012,1
10014,1
10018,1
10020,0
10026,1
10035,0
10036,0
10040,1
10043,0
10044,1
10048,0
10049,1
10050,1
10055,1
10056,1
10057,0
10058,0
10059,0
10060,0
10062,1
10066,1
10067,1
10068,0
10070,1
10073,0
10076,0
10077,1
10078,0
10079,1
10083,1
10084,0
10085,0
10095,1
10096,1
10098,0
10103,1
10104,1
10111,1
10113,0
10120,1
10121,0
10122,0
10128,0
10130,1
10136,0
10137,1
10139,0
10142,0
10144,1
10146,0
10147,0
10151,1
10154,0
10156,1
10157,1
10162,0
10163,1
10165,1
10169,0
10172,1
10175,1
10176,0
10177,1
10180,1
10184,0
10188,1
10189,0
10195,1
10197,0
10207,1
10211,1
10212,0
10213,0
10214,1
10217,0
10218,0
10223,1
10224,0
10227,1
10228,1
10233,1
10235,0
10238,0
10239,0
10240,1
10242,0
10248,1
10249,0
10251,1
10252,0
10257,0
10261,1
10267,1
10268,0
10270,1
10273,1
10274,0
10275,0
10279,1
10280,1
10281,1
10285,0
10286,0
10289,0
10290,0
10291,0
10294,1
10295,1
10298,0
10303,1
10307,0
10308,1
10310,1
10312,0
10313,1
10315,0
10317,1
10318,0
10319,0
10322,1
10323,0
10326,0
10329,0
10332,1
10335,0
10339,0
10341,0
10345,0
10352,0
10357,0
10358,0
10359,0
10360,0
10361,1
10363,1
10364,1
10365,1
10368,0
10370,0
10372,0
10373,0
10374,0
10375,0
10376,1
10379,0
10382,0
10383,1
10384,1
10386,0
10398,0
10399,1
10403,0
10405,1
10413,1
10418,1
10421,1
10422,0
10424,1
10428,1
10430,0
10432,0
10436,1
10437,1
10438,1
10439,0
10440,0
10447,1
10450,0
10451,1
10453,0
10455,1
10456,1
10462,1
10463,1
10464,0
10465,0
10466,1
10468,1
10482,0
10487,0
10488,1
10491,1
10494,0
10497,0
10501,0
10502,0
10503,0
10507,0
10510,0
10513,1
10516,1
10518,0
10519,0
10521,1
10524,0
10527,0
10528,0
10529,0
10535,1
10536,1
10543,1
10549,1
10551,0
10555,1
10559,1
10563,0
10565,1
10566,0
10568,0
10569,1
10571,1
10576,1
10578,0
10584,1
10590,0
10594,1
10596,0
10597,1
10599,1
10600,0
10601,1
10603,1
10604,1
10607,0
10608,0
10615,0
10616,1
10618,0
10621,1
10627,0
10629,0
10631,1
10632,1
10634,0
10639,1
10645,0
10648,0
10654,1
10657,1
10666,0
10673,0
10674,1
10678,0
10680,0
10682,1
10685,0
10686,1
10687,1
10688,0
10692,0
10694,1
10695,1
10697,0
10701,0
10703,1
10709,0
10711,0
10712,1
10713,1
10715,1
10720,1
10723,1
10727,1
10729,1
10731,0
10734,0
10735,1
10736,1
10737,1
10738,1
10739,0
10740,0
10741,0
10744,0
10745,0
10746,1
10747,0
10750,1
10752,1
10755,1
10756,1
10758,1
10760,1
10762,0
10766,1
10767,1
10769,0
10771,0
10772,1
10774,1
10777,1
10779,1
10782,1
10784,0
10785,0
10788,0
10790,0
10793,1
10795,0
10799,0
10804,0
10806,1
10808,0
10810,0
10816,0
10817,1
10818,0
10820,1
10825,1
10827,1
10833,0
10837,0
10839,1
10840,1
10842,1
10844,0
10848,0
10852,0
10856,0
10857,1
10858,1
10862,1
10864,0
10866,0
10872,0
10874,1
10879,0
10880,0
10882,0
10883,1
10884,1
10888,1
10889,1
10892,1
10893,0
10895,1
10901,0
10906,0
10907,0
10909,1
10912,0
10916,0
10920,0
10921,0
10927,0
10928,0
10930,1
10931,1
10932,0
10934,0
10941,0
10946,0
10947,0
10954,1
10955,0
10956,1
10960,1
10965,1
10966,0
10972,1
10973,1
10975,0
10977,1
10979,0
10982,1
10983,0
10985,1
10988,1
10990,1
10991,0
10994,1
11000,0
11002,1
11003,0
11004,0
11007,0
11012,0
11013,0
11014,0
11017,0
11020,0
11021,0
11022,0
11023,1
11025,0
11028,0
11031,0
11036,1
11039,0
11041,0
11046,0
11047,0
11050,1
11053,0
11055,1
11058,1
11062,1
11065,1
11070,0
11073,1
11080,0
11081,0
11083,0
11085,1
11087,0
11089,0
11090,0
11092,0
11093,1
11096,1
11097,1
11101,1
11107,1
11108,0
11109,0
11111,0
11112,0
11113,0
11118,0
11119,1
11123,1
11124,1
11125,1
11126,0
11130,0
11137,0
11138,1
11144,0
11145,1
11152,1
11154,1
11155,0
11156,1
11157,1
11158,1
11159,1
11160,1
11161,1
11163,0
11164,0
11168,1
11172,1
11174,0
11177,1
11180,1
11190,0
11195,1
11200,0
11203,0
11206,0
11209,1
11214,0
11215,0
11224,0
11226,0
11227,1
11228,0
11233,1
11234,0
11236,0
11237,1
11238,1
11240,0
11247,0
11248,0
11250,1
11253,0
11254,1
11255,1
11257,0
11258,0
11259,0
11261,0
11263,1
11267,1
11268,1
11270,0
11273,1
11274,0
11275,1
11276,1
11282,0
11283,1
11286,1
11288,1
11292,1
11293,1
11300,0
11302,1
11313,1
11317,1
11319,0
11323,0
11326,0
11327,0
11329,1
11332,1
11334,0
11335,0
11338,1
11340,0
11341,0
11342,0
11344,0
11345,0
11346,0
11349,1
11351,1
11353,1
11354,0
11355,0
11356,1
11359,1
11360,1
11362,0
11364,1
11365,0
11369,0
11373,0
11383,0
11385,1
11388,0
11390,1
11391,0
11393,1
11395,1
11398,0
11400,0
11401,0
11403,1
11404,1
11406,1
11411,0
11416,1
11417,0
11419,0
11420,0
11421,0
11422,0
11425,0
11426,1
11427,1
11428,0
11429,0
11432,1
11434,1
11437,1
11440,0
11441,1
11442,0
11444,1
11448,1
11452,0
11455,1
11458,0
11459,0
11460,1
11461,0
11463,1
11465,1
11466,1
11469,1
11471,1
11472,0
11475,1
11486,0
11489,0
11490,0
11496,1
11502,1
11503,1
11507,0
11508,1
11509,0
11510,1
11513,1
11519,1
11521,0
11523,1
11524,0
11525,1
11526,0
11530,0
11533,0
11535,0
11537,0
11540,0
11542,1
11545,0
11548,0
11549,1
11552,0
11554,1
11559,0
11563,1
11565,0
11566,1
11569,1
11574,0
11575,1
11576,1
11578,1
11579,1
11587,0
11594,0
11595,1
11596,1
11598,0
11604,0
11608,1
11609,0
11611,1
11612,0
11614,0
11618,1
11621,1
11622,0
11623,1
11625,1
11626,1
11627,1
11632,1
11633,1
11634,1
11635,1
11638,0
11639,0
11640,1
11642,0
11646,1
11651,1
11653,0
11655,1
11656,1
11657,0
11663,1
11666,0
11668,1
11670,0
11675,1
11678,1
11679,1
11683,0
11685,0
11686,0
11689,1
11692,0
11699,1
11702,0
11704,0
11705,1
11706,1
11708,0
11709,0
11712,1
11714,1
11717,0
11718,1
11720,1
11722,1
11724,1
11730,1
11731,1
11732,1
11734,1
11737,1
11738,0
11739,1
11745,0
11746,0
11747,0
11748,1
11749,0
11750,0
11752,1
11754,1
11756,0
11757,0
11767,0
11769,0
11770,1
11771,0
11774,0
11775,1
11776,0
11779,0
11781,1
11784,1
11785,1
11788,1
11790,0
11791,0
11793,1
11794,1
11796,1
11799,0
11800,0
11803,0
11806,0
11807,0
11811,1
11814,1
11815,1
11816,1
11821,1
11824,1
11825,0
11826,1
11828,0
11834,1
11835,0
11836,0
11838,0
11841,1
11842,1
11843,0
11844,0
11847,0
11848,1
11849,1
11853,0
11854,1
11857,0
11858,0
11859,1
11862,1
11865,0
11867,1
11871,1
11875,1
11877,1
11878,1
11880,1
11883,1
11884,0
11885,1
11886,1
11887,0
11890,1
11896,0
11899,0
11900,0
11905,0
11909,0
11910,0
11912,0
11916,1
11917,1
11919,0
11920,0
11922,1
11925,0
11926,0
11928,0
11930,1
11931,1
11932,1
11933,0
11934,1
11938,1
11939,1
11941,1
11943,0
11944,1
11945,1
11948,1
11952,1
11956,0
11959,1
11962,0
11963,0
11965,0
11969,1
11970,0
11971,1
11972,1
11973,1
11974,1
11984,1
11985,0
11986,0
11987,1
11988,1
11991,0
11995,0
11997,1
11998,0
12000,1
12001,0
12003,1
12010,0
12013,1
12014,1
12018,1
12021,1
12022,0
12027,0
12029,1
12030,1
12033,0
12036,0
12039,1
12041,0
12042,1
12043,1
12044,0
12045,0
12046,1
12048,0
12049,0
12053,1
12054,0
12056,0
12059,1
12063,0
12067,0
12069,1
12075,1
12076,1
12077,0
12078,0
12080,0
12081,0
12082,0
12083,1
12085,1
12087,0
12088,0
12091,0
12093,1
12095,0
12097,0
12101,0
12110,1
12114,1
12116,1
12120,0
12121,1
12123,1
12124,0
12126,0
12127,1
12128,0
12131,0
12136,0
12137,0
12139,1
12140,1
12145,1
12149,1
12153,1
12154,0
12156,1
12158,1
12163,0
12164,1
12165,1
12169,0
12172,1
12174,0
12176,1
12177,1
12179,1
12180,1
12183,0
12188,0
12191,1
12192,0
12193,1
12194,1
12195,1
12198,0
12199,1
12200,1
12202,1
12204,1
12205,1
12212,1
12213,1
12216,0
12217,0
12219,1
12221,1
12223,0
12224,0
12227,1
12229,0
12230,1
12232,1
12233,0
12234,0
12235,0
12240,0
12242,0
12244,1
12247,1
12249,1
12251,1
12252,0
12254,1
12258,0
12259,1
12261,0
12264,0
12266,0
12269,1
12274,0
12275,1
12276,1
12277,0
12285,1
12288,0
12291,0
12292,1
12293,1
12294,0
12295,0
12299,0
12302,1
12303,0
12304,1
12305,1
12306,1
12307,0
12310,1
12312,0
12313,0
12314,1
12315,0
12316,0
12317,1
12319,0
12322,1
12324,1
12329,1
12331,1
12333,1
12336,0
12337,1
12338,1
12339,1
12345,1
12356,1
12357,0
12358,1
12360,0
12361,1
12363,1
12370,1
12373,0
12377,1
12381,0
12382,1
12385,1
12391,1
12392,0
12395,1
12400,0
12402,1
12403,1
12404,0
12405,0
12406,0
12407,1
12408,1
12410,0
12411,0
12412,0
12413,1
12419,1
12420,0
12425,0
12428,1
12429,0
12433,1
12443,1
12446,0
12449,0
12453,1
12454,0
12455,1
12456,0
12458,0
12459,1
12464,1
12465,0
12469,0
12474,1
12478,1
12486,0
12489,1
12493,0
12495,1
12496,1
12497,0
12498,1
12501,1
12503,0
12504,1
12508,0
12511,1
12514,1
12515,0
12521,0
12524,1
12529,1
12532,0
12533,0
12537,1
12538,1
12545,0
12547,0
12552,1
12553,1
12554,1
12556,0
12558,1
12566,1
12569,0
12578,1
12580,0
12581,1
12583,1
12584,0
12585,1
12587,1
12588,1
12590,0
12591,1
12595,1
12599,0
12600,0
12603,0
12606,0
12611,0
12612,0
12614,1
12615,1
12616,0
12617,0
12618,0
12619,1
12620,1
12621,1
12628,1
12632,0
12638,0
12643,0
12648,0
12651,1
12653,1
12664,0
12667,0
12670,0
12677,0
12678,1
12679,1
12682,1
12684,0
12686,1
12689,1
12694,0
12696,1
12701,1
12702,0
12705,0
12710,1
12711,1
12713,0
12716,1
12717,0
12721,0
12722,0
12723,0
12725,0
12726,1
12729,0
12731,0
12733,1
12741,1
12743,1
12746,0
12749,1
12752,0
12760,1
12762,0
12766,1
12767,1
12773,1
12779,1
12782,1
12784,1
12786,0
12791,1
12800,1
12804,1
12806,1
12808,0
12810,0
12812,1
12816,0
12822,0
12824,0
12827,1
12829,1
12831,1
12832,0
12833,0
12836,1
12837,1
12838,0
12839,0
12845,1
12846,1
12853,0
12856,1
12857,0
12862,1
12868,0
12870,1
12875,1
12883,1
12887,0
12888,1
12889,1
12892,0
12894,0
12896,0
12899,1
12905,0
12906,1
12908,0
12909,0
12915,0
12917,1
12918,0
12921,1
12922,1
12924,0
12925,0
12927,1
12932,0
12936,0
12937,0
12938,1
12940,0
12945,0
12950,0
12952,1
12955,1
12962,1
12966,1
12969,0
12970,1
12971,0
12985,0
12986,0
12989,1
12991,0
12992,1
12994,1
12996,1
12999,0
13000,0
13003,1
13008,1
13009,0
13015,1
13017,1
13020,0
13021,0
13023,1
13024,0
13028,0
13029,0
13034,0
13036,1
13037,0
13038,0
13043,1
13045,0
13048,0
13051,0
13052,0
13053,0
13058,0
13061,1
13064,1
13066,1
13068,1
13069,0
13070,1
13071,1
13074,1
13076,1
13078,0
13079,1
13080,1
13082,0
13085,0
13091,0
13094,0
13099,1
13101,1
13102,1
13106,1
13109,0
13111,0
13112,0
13115,0
13119,1
13121,0
13123,0
13126,0
13129,1
13131,0
13135,0
13136,0
13137,0
13138,1
13139,1
13140,1
13141,0
13142,0
13143,0
13146,0
13155,0
13158,0
13159,1
13162,0
13167,1
13168,0
13171,0
13174,0
13175,1
13177,0
13180,0
13186,1
13187,1
13189,1
13191,1
13192,1
13197,0
13199,1
13204,1
13205,1
13207,1
13209,1
13213,1
13216,0
13217,1
13218,1
13220,1
13221,1
13224,0
13227,0
13229,0
13230,1
13235,0
13236,0
13237,1
13238,1
13239,1
13245,0
13248,1
13251,0
13255,1
13259,0
13260,0
13261,1
13266,0
13268,1
13270,0
13273,1
13275,1
13278,1
13281,1
13282,1
13283,1
13284,1
13285,1
13287,0
13290,0
13292,0
13294,0
13295,0
13296,0
13297,0
13299,0
13300,0
13309,0
13311,0
13312,0
13316,0
13319,0
13322,0
13323,0
13324,0
13325,1
13328,0
13329,0
13331,1
13332,0
13335,1
13336,0
13337,1
13345,1
13346,1
13349,0
13351,0
13352,0
13354,0
13355,1
13358,1
13360,1
13363,1
13364,1
13366,1
13370,0
13373,1
13374,1
13378,0
13381,0
13394,0
13395,1
13396,1
13399,1
13403,1
13405,1
13406,1
13409,1
13415,0
13419,1
13422,1
13423,0
13429,1
13431,1
13432,0
13433,1
13434,1
13435,1
13437,1
13441,1
13443,1
13446,1
13450,0
13451,0
13453,1
13458,1
13460,1
13464,0
13465,0
13470,0
13471,0
13473,1
13475,0
13478,0
13479,1
13480,0
13483,1
13484,0
13486,0
13491,0
13497,0
13503,0
13515,1
13517,0
13519,0
13524,1
13525,0
13526,0
13528,0
13530,0
13531,0
13532,0
13534,1
13536,1
13537,1
13541,1
13543,1
13547,1
13548,0
13550,1
13554,0
13556,1
13560,1
13562,0
13563,1
13564,0
13565,0
13568,1
13571,0
13574,1
13575,1
13576,1
13577,1
13579,1
13580,1
13582,1
13584,0
13590,0
13591,0
13592,0
13593,0
13597,0
13598,0
13604,0
13605,1
13606,0
13609,0
13610,0
13612,0
13614,1
13615,1
13617,0
13618,1
13621,1
13624,1
13625,0
13626,1
13628,1
13629,1
13630,0
13634,1
13640,1
13641,1
13643,1
13644,1
13645,0
13647,0
13652,0
13659,1
13660,0
13662,1
13664,0
13666,0
13671,1
13675,0
13679,1
13681,1
13686,0
13688,1
13689,1
13691,0
13692,0
13694,1
13696,0
13697,0
13704,1
13705,0
13706,1
13708,0
13709,0
13710,1
13715,0
13719,1
13721,0
13722,1
13723,1
13729,1
13734,0
13736,0
13737,0
13741,1
13742,0
13744,1
13747,0
13750,0
13756,0
13759,0
13760,0
13761,0
13762,0
13763,1
13768,1
13775,0
13776,1
13777,1
13778,0
13781,0
13782,0
13784,1
13785,0
13787,1
13789,1
13790,0
13791,0
13792,0
13793,1
13794,1
13795,0
13796,1
13797,1
13798,0
13801,0
13804,1
13807,0
13808,0
13811,1
13817,1
13819,0
13821,0
13822,0
13824,1
13825,1
13828,1
13830,1
13834,0
13835,1
13837,0
13838,0
13839,0
13840,0
13842,1
13843,0
13848,0
13850,0
13852,1
13855,1
13856,1
13858,0
13859,1
13860,0
13862,0
13867,0
13868,1
13869,1
13870,1
13872,1
13874,0
13876,1
13878,1
13882,0
13883,0
13884,0
13892,1
13897,1
13902,1
13907,0
13908,0
13911,1
13912,0
13913,0
13914,1
13915,1
13917,1
13919,1
13925,1
13929,1
13931,0
13933,1
13937,1
13944,1
13947,1
13948,0
13949,0
13950,1
13952,1
13960,0
13965,1
13966,0
13968,0
13969,0
13971,0
13972,0
13973,1
13977,0
13981,1
13985,0
13987,0
13990,0
13994,1
13996,0
13997,1
13998,0
14000,0
14001,0
14003,0
14004,0
14006,1
14010,0
14011,1
14012,0
14013,0
14015,1
14016,0
14017,0
14018,1
14020,1
14022,0
14028,1
14032,0
14033,1
14036,1
14037,0
14038,0
14042,1
14043,0
14044,1
14046,0
14047,1
14048,0
14049,1
14055,0
14057,0
14063,1
14065,0
14067,0
14069,0
14076,0
14077,0
14079,0
14081,0
14083,1
14084,1
14089,0
14093,1
14097,0
14098,0
14107,1
14109,0
14110,0
14112,1
14116,1
14122,1
14123,1
14126,0
14127,0
14129,0
14133,1
14134,1
14135,0
14138,0
14139,0
14149,0
14154,0
14155,0
14156,0
14157,0
14160,0
14162,0
14163,0
14165,0
14166,1
14170,1
14173,1
14175,0
14176,0
14177,1
14178,1
14179,0
14180,1
14181,0
14183,1
14185,0
14186,0
14187,1
14188,1
14189,0
14193,1
14198,0
14199,1
14200,0
14201,0
14203,1
14207,0
14214,0
14216,1
14218,0
14222,0
14223,0
14227,0
14228,0
14230,1
14232,1
14233,0
14236,1
14237,1
14243,0
14244,0
14245,1
14246,0
14247,0
14248,0
14257,1
14259,0
14262,1
14263,0
14267,1
14268,0
14269,0
14270,1
14275,1
14279,1
14280,1
14284,0
14287,0
14288,0
14291,1
14293,0
14296,0
14297,1
14298,0
14307,1
14309,0
14310,1
14315,0
14316,0
14317,0
14318,0
14323,0
14325,1
14326,0
14329,1
14330,1
14333,0
14351,0
14353,0
14354,0
14357,0
14361,1
14362,1
14363,0
14366,0
14367,0
14369,1
14372,1
14373,0
14374,0
14375,1
14376,0
14377,0
14378,1
14382,1
14383,1
14384,1
14385,0
14387,1
14390,1
14392,0
14394,0
14397,0
14399,1
14401,0
14402,1
14403,0
14404,0
14411,1
14414,0
14417,0
14420,0
14422,1
14423,1
14424,0
14427,0
14431,1
14432,0
14433,1
14434,0
14438,0
14442,0
14444,0
14447,1
14456,1
14459,0
14461,0
14462,0
14464,1
14467,1
14468,0
14484,0
14485,0
14487,0
14488,1
14489,0
14490,0
14491,0
14494,1
14495,0
14496,0
14500,0
14502,1
14503,1
14505,0
14507,0
14512,1
14514,0
14517,0
14518,0
14520,0
14521,0
14523,0
14524,0
14526,0
14528,0
14529,1
14535,0
14536,1
14537,1
14540,0
14545,0
14546,1
14547,0
14548,1
14549,0
14556,0
14558,0
14567,0
14569,0
14575,1
14576,0
14578,0
14580,1
14581,0
14590,1
14592,1
14593,1
14595,0
14597,1
14598,1
14603,0
14604,1
14605,1
14606,1
14608,0
14612,0
14615,0
14617,1
14618,1
14619,1
14620,1
14623,1
14624,1
14626,1
14629,1
14633,1
14634,0
14636,0
14640,1
14642,1
14645,0
14646,0
14649,0
14657,0
14658,0
14659,0
14662,0
14663,0
14665,0
14668,0
14672,1
14673,0
14676,0
14679,1
14683,1
14686,0
14689,0
14691,1
14692,1
14695,0
14696,1
14697,1
14701,0
14703,0
14709,0
14716,0
14717,0
14718,0
14721,0
14723,0
14731,1
14735,1
14741,0
14745,1
14747,1
14750,0
14751,1
14752,1
14755,1
14756,0
14759,1
14762,0
14763,0
14764,0
14765,0
14768,0
14770,0
14772,0
14773,1
14774,0
14775,1
14781,1
14783,0
14786,0
14788,1
14789,0
14793,0
14797,0
14798,1
14799,0
14805,0
14806,1
14808,1
14809,1
14810,0
14815,0
14819,0
14821,1
14822,1
14823,1
14824,0
14825,1
14830,1
14832,0
14833,1
14834,1
14835,0
14838,0
14842,0
14843,0
14845,0
14847,0
14849,0
14850,0
14852,0
14853,0
14855,0
14857,1
14865,0
14867,1
14868,0
14871,0
14877,1
14881,1
14883,0
14884,0
14886,1
14887,0
14889,1
14890,1
14892,1
14893,1
14895,0
14896,0
14909,1
14918,0
14921,1
14922,0
14926,0
14931,0
14936,0
14937,1
14938,1
14939,0
14942,0
14943,0
14946,0
14947,1
14948,1
14958,0
14962,1
14963,0
14964,1
14970,1
14975,1
14977,1
14982,0
14983,1
14992,1
14993,0
14994,1
15002,0
15003,1
15005,0
15006,1
15010,0
15014,1
15018,0
15020,0
15021,0
15023,0
15024,1
15031,0
15033,0
15034,0
15035,0
15036,0
15037,0
15038,1
15040,1
15041,1
15042,0
15044,0
15046,1
15049,0
15051,0
15054,1
15056,0
15057,1
15059,0
15060,0
15063,0
15064,0
15065,0
15068,1
15070,0
15071,0
15074,1
15075,0
15079,1
15081,0
15083,0
15084,1
15085,1
15086,0
15087,0
15089,1
15092,0
15097,0
15099,0
15100,0
15103,1
15104,0
15105,0
15106,0
15110,0
15111,0
15112,1
15113,1
15114,0
15119,1
15120,0
15121,1
15122,0
15125,0
15129,1
15135,0
15139,1
15145,1
15146,0
15147,1
15149,0
15150,0
15155,1
15156,0
15157,1
15163,0
15164,1
15165,1
15168,0
15170,1
15174,1
15181,1
15182,1
15184,1
15190,0
15194,1
15201,1
15202,0
15203,1
15206,1
15209,0
15210,1
15213,1
15214,0
15217,0
15222,1
15225,1
15227,1
15231,0
15237,0
15239,0
15240,1
15243,0
15244,0
15245,0
15248,0
15250,0
15255,1
15258,1
15265,0
15268,0
15269,0
15270,0
15271,0
15272,0
15275,1
15277,1
15279,1
15280,0
15284,0
15285,0
15290,0
15292,1
15293,0
15295,0
15296,0
15299,0
15301,0
15307,1
15308,0
15310,0
15317,1
15320,1
15321,0
15323,0
15326,1
15327,0
15328,1
15329,1
15330,0
15333,1
15334,0
15338,0
15341,1
15344,0
15347,0
15353,1
15356,0
15358,1
15359,0
15361,0
15362,1
15364,0
15367,0
15376,1
15378,0
15381,1
15382,0
15383,0
15384,0
15386,1
15387,1
15389,1
15390,1
15392,0
15395,0
15399,0
15400,0
15403,0
15407,0
15409,0
15412,0
15414,0
15415,1
15416,0
15418,0
15419,1
15420,0
15422,0
15424,0
15425,1
15426,0
15427,0
15431,0
15436,0
15437,0
15438,1
15442,0
15443,1
15444,1
15445,0
15446,1
15448,1
15449,1
15450,0
15455,1
15458,1
15459,1
15471,0
15473,0
15475,1
15476,1
15477,0
15479,0
15480,1
15481,1
15483,1
15485,0
15486,0
15487,0
15493,0
15502,1
15503,0
15504,1
15506,0
15509,0
15511,1
15512,0
15513,0
15514,1
15521,0
15525,0
15526,1
15527,1
15528,0
15529,0
15532,0
15534,0
15542,0
15550,1
15554,1
15557,1
15560,1
15563,0
15566,1
15568,1
15570,1
15573,1
15575,1
15577,1
15580,0
15582,0
15584,1
15585,0
15586,0
15589,0
15590,1
15592,0
15594,0
15595,1
15598,0
15600,0
15601,0
15602,0
15604,1
15607,1
15611,0
15626,0
15635,0
15638,0
15639,1
15641,0
15642,0
15643,0
15646,0
15647,1
15648,0
15649,0
15650,1
15651,0
15656,0
15660,0
15661,0
15663,1
15666,1
15667,1
15669,0
15673,0
15677,1
15681,0
15683,0
15686,0
15687,0
15690,0
15691,1
15694,1
15696,0
15698,1
15702,1
15703,0
15705,0
15707,0
15712,1
15713,1
15714,1
15717,1
15718,1
15721,1
15722,0
15724,0
15725,1
15727,0
15729,1
15730,0
15732,0
15733,0
15734,1
15736,0
15738,1
15739,0
15741,1
15743,1
15745,0
15746,0
15748,0
15749,0
15757,1
15759,0
15760,0
15767,0
15768,1
15769,0
15770,1
15771,0
15772,0
15774,1
15777,0
15785,1
15788,0
15793,1
15794,0
15795,1
15798,0
15799,1
15800,0
15805,1
15806,0
15809,1
15812,0
15813,1
15817,0
15818,0
15820,1
15826,1
15835,0
15845,0
15852,0
15853,1
15854,0
15856,1
15858,1
15862,0
15863,1
15866,0
15867,1
15868,0
15870,1
15879,0
15881,1
15882,0
15883,1
15884,0
15885,1
15888,1
15889,1
15892,0
15896,1
15901,1
15903,0
15905,1
15906,0
15910,0
15914,0
15915,1
15917,0
15918,0
15924,1
15925,0
15928,0
15934,1
15935,0
15937,1
15942,0
15943,1
15945,1
15949,1
15957,0
15958,1
15961,1
15965,1
15966,0
15967,1
15968,1
15969,0
15970,0
15971,0
15974,1
15975,1
15979,0
15986,0
15988,0
15990,1
15993,0
15995,0
15999,0
16001,1
16004,0
16005,0
16010,0
16011,1
16012,0
16014,0
16015,0
16016,1
16023,0
16027,0
16029,1
16030,1
16036,1
16037,1
16040,1
16044,1
16046,0
16048,1
16050,0
16053,0
16056,1
16057,1
16058,0
16060,0
16061,1
16062,1
16063,1
16066,0
16068,1
16071,1
16075,1
16079,0
16080,1
16083,1
16086,1
16088,0
16090,0
16099,1
16101,0
16105,0
16108,0
16109,0
16110,0
16114,0
16115,0
16119,0
16120,0
16121,1
16122,1
16123,1
16125,0
16126,1
16128,0
16131,1
16135,0
16136,1
16137,1
16138,1
16140,0
16141,0
16146,1
16148,0
16149,1
16150,1
16151,0
16154,1
16156,1
16157,0
16159,1
16160,0
16162,1
16166,0
16171,1
16173,1
16174,0
16175,0
16176,0
16179,1
16181,0
16183,1
16184,1
16186,1
16187,0
16188,0
16189,0
16191,1
16193,0
16196,1
16198,0
16199,1
16202,1
16204,0
16208,1
16209,1
16210,1
16211,1
16214,1
16215,1
16218,1
16224,0
16226,1
16229,1
16234,1
16235,1
16238,1
16249,1
16250,1
16253,1
16258,0
16262,1
16263,1
16265,1
16267,1
16268,1
16272,1
16273,1
16278,1
16279,0
16280,0
16282,1
16283,1
16284,0
16286,0
16287,1
16289,0
16290,1
16291,1
16295,1
16296,0
16300,0
16302,1
16303,1
16304,1
16305,1
16310,1
16312,1
16313,0
16314,0
16317,1
16318,1
16319,0
16320,0
16322,0
16324,0
16325,1
16326,0
16328,1
16330,1
16333,1
16335,0
16336,0
16337,1
16338,1
16340,0
16343,1
16344,0
16346,1
16348,1
16358,1
16365,0
16366,0
16370,0
16371,1
16377,1
16379,0
16380,0
16381,1
16383,1
16384,1
16385,1
16386,1
16387,1
16388,1
16392,0
16393,1
16396,0
16398,1
16400,0
16403,1
16405,1
16407,1
16412,1
16415,1
16418,1
16419,0
16422,0
16426,1
16429,1
16431,1
16432,1
16438,0
16440,1
16441,0
16444,1
16445,1
16447,1
16448,1
16449,1
16450,1
16451,0
16452,0
16455,1
16458,1
16460,1
16461,1
16463,1
16472,1
16473,0
16474,1
16475,1
16478,0
16481,0
16482,1
16483,1
16485,1
16486,1
16488,0
16492,1
16493,1
16497,1
16498,1
16499,1
16501,1
16504,1
16507,0
16510,0
16511,0
16512,0
16516,1
16518,0
16520,0
16524,1
16527,1
16529,1
16531,1
16532,0
16535,1
16536,0
16537,0
16538,1
16540,1
16541,0
16543,0
16546,1
16547,1
16549,0
16550,0
16553,0
16554,0
16559,0
16560,1
16561,1
16562,0
16564,0
16568,1
16569,1
16570,1
16573,1
16575,1
16577,1
16578,0
16582,0
16583,1
16584,1
16590,0
16594,0
16595,0
16598,0
16599,0
16603,1
16606,0
16612,1
16614,1
16616,1
16618,0
16620,1
16622,1
16624,0
16626,0
16627,0
16628,1
16634,1
16636,0
16641,1
16642,1
16643,0
16644,1
16646,1
16656,0
16657,0
16661,1
16665,1
16666,1
16668,1
16669,0
16672,1
16680,1
16681,0
16682,0
16683,1
16686,0
16687,0
16690,0
16691,1
16692,0
16693,1
16694,0
16695,0
16697,1
16699,1
16701,0
16703,0
16709,0
16711,0
16712,0
16714,1
16715,0
16716,1
16717,1
16718,1
16719,0
16722,0
16733,0
16734,1
16735,0
16736,1
16737,1
16739,0
16741,1
16742,1
16745,1
16748,1
16752,1
16753,0
16755,1
16756,0
16758,0
16759,0
16762,0
16763,1
16764,0
16767,1
16769,1
16772,0
16778,0
16779,0
16780,0
16782,1
16784,1
16788,0
16791,1
16796,0
16797,0
16799,0
16800,1
16805,1
16807,1
16808,0
16811,0
16815,1
16820,1
16823,0
16824,1
16826,0
16828,0
16831,0
16835,0
16837,1
16839,1
16842,1
16845,0
16851,1
16854,1
16857,1
16861,0
16863,1
16867,1
16869,1
16871,0
16872,1
16874,1
16875,0
16878,1
16879,1
16880,0
16883,1
16886,1
16887,0
16891,1
16892,0
16895,0
16896,0
16897,0
16899,0
16901,1
16902,0
16906,0
16911,0
16919,1
16920,0
16926,0
16927,1
16929,0
16930,1
16932,1
16933,1
16934,1
16937,0
16938,1
16940,1
16942,1
16945,0
16946,0
16948,1
16952,1
16959,0
16963,0
16964,1
16965,1
16967,0
16977,0
16979,1
16985,1
16990,1
16992,0
16993,1
16994,1
16996,1
17001,0
17002,1
17004,0
17005,1
17006,1
17008,1
17016,1
17020,0
17021,1
17022,1
17023,0
17025,0
17027,0
17031,1
17032,1
17038,1
17039,0
17043,0
17044,1
17045,1
17047,1
17048,0
17049,1
17051,1
17055,0
17056,1
17057,1
17058,1
17061,1
17062,0
17066,0
17068,1
17069,0
17072,0
17073,0
17075,0
17080,0
17081,1
17082,1
17084,1
17088,0
17089,0
17092,1
17094,1
17095,1
17096,0
17101,1
17102,1
17104,1
17107,1
17108,1
17109,0
17110,1
17115,0
17116,0
17118,1
17119,1
17122,1
17123,1
17128,0
17129,0
17130,0
17131,0
17134,1
17136,0
17137,0
17138,0
17142,1
17147,0
17148,1
17149,1
17150,1
17151,0
17152,0
17154,1
17155,0
17156,0
17159,1
17161,0
17162,1
17166,1
17167,0
17169,1
17172,0
17174,1
17176,1
17177,1
17180,0
17187,1
17188,0
17191,1
17194,1
17195,0
17197,1
17198,1
17199,1
17209,0
17211,1
17214,1
17215,0
17218,1
17219,1
17222,1
17223,0
17224,0
17229,1
17232,0
17236,1
17237,1
17240,0
17242,1
17245,1
17246,0
17248,0
17249,1
17253,0
17256,1
17258,1
17261,1
17262,1
17264,0
17266,1
17268,0
17269,0
17272,1
17275,0
17278,1
17281,1
17284,0
17287,1
17288,1
17289,1
17290,1
17291,0
17293,0
17296,0
17297,0
17299,0
17301,0
17302,1
17306,1
17307,1
17308,1
17310,0
17314,0
17315,1
17316,0
17321,1
17323,0
17325,1
17333,1
17336,1
17339,1
17341,0
17343,0
17345,1
17346,1
17348,1
17349,0
17352,1
17363,0
17364,0
17371,0
17377,1
17379,0
17380,1
17389,1
17391,1
17395,1
17396,1
17397,1
17399,1
17400,0
17401,0
17403,1
17404,0
17411,0
17418,1
17419,0
17420,0
17422,0
17423,1
17427,1
17428,1
17429,1
17431,1
17433,0
17434,1
17435,0
17442,1
17446,1
17460,1
17461,1
17462,1
17465,1
17466,0
17467,0
17468,1
17476,1
17478,0
17479,1
17482,1
17490,1
17492,0
17493,0
17495,1
17496,1
17498,0
17499,0
17500,1
17502,0
17503,1
17505,0
17506,0
17508,1
17509,0
17510,0
17514,0
17516,1
17518,0
17523,1
17524,1
17527,0
17529,1
17531,0
17533,0
17535,1
17537,0
17540,1
17545,1
17548,1
17550,1
17551,1
17556,0
17560,0
17563,1
17566,1
17570,1
17572,1
17578,1
17580,1
17584,0
17586,0
17589,1
17590,1
17591,1
17592,1
17598,1
17600,0
17605,0
17611,1
17612,1
17617,0
17618,0
17619,0
17621,1
17626,0
17627,0
17632,1
17633,0
17634,1
17635,1
17640,1
17642,0
17643,0
17650,1
17652,1
17653,0
17654,0
17656,0
17657,1
17660,0
17663,1
17667,1
17670,0
17673,1
17680,0
17682,1
17683,0
17685,0
17687,1
17688,1
17690,1
17691,1
17693,1
17699,0
17701,0
17703,1
17704,0
17705,0
17709,1
17710,1
17713,0
17714,0
17715,1
17720,1
17724,1
17726,0
17727,1
17729,0
17736,1
17737,1
17738,0
17741,1
17742,0
17743,0
17746,1
17747,0
17749,1
17751,0
17757,1
17760,0
17761,0
17766,1
17769,1
17770,1
17771,1
17773,1
17775,1
17776,0
17779,1
17781,1
17782,1
17784,1
17789,1
17795,1
17797,0
17799,1
17803,1
17804,0
17806,1
17809,1
17812,1
17813,1
17816,1
17817,1
17818,1
17819,1
17820,1
17821,0
17828,0
17829,1
17833,1
17834,1
17837,0
17839,1
17841,0
17843,0
17849,1
17850,1
17852,0
17854,1
17855,0
17857,0
17863,1
17867,0
17869,0
17870,1
17872,0
17879,0
17881,1
17884,1
17887,1
17888,1
17889,1
17892,1
17893,1
17894,0
17899,1
17905,0
17906,1
17908,0
17909,0
17910,0
17911,1
17915,1
17925,0
17931,0
17933,1
17934,1
17936,0
17940,1
17941,0
17944,0
17945,1
17948,1
17952,1
17960,0
17964,1
17970,0
17971,0
17973,0
17978,1
17981,0
17984,1
17985,1
17986,1
17987,1
17990,0
17994,0
17995,0
18000,1
18001,1
18002,0
18005,0
18007,0
18008,1
18010,0
18013,0
18014,1
18016,0
18017,0
18018,0
18026,1
18027,0
18028,1
18031,1
18035,0
18036,0
18038,1
18045,0
18046,1
18047,1
18049,1
18050,1
18051,0
18054,0
18057,1
18058,0
18059,0
18061,0
18062,0
18067,0
18068,1
18070,1
18075,1
18078,1
18079,1
18080,1
18081,0
18086,0
18087,0
18088,1
18092,0
18102,0
18103,0
18105,1
18106,0
18107,0
18109,1
18116,1
18117,0
18118,1
18124,1
18125,1
18127,0
18128,1
18130,1
18131,0
18136,0
18137,0
18138,0
18140,0
18143,1
18149,1
18151,0
18152,1
18153,0
18156,1
18157,1
18158,1
18160,1
18161,1
18162,0
18164,1
18165,1
18166,1
18167,0
18168,1
18170,0
18172,0
18177,0
18178,0
18180,1
18187,1
18188,1
18191,1
18192,1
18193,0
18194,1
18202,0
18204,0
18205,0
18207,0
18208,1
18210,0
18216,1
18218,1
18220,0
18229,1
18233,0
18234,0
18242,0
18243,1
18244,1
18250,1
18251,0
18259,1
18262,1
18267,1
18269,1
18270,0
18273,0
18274,0
18276,0
18280,0
18281,1
18285,1
18287,0
18288,1
18290,1
18292,0
18298,0
18301,1
18304,0
18315,0
18317,0
18321,1
18326,1
18329,1
18334,1
18335,1
18336,0
18339,1
18346,1
18347,0
18348,0
18349,0
18350,1
18352,1
18354,1
18357,1
18359,0
18362,1
18363,1
18364,0
18365,0
18370,0
18379,1
18380,1
18386,1
18387,0
18389,0
18390,1
18393,0
18396,0
18397,1
18399,0
18401,0
18404,0
18412,1
18413,1
18414,1
18417,1
18418,0
18426,1
18435,0
18437,0
18438,0
18440,0
18441,0
18445,1
18446,0
18451,1
18456,0
18458,0
18461,1
18462,1
18463,0
18464,0
18467,0
18472,1
18475,1
18477,1
18483,0
18484,1
18488,0
18490,1
18492,0
18496,0
18498,1
18499,1
18501,1
18502,1
18506,1
18509,1
18510,1
18511,1
18512,0
18513,0
18518,1
18524,0
18526,1
18529,0
18532,1
18533,1
18534,1
18535,1
18536,1
18537,1
18538,1
18543,0
18545,1
18548,1
18550,0
18551,1
18552,0
18554,1
18556,0
18557,0
18558,1
18560,0
18561,1
18562,0
18569,0
18571,0
18572,0
18579,1
18582,1
18583,0
18584,0
18586,1
18587,1
18588,1
18594,1
18596,0
18598,0
18599,1
18600,0
18601,1
18606,0
18607,1
18609,0
18610,1
18611,1
18614,0
18621,0
18627,1
18630,0
18632,1
18633,1
18635,0
18636,0
18637,1
18639,0
18642,0
18644,0
18647,1
18648,0
18651,0
18653,0
18654,1
18658,1
18664,0
18665,1
18667,1
18668,1
18669,1
18670,0
18675,0
18676,0
18679,1
18680,0
18688,0
18689,0
18691,1
18692,1
18693,0
18695,1
18696,0
18698,1
18703,0
18704,0
18705,0
18711,1
18713,0
18717,1
18720,1
18724,1
18726,0
18728,1
18730,0
18731,1
18733,1
18737,1
18746,1
18747,1
18749,0
18750,0
18753,0
18754,0
18755,0
18758,0
18759,1
18760,0
18762,0
18763,0
18764,1
18765,0
18767,1
18769,0
18770,0
18774,1
18777,1
18782,1
18785,0
18786,0
18788,0
18789,0
18791,0
18792,0
18801,0
18804,1
18812,0
18813,0
18814,0
18819,0
18821,0
18824,1
18830,1
18832,0
18844,1
18854,0
18855,1
18856,0
18858,0
18864,1
18865,1
18866,0
18867,1
18868,1
18869,0
18870,1
18871,0
18873,0
18875,0
18877,1
18879,1
18881,1
18883,1
18884,1
18887,0
18889,1
18890,0
18896,0
18904,0
18906,0
18908,0
18909,0
18912,1
18919,1
18920,1
18922,0
18923,0
18925,1
18930,1
18934,1
18935,0
18938,1
18941,1
18943,0
18947,0
18949,1
18950,0
18958,0
18964,0
18966,0
18970,0
18974,1
18976,0
18977,1
18978,1
18983,1
18989,0
18994,1
18995,0
18996,0
19000,1
19002,1
19004,1
19005,0
19007,1
19008,1
19014,1
19015,0
19024,0
19027,0
19028,1
19030,0
19032,0
19035,1
19036,1
19042,1
19043,0
19044,0
19046,1
19047,1
19053,1
19054,1
19057,0
19059,1
19062,0
19063,1
19064,0
19066,0
19069,0
19073,0
19075,1
19077,0
19078,0
19079,0
19080,1
19084,1
19085,0
19086,0
19089,1
19094,0
19097,1
19098,1
19102,0
19106,1
19109,0
19113,0
19115,0
19117,0
19120,0
19121,1
19124,0
19126,1
19129,1
19134,1
19141,0
19143,0
19144,0
19147,0
19149,0
19153,0
19156,1
19157,1
19158,0
19159,1
19163,0
19166,0
19167,1
19169,0
19170,0
19171,0
19179,0
19181,0
19188,1
19191,0
19192,0
19193,0
19194,1
19196,1
19197,1
19198,0
19202,0
19205,0
19206,0
19207,1
19209,1
19210,1
19213,1
19215,0
19216,1
19217,1
19225,1
19227,0
19228,0
19229,1
19230,1
19231,1
19232,0
19236,0
19240,0
19244,1
19246,1
19249,0
19250,1
19251,0
19252,1
19256,0
19260,0
19263,0
19265,1
19267,1
19268,0
19270,0
19276,0
19277,1
19279,0
19281,1
19285,0
19287,1
19291,1
19292,1
19293,1
19295,0
19298,0
19299,0
19301,0
19302,1
19305,1
19308,0
19309,0
19310,0
19316,0
19317,0
19324,1
19325,1
19327,1
19328,1
19329,0
19330,0
19334,0
19337,1
19339,0
19340,0
19341,1
19345,0
19350,1
19353,0
19354,1
19357,1
19359,1
19361,1
19362,0
19364,0
19365,1
19370,0
19372,0
19373,0
19375,1
19377,1
19378,1
19380,1
19383,1
19384,0
19387,0
19388,0
19389,1
19390,0
19391,1
19392,0
19395,1
19396,0
19397,0
19399,1
19404,0
19407,1
19411,0
19415,1
19416,0
19417,0
19418,0
19420,1
19421,1
19422,0
19423,1
19424,0
19426,1
19427,0
19428,0
19429,0
19434,0
19440,0
19446,0
19447,0
19450,1
19452,0
19456,0
19459,0
19462,0
19463,1
19465,1
19467,0
19468,1
19471,0
19472,0
19475,0
19477,0
19480,1
19482,1
19491,0
19493,1
19496,0
19498,0
19499,0
19501,1
19506,1
19507,0
19513,0
19514,0
19515,1
19517,0
19524,0
19530,1
19539,1
19540,0
19543,0
19544,0
19545,0
19546,0
19547,0
19550,0
19551,0
19552,1
19556,0
19557,1
19560,1
19561,0
19564,0
19568,1
19573,1
19574,0
19576,1
19579,1
19590,1
19593,1
19594,0
19600,1
19607,0
19610,1
19616,0
19619,0
19620,0
19626,0
19628,1
19635,0
19638,0
19639,0
19645,1
19646,0
19648,1
19649,0
19652,0
19653,1
19656,1
19660,0
19668,0
19669,0
19670,1
19673,0
19676,0
19678,0
19684,0
19685,0
19688,1
19694,0
19695,1
19699,0
19700,0
19701,1
19703,1
19707,0
19708,1
19715,1
19716,0
19721,0
19722,0
19727,1
19728,1
19729,1
19730,0
19731,0
19734,0
19736,1
19738,0
19745,1
19748,1
19752,1
19753,1
19754,0
19755,1
19760,0
19766,0
19769,0
19771,0
19772,1
19773,1
19776,1
19779,1
19780,0
19782,0
19784,0
19788,1
19791,1
19793,1
19794,0
19797,0
19798,1
19800,1
19802,0
19805,0
19806,0
19807,1
19810,1
19811,0
19813,1
19814,0
19818,1
19820,1
19823,0
19824,0
19827,1
19834,1
19840,1
19842,0
19846,1
19847,0
19849,1
19850,0
19851,0
19852,1
19853,1
19862,0
19863,1
19867,0
19868,1
19871,0
19872,0
19879,0
19883,0
19894,0
19895,0
19897,1
19902,0
19907,0
19908,0
19909,1
19911,1
19912,0
19914,1
19916,0
19918,0
19919,1
19920,0
19923,0
19924,0
19926,0
19927,0
19932,0
19933,0
19935,0
19937,1
19938,0
19939,0
19942,0
19947,0
19948,0
19952,0
19957,1
19958,1
19961,0
19962,1
19968,1
19971,0
19973,1
19977,0
19981,1
19982,0
19984,0
19987,0
19992,1
19993,0
19994,0
19995,1
20003,1
20006,1
20007,1
20008,0
20010,1
20014,1
20017,0
20018,1
20020,1
20021,1
20023,0
20024,1
20025,1
20026,0
20028,0
20029,1
20032,0
20033,0
20038,1
20043,0
20046,1
20047,0
20048,0
20049,1
20054,0
20055,0
20058,0
20059,1
20062,0
20063,1
20067,0
20068,1
20071,0
20075,1
20076,1
20078,1
20083,1
20085,1
20087,1
20093,1
20094,1
20095,0
20098,1
20102,1
20106,1
20108,0
20109,0
20113,0
20114,1
20116,0
20117,0
20119,1
20130,1
20132,0
20133,1
20134,1
20136,1
20140,1
20144,0
20147,1
20156,0
20157,1
20159,1
20165,0
20167,0
20169,1
20170,0
20171,1
20173,0
20174,0
20176,1
20178,1
20179,1
20180,0
20185,1
20189,0
20190,0
20196,1
20198,0
20199,1
20200,1
20203,1
20204,0
20205,1
20210,0
20216,1
20221,0
20229,1
20231,1
20234,0
20240,0
20241,0
20244,0
20245,0
20247,0
20255,1
20258,0
20259,1
20260,1
20262,0
20265,1
20266,1
20267,0
20269,0
20272,0
20273,0
20274,1
20275,1
20281,1
20289,1
20291,0
20292,0
20294,1
20297,1
20299,1
20302,0
20305,0
20308,0
20315,0
20316,0
20318,0
20320,0
20324,0
20325,1
20326,0
20327,1
20328,0
20329,1
20333,0
20335,1
20337,1
20340,1
20341,1
20342,1
20346,0
20348,1
20352,0
20354,0
20356,1
20357,0
20358,0
20360,0
20362,0
20363,1
20367,0
20368,1
20371,0
20373,1
20374,1
20377,0
20378,0
20379,0
20380,0
20382,1
20384,1
20390,1
20391,1
20392,0
20394,0
20398,0
20402,0
20407,0
20412,0
20414,0
20418,0
20419,1
20420,0
20421,0
20422,0
20430,1
20432,0
20434,1
20441,0
20442,1
20445,0
20446,1
20447,0
20449,1
20451,0
20455,0
20456,0
20460,1
20464,0
20465,0
20466,1
20468,1
20470,1
20475,1
20476,1
20478,0
20480,1
20481,0
20484,1
20489,0
20490,0
20494,1
20495,1
20498,0
20502,0
20510,0
20512,0
20516,0
20519,0
20522,1
20523,1
20526,1
20529,1
20531,0
20532,0
20533,1
20541,1
20545,1
20550,1
20554,1
20555,0
20561,1
20566,0
20568,0
20569,1
20571,1
20581,1
20582,1
20583,1
20590,0
20591,1
20592,0
20594,1
20595,0
20596,0
20600,0
20601,0
20603,1
20612,0
20616,1
20619,1
20622,0
20624,0
20631,1
20632,1
20641,0
20642,0
20644,1
20648,0
20654,0
20655,1
20658,1
20662,0
20663,0
20664,0
20667,0
20669,1
20672,1
20676,1
20678,1
20681,0
20686,0
20689,0
20691,1
20697,1
20699,0
20702,0
20703,0
20709,0
20715,1
20716,1
20723,0
20726,0
20738,0
20740,0
20741,1
20742,1
20746,1
20747,1
20748,0
20749,0
20750,1
20752,0
20754,1
20756,1
20759,1
20761,1
20762,1
20763,1
20774,0
20775,0
20781,1
20783,0
20790,0
20795,1
20799,0
20800,0
20802,0
20803,1
20805,1
20811,1
20812,0
20814,1
20817,1
20818,1
20819,1
20821,1
20822,0
20823,1
20826,0
20827,0
20830,0
20832,1
20835,1
20838,0
20841,1
20843,1
20845,0
20846,0
20847,0
20849,1
20853,1
20860,1
20861,0
20863,0
20865,1
20866,0
20868,1
20872,1
20873,1
20878,1
20879,0
20880,0
20882,0
20886,1
20891,0
20892,0
20900,0
20901,0
20902,0
20905,1
20906,1
20908,0
20910,1
20913,1
20915,0
20919,1
20921,1
20924,1
20926,1
20928,1
20930,0
20932,0
20933,0
20935,1
20936,0
20939,1
20940,1
20942,0
20945,0
20947,1
20949,0
20950,0
20953,1
20955,1
20958,0
20963,0
20964,0
20965,1
20973,0
20974,1
20979,0
20983,0
20984,1
20988,0
20989,1
20991,0
20995,1
20996,0
21000,1
21002,0
21004,0
21005,0
21006,0
21012,1
21014,1
21015,1
21016,1
21028,1
21034,0
21036,1
21037,0
21038,1
21042,1
21043,0
21046,0
21049,0
21055,1
21059,0
21062,0
21066,0
21068,0
21075,0
21077,0
21082,0
21083,1
21085,0
21086,0
21087,0
21088,0
21090,1
21100,0
21102,0
21105,1
21115,0
21124,1
21129,0
21132,0
21135,1
21139,1
21140,0
21142,0
21145,0
21148,1
21151,1
21155,1
21159,1
21160,0
21161,0
21162,1
21168,1
21169,0
21171,1
21174,0
21175,1
21177,1
21178,1
21180,0
21182,1
21183,0
21184,0
21185,0
21188,1
21191,0
21192,0
21193,1
21195,0
21196,1
21198,0
21199,0
21200,0
21206,0
21208,0
21213,0
21215,1
21217,0
21219,0
21220,1
21223,1
21228,1
21231,0
21237,1
21239,0
21242,0
21244,0
21250,0
21257,0
21258,1
21261,1
21267,0
21270,0
21271,1
21272,1
21274,1
21284,0
21286,1
21287,1
21288,1
21289,1
21293,1
21294,0
21298,0
21299,1
21302,0
21306,0
21307,1
21315,0
21316,0
21320,0
21321,1
21322,1
21326,1
21328,0
21331,0
21335,0
21338,0
21340,1
21344,0
21345,0
21347,0
21349,0
21351,1
21353,0
21355,1
21356,0
21358,1
21359,0
21361,0
21364,0
21367,1
21368,1
21372,0
21373,1
21376,1
21377,0
21378,0
21380,1
21382,0
21384,1
21385,1
21387,0
21389,0
21391,0
21392,1
21395,1
21398,0
21402,1
21403,0
21405,0
21406,0
21407,1
21410,0
21416,1
21417,1
21424,1
21426,0
21428,0
21429,0
21432,0
21433,0
21434,1
21437,1
21441,1
21443,1
21444,1
21446,1
21454,1
21455,1
21456,1
21457,0
21459,1
21460,0
21461,0
21462,0
21463,0
21465,0
21466,1
21467,1
21468,1
21469,1
21471,1
21477,1
21478,1
21480,1
21481,0
21486,0
21489,0
21490,0
21498,0
21500,0
21502,1
21505,1
21508,0
21509,1
21512,0
21515,0
21519,0
21520,1
21525,0
21526,0
21531,0
21536,1
21538,1
21541,1
21543,1
21544,0
21549,0
21550,0
21554,1
21555,0
21556,0
21558,0
21559,0
21562,1
21563,0
21567,0
21569,0
21571,0
21572,1
21575,1
21578,1
21580,0
21581,0
21582,1
21585,0
21588,0
21591,0
21592,1
21594,1
21596,1
21597,1
21598,1
21600,0
21601,0
21602,1
21605,0
21606,1
21607,0
21608,0
21609,0
21611,1
21613,1
21614,1
21616,1
21618,1
21620,0
21621,1
21622,1
21624,0
21626,0
21629,1
21632,1
21633,0
21634,0
21640,0
21641,0
21642,1
21644,0
21647,0
21648,1
21650,0
21652,1
21653,0
21657,0
21662,1
21667,0
21672,0
21673,0
21675,1
21677,0
21678,0
21680,0
21681,1
21682,0
21683,0
21685,0
21690,1
21699,0
21704,0
21705,1
21708,0
21710,0
21711,1
21713,0
21717,1
21723,1
21727,1
21738,0
21739,1
21740,0
21742,1
21743,0
21745,1
21747,0
21748,0
21756,1
21757,0
21758,1
21760,0
21761,0
21762,0
21764,0
21769,1
21773,1
21774,1
21778,0
21781,1
21782,1
21783,1
21784,0
21788,0
21791,0
21792,1
21795,1
21796,1
21797,1
21798,1
21799,0
21801,0
21803,0
21805,0
21806,0
21811,0
21812,1
21813,0
21818,0
21821,0
21823,1
21824,0
21825,1
21830,1
21833,0
21835,0
21838,1
21842,0
21843,1
21845,0
21846,0
21847,1
21848,1
21849,1
21850,1
21851,1
21852,0
21855,0
21857,1
21864,1
21865,0
21867,0
21868,1
21869,1
21879,1
21884,0
21885,0
21886,1
21887,0
21888,1
21892,0
21894,0
21896,0
21897,0
21898,1
21900,1
21901,1
21902,1
21903,0
21905,0
21907,1
21908,0
21910,0
21911,1
21913,1
21917,1
21921,0
21922,0
21924,0
21927,0
21929,1
21932,1
21940,1
21944,0
21947,1
21949,1
21950,1
21955,0
21958,1
21963,1
21966,0
21969,0
21972,0
21975,0
21977,1
21979,0
21981,1
21984,1
21987,1
21988,1
21991,1
21993,0
21995,0
21997,0
22001,0
22002,1
22003,0
22004,0
22009,1
22012,1
22014,0
22015,0
22016,0
22019,1
22020,1
22022,1
22025,1
22030,1
22031,0
22034,1
22038,0
22040,0
22044,0
22046,1
22048,1
22049,1
22050,0
22053,1
22055,1
22056,0
22059,0
22062,0
22065,0
22073,1
22074,1
22076,1
22085,1
22090,0
22091,1
22092,1
22093,0
22095,1
22098,1
22099,1
22100,1
22102,1
22103,0
22107,1
22108,0
22109,1
22115,0
22121,0
22122,0
22124,1
22127,1
22132,1
22133,0
22135,1
22138,0
22142,1
22143,0
22145,1
22150,1
22151,1
22154,1
22161,1
22166,1
22167,1
22169,1
22171,0
22173,0
22175,0
22176,0
22179,0
22181,1
22184,0
22185,0
22187,0
22188,0
22189,1
22190,0
22192,0
22195,1
22196,1
22202,1
22203,0
22205,1
22206,1
22210,0
22211,1
22212,1
22213,1
22216,0
22219,1
22220,0
22221,1
22224,1
22225,0
22226,0
22227,1
22229,0
22230,0
22233,0
22236,1
22237,1
22238,0
22247,1
22248,0
22254,0
22260,0
22266,1
22267,1
22269,0
22271,0
22272,0
22279,0
22280,1
22286,1
22289,0
22290,0
22292,1
22296,1
22300,0
22302,1
22306,1
22308,0
22310,1
22311,0
22313,1
22315,0
22320,1
22321,0
22322,1
22328,0
22330,1
22331,0
22333,0
22337,0
22339,0
22340,0
22343,1
22351,0
22355,0
22357,1
22358,0
22362,1
22363,1
22364,0
22365,0
22366,0
22369,1
22375,0
22376,0
22384,0
22385,0
22392,0
22393,1
22395,1
22396,0
22398,0
22399,0
22400,0
22402,0
22403,0
22405,0
22406,1
22407,0
22411,1
22413,0
22416,1
22418,0
22425,0
22427,1
22432,1
22443,1
22446,1
22452,0
22454,0
22455,0
22456,0
22457,0
22459,0
22462,1
22463,0
22465,0
22468,0
22469,0
22471,0
22474,1
22475,0
22478,0
22479,1
22486,1
22488,0
22491,0
22496,1
22497,1
22498,0
22502,0
22504,1
22505,1
22506,0
22511,1
22512,0
22515,1
22520,1
22526,1
22527,0
22530,0
22531,1
22532,1
22535,1
22537,0
22538,0
22539,1
22544,1
22545,1
22548,0
22552,0
22555,1
22556,1
22560,1
22565,0
22568,1
22571,1
22572,1
22574,1
22575,1
22580,1
22581,0
22583,1
22584,0
22585,1
22586,1
22588,1
22589,1
22591,1
22594,1
22595,0
22596,1
22599,1
22601,0
22603,0
22616,0
22620,1
22621,0
22622,1
22623,1
22624,1
22626,0
22628,0
22631,0
22632,0
22634,1
22635,1
22637,0
22639,0
22644,0
22647,1
22648,1
22649,1
22651,0
22652,1
22654,1
22665,1
22666,0
22670,1
22678,0
22684,0
22685,0
22687,0
22688,1
22690,0
22691,1
22692,0
22702,1
22704,0
22705,0
22706,1
22707,1
22710,0
22713,1
22718,1
22719,1
22722,0
22725,1
22726,0
22727,1
22728,1
22732,1
22739,0
22740,0
22742,1
22743,0
22745,1
22746,1
22748,0
22750,0
22752,1
22754,1
22755,1
22757,1
22758,1
22760,1
22761,1
22764,1
22767,1
22769,1
22770,1
22775,0
22783,0
22784,0
22790,1
22791,0
22800,0
22802,1
22804,0
22805,0
22809,1
22812,0
22814,0
22816,1
22818,1
22821,1
22825,0
22829,0
22832,1
22835,1
22838,1
22839,1
22840,1
22842,0
22843,0
22844,1
22846,0
22854,0
22855,1
22857,0
22858,0
22859,1
22861,1
22862,0
22863,1
22866,0
22870,1
22871,0
22875,0
22876,1
22878,0
22880,0
22883,1
22884,1
22885,1
22890,0
22893,0
22894,0
22896,1
22897,1
22898,1
22900,1
22901,0
22902,1
22907,1
22912,1
22918,1
22919,0
22920,1
22921,1
22923,1
22924,1
22925,0
22926,1
22928,1
22932,1
22933,0
22936,1
22937,1
22938,0
22939,1
22942,0
22945,1
22949,0
22952,0
22958,1
22959,0
22964,0
22966,1
22970,1
22974,1
22977,1
22983,0
22985,1
22992,1
22994,0
22999,1
23001,0
23003,0
23009,0
23016,0
23020,1
23022,0
23029,1
23030,0
23033,0
23035,0
23038,0
23039,0
23041,0
23042,0
23044,1
23050,0
23062,0
23063,0
23070,1
23073,0
23075,0
23077,1
23078,1
23079,0
23081,0
23083,1
23090,0
23091,1
23094,1
23100,1
23103,0
23106,0
23107,1
23109,1
23110,0
23114,0
23115,1
23116,0
23117,1
23119,0
23120,1
23121,1
23122,1
23126,0
23129,1
23132,0
23135,0
23146,1
23151,1
23152,1
23154,0
23156,0
23158,1
23160,0
23165,0
23169,1
23170,1
23172,1
23173,0
23174,1
23176,1
23177,1
23180,1
23187,0
23193,1
23198,0
23202,0
23204,0
23207,1
23208,0
23211,0
23214,0
23218,1
23221,1
23225,1
23226,0
23227,0
23228,1
23229,1
23235,0
23236,1
23240,1
23241,1
23242,1
23246,1
23247,0
23248,0
23260,1
23261,1
23263,1
23264,1
23270,1
23271,1
23272,1
23273,0
23275,0
23276,0
23277,1
23278,0
23283,0
23284,0
23288,1
23293,0
23295,1
23298,0
23299,0
23308,0
23312,1
23314,0
23315,0
23316,1
23319,0
23323,1
23328,1
23329,1
23333,1
23334,1
23335,0
23337,1
23340,1
23344,0
23346,0
23350,1
23353,1
23354,1
23358,0
23359,1
23364,1
23369,0
23373,1
23376,0
23377,0
23378,0
23381,1
23382,1
23385,1
23391,1
23396,0
23397,0
23399,0
23400,1
23401,0
23403,1
23404,0
23406,1
23407,1
23410,1
23411,1
23413,1
23415,1
23419,1
23420,1
23423,0
23426,0
23427,1
23429,1
23434,1
23439,1
23442,1
23443,1
23448,1
23449,1
23453,1
23454,1
23458,1
23460,0
23462,1
23463,0
23466,1
23470,1
23473,0
23475,1
23477,1
23480,1
23481,0
23484,1
23486,1
23488,0
23496,0
23500,0
23504,1
23505,0
23506,1
23507,0
23510,0
23515,1
23516,1
23519,1
23528,1
23529,0
23530,0
23532,1
23534,1
23538,0
23539,0
23541,1
23542,1
23545,1
23547,0
23548,0
23549,0
23550,0
23551,0
23557,0
23559,1
23561,0
23564,1
23565,1
23567,0
23568,1
23569,1
23570,1
23571,1
23572,0
23573,1
23576,1
23577,0
23578,0
23579,0
23584,0
23585,0
23586,1
23589,0
23593,0
23596,1
23597,1
23600,0
23605,1
23606,0
23609,0
23610,0
23612,0
23614,0
23615,1
23616,1
23620,1
23621,1
23624,0
23625,0
23626,1
23628,0
23629,1
23633,1
23645,1
23647,0
23648,1
23651,0
23656,0
23657,0
23658,1
23662,0
23663,1
23664,1
23672,0
23674,1
23676,1
23677,1
23678,1
23679,0
23680,1
23681,0
23682,0
23683,1
23688,1
23692,1
23694,0
23695,0
23696,1
23698,1
23704,1
23708,1
23710,0
23713,1
23714,1
23715,0
23718,1
23724,0
23725,0
23729,1
23730,1
23733,0
23736,0
23737,0
23740,1
23743,0
23748,1
23751,1
23752,0
23759,1
23762,1
23764,0
23768,0
23769,0
23773,0
23776,0
23780,1
23784,1
23786,1
23787,1
23790,1
23791,0
23792,1
23795,0
23796,1
23797,1
23803,1
23805,0
23806,0
23807,0
23813,0
23818,0
23819,0
23825,1
23827,1
23828,1
23829,0
23833,1
23834,1
23836,1
23843,0
23849,0
23850,0
23851,0
23855,1
23856,1
23861,1
23871,0
23872,1
23873,0
23880,1
23881,1
23882,0
23883,0
23885,1
23895,0
23897,1
23898,1
23900,1
23901,1
23902,0
23904,0
23905,1
23912,1
23913,1
23914,0
23917,1
23922,0
23923,1
23924,0
23925,1
23928,0
23929,0
23934,1
23935,0
23936,1
23939,0
23940,1
23941,0
23942,0
23943,1
23946,1
23948,1
23950,1
23963,1
23964,0
23971,0
23972,1
23975,1
23977,0
23979,0
23980,0
23982,0
23987,1
23988,1
23991,0
23994,0
23997,0
24000,0
24001,0
24002,1
24003,0
24005,0
24008,1
24010,1
24012,0
24013,0
24018,1
24019,1
24020,1
24022,0
24024,0
24029,0
24032,1
24033,1
24035,1
24036,1
24038,1
24041,0
24044,0
24048,0
24050,1
24052,1
24053,1
24055,0
24057,0
24061,0
24062,1
24063,1
24068,0
24073,1
24074,0
24075,0
24076,0
24077,1
24078,1
24079,1
24082,1
24084,1
24086,1
24088,1
24089,1
24090,1
24095,0
24096,0
24098,0
24102,0
24104,0
24107,1
24112,0
24113,1
24122,0
24123,0
24129,0
24134,0
24135,1
24136,0
24138,1
24147,0
24155,0
24161,1
24163,0
24167,0
24172,0
24173,1
24177,0
24186,1
24189,0
24191,1
24193,0
24197,1
24204,0
24206,1
24208,1
24209,1
24210,1
24212,1
24213,1
24214,0
24218,0
24219,0
24220,1
24223,0
24224,0
24229,1
24230,1
24232,1
24235,0
24236,1
24237,0
24239,0
24243,0
24245,1
24246,1
24248,0
24250,1
24253,0
24254,0
24258,1
24260,0
24262,0
24263,1
24264,1
24268,1
24270,0
24275,1
24277,0
24281,1
24283,0
24287,1
24288,1
24291,1
24299,0
24308,0
24309,0
24311,0
24312,1
24314,0
24316,0
24321,0
24324,0
24328,0
24329,0
24331,0
24333,1
24335,1
24336,1
24338,1
24340,1
24342,1
24344,1
24347,1
24349,1
24351,0
24352,0
24355,1
24356,0
24360,1
24370,0
24381,1
24382,0
24383,1
24384,1
24396,0
24397,1
24399,0
24404,0
24405,1
24406,0
24408,1
24410,0
24411,0
24414,0
24416,1
24419,1
24423,0
24424,0
24425,1
24427,1
24429,1
24434,1
24435,0
24436,0
24437,1
24439,1
24440,0
24443,0
24445,0
24449,1
24450,0
24451,0
24454,1
24457,1
24458,1
24462,0
24466,1
24468,1
24473,1
24475,0
24476,0
24477,1
24479,0
24482,0
24485,0
24488,0
24490,1
24492,1
24495,0
24496,1
24498,1
24500,1
24501,0
24504,1
24511,1
24515,0
24516,0
24517,0
24518,1
24519,1
24524,1
24526,0
24528,1
24531,1
24532,0
24534,1
24536,1
24537,1
24539,1
24540,1
24541,1
24543,1
24551,0
24552,1
24557,1
24560,0
24561,1
24571,1
24574,0
24575,0
24578,1
24581,1
24583,0
24585,0
24589,0
24593,0
24597,0
24600,0
24602,1
24607,0
24608,1
24613,1
24614,1
24616,0
24617,0
24619,1
24620,0
24621,0
24629,0
24633,0
24635,0
24636,1
24643,1
24644,1
24650,1
24651,1
24653,1
24654,1
24658,1
24660,0
24662,0
24664,1
24665,0
24666,0
24667,0
24668,0
24669,1
24670,0
24671,0
24674,1
24678,1
24679,1
24681,0
24683,0
24684,0
24686,1
24688,1
24691,1
24693,0
24698,1
24700,0
24701,0
24703,0
24704,1
24706,0
24708,1
24717,1
24721,1
24723,0
24724,0
24726,0
24728,0
24730,0
24732,1
24735,1
24741,1
24743,1
24749,1
24752,1
24754,0
24756,0
24760,0
24761,1
24763,1
24765,0
24772,0
24773,0
24774,0
24776,1
24777,1
24778,0
24784,0
24787,1
24790,0
24791,1
24793,1
24794,0
24796,1
24799,0
24800,1
24805,0
24806,1
24808,0
24810,0
24815,1
24823,0
24825,1
24827,0
24829,0
24831,0
24833,0
24834,0
24838,1
24841,0
24843,1
24846,0
24847,1
24848,1
24849,1
24853,0
24854,0
24855,0
24856,1
24858,0
24861,0
24862,1
24863,0
24871,0
24872,1
24874,0
24875,1
24879,1
24880,1
24882,0
24883,1
24884,1
24889,0
24891,0
24892,0
24894,1
24896,1
24902,0
24903,1
24907,0
24908,0
24910,0
24914,1
24915,0
24917,1
24921,1
24926,1
24927,1
24931,0
24934,0
24938,0
24939,1
24940,1
24941,1
24942,1
24943,0
24944,1
24947,0
24953,1
24954,0
24955,1
24956,0
24959,0
24961,0
24963,0
24965,0
24968,1
24971,0
24973,0
24978,0
24979,0
24983,1
24987,1
24988,1
24989,0
24993,1
24994,1
25000,0
25001,1
25006,0
25009,0
25012,0
25013,0
25016,0
25019,0
25023,0
25031,0
25032,1
25034,0
25037,1
25039,1
25040,1
25041,0
25042,1
25043,1
25044,0
25048,1
25049,1
25050,1
25052,1
25054,1
25056,1
25058,1
25059,0
25061,1
25064,1
25066,0
25067,1
25068,0
25069,1
25073,1
25074,1
25076,1
25077,1
25086,1
25091,1
25093,0
25096,1
25097,1
25098,0
25099,1
25100,0
25105,0
25108,0
25111,0
25112,1
25114,1
25122,1
25131,0
25132,1
25134,1
25137,1
25138,0
25139,0
25140,1
25143,1
25144,1
25146,1
25147,1
25148,0
25150,1
25152,0
25153,0
25155,1
25162,1
25163,1
25164,0
25165,0
25166,0
25168,0
25169,0
25171,1
25172,0
25177,1
25178,1
25179,1
25180,1
25182,1
25189,0
25190,0
25192,0
25193,1
25197,1
25198,1
25206,1
25215,0
25216,0
25218,0
25219,1
25222,1
25223,1
25225,0
25229,1
25230,0
25233,1
25234,0
25236,1
25237,0
25238,1
25240,1
25241,1
25242,0
25243,1
25245,0
25247,0
25248,1
25251,1
25254,0
25256,1
25258,1
25260,1
25261,1
25263,1
25264,0
25266,0
25276,1
25277,1
25280,0
25283,0
25286,0
25288,1
25290,1
25291,1
25293,1
25294,0
25296,0
25305,1
25312,0
25313,1
25315,1
25319,0
25320,1
25325,1
25327,0
25331,0
25333,0
25334,0
25335,1
25336,1
25341,1
25342,1
25346,1
25349,1
25352,1
25356,0
25358,0
25361,0
25363,0
25375,1
25376,1
25383,0
25386,0
25390,1
25393,0
25395,1
25399,0
25400,1
25404,1
25405,1
25406,1
25407,0
25408,1
25410,0
25412,0
25413,0
25415,0
25416,0
25417,0
25422,0
25423,1
25424,1
25425,0
25427,0
25430,1
25431,1
25432,1
25435,0
25442,1
25446,1
25449,0
25450,0
25451,1
25455,1
25457,1
25458,0
25459,1
25461,1
25462,1
25464,0
25465,1
25466,1
25467,0
25471,1
25473,1
25482,1
25483,1
25488,1
25493,0
25504,1
25505,0
25507,0
25510,1
25516,1
25518,0
25519,1
25520,0
25522,1
25526,0
25527,0
25530,1
25534,0
25536,1
25537,0
25540,1
25547,1
25548,1
25549,1
25551,1
25552,0
25553,1
25555,1
25556,1
25558,0
25561,0
25566,0
25567,1
25569,0
25571,1
25574,0
25576,0
25577,0
25579,0
25584,1
25585,0
25586,1
25588,0
25590,0
25591,0
25593,1
25594,0
25599,0
25600,0
25611,1
25613,0
25617,0
25620,1
25623,0
25625,1
25627,0
25628,0
25630,1
25632,1
25633,0
25634,1
25635,0
25637,0
25639,0
25643,1
25645,1
25647,1
25648,0
25649,0
25651,1
25656,0
25658,1
25659,1
25660,1
25662,1
25665,1
25667,0
25673,1
25675,1
25677,1
25678,1
25681,0
25682,0
25685,0
25686,1
25687,1
25690,1
25691,1
25692,0
25693,1
25694,0
25695,0
25699,0
25704,0
25707,1
25708,1
25709,0
25712,0
25722,0
25723,1
25727,0
25728,0
25729,0
25730,0
25734,1
25739,1
25740,0
25742,0
25744,0
25745,1
25748,1
25750,0
25752,0
25755,0
25758,0
25759,1
25760,1
25761,1
25764,0
25765,1
25769,0
25770,0
25773,1
25778,1
25779,0
25786,1
25789,1
25793,1
25796,1
25803,1
25804,0
25806,1
25808,1
25810,1
25813,0
25814,0
25817,0
25819,0
25821,1
25823,1
25829,0
25830,0
25832,0
25834,0
25838,0
25839,1
25840,1
25841,0
25842,0
25844,1
25847,0
25852,1
25854,0
25856,0
25858,1
25861,1
25867,1
25868,0
25872,0
25875,0
25876,1
25878,1
25879,0
25880,1
25882,0
25883,1
25887,1
25895,0
25896,1
25900,0
25905,1
25912,0
25914,1
25915,0
25917,1
25920,1
25923,1
25924,0
25925,1
25927,0
25931,1
25933,1
25936,1
25940,1
25944,1
25947,0
25948,0
25949,0
25951,1
25955,1
25956,0
25957,0
25958,1
25960,0
25962,1
25964,0
25966,1
25967,1
25970,1
25973,1
25974,0
25979,1
25981,0
25984,1
25985,0
25988,1
25994,1
25996,1
25997,1
25998,0
26000,0
26002,0
26004,0
26007,0
26008,0
26009,0
26010,1
26013,1
26016,1
26021,1
26032,1
26033,0
26034,0
26036,1
26037,0
26039,1
26040,0
26043,1
26045,0
26050,0
26054,0
26055,0
26056,1
26057,0
26059,1
26061,1
26063,1
26067,0
26069,1
26070,1
26071,1
26078,0
26081,0
26083,1
26088,1
26090,1
26093,0
26094,0
26101,1
26103,0
26108,1
26109,1
26111,0
26115,0
26116,1
26117,1
26124,1
26129,1
26131,1
26132,0
26136,1
26137,1
26140,0
26142,0
26147,0
26149,1
26151,0
26154,0
26157,1
26159,1
26160,0
26167,0
26173,0
26177,1
26178,0
26179,0
26181,1
26182,1
26184,1
26190,0
26191,1
26194,1
26195,0
26196,0
26198,0
26200,0
26201,0
26202,0
26203,0
26204,1
26206,0
26209,1
26210,0
26215,1
26218,0
26221,0
26222,1
26223,1
26224,0
26225,1
26228,0
26231,0
26234,1
26237,1
26239,1
26240,0
26243,0
26244,1
26245,1
26246,1
26248,1
26249,0
26251,0
26254,0
26255,0
26258,0
26259,0
26260,0
26262,1
26267,0
26269,1
26274,1
26277,0
26278,1
26279,1
26284,0
26288,1
26289,0
26292,0
26293,0
26294,0
26296,1
26298,0
26299,0
26303,1
26306,0
26307,1
26312,1
26314,1
26319,0
26320,1
26322,0
26329,1
26331,1
26333,1
26339,0
26341,0
26343,0
26346,1
26350,0
26351,1
26358,0
26360,1
26368,1
26371,0
26373,0
26379,1
26381,0
26382,0
26383,1
26384,0
26389,0
26395,0
26396,0
26397,1
26398,1
26400,0
26401,0
26411,0
26413,0
26414,0
26417,0
26421,0
26422,1
26423,0
26425,0
26429,1
26431,1
26432,0
26435,1
26437,1
26441,0
26442,1
26444,0
26445,0
26446,0
26447,1
26450,0
26451,0
26454,0
26455,0
26460,1
26464,1
26468,0
26473,0
26474,0
26480,0
26481,1
26484,1
26488,0
26491,1
26494,1
26496,0
26498,0
26500,0
26503,1
26504,1
26505,0
26506,0
26507,0
26509,0
26511,1
26512,0
26513,0
26514,0
26516,1
26522,1
26524,0
26525,0
26526,0
26527,0
26528,0
26529,1
26530,0
26533,0
26538,0
26543,0
26544,0
26552,1
26554,1
26555,0
26556,0
26560,1
26561,0
26562,0
26563,0
26565,0
26569,1
26570,0
26572,1
26573,0
26574,1
26576,0
26577,0
26586,0
26589,0
26590,0
26591,0
26592,1
26594,0
26595,1
26599,1
26600,0
26601,0
26604,0
26605,1
26608,1
26609,0
26610,1
26612,0
26613,0
26614,0
26615,0
26618,1
26619,0
26623,1
26627,1
26629,1
26631,0
26632,1
26634,0
26635,1
26636,0
26638,1
26646,0
26647,0
26648,1
26654,1
26655,0
26657,0
26660,0
26663,0
26664,1
26665,0
26670,0
26674,1
26677,0
26692,1
26695,0
26698,0
26699,1
26701,0
26702,0
26703,0
26704,1
26705,0
26707,0
26712,0
26714,0
26715,0
26717,0
26718,0
26719,0
26720,0
26721,0
26723,1
26726,0
26729,0
26733,0
26736,0
26743,1
26744,0
26747,0
26756,1
26767,0
26768,1
26770,1
26774,0
26775,1
26778,0
26779,1
26782,0
26786,1
26789,0
26791,1
26793,1
26797,0
26798,0
26800,0
26801,1
26804,0
26812,0
26830,1
26831,1
26833,0
26834,0
26835,1
26849,1
26853,0
26854,0
26855,0
26857,1
26861,0
26865,0
26866,1
26868,1
26869,0
26876,1
26879,0
26880,0
26881,0
26885,1
26886,1
26887,1
26889,1
26890,0
26892,0
26893,0
26894,0
26898,1
26900,1
26902,0
26903,0
26906,1
26910,0
26911,1
26916,0
26917,1
26918,0
26923,1
26924,1
26925,0
26933,0
26934,1
26936,0
26937,0
26938,1
26940,0
26941,0
26944,0
26945,0
26951,1
26952,1
26955,0
26962,0
26965,0
26967,0
26968,0
26974,1
26975,0
26976,0
26977,0
26978,0
26979,0
26982,0
26988,1
26994,0
26997,0
26998,0
27005,0
27009,1
27010,1
27011,1
27014,0
27015,1
27016,1
27017,0
27025,1
27027,0
27033,1
27037,0
27038,0
27042,1
27045,0
27046,1
27049,0
27051,0
27052,0
27053,0
27055,0
27057,0
27059,1
27060,0
27068,0
27069,0
27071,1
27075,0
27080,0
27081,1
27083,1
27085,0
27086,0
27087,0
27088,1
27091,1
27096,0
27097,0
27098,0
27101,0
27104,1
27105,1
27106,0
27109,0
27110,0
27116,0
27120,1
27122,1
27124,0
27125,0
27132,1
27133,0
27134,1
27135,0
27140,0
27142,0
27143,1
27144,1
27147,0
27148,0
27152,0
27154,1
27157,0
27158,1
27161,0
27162,1
27163,0
27167,1
27168,1
27178,1
27179,0
27180,1
27183,0
27185,1
27186,1
27189,0
27190,0
27197,1
27200,1
27201,0
27202,0
27204,0
27207,1
27209,0
27212,1
27214,1
27216,0
27220,0
27222,1
27224,0
27227,0
27228,0
27230,0
27231,0
27233,0
27234,0
27236,1
27239,1
27240,1
27243,0
27244,1
27250,1
27252,0
27254,1
27257,1
27258,0
27260,0
27263,1
27268,1
27271,0
27273,0
27276,0
27278,0
27279,0
27280,1
27281,0
27282,0
27284,0
27285,0
27287,1
27288,0
27289,0
27291,1
27293,0
27294,0
27297,0
27299,0
27300,1
27302,1
27303,1
27305,1
27307,0
27308,0
27309,0
27310,1
27315,1
27319,0
27328,0
27330,1
27331,1
27337,0
27339,1
27344,1
27346,0
27347,1
27348,0
27349,1
27350,0
27352,0
27356,1
27360,0
27368,0
27369,0
27371,0
27373,0
27377,1
27378,0
27379,1
27382,0
27383,0
27387,0
27388,1
27390,1
27391,0
27392,0
27393,1
27395,1
27396,0
27399,1
27401,0
27408,0
27412,0
27413,1
27416,1
27417,0
27421,0
27424,0
27426,1
27427,0
27428,0
27429,1
27430,0
27433,0
27436,1
27440,0
27441,0
27443,0
27445,0
27446,0
27447,0
27450,1
27454,0
27455,0
27456,1
27457,0
27458,0
27459,0
27461,1
27462,1
27466,1
27470,1
27471,0
27473,0
27474,1
27477,0
27479,1
27480,0
27482,0
27488,0
27492,1
27493,0
27495,1
27504,0
27507,1
27511,1
27512,0
27514,1
27517,0
27524,1
27525,1
27526,0
27535,0
27549,1
27551,0
27554,0
27555,1
27558,1
27560,1
27561,1
27563,0
27564,1
27566,0
27569,1
27571,0
27572,0
27573,1
27575,0
27579,0
27583,0
27584,1
27587,1
27588,0
27590,1
27593,1
27595,0
27598,1
27602,1
27609,1
27611,1
27613,1
27615,1
27618,0
27620,0
27621,0
27622,1
27625,0
27626,0
27627,0
27629,0
27634,1
27636,0
27637,1
27638,0
27639,1
27641,1
27644,1
27646,1
27651,0
27657,1
27658,0
27659,0
27661,0
27662,0
27671,0
27673,0
27676,1
27677,0
27679,0
27687,0
27691,1
27697,0
27701,1
27706,0
27710,0
27711,1
27712,1
27714,0
27717,0
27718,0
27720,1
27723,1
27724,0
27725,1
27726,1
27727,1
27730,0
27737,0
27741,1
27742,0
27743,1
27744,1
27745,0
27748,1
27750,0
27755,0
27756,0
27758,1
27759,0
27761,1
27763,0
27765,1
27768,0
27769,1
27771,1
27776,0
27778,1
27780,0
27783,0
27784,0
27789,1
27791,0
27795,1
27800,1
27801,0
27804,1
27806,0
27807,1
27813,1
27814,1
27817,0
27818,1
27819,0
27823,1
27828,1
27833,0
27835,0
27836,1
27837,0
27839,0
27841,1
27843,1
27844,1
27846,0
27848,0
27849,0
27852,0
27853,0
27855,1
27856,1
27857,0
27861,0
27864,1
27865,1
27867,1
27871,1
27873,0
27875,1
27876,1
27877,1
27880,0
27881,0
27885,1
27889,1
27890,1
27892,1
27896,1
27900,1
27902,0
27903,1
27904,1
27905,0
27908,0
27914,1
27915,1
27917,0
27919,0
27920,1
27921,0
27924,0
27925,1
27928,0
27932,1
27935,1
27936,1
27937,1
27941,0
27946,1
27947,0
27948,0
27949,0
27950,0
27952,1
27954,0
27962,1
27965,1
27967,0
27968,1
27970,0
27971,0
27975,0
27977,0
27978,1
27979,0
27980,0
27982,1
27984,1
27987,1
27988,0
27989,0
27993,0
27994,0
27997,0
28001,0
28002,0
28004,1
28010,0
28012,0
28013,1
28017,1
28019,1
28022,0
28024,0
28030,0
28032,0
28033,0
28034,0
28035,1
28036,0
28044,1
28045,0
28046,1
28049,1
28050,0
28051,1
28056,1
28059,1
28060,1
28062,0
28065,0
28067,1
28070,0
28073,0
28074,1
28075,0
28076,0
28077,1
28086,0
28087,1
28088,1
28091,0
28095,1
28097,1
28098,0
28101,0
28107,1
28109,0
28115,0
28118,0
28121,0
28123,0
28124,0
28125,0
28126,1
28128,0
28131,1
28136,0
28144,0
28146,0
28152,1
28157,0
28158,1
28162,0
28165,0
28169,0
28170,0
28171,1
28174,0
28175,0
28176,1
28177,1
28178,1
28179,1
28182,1
28187,0
28188,0
28189,1
28191,0
28192,0
28195,1
28196,1
28198,1
28199,0
28200,1
28202,0
28203,1
28206,1
28212,1
28214,1
28216,0
28217,1
28220,0
28221,1
28222,0
28225,1
28226,0
28228,1
28233,0
28235,1
28237,1
28240,0
28242,0
28244,1
28246,1
28247,0
28248,0
28249,1
28250,1
28252,0
28253,1
28259,0
28260,0
28262,0
28264,0
28269,1
28277,1
28282,0
28285,0
28289,1
28291,1
28297,0
28302,1
28303,0
28310,0
28311,1
28312,1
28313,0
28314,0
28317,0
28318,1
28322,1
28324,1
28327,1
28329,1
28330,0
28333,1
28337,0
28339,0
28342,0
28348,0
28350,1
28351,1
28355,1
28358,0
28359,1
28361,0
28362,1
28368,0
28370,0
28371,0
28372,1
28373,1
28374,0
28376,1
28382,1
28385,0
28389,0
28392,0
28394,0
28397,1
28400,0
28401,1
28402,1
28404,0
28405,1
28408,1
28409,1
28410,0
28411,0
28414,1
28418,1
28419,1
28423,1
28426,1
28428,0
28430,1
28431,0
28434,1
28435,1
28436,0
28441,0
28442,0
28443,0
28445,1
28450,1
28454,0
28455,0
28460,0
28461,0
28464,1
28466,0
28472,1
28475,0
28476,0
28480,1
28481,0
28482,1
28488,1
28492,0
28495,1
28497,1
28498,0
28501,1
28502,0
28503,0
28505,0
28511,0
28512,0
28516,0
28517,1
28518,0
28521,1
28522,1
28523,1
28524,1
28525,0
28526,0
28530,1
28531,0
28533,0
28534,0
28535,0
28537,1
28539,1
28540,1
28544,1
28549,1
28551,1
28552,0
28555,0
28562,0
28563,1
28566,1
28568,0
28570,1
28576,0
28581,0
28582,0
28589,1
28592,0
28593,1
28594,1
28596,1
28597,0
28598,0
28599,0
28601,1
28603,0
28607,1
28612,1
28613,1
28614,1
28616,1
28617,1
28619,1
28624,0
28626,1
28627,1
28628,1
28631,0
28634,0
28640,1
28641,0
28648,1
28649,0
28652,0
28654,0
28657,0
28659,1
28673,1
28674,1
28675,1
28676,0
28678,0
28680,0
28681,0
28691,1
28693,0
28697,0
28699,0
28702,1
28703,1
28704,0
28705,1
28706,1
28707,0
28709,1
28716,1
28718,1
28721,1
28723,1
28728,0
28729,0
28730,0
28735,0
28736,0
28738,0
28739,0
28741,1
28745,0
28746,0
28749,1
28751,1
28752,0
28758,0
28762,1
28763,1
28764,1
28769,0
28770,0
28771,1
28776,0
28777,1
28778,0
28779,0
28781,0
28785,1
28789,1
28790,0
28793,1
28794,1
28797,1
28798,1
28801,1
28803,1
28805,0
28806,1
28810,1
28812,0
28818,1
28819,1
28823,1
28825,1
28828,1
28829,0
28830,1
28831,1
28835,0
28837,0
28839,0
28844,1
28846,0
28848,0
28852,0
28855,1
28858,1
28861,0
28862,1
28863,0
28866,1
28870,0
28874,0
28875,1
28878,1
28882,0
28894,1
28898,0
28901,1
28902,1
28905,0
28907,1
28911,0
28913,1
28914,0
28917,0
28918,0
28920,1
28921,0
28922,1
28927,1
28931,0
28932,0
28933,0
28935,0
28936,1
28939,1
28942,0
28945,1
28948,1
28949,0
28950,1
28952,0
28954,1
28957,1
28959,1
28961,0
28962,1
28966,0
28969,0
28971,0
28972,1
28973,0
28974,1
28976,1
28977,0
28982,1
28983,0
28984,0
28985,0
28988,1
28996,0
28997,0
29002,1
29007,1
29009,1
29014,0
29015,1
29016,0
29018,0
29019,1
29020,1
29024,0
29025,1
29026,0
29031,0
29032,0
29035,0
29047,0
29049,1
29050,0
29051,0
29052,0
29053,1
29055,0
29058,1
29060,0
29061,1
29063,0
29066,1
29073,1
29074,1
29076,1
29078,1
29080,1
29083,0
29086,1
29089,1
29090,1
29091,1
29092,0
29099,0
29100,0
29105,1
29106,1
29107,1
29113,1
29114,0
29115,0
29116,1
29118,0
29120,1
29122,0
29124,0
29130,1
29132,1
29137,1
29139,0
29142,1
29143,1
29145,0
29146,1
29147,0
29148,0
29151,1
29153,0
29154,1
29162,1
29164,1
29166,1
29170,0
29171,1
29173,0
29176,1
29178,1
29180,0
29181,0
29185,1
29186,1
29189,1
29191,0
29192,1
29193,1
29196,0
29197,0
29198,0
29206,0
29210,1
29211,0
29215,1
29216,1
29222,0
29223,1
29224,0
29226,1
29228,1
29230,0
29233,1
29234,0
29236,1
29237,0
29238,1
29244,1
29245,1
29248,1
29253,0
29256,1
29261,1
29264,0
29267,1
29270,0
29271,1
29272,1
29274,1
29276,1
29279,1
29281,1
29283,1
29284,1
29285,1
29289,0
29291,1
29292,1
29295,1
29296,0
29297,1
29298,1
29299,0
29300,1
29301,1
29302,1
29310,1
29311,0
29315,0
29316,1
29322,1
29325,0
29331,1
29333,1
29336,0
29339,1
29350,0
29351,1
29354,0
29356,1
29357,0
29362,0
29371,0
29373,0
29374,0
29379,0
29380,0
29383,1
29385,1
29388,0
29390,0
29391,1
29393,1
29398,0
29399,1
29402,0
29403,1
29404,1
29409,1
29411,1
29412,0
29414,0
29415,0
29416,0
29418,0
29422,0
29423,1
29426,0
29427,1
29434,1
29435,1
29436,1
29437,0
29445,1
29447,0
29448,1
29449,1
29450,0
29453,1
29454,0
29456,1
29460,1
29463,1
29469,0
29473,1
29476,0
29477,1
29480,1
29481,1
29483,1
29486,0
29489,0
29493,1
29494,1
29495,0
29497,0
29499,0
29502,1
29506,0
29507,1
29509,1
29510,1
29513,0
29516,1
29523,1
29525,0
29528,0
29529,0
29531,0
29534,1
29536,0
29537,1
29539,1
29540,1
29541,0
29543,0
29545,0
29548,0
29555,0
29556,1
29559,0
29565,0
29566,0
29570,1
29571,0
29572,0
29573,1
29575,0
29576,0
29580,0
29581,1
29584,1
29586,1
29587,1
29588,0
29591,1
29593,0
29600,0
29603,1
29604,1
29606,1
29607,1
29612,0
29616,1
29618,1
29625,1
29630,0
29632,0
29633,1
29634,1
29637,1
29639,0
29642,0
29647,0
29648,0
29649,1
29652,0
29653,0
29654,0
29664,0
29667,1
29672,1
29673,1
29677,1
29682,1
29686,0
29690,1
29698,1
29705,1
29709,1
29710,0
29712,1
29713,1
29714,1
29717,1
29719,1
29720,0
29723,0
29725,1
29728,0
29729,0
29730,1
29731,1
29736,0
29737,1
29740,1
29741,1
29743,1
29747,1
29748,0
29752,0
29755,1
29757,1
29758,1
29761,0
29764,0
29773,1
29775,0
29776,1
29777,0
29778,1
29781,1
29783,0
29785,1
29788,0
29790,0
29791,0
29792,1
29794,0
29795,1
29796,1
29797,0
29799,0
29805,1
29807,0
29810,0
29811,1
29813,1
29821,1
29823,1
29825,1
29826,1
29827,0
29828,1
29829,1
29830,1
29831,0
29834,1
29836,0
29837,0
29845,1
29846,0
29848,1
29849,0
29851,0
29852,0
29854,1
29862,0
29865,1
29873,1
29874,1
29876,0
29879,1
29880,1
29882,0
29883,1
29885,1
29887,1
29888,1
29893,1
29895,1
29896,1
29901,0
29903,0
29907,0
29912,1
29915,1
29916,0
29920,1
29921,1
29922,1
29926,0
29930,1
29932,1
29933,0
29935,0
29938,0
29939,0
29940,0
29942,1
29944,0
29947,0
29951,0
29954,0
29956,0
29958,1
29962,1
29963,1
29971,1
29973,0
29975,1
29982,1
29987,1
29989,0
29990,1
29991,0
29992,0
29996,0
29997,0
29998,1
29999,1
30000,0
30002,1
30003,0
30005,1
30007,1
30010,0
30011,0
30012,0
30016,0
30019,1
30021,1
30029,0
30030,0
30031,0
30032,0
30038,0
30042,1
30043,0
30047,1
30048,1
30049,0
30052,1
30056,0
30057,0
30059,0
30060,0
30062,0
30063,0
30064,0
30070,1
30075,1
30076,1
30078,0
30080,0
30081,0
30084,0
30085,1
30086,0
30087,0
30089,1
30090,1
30092,1
30094,1
30098,0
30101,1
30103,1
30104,1
30105,1
30106,0
30111,0
30114,0
30117,1
30123,0
30125,0
30126,0
30131,0
30132,0
30133,0
30137,0
30140,0
30141,0
30145,0
30148,1
30149,1
30151,0
30152,0
30155,1
30156,0
30157,1
30159,1
30160,0
30161,1
30163,1
30164,1
30167,1
30168,0
30169,0
30171,1
30173,1
30174,0
30176,0
30181,1
30185,0
30187,0
30189,1
30194,1
30198,0
30200,0
30201,0
30202,1
30205,0
30206,1
30207,1
30208,1
30210,1
30213,1
30219,1
30227,1
30230,1
30231,0
30236,0
30237,0
30238,1
30242,0
30247,1
30249,0
30253,1
30254,0
30256,1
30257,1
30258,1
30260,1
30262,1
30267,0
30268,1
30270,0
30271,0
30273,0
30282,0
30283,0
30285,0
30286,1
30288,1
30300,1
30302,0
30307,0
30309,0
30312,1
30315,1
30317,1
30327,0
30328,1
30330,0
30331,1
30335,1
30336,1
30337,1
30342,0
30345,0
30347,1
30348,1
30349,1
30350,1
30351,0
30352,0
30353,0
30354,0
30356,0
30358,1
30359,1
30360,0
30361,1
30364,1
30366,1
30372,1
30376,1
30381,1
30383,0
30385,1
30390,0
30391,1
30393,0
30394,1
30395,0
30399,0
30407,1
30411,0
30414,1
30415,0
30417,0
30418,0
30419,1
30421,0
30423,0
30424,1
30429,1
30431,1
30432,0
30440,0
30444,0
30448,0
30449,1
30450,1
30451,1
30452,1
30456,0
30458,1
30459,0
30460,0
30461,0
30462,0
30463,0
30469,1
30470,1
30471,0
30472,1
30474,0
30476,1
30480,1
30482,1
30483,1
30485,1
30488,0
30493,0
30494,0
30495,1
30496,0
30498,0
30499,0
30502,0
30503,0
30504,0
30506,0
30507,0
30508,0
30513,0
30514,0
30518,1
30519,1
30520,0
30521,0
30528,0
30529,0
30532,1
30533,0
30534,1
30535,0
30536,0
30537,0
30538,0
30540,1
30541,0
30542,0
30543,1
30545,1
30546,1
30547,1
30548,0
30551,1
30553,1
30554,1
30556,0
30557,0
30566,1
30567,1
30568,1
30571,0
30578,1
30580,1
30581,0
30583,1
30584,1
30589,0
30593,1
30596,0
30599,1
30600,0
30601,0
30609,1
30611,1
30613,1
30617,0
30619,1
30621,0
30628,0
30631,0
30635,1
30636,1
30640,1
30642,0
30645,0
30646,0
30649,1
30651,0
30654,1
30656,1
30657,1
30660,0
30665,1
30666,1
30667,0
30668,0
30669,1
30670,1
30671,1
30677,1
30678,1
30679,0
30680,1
30686,1
30687,1
30689,1
30692,1
30695,0
30696,1
30697,1
30698,0
30702,0
30703,0
30714,1
30720,1
30721,0
30727,0
30728,0
30729,1
30730,1
30731,0
30733,1
30734,0
30737,1
30741,0
30742,0
30744,0
30746,0
30749,1
30752,1
30760,0
30765,1
30770,0
30772,1
30773,0
30775,1
30777,1
30779,0
30780,0
30784,0
30785,0
30789,1
30790,1
30791,0
30793,0
30796,0
30797,1
30798,0
30799,1
30801,1
30807,1
30808,0
30810,0
30812,0
30813,1
30815,1
30820,1
30821,1
30823,1
30825,0
30828,0
30830,0
30831,0
30832,0
30833,0
30835,1
30838,1
30846,1
30848,1
30849,0
30851,0
30852,1
30855,1
30856,1
30857,1
30860,0
30861,1
30867,0
30869,0
30871,0
30873,1
30874,1
30875,0
30880,0
30882,1
30885,1
30887,1
30889,0
30890,1
30891,0
30893,1
30894,1
30895,1
30896,0
30897,1
30899,1
30900,1
30902,0
30904,0
30905,1
30907,1
30909,0
30911,1
30912,0
30913,0
30916,1
30918,1
30919,1
30921,1
30925,1
30926,0
30927,1
30930,0
30932,0
30935,1
30938,1
30941,0
30945,0
30948,0
30951,0
30955,0
30957,0
30958,1
30961,0
30964,0
30968,0
30969,1
30971,0
30973,1
30974,0
30975,0
30976,1
30977,1
30979,0
30981,1
30985,0
30988,1
30989,0
30991,0
30994,1
30996,0
30999,1
31003,1
31005,0
31006,1
31010,1
31012,1
31014,1
31015,1
31017,0
31019,1
31020,0
31022,1
31023,1
31024,1
31026,1
31028,0
31029,0
31035,0
31038,1
31039,0
31048,0
31050,1
31051,0
31053,0
31055,0
31058,1
31060,1
31062,0
31063,0
31067,1
31068,0
31070,1
31071,1
31074,0
31078,1
31079,0
31080,0
31082,0
31085,1
31086,1
31088,1
31091,0
31093,1
31097,0
31101,1
31105,1
31107,1
31108,0
31111,0
31114,0
31119,0
31120,1
31124,1
31125,0
31127,1
31128,0
31129,1
31134,1
31136,1
31137,0
31138,0
31140,0
31143,0
31144,0
31148,0
31149,0
31152,1
31156,0
31158,0
31162,1
31174,1
31178,0
31179,0
31180,0
31183,0
31184,1
31186,1
31187,1
31188,0
31191,0
31199,1
31201,0
31203,1
31205,0
31207,1
31209,1
31211,1
31212,1
31215,0
31216,1
31217,1
31218,1
31220,1
31221,1
31222,0
31228,0
31230,1
31234,0
31240,0
31241,0
31243,1
31245,1
31249,0
31254,0
31260,0
31261,1
31264,1
31265,1
31268,0
31271,1
31276,1
31281,0
31282,1
31284,1
31286,0
31287,1
31289,0
31290,1
31291,0
31292,1
31294,0
31295,1
31296,0
31297,1
31299,1
31300,1
31303,0
31304,1
31305,0
31307,0
31316,0
31321,0
31323,1
31324,1
31325,0
31328,0
31331,0
31333,0
31334,1
31335,0
31337,1
31339,1
31340,0
31342,0
31343,1
31346,0
31348,1
31352,0
31354,1
31358,0
31360,1
31361,1
31362,1
31363,1
31365,1
31366,1
31367,1
31369,1
31370,0
31372,0
31379,1
31380,1
31381,0
31382,0
31385,0
31387,1
31389,0
31392,0
31394,0
31395,1
31396,0
31398,1
31399,1
31400,0
31404,0
31407,0
31408,0
31409,0
31410,1
31412,0
31415,1
31419,0
31420,0
31435,0
31436,0
31438,0
31441,0
31444,0
31449,1
31450,1
31451,0
31452,0
31457,0
31458,0
31460,0
31461,0
31465,0
31466,1
31468,1
31472,0
31474,1
31476,0
31478,0
31481,1
31484,1
31487,1
31491,0
31493,1
31494,1
31495,0
31496,1
31498,0
31499,0
31501,0
31502,0
31503,1
31507,0
31517,1
31518,0
31519,1
31524,0
31526,1
31529,1
31530,0
31532,1
31534,0
31538,1
31539,0
31540,0
31543,0
31546,0
31549,1
31550,0
31551,0
31553,0
31555,1
31557,1
31563,1
31566,1
31572,1
31574,0
31578,0
31580,1
31582,1
31583,1
31588,0
31589,0
31590,0
31593,1
31594,0
31595,1
31596,1
31600,0
31601,1
31606,0
31607,0
31608,1
31612,1
31613,1
31614,1
31615,0
31616,0
31618,1
31626,0
31627,1
31628,1
31629,1
31632,0
31635,1
31637,1
31640,0
31641,1
31642,0
31645,1
31647,1
31648,0
31650,1
31653,1
31656,1
31658,0
31664,0
31666,0
31669,0
31670,0
31671,1
31672,0
31673,0
31674,0
31681,0
31682,0
31689,0
31690,1
31694,0
31695,1
31697,1
31698,1
31700,0
31703,1
31704,1
31706,1
31707,0
31708,0
31712,0
31713,0
31714,0
31716,1
31717,0
31719,1
31722,0
31727,0
31728,1
31732,0
31734,1
31735,0
31736,1
31742,1
31747,0
31748,0
31749,0
31751,0
31752,1
31753,0
31754,0
31756,1
31759,0
31763,0
31766,1
31771,0
31774,1
31775,1
31776,0
31778,0
31780,0
31784,1
31785,1
31789,0
31790,1
31792,1
31793,0
31796,0
31799,0
31802,0
31804,0
31807,0
31808,0
31813,1
31816,1
31817,1
31818,1
31820,0
31821,1
31829,0
31832,1
31833,1
31834,1
31837,0
31842,0
31845,0
31847,0
31852,1
31854,0
31855,0
31856,0
31861,0
31863,1
31865,0
31871,0
31873,1
31876,0
31877,0
31880,1
31881,0
31885,0
31888,1
31889,1
31892,1
31894,1
31898,1
31899,1
31900,0
31906,0
31907,0
31909,0
31911,0
31912,0
31913,0
31917,0
31918,1
31920,1
31925,0
31926,0
31927,1
31930,1
31934,1
31935,1
31936,1
31937,1
31938,1
31939,1
31941,1
31942,1
31943,0
31947,0
31949,0
31951,0
31952,0
31953,1
31954,1
31962,1
31963,1
31965,1
31966,1
31968,1
31972,1
31973,0
31974,1
31975,0
31976,0
31979,0
31984,1
31986,1
31988,0
31989,1
31990,1
31991,1
31992,1
31994,1
32001,0
32004,0
32005,0
32006,1
32010,1
32011,1
32015,0
32017,0
32031,1
32032,1
32033,1
32034,0
32035,1
32036,1
32037,0
32038,1
32039,1
32041,0
32042,1
32047,0
32048,0
32050,1
32052,0
32053,0
32055,0
32056,1
32058,0
32059,1
32060,1
32067,0
32074,1
32075,1
32077,1
32080,0
32081,0
32082,0
32085,1
32088,1
32090,1
32094,0
32097,1
32098,0
32099,0
32104,0
32109,0
32115,1
32116,0
32118,1
32119,0
32130,0
32131,0
32132,0
32135,0
32136,0
32140,0
32145,1
32149,0
32150,0
32151,0
32153,0
32162,1
32165,0
32170,0
32175,0
32180,0
32181,0
32182,0
32183,1
32185,0
32188,0
32189,1
32194,1
32196,1
32203,1
32205,0
32206,0
32207,0
32208,0
32209,1
32210,1
32211,0
32220,1
32225,0
32233,0
32235,0
32236,1
32238,0
32240,0
32244,0
32246,0
32248,1
32250,1
32253,1
32254,1
32258,1
32261,0
32262,0
32264,1
32266,1
32268,0
32269,1
32272,0
32273,0
32277,0
32278,0
32281,0
32282,0
32288,0
32292,0
32295,1
32299,1
32301,1
32303,0
32306,1
32307,1
32309,0
32311,1
32313,0
32315,1
32316,0
32317,0
32325,0
32327,0
32329,0
32331,1
32332,0
32335,1
32337,1
32342,0
32346,1
32348,0
32350,0
32351,0
32352,0
32355,0
32356,0
32362,1
32365,1
32367,0
32368,1
32370,1
32372,1
32374,1
32378,0
32379,0
32381,0
32382,1
32389,0
32395,1
32396,0
32399,1
32400,1
32402,0
32405,0
32406,1
32412,1
32413,0
32414,0
32421,0
32423,0
32427,1
32435,0
32438,0
32440,0
32441,1
32443,0
32444,1
32445,0
32448,1
32450,1
32452,0
32454,0
32457,1
32460,0
32461,0
32462,0
32476,0
32477,0
32478,1
32479,0
32480,0
32483,0
32484,1
32485,0
32486,0
32488,0
32489,1
32492,0
32494,0
32495,0
32496,1
32506,0
32507,0
32515,0
32516,1
32518,1
32522,0
32523,1
32528,0
32530,0
32534,0
32535,0
32541,1
32543,0
32546,0
32548,0
32549,1
32550,1
32552,0
32554,0
32556,0
32561,0
32562,0
32564,1
32570,0
32571,0
32574,1
32578,1
32581,0
32585,1
32593,0
32595,1
32599,0
32605,1
32606,0
32608,1
32610,1
32611,0
32615,0
32616,0
32619,0
32621,0
32624,1
32625,0
32631,1
32633,1
32634,0
32635,1
32637,1
32639,1
32641,1
32645,0
32646,0
32647,1
32648,1
32649,1
32650,1
32651,1
32652,0
32654,1
32656,1
32661,0
32664,1
32666,1
32667,0
32669,1
32676,0
32677,0
32679,0
32682,0
32685,0
32686,0
32687,1
32692,1
32695,1
32697,0
32698,0
32699,0
32703,0
32705,0
32711,0
32714,0
32716,1
32720,0
32725,0
32728,0
32733,1
32734,1
32735,1
32740,0
32744,1
32746,0
32747,0
32748,1
32750,1
32751,0
32753,0
32754,1
32756,0
32757,0
32759,1
32761,0
32762,1
32763,0
32767,1
32770,1
32772,0
32773,0
32775,1
32777,0
32778,0
32781,1
32782,0
32786,0
32788,0
32789,1
32792,0
32795,1
32796,0
32798,0
32803,1
32805,1
32809,1
32812,0
32813,0
32816,0
32818,0
32819,1
32823,1
32824,1
32825,1
32829,0
32833,0
32836,0
32837,1
32839,1
32840,1
32841,0
32842,0
32847,0
32849,1
32850,0
32855,1
32858,1
32864,1
32869,0
32870,1
32872,0
32877,0
32878,1
32883,1
32885,0
32886,1
32887,1
32888,0
32889,1
32890,0
32891,0
32892,1
32893,1
32894,0
32895,1
32896,0
32898,1
32899,0
32900,0
32901,1
32902,1
32904,1
32906,0
32907,1
32908,1
32914,1
32915,0
32917,1
32919,1
32922,1
32923,0
32924,1
32925,1
32927,0
32928,0
32929,0
32931,1
32942,0
32944,0
32945,0
32951,1
32953,1
32954,0
32955,0
32958,1
32959,0
32960,0
32962,0
32965,1
32971,1
32973,0
32975,1
32976,0
32977,0
32982,1
32983,1
32986,0
32996,0
32999,0
33001,0
33003,0
33006,0
33011,1
33012,0
33014,1
33015,0
33023,1
33025,1
33027,1
33028,0
33031,0
33034,1
33035,0
33036,0
33037,1
33042,1
33057,0
33058,1
33068,1
33069,0
33070,1
33071,0
33073,0
33076,1
33081,0
33082,1
33085,1
33086,0
33088,1
33091,1
33092,1
33097,0
33100,1
33101,0
33103,0
33104,0
33106,0
33108,0
33110,0
33113,0
33116,1
33123,1
33124,1
33126,1
33128,1
33130,1
33133,1
33139,1
33141,1
33142,0
33144,0
33147,1
33148,1
33151,1
33152,0
33154,1
33157,0
33159,1
33160,0
33161,0
33167,0
33178,0
33179,1
33181,1
33183,1
33185,0
33186,0
33188,0
33190,1
33191,1
33192,1
33193,0
33194,1
33198,0
33200,0
33204,1
33206,1
33207,1
33208,1
33209,1
33211,0
33212,0
33213,1
33217,0
33224,0
33232,1
33233,0
33237,1
33242,0
33245,1
33246,0
33247,0
33248,1
33249,0
33250,0
33253,0
33256,1
33257,1
33263,0
33269,1
33271,0
33272,0
33274,0
33278,0
33280,0
33281,1
33283,1
33287,1
33290,0
33291,0
33294,1
33299,1
33309,0
33312,1
33313,1
33314,1
33315,1
33320,1
33322,1
33323,1
33325,0
33330,0
33332,0
33333,0
33334,1
33336,0
33343,1
33344,0
33345,1
33347,1
33349,1
33351,0
33356,1
33357,0
33359,0
33363,1
33364,1
33365,0
33366,0
33367,1
33373,0
33381,1
33383,0
33384,0
33388,0
33392,1
33396,1
33397,0
33403,1
33406,1
33408,1
33410,0
33412,1
33413,1
33423,1
33424,0
33425,0
33428,1
33431,0
33432,0
33437,1
33438,0
33440,1
33441,0
33442,1
33443,0
33444,0
33445,0
33452,1
33459,1
33460,0
33468,1
33470,1
33471,0
33472,1
33473,0
33477,1
33478,0
33482,0
33483,0
33484,0
33485,1
33491,1
33492,0
33494,1
33495,0
33496,0
33499,0
33502,1
33505,1
33508,1
33510,0
33514,0
33518,1
33519,0
33521,1
33522,1
33524,0
33527,1
33530,1
33536,1
33537,1
33539,1
33540,1
33541,1
33543,1
33545,1
33552,1
33554,1
33556,1
33559,0
33561,1
33563,1
33566,1
33567,1
33571,1
33573,0
33576,0
33583,1
33584,1
33588,0
33594,0
33597,1
33602,0
33605,0
33606,0
33607,0
33609,0
33610,1
33612,0
33614,1
33615,1
33616,1
33618,1
33619,0
33620,0
33626,1
33627,1
33630,1
33632,1
33634,0
33635,0
33637,0
33640,0
33643,0
33644,0
33645,0
33646,0
33648,0
33651,0
33653,0
33656,1
33658,1
33659,0
33663,1
33664,0
33666,0
33667,0
33668,0
33669,1
33670,1
33673,0
33677,1
33678,0
33682,0
33684,1
33685,0
33686,0
33687,0
33691,1
33695,0
33696,0
33697,1
33700,1
33702,0
33704,0
33705,0
33714,0
33719,1
33723,0
33724,0
33728,1
33732,1
33734,0
33735,0
33738,1
33743,0
33744,0
33745,0
33747,0
33748,1
33749,1
33750,1
33751,0
33752,0
33757,1
33758,1
33767,1
33769,1
33771,0
33778,0
33781,0
33784,1
33788,1
33790,1
33791,1
33793,0
33796,0
33798,1
33801,0
33806,1
33808,1
33810,1
33811,0
33814,0
33816,0
33817,1
33818,1
33821,0
33823,0
33827,0
33828,1
33831,1
33832,1
33834,0
33837,1
33838,0
33840,1
33843,1
33846,1
33847,0
33848,0
33849,1
33850,1
33851,0
33852,0
33853,0
33854,0
33856,1
33859,0
33865,0
33868,0
33870,0
33872,1
33876,0
33885,1
33887,1
33889,1
33891,1
33892,1
33893,1
33894,1
33898,0
33899,0
33901,0
33902,0
33903,1
33904,1
33907,1
33910,0
33920,0
33921,1
33924,1
33925,1
33927,1
33928,1
33930,1
33931,0
33933,1
33944,0
33945,1
33946,1
33947,0
33949,1
33954,0
33955,0
33956,0
33957,0
33959,0
33962,0
33964,1
33966,1
33967,1
33975,0
33976,0
33979,0
33980,1
33981,1
33984,0
33986,1
33989,0
33990,1
33991,0
33992,1
33996,0
34006,0
34007,1
34011,0
34012,1
34013,1
34014,0
34015,1
34017,0
34018,0
34019,0
34020,0
34022,0
34026,1
34030,1
34033,0
34036,0
34038,1
34040,1
34050,0
34051,0
34053,1
34055,0
34057,0
34058,1
34060,0
34066,1
34068,0
34070,0
34075,1
34077,1
34078,1
34079,0
34083,0
34084,0
34086,0
34087,1
34088,1
34089,0
34090,0
34092,1
34094,0
34097,1
34099,0
34103,1
34105,0
34107,0
34108,1
34110,1
34114,0
34124,0
34126,0
34129,1
34135,1
34141,0
34143,0
34145,1
34146,1
34148,1
34149,1
34150,1
34151,0
34154,1
34155,0
34158,1
34160,0
34161,1
34163,0
34173,0
34174,0
34175,0
34176,1
34182,1
34187,1
34189,1
34190,1
34193,1
34194,1
34195,0
34200,0
34201,0
34203,1
34206,0
34215,0
34218,1
34221,0
34223,1
34227,0
34234,1
34235,1
34237,1
34239,0
34250,0
34252,1
34256,1
34258,0
34265,0
34267,1
34271,0
34272,0
34275,0
34276,0
34277,1
34278,0
34280,0
34281,1
34286,1
34287,1
34289,0
34291,1
34300,1
34301,1
34302,1
34316,0
34317,1
34318,0
34320,1
34321,0
34324,0
34325,0
34331,1
34332,0
34333,0
34338,1
34342,0
34343,0
34351,1
34354,1
34358,1
34359,1
34360,0
34363,0
34365,1
34368,1
34370,1
34373,1
34375,1
34377,1
34378,0
34379,0
34381,1
34383,0
34385,0
34387,0
34389,0
34393,0
34394,0
34396,1
34397,1
34400,0
34410,1
34412,1
34414,0
34416,1
34417,0
34419,1
34420,0
34421,0
34422,0
34425,0
34427,1
34428,0
34429,1
34432,1
34433,0
34439,0
34441,0
34444,1
34446,0
34447,1
34449,0
34451,1
34452,0
34454,0
34455,1
34456,0
34457,1
34458,0
34463,0
34464,1
34465,0
34468,1
34469,1
34470,0
34471,0
34474,0
34475,0
34476,1
34480,0
34481,1
34482,1
34483,0
34486,0
34491,0
34492,1
34498,0
34499,1
34500,1
34503,1
34507,1
34509,0
34512,0
34513,0
34514,0
34515,0
34516,0
34517,0
34522,1
34527,1
34528,1
34529,1
34531,1
34534,1
34539,1
34545,1
34546,0
34547,0
34548,1
34549,1
34553,0
34555,0
34557,0
34560,1
34561,1
34563,1
34564,1
34570,1
34571,0
34572,0
34574,1
34578,0
34581,0
34582,1
34583,1
34585,1
34586,1
34588,0
34593,0
34594,1
34597,1
34598,1
34599,0
34600,0
34603,1
34604,1
34605,0
34607,0
34609,0
34613,0
34614,0
34618,1
34620,1
34626,1
34629,1
34630,0
34638,1
34639,0
34641,1
34642,0
34645,0
34649,1
34650,1
34651,0
34653,0
34655,1
34657,1
34658,0
34663,0
34664,0
34665,0
34666,1
34667,0
34668,1
34676,0
34680,0
34685,0
34687,0
34688,0
34689,1
34692,0
34695,0
34696,1
34697,1
34699,0
34703,1
34706,1
34709,0
34715,0
34716,0
34723,1
34728,0
34729,1
34730,1
34733,1
34735,1
34739,1
34740,1
34746,0
34749,1
34750,1
34755,0
34758,1
34759,0
34760,1
34768,1
34769,0
34771,0
34772,1
34773,0
34775,0
34780,1
34781,1
34789,1
34790,0
34792,1
34793,1
34798,0
34802,1
34804,0
34805,0
34809,1
34814,1
34815,0
34816,0
34818,1
34819,0
34822,1
34823,1
34824,0
34825,0
34826,0
34827,1
34828,0
34829,0
34831,0
34834,1
34836,1
34844,1
34845,0
34848,1
34849,1
34850,1
34855,1
34856,1
34860,1
34866,0
34867,1
34869,1
34871,0
34873,1
34874,0
34875,1
34877,0
34878,1
34880,1
34882,1
34883,1
34885,1
34886,1
34887,0
34889,1
34890,1
34896,1
34898,1
34899,1
34900,1
34901,1
34902,0
34905,0
34907,1
34911,0
34912,0
34913,1
34914,0
34915,1
34916,0
34920,0
34922,1
34924,1
34926,1
34927,1
34928,0
34932,1
34933,0
34938,1
34941,1
34943,1
34946,1
34948,1
34949,1
34950,0
34953,1
34954,1
34960,0
34963,0
34971,0
34972,0
34973,0
34974,0
34976,1
34979,1
34980,0
34984,1
34985,1
34993,0
34995,1
34997,0
35000,0
35002,1
35003,0
35004,0
35009,0
35010,0
35013,1
35014,1
35015,0
35019,0
35020,1
35024,1
35025,1
35029,0
35030,0
35033,0
35035,0
35040,1
35047,0
35048,1
35050,0
35051,1
35055,0
35057,1
35059,1
35060,1
35061,0
35062,1
35063,0
35064,0
35065,0
35066,0
35067,1
35068,0
35072,1
35077,1
35078,1
35081,0
35086,0
35089,1
35090,1
35096,0
35100,0
35101,0
35102,0
35104,1
35105,1
35107,1
35108,0
35109,0
35110,1
35115,1
35120,1
35121,0
35123,0
35125,1
35126,1
35127,1
35129,1
35130,1
35132,1
35133,1
35137,0
35138,0
35141,0
35143,0
35144,0
35146,1
35149,0
35150,0
35154,1
35158,0
35159,0
35165,0
35166,1
35167,0
35169,0
35170,1
35173,1
35175,0
35177,0
35180,1
35181,1
35182,1
35185,1
35188,0
35189,1
35190,1
35191,0
35193,1
35196,1
35202,0
35204,1
35206,1
35208,1
35209,0
35210,0
35211,0
35220,0
35222,1
35223,1
35228,1
35234,1
35236,1
35237,0
35238,1
35241,0
35243,1
35245,0
35248,0
35249,1
35253,1
35257,0
35259,1
35260,0
35267,1
35270,1
35271,0
35275,1
35276,1
35278,0
35283,0
35286,1
35287,1
35288,0
35292,1
35296,1
35297,1
35306,1
35315,1
35316,1
35321,1
35322,0
35325,1
35327,1
35330,0
35333,0
35334,1
35335,0
35337,1
35339,0
35341,1
35344,0
35347,1
35349,0
35351,0
35354,0
35356,1
35359,1
35362,0
35363,1
35364,0
35366,0
35367,0
35371,1
35374,0
35380,0
35381,0
35387,1
35390,1
35391,0
35392,1
35395,0
35397,0
35398,0
35401,0
35406,0
35408,0
35411,0
35414,0
35415,1
35418,0
35431,0
35437,1
35438,1
35439,1
35444,1
35446,1
35451,1
35453,0
35458,1
35460,0
35461,1
35462,1
35465,1
35466,1
35467,0
35470,1
35471,1
35473,0
35474,0
35475,1
35477,1
35479,0
35480,0
35481,0
35482,1
35486,1
35487,0
35488,1
35490,1
35491,0
35492,0
35495,0
35497,1
35500,1
35502,1
35507,0
35510,0
35512,1
35513,1
35514,0
35515,0
35517,0
35522,0
35523,0
35524,0
35525,1
35529,1
35530,0
35539,1
35542,0
35547,0
35549,1
35550,1
35556,1
35559,1
35561,0
35565,0
35566,1
35567,1
35568,0
35570,0
35571,0
35573,1
35574,0
35575,1
35576,0
35580,1
35582,1
35588,1
35590,0
35592,0
35595,1
35598,0
35601,0
35603,1
35605,1
35609,0
35610,0
35611,1
35614,0
35616,0
35617,0
35622,1
35626,0
35627,1
35628,1
35631,0
35632,0
35633,1
35640,0
35645,0
35647,1
35651,0
35653,0
35655,1
35656,0
35657,0
35660,0
35663,0
35666,0
35667,1
35672,0
35673,0
35676,1
35678,0
35680,0
35682,1
35684,1
35687,0
35688,1
35689,0
35691,1
35692,1
35699,0
35701,1
35702,1
35703,1
35705,0
35708,1
35710,1
35712,0
35713,1
35716,1
35717,1
35719,0
35722,0
35725,0
35726,0
35731,1
35734,1
35735,0
35736,0
35738,0
35740,1
35743,0
35744,0
35745,0
35746,1
35754,1
35758,1
35761,1
35762,1
35766,1
35770,1
35771,1
35772,1
35773,1
35774,1
35775,1
35777,0
35779,0
35783,1
35784,1
35787,0
35792,1
35796,0
35797,0
35799,0
35800,0
35802,1
35803,0
35804,0
35809,0
35813,1
35817,1
35818,0
35819,1
35821,0
35822,1
35828,0
35829,0
35832,0
35835,0
35836,1
35837,1
35838,1
35839,1
35840,1
35844,1
35846,0
35848,0
35852,1
35853,0
35855,1
35858,0
35859,1
35861,1
35862,0
35867,0
35868,1
35871,0
35872,0
35875,1
35879,0
35880,1
35883,1
35885,0
35891,1
35893,1
35895,0
35901,1
35903,1
35907,0
35910,0
35911,1
35914,1
35917,1
35919,1
35927,0
35929,0
35934,0
35937,0
35938,1
35941,1
35942,1
35943,1
35944,0
35945,0
35948,1
35952,0
35958,1
35961,1
35962,0
35963,0
35964,1
35966,1
35967,0
35969,0
35972,1
35975,1
35978,0
35982,1
35988,0
35994,1
35996,0
35998,0
36001,0
36002,1
36004,1
36007,1
36009,0
36014,0
36015,0
36016,1
36017,0
36018,0
36021,1
36022,0
36026,1
36031,1
36033,0
36034,0
36036,0
36039,0
36044,0
36045,0
36046,0
36051,1
36053,1
36055,1
36058,1
36060,0
36061,0
36068,0
36070,1
36072,1
36073,0
36074,0
36076,1
36080,1
36082,0
36084,0
36086,1
36090,1
36091,0
36092,0
36095,0
36100,0
36102,1
36103,0
36104,0
36111,0
36112,1
36117,0
36118,0
36119,1
36120,0
36121,0
36125,1
36129,1
36130,1
36131,0
36134,0
36137,1
36140,1
36141,1
36142,1
36147,0
36150,1
36152,1
36153,1
36156,0
36157,1
36165,0
36169,1
36170,0
36171,0
36172,0
36174,1
36175,1
36177,1
36181,0
36191,0
36192,1
36194,0
36195,1
36198,0
36199,0
36200,1
36202,0
36203,1
36205,1
36206,0
36208,0
36210,0
36211,0
36214,0
36218,0
36220,0
36225,0
36226,0
36229,0
36230,0
36232,1
36235,0
36243,1
36244,0
36246,1
36250,0
36251,1
36253,0
36254,0
36263,1
36265,1
36268,0
36280,1
36283,0
36285,1
36287,1
36288,1
36289,1
36290,1
36292,0
36294,1
36297,1
36300,1
36302,1
36304,0
36307,0
36311,0
36312,0
36314,1
36315,0
36317,1
36319,0
36322,1
36323,0
36325,1
36327,1
36328,1
36329,1
36336,0
36337,0
36338,0
36339,1
36341,1
36344,0
36345,1
36346,0
36347,0
36351,1
36354,1
36355,0
36357,1
36359,0
36363,0
36364,1
36365,0
36368,0
36372,0
36378,0
36379,0
36381,0
36384,0
36385,0
36393,0
36395,0
36396,0
36397,1
36398,1
36401,1
36404,1
36406,1
36408,0
36409,1
36410,1
36419,1
36420,0
36426,0
36427,1
36429,0
36431,1
36432,0
36433,0
36434,1
36437,0
36439,1
36440,1
36442,1
36446,0
36450,0
36453,0
36454,0
36456,1
36458,0
36462,1
36463,1
36464,1
36465,1
36466,1
36467,1
36468,1
36469,1
36472,0
36474,1
36476,1
36477,0
36478,1
36479,1
36484,0
36486,1
36494,1
36499,1
36502,0
36503,1
36504,0
36506,1
36508,1
36510,1
36513,0
36516,1
36523,0
36532,1
36535,0
36537,1
36540,1
36542,1
36543,1
36544,1
36545,1
36548,0
36549,1
36556,0
36558,1
36559,1
36563,1
36565,1
36571,1
36574,0
36582,1
36586,1
36590,1
36592,0
36593,1
36594,0
36595,0
36599,1
36602,0
36604,1
36606,1
36608,1
36610,1
36612,0
36613,1
36615,1
36620,1
36625,0
36627,0
36630,1
36632,0
36633,0
36634,0
36635,0
36636,1
36637,1
36641,1
36643,0
36646,0
36650,1
36653,1
36655,1
36657,1
36658,1
36660,0
36661,1
36663,1
36668,0
36671,1
36681,1
36685,0
36687,1
36688,0
36689,0
36695,1
36696,1
36700,1
36701,1
36703,1
36704,1
36708,0
36717,1
36718,1
36721,0
36725,1
36726,0
36729,0
36730,1
36732,1
36733,0
36736,1
36742,1
36743,1
36745,1
36747,0
36749,1
36757,1
36759,1
36760,1
36764,1
36765,1
36771,1
36772,1
36773,1
36776,0
36777,1
36779,1
36782,0
36787,1
36788,1
36789,1
36790,1
36792,0
36793,0
36796,1
36797,0
36798,1
36799,1
36806,1
36808,1
36810,0
36812,0
36818,1
36820,0
36822,1
36827,0
36828,1
36834,1
36837,0
36841,0
36842,0
36844,1
36846,0
36850,1
36853,0
36854,0
36859,0
36865,0
36867,0
36873,1
36878,0
36879,0
36882,1
36888,1
36892,1
36894,0
36906,1
36907,0
36909,0
36912,1
36913,1
36914,1
36916,0
36917,0
36918,0
36924,1
36925,0
36928,0
36929,1
36930,0
36931,0
36932,0
36937,1
36939,1
36941,1
36942,1
36945,1
36949,1
36951,0
36952,1
36955,1
36961,1
36962,1
36964,1
36965,0
36966,0
36971,0
36972,0
36973,1
36974,1
36975,0
36976,0
36978,1
36980,1
36981,1
36982,0
36985,1
36986,0
36987,0
36988,0
36989,1
36991,1
36993,1
36996,1
36998,1
37002,1
37003,1
37004,0
37005,1
37006,0
37007,0
37008,0
37009,1
37013,1
37015,1
37021,1
37025,0
37027,1
37028,1
37030,0
37031,0
37035,1
37036,1
37037,0
37040,1
37045,1
37046,1
37047,0
37048,0
37049,1
37050,0
37052,1
37053,1
37054,0
37055,1
37056,0
37060,1
37061,1
37065,1
37068,1
37069,0
37073,1
37078,1
37081,0
37084,1
37086,1
37094,1
37095,1
37101,1
37104,0
37106,1
37108,1
37109,0
37110,1
37111,1
37113,0
37115,0
37116,1
37123,1
37124,1
37127,1
37129,1
37137,1
37140,0
37144,1
37145,0
37146,0
37147,0
37151,0
37152,1
37156,1
37159,1
37163,1
37167,1
37173,1
37175,1
37176,0
37179,0
37180,1
37181,1
37186,1
37191,0
37193,0
37195,1
37197,0
37206,1
37211,0
37213,1
37214,0
37217,1
37220,0
37225,0
37232,1
37233,0
37235,1
37236,1
37237,0
37238,0
37240,1
37242,1
37245,1
37246,1
37249,0
37253,1
37258,1
37259,0
37260,0
37262,1
37265,1
37278,1
37280,0
37288,0
37293,0
37298,0
37299,1
37301,0
37302,1
37305,0
37312,0
37313,1
37317,1
37318,1
37319,0
37321,0
37322,0
37333,1
37335,0
37338,1
37339,1
37341,1
37343,1
37348,1
37349,1
37351,1
37352,1
37353,1
37355,1
37356,0
37357,0
37358,1
37360,0
37361,0
37362,0
37364,0
37367,1
37368,0
37371,0
37378,0
37379,0
37380,1
37382,0
37383,1
37384,1
37388,0
37391,1
37392,0
37393,1
37395,1
37396,0
37397,1
37398,1
37401,1
37402,0
37406,1
37407,0
37412,0
37413,1
37414,1
37417,1
37418,1
37420,0
37425,0
37427,1
37438,0
37441,1
37444,0
37446,1
37447,0
37448,1
37449,1
37450,1
37451,1
37452,1
37454,1
37457,0
37461,1
37463,1
37464,1
37465,1
37466,1
37467,1
37468,1
37469,0
37472,1
37475,1
37476,1
37477,1
37481,1
37487,1
37488,1
37491,0
37493,0
37500,1
37501,0
37502,1
37506,1
37507,1
37508,0
37512,1
37514,1
37516,1
37517,1
37528,0
37535,0
37540,0
37541,1
37542,1
37544,1
37549,1
37550,0
37551,1
37555,1
37558,1
37560,1
37561,1
37562,1
37563,0
37565,0
37566,0
37569,0
37570,0
37571,0
37573,1
37575,0
37578,1
37579,0
37581,0
37582,0
37583,1
37586,0
37587,0
37590,1
37599,1
37601,0
37606,0
37607,0
37609,1
37611,0
37612,0
37613,1
37614,1
37616,1
37619,1
37620,0
37622,1
37624,1
37625,0
37628,1
37629,1
37631,1
37633,0
37634,1
37639,1
37641,0
37642,0
37643,1
37644,0
37647,0
37649,0
37651,1
37652,0
37654,1
37655,0
37658,1
37661,0
37662,1
37663,1
37670,1
37673,1
37675,1
37676,1
37679,1
37681,1
37684,0
37688,1
37690,0
37692,1
37700,0
37701,1
37704,1
37705,1
37706,1
37708,1
37709,1
37710,1
37711,1
37712,1
37720,1
37722,1
37723,0
37724,1
37725,0
37727,1
37731,1
37736,1
37742,0
37743,1
37746,0
37750,1
37752,1
37753,1
37755,1
37759,1
37762,1
37765,0
37766,0
37767,0
37771,1
37772,0
37776,1
37777,0
37778,0
37781,0
37787,1
37788,1
37793,0
37795,0
37796,0
37797,1
37798,0
37801,0
37804,1
37808,0
37809,0
37812,0
37817,0
37821,1
37823,0
37824,1
37825,1
37827,0
37830,1
37832,0
37834,1
37835,1
37836,1
37842,1
37843,1
37844,0
37845,0
37850,1
37852,0
37853,1
37855,0
37856,1
37857,0
37859,0
37860,1
37861,1
37862,1
37865,1
37867,0
37868,1
37869,1
37871,0
37872,0
37874,0
37879,1
37885,1
37886,1
37887,1
37889,0
37891,0
37896,0
37898,0
37901,0
37905,1
37907,1
37911,0
37912,0
37913,1
37916,1
37917,0
37918,0
37919,0
37922,0
37925,1
37929,0
37932,0
37934,0
37936,0
37938,1
37940,1
37942,0
37948,1
37949,0
37951,1
37956,1
37957,0
37962,1
37963,0
37965,0
37967,1
37971,0
37972,0
37974,0
37976,0
37977,1
37979,1
37981,0
37983,0
37986,0
37987,1
37990,0
37996,0
37998,1
38001,1
38005,0
38008,1
38009,1
38010,0
38011,1
38017,0
38019,1
38020,0
38023,1
38025,1
38031,1
38033,1
38034,0
38035,0
38043,1
38046,1
38050,0
38054,0
38056,0
38057,1
38067,1
38070,0
38073,1
38076,0
38077,1
38080,1
38081,0
38085,0
38086,1
38088,1
38090,0
38092,0
38094,0
38100,1
38102,1
38103,1
38104,0
38105,0
38108,1
38114,1
38115,0
38117,0
38118,0
38121,1
38123,0
38124,1
38128,0
38132,1
38134,0
38136,0
38138,0
38144,1
38145,1
38148,1
38149,0
38150,1
38152,1
38153,0
38154,1
38156,1
38158,1
38160,1
38162,1
38163,1
38164,1
38165,1
38171,1
38176,0
38178,1
38181,0
38182,1
38184,0
38196,0
38197,1
38199,1
38203,1
38204,0
38207,0
38209,1
38211,1
38216,0
38219,1
38221,0
38224,1
38226,1
38232,1
38233,0
38235,1
38236,1
38237,1
38243,0
38245,0
38250,1
38251,1
38254,0
38258,1
38263,1
38264,1
38267,1
38271,1
38273,1
38274,0
38280,1
38282,0
38284,1
38285,1
38287,0
38288,0
38290,1
38291,1
38292,1
38293,0
38299,0
38301,0
38302,0
38303,1
38307,1
38308,1
38310,0
38315,0
38319,1
38320,0
38322,0
38323,0
38326,1
38327,1
38328,1
38329,1
38331,1
38332,0
38333,0
38334,0
38335,0
38337,1
38338,1
38339,1
38341,0
38342,1
38344,0
38345,0
38346,0
38348,1
38350,1
38351,1
38356,0
38358,0
38362,0
38363,0
38367,0
38368,0
38369,0
38371,1
38372,0
38373,0
38374,0
38377,0
38385,1
38386,1
38388,1
38391,1
38394,0
38395,1
38396,1
38399,0
38403,1
38405,1
38407,0
38412,1
38415,0
38420,0
38424,1
38426,1
38430,1
38432,1
38433,0
38438,0
38441,1
38446,0
38449,0
38450,1
38455,1
38458,1
38462,1
38465,1
38467,1
38468,0
38469,0
38470,1
38471,0
38472,0
38474,1
38475,1
38480,1
38485,0
38486,0
38488,0
38489,0
38491,0
38492,0
38499,1
38503,0
38504,0
38507,1
38512,0
38513,0
38514,0
38515,0
38516,1
38517,0
38519,1
38524,1
38531,1
38534,1
38539,0
38542,0
38547,1
38549,0
38551,1
38552,1
38555,0
38556,0
38567,0
38568,0
38569,1
38574,0
38576,1
38577,1
38578,1
38579,0
38580,0
38583,1
38584,0
38591,0
38592,0
38596,1
38598,0
38604,1
38615,1
38617,1
38618,0
38623,0
38627,1
38631,0
38632,1
38635,0
38638,1
38640,0
38642,0
38643,1
38644,1
38646,1
38647,0
38648,1
38650,1
38651,0
38654,0
38655,1
38658,0
38661,1
38663,0
38665,0
38668,0
38670,0
38671,1
38674,1
38675,0
38676,1
38680,0
38682,1
38685,0
38690,0
38695,0
38700,0
38703,0
38705,1
38706,0
38707,0
38709,1
38710,1
38711,0
38715,0
38719,0
38721,1
38722,0
38723,0
38725,0
38727,0
38729,0
38731,1
38733,1
38735,0
38743,0
38744,1
38749,1
38750,1
38751,0
38752,1
38753,1
38755,0
38756,1
38759,0
38761,1
38768,1
38772,0
38773,1
38777,0
38778,0
38781,0
38783,1
38784,1
38786,0
38787,0
38789,0
38791,0
38792,0
38793,1
38794,1
38795,1
38796,0
38798,0
38799,0
38800,1
38803,1
38805,1
38808,0
38811,1
38815,0
38817,1
38822,0
38824,0
38830,0
38833,0
38834,1
38835,0
38838,1
38840,1
38841,1
38850,1
38852,1
38853,1
38855,1
38856,1
38857,0
38860,1
38864,0
38866,0
38867,1
38868,1
38869,0
38872,0
38875,1
38880,1
38885,1
38889,0
38891,0
38892,0
38898,0
38901,1
38904,1
38906,0
38909,1
38911,1
38912,1
38915,1
38916,0
38923,1
38925,1
38926,1
38929,1
38930,0
38933,1
38934,0
38935,0
38937,0
38943,1
38944,1
38948,0
38949,0
38951,1
38952,0
38953,0
38954,1
38956,0
38958,0
38964,1
38966,1
38971,1
38972,1
38973,0
38977,0
38978,0
38979,0
38986,1
38987,1
38988,1
38990,0
38993,1
38994,0
38996,0
38998,0
39002,0
39005,1
39006,1
39011,1
39016,1
39019,0
39020,1
39023,1
39024,0
39025,0
39030,1
39036,0
39038,1
39039,0
39040,0
39042,1
39043,1
39045,0
39047,1
39051,1
39052,0
39053,0
39057,0
39058,1
39059,1
39060,1
39065,1
39069,0
39070,1
39072,0
39073,0
39078,1
39079,0
39081,0
39086,1
39087,0
39088,1
39089,0
39090,1
39095,0
39097,1
39098,0
39099,1
39100,0
39102,1
39108,0
39109,1
39110,0
39119,1
39120,0
39123,0
39125,0
39133,0
39134,0
39136,1
39140,0
39141,1
39143,0
39145,0
39146,1
39149,1
39152,1
39158,0
39160,0
39161,1
39162,0
39166,1
39167,1
39169,1
39171,0
39172,0
39173,1
39174,0
39175,1
39177,1
39178,1
39186,1
39190,1
39193,0
39200,1
39201,1
39202,1
39205,1
39206,0
39212,0
39214,0
39220,1
39223,1
39225,1
39230,0
39234,0
39235,0
39240,1
39243,0
39245,1
39249,1
39251,1
39252,1
39254,0
39255,1
39257,1
39260,0
39263,0
39265,0
39269,1
39270,1
39281,1
39283,0
39285,0
39286,0
39290,1
39296,1
39297,1
39298,1
39303,0
39304,0
39305,1
39307,0
39308,1
39309,1
39315,0
39316,1
39317,0
39319,0
39320,1
39322,1
39323,0
39326,0
39333,0
39334,0
39338,1
39347,0
39348,1
39349,1
39350,1
39352,1
39356,0
39357,1
39359,1
39360,0
39364,0
39365,1
39367,1
39368,1
39370,1
39371,0
39373,1
39374,0
39375,1
39376,1
39381,0
39386,0
39388,1
39394,1
39395,0
39399,1
39402,1
39403,1
39405,0
39410,1
39414,0
39419,1
39420,1
39426,0
39436,0
39438,1
39440,0
39444,1
39445,0
39448,1
39453,1
39456,0
39457,1
39460,1
39469,1
39470,1
39472,0
39473,1
39479,0
39491,1
39492,0
39493,1
39496,0
39498,1
39500,1
39502,1
39504,1
39507,1
39514,1
39517,0
39518,1
39520,0
39524,0
39525,1
39533,1
39534,1
39536,0
39538,1
39539,0
39545,0
39547,1
39549,1
39551,0
39552,1
39553,0
39556,0
39559,1
39562,0
39564,1
39569,0
39570,0
39572,0
39577,1
39578,1
39579,1
39580,0
39582,0
39583,0
39586,0
39587,1
39591,1
39594,0
39595,1
39600,0
39601,1
39602,0
39603,1
39604,1
39606,0
39611,0
39614,1
39617,1
39618,0
39620,1
39623,1
39626,1
39628,1
39631,0
39636,1
39638,1
39639,1
39650,0
39651,0
39654,1
39656,1
39661,0
39662,0
39663,1
39664,0
39665,0
39675,0
39682,1
39683,0
39684,0
39685,1
39695,1
39696,1
39698,0
39701,0
39707,1
39710,1
39713,1
39717,0
39720,0
39726,0
39729,0
39730,0
39734,0
39737,0
39739,1
39740,1
39741,1
39746,0
39749,0
39750,1
39756,0
39760,0
39765,1
39766,0
39767,0
39768,0
39771,0
39772,1
39774,1
39775,0
39776,1
39777,1
39778,1
39780,1
39781,0
39782,1
39783,0
39785,1
39791,0
39792,1
39793,1
39794,0
39795,1
39797,1
39798,1
39799,0
39804,0
39807,0
39808,0
39810,0
39811,0
39812,0
39816,0
39817,0
39819,0
39820,0
39823,0
39826,1
39827,0
39831,0
39832,1
39836,1
39837,0
39838,0
39845,1
39847,1
39850,0
39855,1
39859,1
39861,1
39862,1
39863,1
39864,0
39865,0
39867,1
39868,0
39869,1
39871,0
39875,0
39876,0
39879,1
39880,0
39883,1
39884,1
39891,0
39896,0
39897,0
39899,1
39900,0
39903,1
39905,0
39906,0
39909,0
39912,1
39914,0
39915,1
39917,1
39924,0
39927,0
39931,1
39932,0
39935,0
39938,0
39941,1
39944,0
39946,1
39949,1
39958,1
39964,0
39970,1
39971,0
39972,0
39976,1
39979,1
39980,0
39982,0
39983,1
39985,1
39987,1
39992,1
39996,0
39998,0
40007,1
40011,0
40016,1
40017,0
40019,0
40020,1
40022,1
40028,0
40030,1
40032,1
40035,0
40038,0
40044,0
40046,0
40047,0
40050,0
40053,1
40060,1
40061,0
40063,0
40064,0
40066,0
40068,1
40073,0
40078,1
40079,0
40081,1
40084,0
40089,1
40091,0
40094,1
40096,1
40097,0
40099,0
40100,0
40101,1
40104,1
40108,0
40109,0
40110,1
40113,1
40114,1
40115,1
40124,1
40126,0
40127,1
40128,1
40131,0
40133,1
40134,1
40136,0
40138,1
40139,1
40142,0
40145,1
40147,1
40151,1
40152,0
40154,0
40156,1
40157,1
40160,0
40164,1
40165,0
40168,0
40171,0
40176,1
40179,1
40184,0
40185,0
40187,0
40189,0
40190,1
40192,0
40193,1
40194,1
40195,1
40196,0
40201,1
40203,1
40205,1
40207,1
40211,1
40212,1
40213,0
40217,1
40223,0
40224,0
40226,0
40229,0
40232,0
40233,0
40244,1
40246,1
40247,0
40249,0
40252,1
40262,1
40264,1
40266,0
40267,1
40268,0
40277,0
40278,0
40282,1
40284,1
40286,1
40288,0
40291,1
40292,0
40294,1
40300,0
40301,0
40302,1
40303,1
40305,1
40307,0
40312,1
40313,1
40319,1
40320,0
40324,0
40325,0
40330,0
40342,1
40347,0
40349,1
40350,0
40353,1
40354,1
40355,1
40358,0
40366,1
40367,1
40371,1
40372,1
40373,1
40379,1
40383,1
40385,1
40390,1
40393,0
40394,1
40399,0
40402,0
40404,0
40406,0
40408,0
40409,1
40413,0
40414,0
40416,1
40418,0
40420,0
40421,0
40424,1
40426,0
40429,0
40431,0
40435,1
40444,0
40446,1
40451,0
40454,1
40456,1
40457,1
40458,1
40461,0
40463,1
40466,1
40467,0
40468,0
40470,0
40472,1
40479,1
40480,0
40481,1
40482,0
40485,0
40486,1
40487,0
40488,0
40490,0
40491,1
40493,1
40494,1
40496,1
40497,0
40498,0
40499,0
40501,0
40502,0
40504,0
40507,1
40509,0
40510,1
40511,0
40512,0
40513,0
40516,0
40525,1
40530,0
40534,0
40535,1
40539,1
40541,0
40542,0
40544,0
40545,0
40546,1
40549,1
40552,1
40556,0
40558,0
40559,1
40560,1
40561,0
40562,0
40564,1
40565,0
40578,0
40579,0
40583,0
40586,1
40587,1
40588,1
40593,1
40594,0
40599,0
40601,0
40604,0
40612,1
40615,0
40616,0
40617,0
40621,1
40628,1
40638,1
40640,1
40641,0
40642,1
40644,1
40645,0
40648,1
40653,1
40654,1
40656,1
40658,1
40662,1
40667,1
40670,0
40671,1
40678,1
40679,1
40682,0
40683,0
40684,1
40686,1
40688,0
40690,0
40691,1
40693,0
40696,1
40697,0
40701,0
40706,0
40707,0
40711,1
40715,0
40716,0
40717,1
40718,0
40720,0
40722,0
40723,0
40725,1
40726,1
40727,0
40729,1
40730,0
40732,1
40733,1
40739,0
40740,0
40741,0
40743,0
40744,0
40745,0
40746,0
40748,0
40749,0
40751,0
40752,1
40753,1
40754,0
40758,1
40759,0
40768,0
40775,0
40780,1
40782,1
40785,1
40786,1
40788,0
40791,0
40793,0
40794,1
40795,1
40797,1
40799,1
40803,0
40804,0
40816,0
40820,1
40822,0
40823,1
40829,0
40834,1
40835,1
40841,0
40842,1
40848,1
40851,0
40854,0
40855,1
40857,1
40858,1
40859,0
40861,0
40868,1
40874,1
40878,1
40880,0
40884,1
40891,1
40892,0
40894,0
40895,1
40896,0
40899,0
40900,0
40901,0
40903,1
40907,0
40914,0
40926,0
40929,0
40931,1
40932,0
40939,1
40943,1
40945,0
40946,0
40951,0
40955,0
40958,0
40960,1
40966,0
40968,0
40972,0
40973,0
40974,1
40975,1
40979,0
40980,0
40981,0
40986,1
40987,0
40988,1
40989,0
41002,0
41003,0
41009,0
41011,1
41015,1
41016,0
41017,0
41019,0
41022,0
41023,0
41026,0
41027,0
41028,1
41029,0
41030,0
41032,1
41036,0
41037,1
41040,1
41041,1
41044,0
41046,1
41047,0
41052,0
41053,0
41054,0
41055,1
41056,1
41057,1
41058,0
41060,1
41063,1
41064,1
41065,0
41068,1
41070,0
41071,1
41073,0
41074,1
41075,0
41077,1
41078,0
41081,1
41082,0
41083,0
41086,0
41089,0
41090,0
41091,1
41096,0
41099,0
41102,0
41108,0
41111,0
41112,0
41115,1
41116,0
41117,1
41118,1
41121,0
41122,1
41123,1
41125,0
41131,0
41132,1
41134,0
41135,1
41139,1
41140,0
41142,0
41147,0
41149,1
41150,0
41152,1
41157,1
41159,0
41163,1
41166,0
41167,1
41169,0
41170,0
41173,0
41175,0
41176,1
41181,0
41182,0
41183,0
41185,0
41188,1
41198,1
41201,1
41202,1
41203,0
41205,0
41209,0
41213,0
41214,0
41216,1
41218,0
41219,0
41220,1
41221,0
41225,0
41226,1
41228,0
41229,1
41233,0
41235,1
41240,1
41241,0
41244,0
41246,1
41247,0
41248,0
41249,1
41250,1
41254,0
41257,0
41258,1
41260,1
41265,1
41267,1
41268,0
41277,1
41280,0
41281,0
41282,0
41285,0
41291,0
41293,1
41297,1
41301,1
41303,0
41307,1
41310,0
41314,0
41316,1
41317,1
41319,0
41320,0
41325,1
41327,1
41328,1
41331,1
41335,0
41339,0
41343,1
41344,0
41345,0
41346,0
41347,0
41348,0
41350,0
41351,0
41354,0
41360,0
41361,1
41368,0
41371,0
41374,0
41378,1
41387,1
41394,1
41397,0
41401,1
41403,1
41405,0
41407,0
41414,1
41415,1
41417,0
41421,1
41428,0
41430,0
41431,0
41432,0
41433,0
41434,0
41436,0
41437,0
41442,1
41443,1
41446,1
41448,0
41453,1
41455,1
41456,0
41458,0
41461,0
41462,0
41464,0
41465,1
41467,1
41468,0
41474,1
41478,0
41479,0
41480,1
41483,0
41485,0
41486,0
41487,1
41488,1
41494,1
41498,0
41501,1
41503,0
41504,1
41507,1
41509,0
41511,0
41513,0
41514,0
41515,1
41516,0
41517,0
41519,0
41522,1
41523,0
41524,0
41527,1
41528,0
41531,1
41535,1
41536,1
41540,1
41544,0
41547,1
41549,1
41551,0
41558,1
41559,0
41561,0
41562,0
41563,0
41567,0
41568,1
41570,0
41571,1
41573,0
41582,0
41584,0
41585,0
41588,1
41590,0
41592,1
41593,1
41594,0
41596,0
41597,1
41599,0
41601,1
41602,0
41608,0
41611,1
41612,0
41614,1
41617,1
41619,1
41622,0
41628,1
41630,1
41636,0
41639,0
41642,0
41643,0
41644,0
41649,0
41651,1
41652,1
41657,1
41660,0
41663,1
41665,0
41669,0
41670,1
41671,0
41674,1
41675,1
41677,1
41680,0
41682,1
41683,1
41690,0
41692,1
41694,1
41701,0
41707,1
41708,1
41710,0
41712,1
41715,1
41717,0
41718,0
41720,1
41721,1
41729,1
41733,0
41734,1
41735,1
41742,1
41745,0
41749,0
41750,1
41754,0
41755,0
41759,0
41760,1
41761,0
41762,0
41763,1
41765,0
41766,1
41767,1
41768,0
41770,0
41771,1
41774,1
41775,1
41777,1
41778,1
41780,1
41784,1
41786,1
41787,1
41788,0
41794,1
41795,0
41798,1
41801,1
41802,0
41803,1
41805,0
41809,1
41810,1
41811,1
41813,1
41820,0
41822,1
41823,1
41825,1
41826,0
41829,0
41831,1
41833,0
41835,1
41836,0
41837,1
41839,1
41840,0
41843,0
41846,0
41848,1
41852,0
41854,0
41857,1
41860,1
41862,0
41863,0
41864,0
41865,1
41868,0
41872,1
41873,1
41875,0
41880,1
41882,0
41883,1
41887,0
41891,1
41894,0
41896,1
41897,0
41900,1
41901,0
41905,1
41909,0
41911,0
41912,0
41913,1
41917,1
41918,0
41919,1
41923,1
41926,1
41927,0
41928,1
41930,0
41932,0
41933,1
41937,1
41939,0
41940,0
41941,1
41942,1
41944,0
41947,0
41950,1
41955,1
41956,1
41958,0
41961,0
41963,0
41964,1
41971,0
41976,0
41978,1
41985,1
41988,1
41989,0
41996,1
41998,1
41999,0
42001,1
42006,0
42008,1
42010,1
42012,1
42015,0
42016,1
42017,0
42019,1
42020,0
42021,0
42022,1
42023,0
42024,0
42026,0
42028,0
42030,0
42031,1
42032,0
42033,0
42036,0
42041,1
42048,1
42049,0
42054,1
42055,1
42056,1
42060,0
42066,1
42070,1
42071,1
42073,0
42076,0
42078,1
42080,0
42081,1
42082,0
42088,1
42090,0
42092,0
42096,0
42097,0
42099,1
42104,1
42106,1
42111,0
42113,1
42116,0
42118,1
42120,1
42123,1
42126,0
42128,1
42129,1
42133,1
42137,0
42139,1
42145,1
42147,1
42148,0
42153,1
42157,0
42160,0
42161,1
42162,1
42164,1
42168,1
42174,1
42175,0
42176,1
42178,1
42182,1
42186,1
42187,0
42188,1
42194,1
42195,1
42202,1
42203,1
42204,0
42207,0
42209,0
42211,0
42213,1
42217,1
42219,0
42221,0
42223,0
42224,1
42230,0
42231,1
42232,1
42234,1
42235,0
42237,1
42238,0
42239,0
42240,1
42241,0
42247,0
42254,0
42255,0
42256,0
42261,1
42262,1
42266,0
42267,0
42270,0
42271,0
42272,1
42274,0
42276,0
42280,1
42290,0
42291,1
42294,0
42297,1
42307,0
42309,0
42314,1
42316,0
42317,1
42322,0
42323,0
42324,1
42325,0
42327,1
42328,1
42329,0
42330,1
42331,1
42332,0
42337,0
42338,0
42340,1
42344,1
42346,0
42366,0
42367,1
42372,0
42375,1
42377,1
42379,0
42383,1
42387,1
42388,1
42389,1
42390,0
42392,0
42393,1
42396,1
42399,1
42400,1
42403,1
42404,1
42406,1
42411,1
42413,0
42414,1
42415,0
42418,1
42419,1
42421,0
42425,0
42430,1
42431,0
42435,1
42436,1
42439,1
42440,1
42441,1
42444,0
42445,0
42446,1
42447,1
42448,0
42451,1
42453,0
42455,1
42456,0
42460,0
42461,1
42463,0
42467,1
42469,0
42470,0
42474,1
42479,1
42483,0
42485,1
42487,0
42489,0
42491,1
42493,1
42494,0
42495,1
42496,0
42500,1
42502,0
42505,0
42508,1
42511,1
42512,0
42513,0
42515,0
42516,1
42517,0
42518,0
42521,1
42536,0
42537,1
42538,1
42539,0
42545,1
42547,0
42552,0
42556,0
42559,0
42560,1
42563,1
42569,1
42572,0
42576,1
42577,1
42578,0
42580,0
42582,0
42583,1
42585,0
42589,1
42590,1
42598,0
42599,0
42607,0
42610,0
42611,1
42613,0
42614,0
42615,1
42616,0
42617,0
42622,0
42623,1
42625,0
42632,1
42633,1
42634,1
42636,0
42641,0
42642,0
42650,1
42651,1
42654,0
42656,1
42658,0
42659,1
42661,0
42664,1
42665,0
42667,1
42671,1
42672,1
42673,1
42674,0
42675,0
42676,1
42680,0
42682,0
42685,1
42688,1
42689,1
42690,0
42694,1
42695,1
42697,0
42701,0
42705,0
42706,1
42707,1
42709,0
42710,1
42711,0
42713,0
42714,0
42718,0
42721,0
42722,1
42724,0
42726,0
42727,0
42731,1
42732,0
42733,0
42734,1
42735,1
42736,0
42737,0
42739,1
42740,0
42742,0
42747,0
42751,0
42752,0
42753,0
42755,1
42759,0
42760,1
42770,1
42772,0
42774,0
42779,1
42780,0
42786,0
42792,1
42794,0
42795,0
42799,0
42800,1
42805,1
42807,0
42808,1
42810,0
42811,0
42812,0
42813,0
42815,1
42816,1
42817,1
42821,0
42822,1
42828,0
42829,1
42830,0
42831,1
42833,1
42834,0
42835,1
42836,0
42838,0
42839,1
42845,0
42848,0
42851,0
42852,1
42854,1
42855,0
42858,1
42860,0
42866,0
42868,1
42871,1
42872,0
42881,0
42882,0
42883,1
42884,1
42885,0
42886,0
42888,1
42891,0
42892,0
42893,0
42897,0
42898,1
42900,1
42903,0
42905,0
42906,1
42907,0
42911,1
42913,0
42916,1
42920,1
42923,1
42930,0
42933,1
42935,1
42937,0
42938,0
42943,0
42951,0
42953,1
42955,1
42956,0
42957,1
42959,1
42960,1
42963,1
42965,1
42966,0
42967,0
42968,0
42969,0
42977,0
42978,1
42980,0
42981,1
42982,0
42983,1
42984,1
42985,0
42986,0
42989,1
42996,0
43000,0
43001,0
43003,0
43004,0
43007,1
43011,0
43013,0
43015,0
43024,1
43026,1
43031,0
43033,0
43036,1
43038,0
43039,1
43042,1
43044,0
43045,1
43046,0
43047,1
43050,1
43052,1
43057,1
43059,0
43064,0
43065,1
43067,0
43068,0
43071,1
43074,0
43075,0
43076,1
43079,0
43085,0
43086,1
43091,1
43096,0
43099,1
43101,0
43106,0
43109,0
43114,1
43116,1
43117,0
43119,0
43120,0
43121,1
43122,0
43123,1
43125,1
43138,1
43145,0
43152,1
43154,0
43155,0
43159,0
43164,0
43165,1
43168,0
43169,0
43170,1
43173,1
43179,0
43184,0
43185,0
43187,0
43188,1
43192,0
43193,0
43194,0
43196,1
43204,0
43206,1
43208,1
43209,1
43212,0
43216,0
43227,1
43228,0
43229,1
43231,1
43232,1
43235,1
43237,1
43238,0
43242,0
43244,0
43247,1
43251,1
43252,1
43254,0
43255,0
43258,0
43260,1
43261,0
43262,1
43270,0
43272,0
43280,0
43282,1
43287,1
43288,0
43290,1
43291,1
43292,0
43293,1
43297,0
43298,1
43300,1
43302,1
43304,0
43306,0
43309,1
43310,0
43311,1
43312,1
43313,1
43315,0
43316,0
43317,0
43319,1
43321,0
43322,0
43323,0
43327,0
43328,1
43329,1
43332,1
43336,1
43338,0
43340,1
43346,0
43351,1
43353,0
43357,0
43358,1
43363,1
43364,1
43367,1
43377,1
43378,0
43379,1
43382,0
43387,1
43390,0
43395,1
43401,1
43406,0
43407,0
43409,1
43412,0
43414,1
43418,1
43419,1
43420,0
43424,1
43428,1
43429,1
43437,1
43441,1
43442,1
43444,0
43447,1
43449,0
43451,1
43452,0
43453,0
43456,1
43459,0
43461,0
43463,1
43470,0
43472,0
43473,0
43474,1
43476,0
43479,0
43481,0
43485,0
43488,0
43489,0
43491,0
43494,0
43495,0
43496,1
43498,1
43499,0
43500,0
43501,0
43505,0
43507,0
43508,1
43509,0
43510,0
43513,0
43515,1
43518,1
43519,1
43521,1
43524,1
43525,0
43526,0
43528,0
43529,0
43530,1
43531,1
43533,0
43538,1
43541,1
43546,0
43551,1
43552,0
43554,0
43573,0
43577,0
43578,0
43580,0
43581,0
43583,0
43584,1
43585,0
43588,1
43590,1
43593,0
43594,1
43595,1
43598,0
43606,1
43608,0
43610,0
43612,0
43614,1
43620,1
43621,0
43623,0
43624,1
43625,1
43626,0
43629,1
43631,1
43633,0
43635,1
43636,1
43637,1
43638,0
43641,0
43645,0
43647,0
43649,0
43654,1
43656,1
43659,1
43662,1
43664,0
43665,0
43666,1
43667,0
43668,0
43669,1
43675,0
43677,0
43679,1
43682,0
43683,1
43684,0
43685,0
43691,1
43693,1
43696,1
43699,0
43701,1
43709,0
43710,0
43712,0
43715,1
43721,1
43722,0
43725,1
43737,1
43746,0
43747,1
43749,0
43750,1
43751,0
43755,0
43756,0
43757,0
43758,1
43760,1
43761,1
43762,1
43768,1
43769,0
43771,1
43772,0
43773,0
43776,1
43777,0
43779,0
43780,1
43781,1
43783,1
43785,0
43786,0
43788,1
43791,1
43793,0
43794,1
43796,1
43797,1
43799,0
43805,0
43806,1
43808,0
43809,1
43811,0
43812,0
43815,0
43818,0
43819,0
43820,0
43824,0
43827,0
43828,0
43832,1
43837,1
43839,0
43842,1
43843,1
43846,0
43847,0
43848,1
43851,0
43853,0
43855,0
43857,0
43859,1
43861,0
43862,0
43864,0
43870,0
43871,1
43876,1
43880,1
43881,0
43883,1
43884,1
43887,0
43892,0
43894,1
43895,0
43901,0
43904,0
43906,0
43908,1
43912,0
43913,0
43916,1
43922,0
43923,1
43924,0
43929,0
43930,1
43936,0
43937,1
43938,1
43939,0
43947,0
43949,1
43950,0
43951,0
43955,1
43957,1
43958,0
43959,0
43960,1
43961,1
43962,0
43969,0
43971,0
43972,0
43985,1
43986,1
43987,1
43988,1
43990,1
43991,1
43996,0
44000,0
44001,1
44002,1
44004,1
44005,1
44006,0
44009,0
44015,1
44017,1
44019,0
44020,1
44021,0
44022,1
44023,0
44024,1
44026,0
44028,1
44031,1
44033,0
44038,1
44039,1
44041,0
44042,0
44044,1
44048,0
44049,1
44050,0
44053,1
44054,1
44058,1
44063,0
44065,1
44066,1
44067,1
44068,1
44074,0
44077,1
44079,1
44086,1
44088,0
44093,0
44095,0
44097,1
44098,0
44099,1
44102,0
44103,1
44106,0
44110,1
44111,0
44112,0
44113,1
44116,0
44122,1
44127,1
44128,1
44132,0
44134,1
44139,0
44140,1
44143,0
44144,1
44145,0
44146,0
44150,1
44151,0
44153,1
44154,1
44160,1
44165,0
44167,1
44168,0
44176,0
44178,1
44180,1
44182,0
44183,0
44187,1
44189,1
44194,0
44195,0
44196,1
44197,1
44198,0
44201,1
44202,1
44203,1
44205,0
44206,0
44208,1
44214,0
44215,1
44218,0
44222,1
44226,1
44229,0
44232,1
44233,1
44237,1
44240,0
44243,1
44244,0
44246,0
44247,1
44249,0
44252,0
44254,1
44261,1
44262,1
44272,1
44274,0
44276,0
44278,1
44279,0
44280,1
44282,1
44283,1
44289,1
44292,0
44293,1
44294,1
44297,0
44298,0
44299,1
44301,0
44306,0
44307,0
44309,1
44312,1
44313,0
44314,0
44315,1
44316,0
44318,0
44320,1
44321,1
44323,0
44326,1
44328,0
44330,1
44331,0
44334,0
44336,1
44339,0
44340,0
44341,1
44345,0
44348,1
44349,0
44350,1
44356,1
44361,0
44363,1
44366,1
44368,0
44371,1
44372,0
44374,1
44377,1
44378,1
44385,0
44387,0
44388,1
44389,0
44390,1
44391,0
44392,1
44393,0
44396,1
44397,0
44399,1
44402,0
44405,1
44406,0
44409,0
44410,1
44411,1
44412,0
44414,1
44418,1
44419,0
44420,0
44421,1
44423,0
44426,1
44429,1
44434,1
44436,1
44438,1
44442,1
44443,0
44444,0
44446,0
44448,1
44452,0
44458,1
44459,1
44460,1
44466,1
44471,0
44472,0
44475,1
44476,1
44477,0
44480,1
44481,0
44482,1
44483,0
44488,0
44490,0
44494,1
44496,0
44497,0
44499,0
44500,0
44501,0
44507,1
44508,0
44509,0
44511,1
44514,0
44517,0
44518,0
44519,1
44521,0
44522,1
44525,1
44530,1
44535,1
44540,1
44541,1
44544,1
44545,1
44547,0
44550,1
44553,0
44556,0
44557,1
44558,1
44559,0
44561,0
44562,0
44563,0
44565,0
44566,0
44571,0
44572,0
44573,1
44576,1
44577,0
44579,1
44580,1
44581,1
44589,0
44590,0
44599,0
44600,1
44602,0
44604,0
44608,0
44609,0
44612,1
44614,1
44616,0
44617,1
44621,1
44626,1
44631,0
44638,1
44639,0
44640,1
44642,0
44643,0
44649,1
44655,1
44656,0
44658,1
44664,1
44665,0
44666,0
44668,1
44670,1
44671,0
44673,1
44678,0
44682,0
44688,1
44690,1
44693,0
44696,1
44701,1
44702,0
44705,1
44708,1
44710,1
44712,1
44714,1
44717,0
44719,1
44722,1
44726,0
44728,0
44729,1
44738,0
44739,1
44742,0
44743,0
44745,1
44746,0
44748,0
44750,1
44751,1
44752,0
44756,0
44757,0
44759,0
44767,0
44774,1
44776,0
44777,1
44779,1
44780,0
44783,0
44784,1
44790,1
44793,0
44794,0
44795,0
44797,1
44798,0
44801,1
44802,0
44803,0
44804,1
44806,1
44807,1
44808,1
44809,0
44813,0
44816,1
44817,0
44821,1
44822,0
44829,1
44830,0
44831,1
44835,1
44836,1
44841,0
44845,1
44846,1
44847,1
44848,1
44853,0
44855,1
44857,1
44861,1
44863,0
44864,1
44865,0
44871,0
44872,0
44882,1
44884,0
44888,1
44890,1
44891,0
44892,0
44893,1
44894,0
44895,1
44897,0
44903,1
44904,0
44905,1
44908,0
44909,0
44910,1
44916,1
44918,1
44919,0
44920,1
44921,1
44922,0
44923,0
44924,0
44925,1
44928,0
44930,1
44931,1
44933,1
44934,1
44936,0
44937,1
44940,1
44945,1
44946,0
44947,0
44948,0
44950,0
44953,0
44956,1
44957,0
44959,1
44962,1
44963,0
44964,0
44965,0
44966,0
44967,1
44970,1
44971,0
44973,1
44974,0
44976,0
44984,1
44985,0
44986,1
44988,0
44989,1
44990,1
44991,0
44995,0
44996,0
45000,1
45002,1
45009,0
45011,0
45013,0
45014,0
45015,1
45016,1
45025,0
45028,1
45029,1
45033,1
45036,1
45037,0
45038,0
45039,1
45042,0
45044,1
45045,0
45046,1
45047,1
45057,0
45058,0
45059,1
45060,0
45062,0
45063,0
45064,0
45072,0
45077,1
45079,1
45081,1
45082,0
45083,0
45084,0
45085,0
45087,1
45088,0
45093,1
45094,0
45096,1
45099,1
45101,1
45104,0
45105,1
45109,0
45114,0
45116,1
45118,0
45121,0
45122,0
45124,0
45125,1
45128,0
45129,0
45131,1
45139,1
45142,1
45143,1
45145,1
45146,0
45147,0
45150,1
45153,1
45164,1
45166,0
45175,0
45177,1
45179,1
45189,1
45190,1
45193,1
45194,1
45202,1
45207,0
45208,1
45212,1
45213,1
45219,0
45220,0
45221,1
45223,0
45227,0
45229,0
45238,1
45239,0
45240,1
45241,1
45243,0
45246,1
45247,0
45248,1
45250,1
45255,1
45256,0
45263,0
45264,1
45268,1
45269,1
45273,0
45274,1
45276,0
45277,0
45278,0
45279,1
45282,1
45283,1
45285,0
45286,1
45287,0
45293,0
45294,0
45295,0
45296,0
45297,0
45300,0
45305,1
45306,1
45309,1
45310,0
45313,0
45319,1
45324,0
45328,0
45330,0
45332,1
45334,0
45338,1
45341,1
45343,1
45347,0
45348,1
45351,1
45357,0
45358,1
45360,0
45361,0
45362,0
45366,1
45368,1
45370,1
45373,0
45374,1
45375,1
45376,1
45377,1
45379,1
45380,0
45382,0
45389,0
45390,0
45393,1
45395,0
45397,0
45403,0
45404,0
45406,1
45412,1
45413,1
45416,0
45418,1
45421,0
45422,1
45423,1
45424,0
45426,0
45429,0
45430,1
45432,1
45434,0
45435,0
45436,0
45440,1
45446,1
45447,1
45449,1
45455,1
45456,0
45458,0
45459,1
45463,1
45464,0
45467,0
45468,1
45470,0
45473,0
45478,1
45479,0
45482,0
45484,0
45485,0
45488,1
45492,1
45493,0
45498,0
45499,1
45500,1
45501,1
45502,1
45505,1
45507,1
45508,0
45509,1
45517,0
45522,0
45523,1
45524,1
45525,1
45530,1
45532,1
45536,0
45539,0
45540,1
45541,1
45546,1
45548,0
45551,0
45553,0
45554,0
45555,1
45557,1
45559,1
45561,1
45562,1
45563,0
45566,0
45569,0
45572,1
45580,0
45583,0
45586,0
45587,0
45589,1
45592,0
45593,0
45594,0
45595,1
45598,0
45599,1
45600,1
45601,1
45603,0
45605,0
45606,1
45607,1
45609,1
45610,0
45613,0
45616,0
45619,1
45620,1
45621,0
45624,0
45631,1
45633,1
45635,0
45636,0
45639,1
45643,1
45644,0
45648,1
45653,0
45654,1
45655,1
45659,1
45665,0
45670,1
45671,0
45673,0
45675,0
45676,0
45677,1
45678,0
45679,1
45680,1
45684,1
45687,1
45689,1
45691,1
45693,0
45696,1
45697,1
45698,1
45700,1
45701,1
45703,1
45706,0
45707,0
45721,0
45722,0
45723,1
45727,0
45730,0
45738,1
45739,1
45741,0
45743,1
45745,1
45746,1
45747,0
45748,0
45754,1
45756,1
45757,1
45759,0
45760,0
45764,1
45765,1
45766,1
45772,1
45776,0
45779,1
45783,0
45785,0
45786,1
45788,1
45790,1
45791,1
45792,1
45798,1
45799,0
45800,0
45801,1
45805,1
45806,1
45807,0
45809,1
45811,1
45812,1
45813,0
45815,0
45817,0
45820,0
45821,1
45822,1
45825,0
45826,1
45828,1
45829,1
45830,0
45832,0
45835,0
45841,1
45842,0
45845,1
45846,0
45847,0
45849,0
45851,1
45857,1
45861,1
45862,1
45865,0
45866,0
45872,1
45878,1
45887,0
45891,1
45899,0
45900,1
45904,1
45905,1
45907,1
45909,1
45914,0
45917,1
45918,1
45923,0
45924,1
45925,1
45927,1
45932,0
45934,1
45935,0
45939,0
45940,0
45942,1
45943,1
45945,1
45947,1
45950,1
45956,1
45958,1
45960,0
45961,0
45963,0
45964,1
45972,0
45973,0
45979,0
45985,0
45986,1
45987,1
45990,1
45993,0
45994,1
46003,1
46005,0
46008,1
46011,1
46012,1
46015,1
46016,1
46020,0
46021,1
46023,0
46024,1
46026,1
46027,1
46029,0
46031,1
46032,1
46034,0
46035,1
46036,0
46037,1
46038,1
46039,0
46048,1
46051,0
46054,0
46056,0
46058,0
46059,1
46065,0
46067,0
46069,1
46072,1
46074,0
46077,0
46078,0
46080,1
46081,0
46082,1
46083,0
46086,1
46092,0
46095,1
46096,1
46100,1
46101,0
46106,0
46107,0
46108,1
46109,0
46110,0
46113,1
46120,0
46122,0
46123,0
46124,1
46125,0
46130,0
46133,1
46135,0
46138,0
46140,1
46141,0
46143,0
46144,1
46145,0
46146,0
46152,0
46154,1
46158,0
46162,1
46164,1
46165,0
46166,1
46167,1
46168,0
46170,0
46171,1
46174,0
46176,0
46179,1
46186,1
46189,0
46190,1
46196,1
46198,1
46204,0
46206,0
46207,0
46209,0
46210,1
46213,1
46215,0
46217,0
46218,0
46223,1
46231,0
46232,1
46235,0
46239,0
46240,0
46246,1
46249,1
46252,1
46254,0
46255,1
46257,1
46261,1
46262,0
46263,0
46264,0
46266,1
46268,0
46270,0
46272,0
46273,0
46274,0
46278,0
46279,0
46283,0
46285,1
46287,1
46290,1
46293,0
46294,0
46295,0
46302,0
46306,0
46308,0
46309,1
46311,1
46315,0
46317,1
46318,0
46324,0
46327,0
46330,1
46331,0
46333,0
46334,1
46335,0
46336,1
46337,0
46338,1
46341,1
46342,0
46345,1
46346,0
46348,0
46351,0
46353,1
46355,1
46356,0
46357,0
46364,1
46369,0
46372,1
46378,0
46385,1
46386,1
46387,1
46388,0
46392,0
46393,0
46394,1
46398,1
46407,1
46409,1
46410,1
46413,1
46414,1
46418,1
46420,0
46427,0
46428,0
46429,0
46435,1
46436,1
46437,0
46439,0
46444,0
46445,1
46448,1
46449,1
46451,1
46456,0
46459,1
46461,1
46462,1
46463,0
46465,0
46466,0
46467,0
46470,1
46471,0
46477,1
46482,1
46486,0
46487,0
46488,1
46490,0
46494,1
46496,0
46499,0
46500,1
46503,0
46507,0
46509,0
46512,1
46514,0
46515,0
46521,1
46522,0
46524,1
46526,0
46529,0
46531,1
46532,1
46534,0
46535,0
46538,0
46543,0
46544,0
46545,1
46547,0
46548,0
46550,0
46551,0
46558,0
46559,1
46561,0
46562,1
46566,1
46569,0
46571,0
46572,1
46578,0
46581,0
46582,1
46584,0
46585,0
46593,0
46594,1
46595,0
46596,1
46600,1
46602,0
46604,1
46606,0
46607,0
46609,0
46610,0
46612,1
46613,0
46614,1
46617,0
46618,0
46619,1
46622,1
46626,1
46627,0
46628,0
46629,1
46630,0
46632,0
46637,0
46639,1
46641,1
46642,0
46644,1
46646,0
46647,0
46651,1
46652,0
46653,0
46657,0
46658,1
46662,0
46665,0
46666,1
46670,0
46673,0
46674,1
46676,0
46678,0
46679,1
46681,0
46683,0
46685,1
46689,0
46697,1
46701,1
46704,0
46706,0
46708,0
46709,1
46710,1
46711,1
46713,0
46715,0
46717,1
46723,1
46725,0
46728,1
46729,0
46730,1
46732,0
46735,1
46738,0
46739,0
46743,1
46746,1
46751,0
46755,1
46756,1
46760,1
46763,0
46766,1
46767,1
46768,0
46772,0
46773,1
46779,1
46781,0
46785,0
46787,0
46789,0
46791,0
46792,1
46793,1
46796,0
46798,1
46803,0
46806,1
46811,0
46812,1
46813,0
46814,1
46815,1
46819,0
46820,1
46823,1
46830,0
46831,1
46834,1
46835,0
46837,1
46839,0
46842,1
46843,1
46844,1
46847,0
46848,0
46849,1
46851,1
46854,0
46855,1
46856,0
46859,0
46866,0
46867,1
46872,0
46873,0
46874,0
46875,1
46876,1
46879,0
46880,1
46881,1
46883,0
46884,1
46885,0
46891,1
46895,1
46896,0
46900,0
46903,1
46908,1
46912,0
46914,1
46916,1
46919,0
46920,1
46922,1
46925,1
46928,1
46930,0
46934,0
46938,0
46940,1
46941,1
46945,0
46947,1
46948,1
46950,0
46960,1
46965,0
46966,1
46967,1
46969,0
46971,1
46972,1
46973,0
46974,0
46975,1
46977,1
46978,0
46979,1
46981,1
46983,1
46984,0
46985,0
46986,1
46992,1
46994,1
46997,0
46998,0
46999,1
47003,0
47009,0
47010,0
47013,0
47015,0
47022,1
47023,0
47025,1
47029,0
47034,1
47036,1
47041,0
47042,0
47043,0
47044,0
47045,0
47047,0
47048,1
47049,0
47052,1
47053,1
47055,1
47056,1
47059,1
47060,1
47062,0
47064,0
47077,0
47079,0
47082,1
47085,0
47086,1
47087,1
47088,1
47089,0
47090,1
47094,0
47096,0
47097,0
47098,0
47100,1
47101,0
47102,0
47105,0
47106,0
47108,1
47109,0
47110,0
47112,0
47115,0
47124,0
47126,0
47127,1
47134,1
47137,1
47139,0
47143,0
47144,0
47145,1
47147,1
47149,0
47150,0
47151,1
47154,1
47157,0
47159,0
47160,0
47163,0
47165,1
47170,1
47172,0
47174,0
47176,1
47177,0
47183,0
47186,1
47187,1
47192,1
47194,1
47197,0
47203,1
47207,1
47208,0
47215,1
47216,0
47217,0
47218,0
47219,1
47220,0
47223,1
47224,0
47225,0
47227,1
47229,0
47230,0
47234,0
47235,0
47238,0
47242,1
47245,0
47247,0
47251,0
47253,0
47254,0
47258,1
47261,1
47262,0
47263,0
47264,0
47265,1
47268,0
47272,1
47274,1
47276,0
47281,1
47282,0
47285,1
47286,1
47288,1
47289,0
47291,0
47292,1
47298,1
47300,0
47301,0
47307,0
47308,1
47310,0
47317,0
47318,1
47324,0
47327,0
47330,1
47331,1
47333,1
47340,1
47344,1
47345,1
47347,0
47350,1
47351,0
47355,0
47358,0
47363,1
47366,0
47371,0
47375,0
47382,0
47383,0
47391,1
47392,0
47397,1
47398,1
47401,0
47402,1
47403,0
47404,0
47407,0
47408,0
47409,1
47413,1
47418,0
47420,0
47421,1
47423,0
47426,0
47429,1
47430,0
47431,1
47440,0
47442,0
47452,0
47457,1
47467,0
47474,0
47475,1
47480,0
47485,0
47489,1
47490,0
47494,0
47496,1
47497,1
47503,1
47506,1
47508,0
47510,0
47511,1
47518,1
47520,0
47524,0
47528,1
47529,1
47532,0
47536,1
47537,0
47546,1
47547,0
47549,0
47555,1
47557,0
47559,0
47562,1
47563,0
47564,0
47566,1
47578,0
47580,1
47581,0
47582,1
47583,0
47585,0
47588,0
47589,0
47594,1
47597,1
47601,1
47603,1
47605,0
47607,1
47611,0
47613,1
47617,0
47621,0
47623,0
47625,0
47626,1
47627,0
47628,1
47631,1
47633,1
47638,0
47639,0
47641,0
47642,0
47643,0
47652,0
47654,0
47656,0
47658,0
47660,1
47664,0
47667,1
47671,0
47673,0
47674,1
47676,1
47677,1
47678,0
47680,1
47681,0
47682,0
47683,0
47688,1
47689,0
47693,0
47694,0
47698,1
47703,1
47705,0
47706,1
47707,1
47708,0
47709,1
47716,0
47717,1
47718,1
47720,0
47726,1
47728,1
47729,1
47731,0
47732,0
47733,1
47735,0
47739,0
47741,0
47751,0
47753,0
47756,1
47757,1
47759,0
47760,0
47761,1
47766,0
47768,0
47769,0
47770,0
47777,1
47779,1
47780,0
47784,1
47785,0
47786,1
47787,0
47788,1
47789,1
47792,1
47794,0
47795,0
47799,0
47805,0
47806,1
47807,1
47811,1
47812,1
47814,0
47815,0
47818,1
47820,0
47821,0
47825,0
47829,0
47836,1
47837,1
47840,1
47841,1
47845,1
47849,0
47851,0
47852,0
47856,0
47859,0
47861,0
47862,0
47863,0
47866,0
47867,0
47868,0
47874,1
47876,1
47877,0
47881,1
47886,0
47889,1
47892,1
47893,1
47894,0
47895,1
47897,0
47903,0
47904,1
47905,1
47910,1
47911,1
47913,1
47917,1
47920,1
47921,1
47923,0
47925,1
47928,0
47931,0
47934,1
47935,0
47938,0
47939,1
47940,1
47941,0
47944,1
47947,0
47950,0
47953,1
47954,0
47958,0
47960,1
47961,1
47962,1
47964,1
47965,0
47969,0
47975,1
47977,0
47980,1
47982,0
47983,0
47992,1
47994,0
47999,0
48003,1
48004,1
48005,0
48006,1
48007,0
48009,1
48012,1
48013,1
48014,1
48015,1
48020,1
48021,1
48023,0
48024,1
48029,0
48031,0
48032,0
48038,0
48043,0
48044,1
48045,0
48059,0
48060,1
48062,0
48064,1
48066,0
48067,0
48068,1
48069,0
48070,1
48073,0
48074,1
48076,1
48077,1
48079,0
48086,0
48088,1
48091,1
48094,0
48096,1
48100,1
48101,0
48102,1
48106,0
48109,0
48111,0
48112,1
48114,0
48118,1
48126,1
48127,0
48128,0
48129,0
48134,1
48135,0
48138,1
48142,0
48143,1
48144,1
48148,0
48149,0
48152,0
48154,0
48155,1
48156,1
48159,0
48161,0
48162,1
48163,0
48165,0
48167,0
48168,1
48170,1
48182,1
48185,0
48186,0
48189,0
48190,1
48191,0
48192,1
48196,1
48197,0
48199,0
48201,0
48205,0
48207,0
48210,1
48211,1
48212,0
48218,1
48221,1
48222,0
48229,1
48233,1
48240,1
48243,0
48245,1
48248,0
48252,0
48255,0
48256,0
48257,0
48260,0
48261,1
48262,0
48265,1
48266,0
48267,1
48268,1
48270,0
48277,0
48279,0
48280,1
48281,0
48283,0
48284,1
48285,0
48286,1
48287,1
48289,0
48292,1
48293,0
48295,1
48297,1
48298,1
48301,0
48311,1
48314,0
48315,0
48317,0
48320,1
48322,1
48325,1
48326,1
48328,1
48333,1
48334,1
48336,1
48339,0
48340,1
48346,1
48350,0
48352,0
48354,1
48355,0
48356,1
48366,1
48367,0
48369,1
48373,0
48374,1
48377,0
48380,1
48390,1
48392,1
48399,1
48401,1
48403,0
48406,0
48407,0
48408,0
48410,0
48412,1
48413,0
48414,1
48415,1
48417,1
48421,1
48423,1
48425,1
48426,1
48427,1
48428,1
48429,1
48435,0
48436,0
48437,0
48439,1
48440,1
48444,1
48446,0
48447,0
48452,1
48454,1
48456,0
48461,1
48467,1
48468,0
48469,0
48470,0
48471,0
48473,0
48475,1
48477,1
48479,0
48482,0
48486,0
48489,0
48490,0
48491,0
48495,1
48496,0
48497,1
48500,0
48501,0
48506,1
48509,1
48511,0
48516,1
48517,0
48518,1
48520,1
48528,0
48529,1
48530,0
48531,1
48538,1
48541,0
48542,0
48544,0
48548,0
48549,1
48554,1
48557,0
48558,1
48560,1
48561,1
48565,0
48566,1
48572,0
48578,1
48579,1
48580,0
48584,1
48586,0
48591,1
48593,1
48597,1
48601,0
48603,0
48607,0
48610,1
48613,1
48614,0
48616,1
48619,0
48620,0
48621,0
48622,0
48624,1
48630,0
48634,1
48635,0
48637,1
48640,1
48642,1
48647,0
48648,0
48651,0
48654,0
48655,0
48657,0
48663,0
48664,1
48673,1
48681,1
48682,0
48686,0
48688,1
48691,1
48695,0
48696,0
48701,1
48702,0
48704,1
48707,1
48708,0
48710,0
48717,1
48720,0
48721,0
48724,1
48726,0
48728,1
48735,1
48736,1
48737,0
48738,1
48741,1
48742,0
48747,1
48749,1
48752,1
48753,1
48755,1
48758,0
48762,0
48765,1
48766,0
48767,1
48770,1
48772,1
48773,0
48775,1
48779,0
48782,0
48784,0
48793,1
48795,1
48798,0
48799,1
48803,0
48804,0
48805,1
48811,1
48812,1
48813,1
48814,0
48817,0
48820,1
48821,0
48822,1
48823,1
48827,1
48830,0
48833,1
48837,1
48838,1
48843,0
48844,0
48845,1
48846,1
48847,1
48849,1
48851,1
48853,1
48856,0
48857,1
48863,0
48864,0
48866,1
48867,1
48873,0
48875,0
48878,0
48879,1
48885,0
48886,1
48889,0
48891,1
48892,0
48898,1
48900,0
48902,0
48908,0
48909,1
48914,0
48915,0
48916,0
48917,0
48927,1
48928,0
48929,1
48930,0
48931,1
48933,1
48934,1
48937,0
48938,0
48941,0
48943,1
48945,0
48946,0
48948,0
48953,1
48957,1
48960,0
48961,1
48963,0
48967,0
48968,1
48969,1
48971,1
48976,1
48977,0
48978,0
48982,0
48984,1
48985,1
48986,1
48987,0
48998,0
49002,0
49003,1
49008,1
49011,0
49012,1
49016,1
49017,1
49021,0
49025,1
49027,1
49028,0
49031,0
49038,0
49043,0
49044,0
49047,0
49056,0
49065,0
49066,0
49067,1
49069,1
49070,0
49072,1
49073,1
49076,0
49080,0
49082,1
49085,1
49089,1
49090,0
49091,0
49092,0
49093,1
49094,1
49097,1
49101,0
49104,0
49105,1
49106,0
49107,1
49108,0
49109,1
49111,0
49112,0
49114,0
49115,0
49117,0
49118,0
49123,0
49129,1
49135,1
49136,1
49138,1
49139,1
49145,0
49146,1
49147,1
49148,1
49157,0
49160,1
49162,0
49166,0
49168,1
49169,0
49172,1
49174,0
49175,0
49180,1
49181,0
49187,0
49190,1
49192,0
49193,1
49194,0
49195,0
49200,1
49201,0
49204,0
49205,1
49206,0
49207,0
49208,0
49221,0
49223,0
49225,0
49228,0
49229,0
49230,0
49236,0
49237,0
49238,1
49244,1
49246,1
49248,1
49249,1
49251,1
49252,0
49254,1
49256,0
49257,0
49262,0
49265,1
49268,1
49270,1
49272,0
49274,1
49278,0
49281,0
49282,0
49283,1
49286,0
49288,1
49294,0
49296,1
49300,1
49302,1
49305,1
49308,0
49310,0
49313,0
49316,1
49317,0
49318,0
49323,0
49324,0
49325,0
49326,0
49328,0
49329,0
49333,1
49336,0
49337,0
49338,0
49340,0
49342,0
49345,0
49346,1
49347,0
49348,0
49350,1
49354,0
49357,0
49359,1
49362,0
49368,1
49372,1
49374,1
49377,0
49378,1
49379,0
49380,1
49387,0
49390,0
49395,1
49398,1
49401,0
49403,1
49409,1
49414,0
49418,1
49422,0
49423,0
49426,0
49431,0
49432,1
49436,0
49437,0
49440,1
49441,1
49444,0
49446,0
49450,1
49452,0
49455,0
49456,0
49457,0
49458,0
49460,1
49461,1
49465,1
49466,0
49467,1
49468,0
49472,0
49473,1
49474,0
49476,0
49479,0
49480,1
49488,0
49490,0
49494,1
49495,1
49498,1
49499,0
49501,1
49503,1
49505,0
49512,0
49516,1
49517,0
49518,0
49520,0
49524,0
49529,1
49531,0
49532,1
49538,1
49539,1
49541,0
49542,0
49545,0
49546,0
49547,1
49548,0
49551,0
49554,1
49556,1
49560,0
49563,0
49567,1
49568,0
49569,1
49572,1
49574,1
49576,0
49577,0
49579,0
49582,1
49583,0
49585,0
49586,1
49591,0
49592,1
49597,0
49600,1
49602,0
49606,1
49607,1
49608,0
49611,1
49612,0
49613,1
49614,1
49615,1
49621,1
49622,0
49623,1
49625,0
49627,0
49629,1
49630,0
49633,1
49635,0
49636,0
49638,0
49643,0
49644,0
49648,1
49666,1
49667,0
49674,1
49676,0
49680,0
49687,0
49690,1
49691,0
49692,0
49694,1
49695,0
49696,1
49697,1
49698,1
49699,0
49700,0
49701,1
49702,0
49705,0
49707,1
49713,0
49717,1
49722,1
49723,0
49724,0
49725,1
49726,0
49727,0
49734,0
49735,0
49737,0
49746,0
49747,1
49748,1
49752,1
49753,1
49754,1
49761,0
49763,0
49767,1
49768,1
49769,1
49771,0
49772,0
49774,1
49775,0
49776,1
49779,1
49780,0
49781,0
49782,1
49783,1
49785,0
49786,0
49787,0
49790,0
49793,0
49794,0
49796,1
49797,0
49801,0
49807,1
49808,0
49811,1
49815,1
49820,0
49824,1
49826,1
49829,0
49838,0
49839,0
49841,1
49844,0
49845,0
49847,1
49851,1
49855,0
49857,0
49860,0
49865,1
49866,0
49868,0
49870,0
49871,0
49872,0
49874,0
49876,1
49878,0
49880,0
49885,1
49888,1
49890,1
49891,0
49895,0
49900,0
49901,0
49906,1
49907,0
49908,0
49911,1
49914,0
49917,1
49920,0
49921,1
49922,1
49925,0
49926,0
49929,1
49934,0
49937,0
49939,0
49940,1
49941,1
49943,0
49951,1
49952,1
49955,1
49959,1
49960,0
49966,0
49969,0
49981,1
49986,1
49987,1
49988,0
49992,0
49994,0
49998,0
50000,0
50001,1
50010,1
50011,1
50015,0
50016,1
50017,0
50021,0
50026,0
50027,0
50033,1
50035,0
50036,1
50038,0
50043,0
50045,1
50050,1
50052,1
50054,0
50056,1
50057,1
50058,0
50061,1
50064,1
50066,0
50071,0
50073,0
50077,0
50080,1
50081,1
50082,0
50084,1
50086,1
50092,1
50093,1
50095,0
50100,0
50101,1
50102,0
50108,1
50109,0
50111,1
50113,1
50116,0
50117,1
50118,0
50119,1
50121,0
50124,1
50127,0
50130,0
50132,1
50133,1
50136,0
50140,0
50141,0
50142,1
50143,0
50144,0
50149,0
50150,1
50156,0
50157,1
50162,0
50165,1
50168,1
50172,0
50174,1
50179,0
50181,0
50182,0
50184,1
50186,0
50187,0
50192,1
50193,0
50194,0
50196,0
50200,0
50201,1
50205,0
50207,1
50209,0
50211,0
50214,1
50218,0
50220,0
50222,1
50223,0
50225,1
50233,1
50235,0
50236,1
50238,1
50242,1
50248,1
50249,0
50252,0
50254,1
50255,1
50256,1
50257,0
50258,1
50259,1
50260,1
50264,0
50265,0
50269,1
50273,0
50275,0
50277,1
50278,0
50280,0
50286,1
50288,1
50290,0
50294,0
50298,0
50300,0
50303,0
50304,0
50306,1
50307,0
50311,1
50314,1
50317,0
50318,0
50319,1
50322,0
50324,0
50329,0
50331,0
50332,1
50335,1
50336,1
50340,0
50343,1
50344,1
50347,1
50350,0
50353,1
50356,1
50357,1
50361,1
50362,1
50367,0
50370,0
50371,1
50374,1
50383,1
50393,0
50394,1
50396,0
50397,0
50399,1
50400,1
50407,0
50408,0
50413,0
50415,1
50416,0
50421,0
50424,1
50426,0
50428,1
50430,1
50440,0
50441,1
50442,1
50444,0
50447,0
50448,0
50451,0
50452,0
50454,1
50455,0
50456,0
50459,1
50464,0
50465,0
50467,0
50468,1
50473,0
50474,0
50477,0
50480,1
50484,0
50489,0
50490,1
50492,1
50495,1
50498,0
50499,0
50500,0
50501,0
50502,1
50503,1
50504,1
50505,1
50509,0
50512,0
50513,1
50515,1
50516,0
50521,1
50523,0
50525,1
50527,1
50534,0
50538,0
50540,0
50546,1
50547,1
50549,0
50550,0
50555,0
50562,0
50563,0
50566,1
50569,1
50570,1
50572,0
50576,0
50580,1
50581,1
50589,0
50592,0
50593,0
50599,0
50600,1
50601,1
50607,0
50608,1
50609,0
50612,0
50614,0
50615,1
50620,0
50624,0
50627,1
50629,0
50631,1
50634,1
50635,0
50636,0
50638,1
50640,1
50651,1
50653,0
50656,0
50657,0
50662,1
50664,0
50665,0
50667,0
50669,0
50670,1
50673,0
50675,1
50679,0
50681,0
50683,1
50686,1
50693,0
50694,0
50696,1
50698,0
50706,0
50712,0
50721,1
50722,0
50724,0
50730,0
50731,1
50732,1
50736,0
50743,1
50745,1
50746,0
50747,0
50748,1
50750,1
50752,0
50753,0
50760,0
50762,1
50764,0
50767,1
50768,1
50770,0
50779,0
50780,0
50784,0
50791,0
50795,1
50797,0
50799,1
50805,1
50806,0
50807,0
50808,1
50810,0
50814,1
50817,1
50818,1
50819,1
50820,1
50822,0
50823,0
50825,0
50826,0
50827,0
50828,0
50829,1
50832,0
50837,1
50843,1
50847,0
50851,0
50856,1
50859,1
50861,0
50862,0
50866,1
50868,0
50869,0
50871,0
50875,1
50876,0
50878,0
50880,1
50884,1
50887,0
50888,1
50890,0
50891,1
50896,0
50898,0
50904,1
50906,1
50911,0
50912,0
50914,0
50916,1
50918,0
50919,0
50922,0
50924,1
50927,1
50928,0
50930,1
50931,1
50933,1
50935,0
50936,0
50937,0
50938,1
50939,0
50940,0
50941,0
50943,1
50944,1
50946,1
50947,1
50948,1
50955,1
50956,0
50957,0
50959,1
50960,0
50961,0
50964,0
50971,0
50972,0
50974,0
50975,0
50986,0
50989,0
50991,1
50993,0
50995,0
50996,0
50997,0
50998,0
50999,1
51000,1
51002,0
51003,0
51004,0
51005,1
51006,0
51007,1
51009,0
51010,0
51011,1
51021,0
51024,1
51025,1
51026,1
51027,0
51028,1
51030,0
51033,0
51034,0
51037,0
51042,0
51046,0
51049,1
51050,1
51052,1
51054,0
51057,1
51063,0
51066,1
51067,1
51070,0
51071,1
51073,0
51074,0
51075,0
51076,0
51077,0
51078,1
51083,1
51090,1
51095,0
51096,1
51097,0
51098,0
51102,1
51103,0
51109,1
51110,0
51111,0
51113,1
51116,1
51120,1
51123,0
51124,0
51125,0
51130,0
51133,0
51135,0
51136,0
51138,0
51143,1
51145,1
51147,0
51151,1
51152,1
51153,1
51154,0
51155,0
51156,0
51157,0
51162,0
51163,1
51169,1
51174,0
51175,0
51178,1
51180,1
51182,0
51185,0
51188,0
51191,1
51194,1
51197,1
51198,0
51199,0
51200,0
51202,1
51205,0
51208,1
51210,1
51211,0
51213,1
51217,0
51219,1
51221,1
51223,1
51226,0
51230,1
51234,0
51237,0
51238,0
51239,0
51241,0
51245,1
51246,1
51247,1
51252,1
51253,1
51254,0
51256,0
51257,1
51258,0
51259,1
51263,1
51266,1
51267,1
51270,0
51272,0
51275,0
51279,0
51283,0
51284,0
51286,0
51287,0
51288,0
51295,1
51297,0
51298,0
51300,1
51303,0
51307,1
51309,1
51310,1
51312,1
51315,1
51318,0
51319,0
51321,0
51322,1
51326,1
51327,0
51328,1
51330,1
51338,0
51339,1
51343,0
51344,1
51347,0
51350,1
51353,1
51354,0
51355,1
51358,0
51359,0
51361,0
51363,1
51365,1
51370,0
51373,0
51376,1
51377,0
51380,1
51381,1
51383,0
51384,1
51388,0
51389,1
51391,1
51395,1
51396,1
51398,1
51402,1
51405,1
51411,0
51412,1
51415,1
51417,0
51420,1
51421,1
51426,1
51427,1
51429,0
51435,0
51439,1
51442,1
51445,1
51446,1
51451,0
51452,1
51453,0
51455,0
51456,1
51467,0
51468,0
51470,0
51472,1
51475,0
51476,1
51477,0
51480,0
51481,0
51483,1
51486,0
51494,0
51495,1
51496,0
51497,1
51498,0
51499,1
51502,1
51505,0
51506,0
51513,0
51516,0
51520,1
51525,1
51534,0
51535,1
51536,1
51537,0
51538,1
51541,0
51542,0
51550,1
51551,0
51552,0
51553,0
51555,0
51557,0
51563,0
51565,0
51568,1
51570,0
51571,0
51572,1
51573,0
51576,1
51578,1
51581,0
51584,1
51586,1
51587,0
51589,1
51591,0
51592,0
51593,1
51598,1
51601,1
51602,0
51604,1
51605,1
51609,1
51610,0
51614,1
51615,0
51616,0
51620,0
51621,1
51623,0
51627,0
51628,0
51630,0
51632,0
51636,0
51637,0
51639,0
51641,1
51642,0
51644,1
51651,1
51654,1
51656,0
51661,0
51662,0
51663,1
51664,0
51665,0
51667,0
51670,1
51671,0
51675,0
51678,0
51679,1
51681,1
51682,1
51683,0
51689,0
51691,1
51692,0
51704,0
51712,1
51720,0
51721,0
51724,1
51726,0
51729,0
51730,1
51731,0
51732,1
51735,1
51739,1
51740,0
51741,0
51744,1
51745,0
51750,0
51753,0
51755,0
51758,1
51759,0
51762,0
51763,1
51764,1
51765,1
51766,0
51770,1
51771,1
51777,1
51778,0
51780,1
51782,1
51787,0
51790,1
51793,1
51794,0
51796,1
51799,0
51800,1
51801,1
51803,1
51806,0
51809,0
51814,1
51815,1
51817,1
51824,0
51827,0
51829,0
51832,0
51836,1
51838,1
51842,0
51843,0
51849,0
51851,0
51852,0
51853,0
51854,0
51857,0
51858,1
51859,0
51860,0
51868,0
51870,1
51872,0
51874,0
51878,0
51883,0
51886,0
51887,1
51888,1
51891,1
51895,0
51897,1
51901,1
51902,1
51905,0
51909,0
51910,0
51913,1
51914,0
51915,0
51918,0
51922,0
51925,1
51928,0
51932,0
51935,1
51938,0
51940,0
51941,1
51942,0
51943,1
51944,1
51946,0
51953,1
51955,0
51958,0
51960,0
51961,1
51968,1
51977,1
51979,1
51980,1
51981,1
51983,1
51984,1
51985,1
51987,1
51988,1
51993,1
51995,0
51997,1
52001,1
52006,1
52008,1
52009,1
52011,0
52013,1
52019,0
52022,1
52025,0
52027,1
52030,1
52032,0
52036,1
52038,0
52041,1
52042,1
52044,1
52045,0
52049,0
52051,0
52055,0
52056,0
52057,0
52059,1
52062,0
52068,0
52073,1
52075,1
52079,0
52082,1
52086,0
52087,1
52088,1
52090,1
52095,0
52097,1
52099,1
52102,1
52103,0
52106,1
52108,1
52112,1
52114,0
52120,1
52121,1
52122,1
52124,1
52127,0
52128,1
52135,1
52137,1
52138,0
52139,1
52142,1
52143,1
52145,0
52147,0
52148,1
52157,1
52159,0
52165,0
52166,0
52167,0
52171,1
52172,1
52174,1
52176,1
52177,1
52178,1
52179,1
52180,0
52182,0
52183,1
52189,1
52190,0
52191,1
52192,1
52195,1
52197,1
52204,0
52207,0
52209,1
52210,0
52216,1
52220,1
52222,0
52223,1
52230,0
52232,0
52235,0
52237,0
52239,1
52240,1
52248,0
52256,0
52257,0
52259,0
52262,0
52264,1
52269,1
52272,0
52274,0
52277,0
52279,0
52280,0
52283,0
52287,1
52294,0
52295,0
52296,1
52305,1
52306,0
52308,0
52310,1
52314,0
52315,0
52317,0
52319,0
52327,1
52330,1
52331,0
52335,0
52337,0
52342,1
52345,1
52347,0
52348,0
52349,0
52352,0
52353,0
52357,1
52358,1
52360,0
52361,0
52367,0
52371,1
52373,1
52375,1
52378,1
52381,0
52382,1
52386,0
52389,1
52392,1
52393,0
52394,1
52395,1
52401,1
52402,0
52404,0
52405,1
52406,1
52410,1
52411,0
52415,1
52417,1
52418,0
52422,0
52427,0
52428,1
52431,1
52433,0
52435,1
52437,0
52439,0
52443,0
52445,0
52446,0
52447,1
52450,1
52452,1
52456,0
52457,0
52458,0
52460,0
52462,0
52467,0
52471,1
52475,1
52479,0
52481,0
52484,1
52485,0
52486,1
52488,1
52489,1
52491,0
52492,1
52499,1
52501,1
52502,0
52504,1
52505,1
52508,1
52509,1
52510,0
52512,0
52514,1
52516,0
52522,1
52523,1
52524,1
52525,0
52526,1
52527,1
52534,1
52539,1
52540,1
52542,0
52545,1
52546,1
52548,0
52549,1
52552,1
52558,0
52561,1
52564,0
52565,0
52566,1
52568,0
52570,1
52575,0
52577,1
52579,1
52580,0
52581,1
52585,1
52586,1
52589,1
52594,0
52595,0
52596,1
52602,1
52603,1
52605,0
52606,0
52607,1
52611,1
52613,1
52615,1
52617,1
52618,0
52621,0
52629,0
52630,0
52632,1
52633,0
52636,1
52642,1
52644,0
52645,1
52646,1
52648,1
52650,0
52651,0
52653,1
52654,1
52655,1
52657,0
52661,1
52662,0
52663,0
52665,0
52669,1
52670,0
52673,1
52675,1
52677,0
52681,0
52682,1
52683,0
52685,1
52693,0
52694,0
52695,0
52697,1
52698,1
52699,0
52703,1
52705,0
52706,0
52707,0
52709,0
52712,1
52716,0
52718,0
52719,1
52724,0
52727,1
52728,1
52730,0
52731,0
52733,0
52741,0
52742,0
52746,1
52747,1
52750,0
52754,0
52757,1
52768,1
52770,1
52771,0
52772,0
52774,0
52775,0
52778,1
52780,0
52782,1
52783,1
52784,1
52786,1
52787,1
52788,1
52789,0
52792,0
52796,1
52797,0
52800,0
52804,1
52805,1
52806,0
52809,1
52810,1
52813,1
52815,0
52822,1
52825,1
52826,1
52832,0
52834,0
52838,1
52839,0
52840,0
52843,0
52845,1
52848,0
52849,1
52851,1
52853,0
52855,0
52861,1
52866,1
52869,1
52871,1
52872,0
52873,0
52874,1
52875,0
52876,1
52879,1
52880,0
52885,0
52891,1
52895,0
52898,0
52900,1
52903,0
52905,0
52906,0
52909,0
52913,1
52914,0
52915,0
52917,0
52918,0
52919,0
52923,1
52925,0
52926,1
52929,1
52931,0
52932,0
52933,0
52934,0
52936,0
52942,1
52943,1
52948,0
52952,1
52953,0
52955,0
52956,0
52957,0
52959,0
52963,1
52965,0
52968,0
52970,0
52971,0
52973,1
52974,0
52976,1
52979,0
52982,1
52984,0
52985,0
52986,0
52989,1
52992,1
52993,0
52994,1
52999,1
53002,0
53004,0
53005,0
53006,0
53007,0
53010,0
53011,1
53015,0
53018,0
53021,1
53022,0
53027,0
53033,0
53047,1
53048,0
53049,0
53051,0
53052,0
53055,1
53056,1
53061,1
53062,0
53063,0
53066,0
53068,1
53070,0
53080,0
53083,0
53085,1
53087,1
53099,1
53100,0
53101,0
53103,0
53108,1
53111,1
53118,0
53119,1
53120,0
53121,0
53127,0
53129,0
53132,0
53134,1
53136,0
53141,1
53145,1
53146,1
53149,1
53150,1
53151,0
53159,0
53162,1
53163,0
53167,1
53170,1
53184,1
53187,1
53191,1
53192,0
53195,1
53196,1
53201,1
53204,0
53206,0
53210,0
53212,0
53213,0
53217,1
53221,0
53222,0
53223,0
53225,0
53226,0
53230,1
53231,0
53233,0
53243,1
53244,1
53245,0
53246,1
53253,1
53254,0
53259,0
53262,1
53263,0
53266,0
53270,1
53273,1
53276,1
53277,1
53279,1
53280,0
53284,1
53286,0
53291,0
53294,1
53296,1
53297,0
53298,1
53302,1
53308,1
53311,1
53312,1
53314,1
53315,0
53316,0
53317,0
53321,1
53322,0
53326,0
53327,1
53329,1
53332,0
53335,0
53337,0
53340,0
53343,0
53344,1
53347,0
53353,0
53354,0
53356,0
53357,0
53360,1
53362,0
53364,1
53370,1
53371,1
53375,0
53376,0
53377,0
53380,0
53381,1
53382,1
53384,0
53388,0
53390,1
53397,0
53398,1
53399,1
53406,0
53408,0
53409,1
53418,0
53419,0
53422,0
53423,0
53425,1
53426,1
53433,1
53437,0
53440,0
53443,1
53447,0
53450,0
53456,0
53460,0
53464,0
53466,1
53467,0
53468,0
53469,0
53470,1
53471,1
53473,0
53475,1
53476,1
53477,0
53479,0
53480,1
53483,0
53487,0
53489,1
53492,1
53493,0
53495,0
53497,0
53499,1
53501,1
53504,1
53506,0
53508,1
53511,0
53512,0
53513,0
53515,1
53517,1
53520,1
53521,1
53524,0
53530,1
53533,0
53535,0
53536,1
53537,1
53540,1
53541,0
53542,1
53543,0
53544,1
53546,1
53550,0
53552,0
53554,1
53557,1
53559,0
53562,1
53564,0
53565,0
53566,0
53572,0
53574,1
53575,0
53577,1
53585,0
53586,0
53587,0
53591,1
53593,0
53594,1
53596,0
53597,0
53599,0
53601,0
53603,0
53605,0
53614,0
53616,1
53617,0
53619,1
53623,0
53627,0
53630,1
53632,0
53634,1
53635,1
53636,1
53640,0
53641,1
53642,1
53644,1
53659,1
53662,1
53664,1
53665,1
53666,1
53667,1
53671,0
53672,0
53673,1
53675,0
53679,0
53682,0
53687,0
53689,0
53690,0
53692,1
53700,1
53701,1
53702,1
53703,0
53705,0
53708,1
53710,0
53711,1
53712,1
53716,0
53720,1
53730,0
53732,1
53733,1
53738,1
53741,1
53744,1
53745,0
53749,1
53753,1
53755,0
53757,1
53758,0
53760,1
53761,1
53762,0
53763,1
53764,1
53769,0
53772,0
53774,0
53783,1
53788,0
53789,0
53795,0
53796,0
53799,0
53800,1
53801,0
53808,0
53810,1
53812,1
53815,1
53818,0
53820,0
53821,1
53822,1
53823,1
53824,0
53826,1
53829,1
53831,1
53832,1
53835,1
53836,0
53837,1
53838,1
53840,1
53841,1
53843,1
53844,0
53849,0
53851,1
53852,1
53854,1
53860,1
53861,1
53866,0
53869,0
53871,1
53872,0
53878,1
53879,0
53881,0
53885,1
53888,1
53889,1
53890,0
53891,0
53892,0
53894,1
53896,1
53898,1
53899,1
53901,1
53903,0
53905,1
53906,1
53909,1
53914,0
53917,1
53926,0
53928,0
53930,1
53931,1
53932,1
53934,0
53941,0
53943,0
53945,1
53949,0
53950,0
53954,0
53956,1
53958,1
53959,0
53960,0
53963,1
53968,1
53969,0
53970,0
53976,0
53978,1
53981,1
53982,0
53985,0
53986,0
53987,1
53989,0
53990,1
53992,1
53993,1
53994,0
53995,1
53996,1
53999,0
54000,1
54001,0
54005,0
54009,0
54010,1
54011,0
54015,0
54023,1
54024,0
54026,0
54028,1
54029,0
54032,1
54035,0
54036,1
54037,0
54040,0
54044,0
54046,0
54047,0
54048,0
54050,0
54052,0
54056,1
54057,0
54059,0
54063,0
54064,1
54065,0
54069,0
54072,0
54073,0
54076,1
54081,1
54082,0
54085,1
54087,1
54088,0
54095,0
54097,1
54102,0
54108,0
54112,0
54114,1
54118,1
54119,1
54120,0
54123,0
54124,0
54126,1
54129,1
54132,1
54138,1
54141,0
54142,1
54146,0
54151,0
54152,0
54159,1
54160,1
54162,0
54164,0
54166,0
54167,1
54170,0
54173,0
54178,0
54179,1
54180,1
54181,0
54182,1
54184,1
54185,0
54186,0
54188,0
54190,1
54192,0
54193,0
54196,0
54197,1
54198,1
54201,1
54202,1
54203,0
54204,0
54206,0
54209,1
54210,1
54218,0
54219,1
54221,1
54225,0
54228,1
54238,1
54239,1
54242,0
54247,1
54248,1
54251,0
54252,0
54254,0
54255,0
54256,1
54257,1
54258,1
54264,0
54271,0
54273,1
54275,1
54276,0
54279,1
54280,1
54284,1
54288,0
54293,1
54295,0
54296,0
54299,1
54301,0
54304,0
54309,0
54310,0
54318,0
54322,0
54323,1
54331,1
54333,1
54340,0
54341,0
54346,1
54347,1
54351,1
54352,0
54353,0
54355,1
54359,0
54361,1
54362,1
54363,0
54364,1
54367,1
54380,1
54386,1
54389,0
54398,1
54401,1
54402,0
54403,0
54405,1
54406,1
54408,0
54409,0
54412,1
54414,0
54416,1
54417,0
54422,1
54423,1
54425,0
54426,1
54428,0
54435,0
54437,0
54439,0
54443,0
54445,1
54447,1
54448,0
54449,0
54451,1
54461,1
54465,0
54468,0
54471,1
54472,0
54473,0
54474,0
54476,0
54480,1
54481,1
54482,1
54483,0
54484,1
54485,1
54486,1
54488,0
54491,1
54492,1
54494,1
54500,0
54501,1
54502,1
54504,1
54505,0
54506,1
54507,0
54508,0
54509,1
54512,0
54518,0
54521,0
54532,0
54534,1
54535,1
54537,1
54539,1
54541,0
54551,0
54552,1
54553,0
54554,0
54555,1
54559,0
54563,1
54564,0
54566,0
54567,1
54568,0
54569,1
54579,1
54580,0
54581,0
54583,1
54585,1
54586,1
54593,1
54595,0
54601,0
54602,1
54605,1
54608,1
54609,0
54610,1
54612,0
54617,1
54620,1
54621,1
54624,1
54630,1
54631,0
54637,1
54642,1
54646,1
54647,0
54648,1
54654,1
54656,0
54661,0
54662,0
54663,1
54664,1
54672,1
54673,0
54674,1
54675,0
54677,0
54682,1
54683,0
54688,1
54690,1
54693,1
54694,1
54696,1
54700,0
54701,0
54704,0
54705,1
54707,0
54708,1
54711,0
54712,1
54714,1
54722,1
54723,0
54725,0
54728,0
54732,0
54736,1
54737,1
54738,0
54739,1
54741,1
54742,0
54743,0
54744,0
54745,0
54750,1
54755,1
54756,0
54759,0
54760,1
54765,0
54767,0
54779,1
54781,0
54783,1
54784,1
54788,0
54789,0
54790,0
54795,1
54796,1
54801,0
54802,1
54811,0
54814,0
54815,1
54816,1
54817,1
54820,0
54822,0
54825,0
54828,0
54829,0
54832,1
54833,1
54838,1
54841,0
54844,1
54845,0
54847,0
54848,0
54849,0
54852,1
54853,0
54854,0
54855,0
54856,1
54858,0
54860,1
54863,1
54866,1
54868,0
54871,1
54872,1
54874,1
54879,1
54887,1
54888,1
54889,1
54890,0
54891,1
54893,0
54894,0
54895,1
54896,1
54897,0
54898,0
54899,0
54902,1
54927,1
54928,1
54932,0
54934,0
54937,1
54945,0
54950,1
54952,1
54956,0
54958,0
54959,0
54960,1
54961,0
54964,0
54969,0
54972,1
54977,1
54978,1
54985,0
54986,0
54991,0
54996,1
55002,1
55004,1
55005,0
55006,0
55011,0
55013,1
55014,1
55020,0
55022,1
55029,0
55032,0
55033,0
55034,1
55035,0
55041,1
55043,1
55044,0
55045,0
55046,1
55048,0
55053,0
55055,1
55058,1
55062,0
55063,0
55067,1
55068,1
55069,0
55070,0
55072,0
55074,1
55077,0
55079,0
55082,0
55083,0
55085,1
55088,0
55089,0
55090,0
55091,1
55092,0
55094,1
55095,0
55098,1
55101,1
55103,1
55108,1
55112,0
55113,1
55114,0
55115,0
55121,0
55123,1
55124,0
55125,0
55139,0
55140,0
55142,0
55144,1
55146,0
55148,1
55149,0
55151,0
55154,0
55155,1
55157,1
55160,1
55162,1
55163,0
55171,0
55174,1
55175,0
55176,0
55181,0
55184,1
55185,1
55188,1
55193,1
55194,0
55196,1
55199,1
55200,1
55204,1
55205,1
55210,0
55211,0
55212,0
55215,0
55218,0
55219,0
55224,0
55231,1
55233,0
55241,1
55242,0
55246,0
55247,0
55248,0
55249,0
55253,0
55254,0
55256,0
55257,1
55258,0
55261,1
55267,1
55270,0
55271,1
55273,0
55277,1
55278,1
55281,0
55282,0
55284,0
55286,1
55288,0
55289,1
55290,1
55292,0
55294,0
55295,1
55297,1
55299,0
55302,0
55303,1
55308,1
55310,1
55312,0
55313,0
55315,0
55317,0
55319,0
55327,0
55330,1
55335,0
55343,1
55345,0
55348,0
55350,0
55352,1
55354,1
55356,0
55357,1
55361,0
55362,0
55364,0
55365,0
55369,0
55370,1
55372,1
55373,0
55374,0
55376,1
55377,1
55378,1
55379,1
55380,1
55381,0
55385,0
55386,0
55388,1
55400,1
55401,1
55403,0
55405,1
55406,1
55410,0
55412,1
55413,1
55414,0
55415,1
55418,0
55423,0
55424,1
55425,0
55426,1
55430,0
55434,1
55435,0
55436,0
55437,0
55438,0
55439,1
55443,1
55448,1
55450,1
55455,1
55458,0
55460,1
55461,0
55462,1
55463,1
55464,1
55467,1
55468,0
55469,1
55470,1
55473,0
55474,0
55475,0
55476,0
55477,0
55479,1
55480,1
55482,0
55484,0
55492,1
55493,1
55494,0
55499,1
55503,1
55504,1
55505,0
55507,1
55510,0
55511,1
55515,1
55517,0
55518,1
55522,0
55528,0
55530,1
55532,1
55534,1
55536,1
55539,1
55541,1
55542,0
55545,1
55546,1
55547,1
55548,1
55550,0
55551,0
55552,1
55554,0
55556,1
55558,0
55559,1
55560,0
55561,1
55562,1
55563,0
55567,1
55569,0
55570,1
55573,1
55586,1
55587,0
55591,0
55593,1
55595,0
55596,1
55600,0
55605,1
55610,0
55613,1
55617,1
55619,1
55620,0
55624,1
55628,1
55629,1
55631,0
55633,1
55634,0
55637,0
55638,0
55639,0
55640,0
55644,1
55648,1
55650,0
55651,1
55655,1
55656,0
55658,1
55659,0
55660,0
55661,1
55662,1
55665,0
55668,0
55672,0
55673,0
55675,0
55682,1
55688,0
55694,0
55697,0
55698,0
55701,0
55702,0
55704,0
55705,0
55706,1
55709,0
55711,1
55713,1
55715,1
55718,1
55721,0
55726,0
55731,1
55739,1
55740,1
55744,0
55745,1
55747,1
55748,1
55750,1
55752,0
55756,0
55757,0
55758,0
55760,1
55763,0
55765,1
55777,1
55783,0
55785,0
55786,0
55789,0
55793,1
55794,1
55795,1
55796,1
55798,0
55800,0
55806,1
55807,0
55808,0
55811,0
55812,1
55813,0
55814,1
55817,1
55818,1
55819,1
55820,0
55821,1
55822,1
55823,0
55824,0
55826,1
55827,1
55828,1
55830,1
55831,0
55833,1
55839,1
55840,0
55843,0
55845,0
55852,0
55853,1
55856,1
55859,0
55862,0
55864,0
55866,1
55867,1
55872,1
55873,1
55875,0
55876,1
55878,0
55884,0
55885,1
55886,0
55887,0
55888,1
55889,0
55893,1
55898,1
55899,1
55901,0
55904,1
55907,0
55908,0
55910,0
55912,0
55915,1
55919,0
55920,0
55921,0
55923,0
55924,0
55926,0
55927,0
55928,1
55935,0
55937,0
55942,0
55947,0
55948,0
55951,1
55953,1
55957,0
55959,1
55961,1
55962,1
55965,0
55966,1
55967,1
55973,0
55975,1
55977,0
55979,0
55980,1
55982,1
55984,0
55985,0
55987,1
55988,0
55989,1
55990,0
55995,0
55997,0
56001,1
56003,0
56004,0
56005,1
56009,0
56011,1
56014,1
56015,0
56016,1
56017,1
56021,0
56022,0
56023,0
56027,0
56028,0
56029,1
56031,1
56034,1
56037,0
56038,1
56040,1
56042,0
56046,1
56047,1
56056,1
56061,0
56062,0
56066,1
56070,0
56074,0
56077,0
56078,0
56081,0
56084,0
56086,1
56088,1
56089,1
56094,0
56097,0
56099,0
56101,0
56104,1
56111,1
56113,1
56115,1
56120,1
56121,1
56125,0
56130,1
56131,0
56132,0
56135,0
56136,1
56139,1
56140,1
56142,0
56143,1
56144,1
56145,0
56149,1
56151,0
56153,0
56155,1
56156,0
56159,0
56162,1
56164,0
56165,1
56173,0
56174,1
56175,1
56176,1
56177,0
56178,1
56180,0
56182,0
56188,1
56192,1
56194,1
56197,1
56201,1
56202,1
56203,0
56204,1
56205,1
56206,0
56208,1
56213,0
56215,0
56218,0
56222,1
56223,0
56224,1
56225,0
56226,0
56227,0
56231,0
56233,0
56235,0
56240,0
56241,1
56247,1
56251,1
56252,0
56253,1
56257,0
56259,0
56261,0
56266,1
56269,1
56270,1
56273,0
56274,1
56276,1
56278,1
56281,0
56282,0
56283,0
56286,0
56287,1
56293,0
56295,0
56298,1
56299,0
56305,0
56307,0
56311,1
56312,0
56313,0
56316,1
56317,1
56318,0
56319,0
56320,0
56321,1
56323,1
56325,1
56326,1
56328,0
56331,0
56332,0
56338,0
56339,0
56340,0
56342,1
56343,1
56344,0
56347,1
56348,1
56350,0
56357,0
56359,0
56360,1
56363,1
56365,0
56368,1
56369,0
56374,1
56376,1
56378,1
56379,1
56383,0
56384,1
56386,0
56388,0
56392,1
56396,0
56399,0
56401,0
56405,0
56407,0
56408,1
56409,0
56412,0
56416,0
56418,0
56420,1
56421,1
56423,0
56426,1
56433,1
56434,0
56436,0
56437,1
56438,0
56439,1
56440,1
56442,0
56443,1
56445,1
56446,1
56447,1
56448,1
56449,0
56450,0
56452,0
56456,0
56457,0
56458,0
56464,1
56468,1
56469,1
56471,0
56473,0
56474,1
56477,0
56483,1
56484,0
56486,0
56487,0
56489,1
56490,0
56496,0
56499,0
56500,0
56502,0
56507,0
56508,1
56510,0
56517,1
56520,0
56521,1
56523,0
56527,0
56529,0
56532,1
56539,0
56545,0
56546,0
56549,0
56552,0
56553,1
56560,1
56563,0
56566,1
56569,0
56571,1
56573,0
56575,0
56579,1
56580,0
56581,1
56583,0
56585,0
56589,0
56591,0
56593,0
56595,1
56598,1
56599,0
56600,0
56603,0
56604,1
56605,0
56606,1
56607,1
56608,0
56609,0
56611,1
56613,0
56616,1
56617,0
56620,0
56621,0
56622,1
56623,0
56626,0
56636,0
56637,1
56638,0
56639,1
56640,1
56642,1
56644,0
56646,1
56649,1
56651,0
56655,0
56659,0
56660,1
56662,1
56666,1
56668,1
56673,0
56676,1
56679,1
56680,0
56681,1
56682,0
56684,0
56685,0
56686,1
56688,0
56690,1
56692,1
56693,1
56694,1
56695,0
56703,1
56704,1
56707,1
56708,1
56709,0
56712,1
56714,1
56717,0
56718,1
56720,1
56721,1
56723,0
56725,0
56726,0
56727,0
56728,0
56736,0
56741,1
56746,0
56750,0
56751,1
56755,1
56756,0
56757,0
56758,0
56759,0
56761,1
56762,1
56763,0
56765,0
56766,0
56769,1
56771,0
56778,1
56781,1
56785,0
56793,0
56798,0
56804,1
56805,1
56810,0
56811,1
56812,0
56813,0
56814,0
56816,0
56817,1
56818,0
56820,0
56821,0
56822,0
56826,1
56828,1
56829,0
56831,1
56834,0
56835,0
56836,1
56841,0
56856,0
56859,0
56862,0
56863,1
56864,0
56865,1
56866,0
56869,0
56870,0
56871,0
56872,0
56875,0
56877,0
56879,0
56880,0
56882,1
56884,1
56886,0
56889,1
56890,1
56891,0
56892,0
56895,1
56899,0
56900,1
56901,1
56904,1
56905,0
56908,0
56910,0
56916,1
56917,1
56919,1
56921,0
56923,1
56926,1
56931,1
56933,0
56934,0
56935,0
56936,0
56937,1
56939,1
56943,0
56944,1
56949,0
56950,1
56951,1
56955,0
56956,0
56957,0
56959,0
56963,1
56964,1
56966,0
56971,0
56972,1
56973,1
56974,0
56979,1
56982,1
56984,1
56986,0
56991,0
56993,1
56995,0
57000,0
57001,0
57009,0
57010,0
57016,0
57018,0
57023,0
57026,0
57030,0
57035,1
57044,0
57049,1
57050,0
57051,0
57052,0
57053,1
57054,0
57056,0
57057,1
57063,0
57066,0
57072,1
57076,0
57078,0
57083,0
57084,1
57085,0
57086,0
57087,1
57090,0
57092,0
57099,1
57100,0
57102,1
57103,0
57105,1
57107,0
57111,1
57117,1
57119,0
57120,1
57122,1
57124,1
57125,1
57127,0
57128,0
57129,1
57130,0
57134,0
57137,0
57138,0
57139,0
57140,0
57143,1
57149,0
57152,1
57153,1
57154,1
57156,0
57157,1
57161,1
57163,1
57173,0
57174,1
57175,1
57176,1
57178,1
57180,1
57181,0
57182,0
57183,1
57188,0
57191,0
57195,1
57200,0
57201,1
57207,1
57208,0
57209,1
57216,0
57220,1
57221,1
57222,1
57223,1
57224,0
57229,0
57230,1
57232,0
57234,1
57236,0
57238,0
57239,1
57240,1
57241,0
57242,1
57244,0
57247,1
57249,0
57250,1
57256,0
57258,0
57260,0
57261,0
57262,0
57264,0
57266,0
57268,1
57272,0
57273,0
57274,0
57275,0
57278,1
57280,1
57288,0
57289,0
57291,1
57294,0
57295,1
57296,0
57298,1
57300,1
57301,1
57302,1
57306,0
57307,1
57310,0
57311,0
57313,0
57316,0
57318,1
57319,0
57322,0
57324,1
57325,1
57327,0
57332,0
57339,0
57343,0
57346,0
57348,1
57349,1
57351,0
57356,1
57357,1
57359,1
57361,0
57362,0
57366,0
57369,0
57370,1
57373,1
57375,0
57382,0
57385,1
57388,1
57391,1
57392,1
57393,1
57398,0
57399,0
57400,0
57402,0
57403,1
57405,1
57408,0
57411,0
57421,1
57422,1
57424,1
57425,0
57426,1
57431,1
57438,1
57448,1
57450,0
57451,0
57454,1
57455,1
57458,0
57460,1
57466,0
57468,0
57469,1
57470,1
57471,0
57473,0
57477,1
57478,0
57479,1
57481,0
57485,1
57488,0
57494,1
57495,1
57498,0
57500,1
57503,1
57505,1
57507,1
57509,1
57511,0
57513,1
57515,1
57519,1
57520,1
57523,0
57528,1
57530,0
57531,1
57533,0
57534,0
57538,0
57540,0
57545,0
57547,0
57548,0
57556,1
57558,1
57559,0
57564,1
57565,0
57568,0
57576,1
57577,0
57580,1
57582,0
57585,1
57588,1
57592,1
57593,0
57594,1
57595,1
57600,0
57601,1
57602,1
57605,0
57607,0
57608,0
57611,0
57612,0
57614,0
57618,0
57620,1
57624,0
57628,1
57630,1
57633,1
57634,1
57636,0
57643,1
57644,0
57648,0
57652,0
57654,1
57658,0
57664,0
57666,0
57671,1
57678,0
57680,0
57681,0
57683,1
57684,1
57685,0
57686,1
57689,1
57692,1
57693,1
57699,1
57701,0
57702,0
57703,1
57705,1
57711,0
57713,0
57714,0
57716,1
57718,1
57726,0
57731,0
57732,1
57733,0
57737,0
57739,0
57740,1
57741,0
57742,0
57744,0
57746,1
57747,0
57748,1
57752,0
57756,1
57757,0
57763,1
57765,0
57766,1
57769,1
57770,1
57771,0
57772,0
57773,0
57774,1
57775,0
57776,0
57777,1
57778,0
57781,1
57783,0
57784,1
57785,1
57791,0
57796,1
57797,1
57799,1
57807,0
57816,1
57817,1
57818,1
57823,0
57826,0
57827,0
57828,0
57829,1
57830,1
57832,1
57835,0
57841,0
57843,1
57849,1
57854,1
57856,0
57857,0
57859,0
57860,1
57861,1
57863,1
57865,0
57877,0
57878,0
57885,1
57889,0
57894,0
57895,1
57898,0
57899,0
57900,0
57904,1
57906,1
57909,1
57910,0
57912,1
57913,1
57914,1
57916,0
57917,1
57918,0
57921,1
57927,1
57928,1
57929,1
57931,0
57932,0
57933,0
57934,0
57935,1
57940,0
57942,1
57943,1
57945,1
57949,1
57951,1
57953,0
57959,1
57960,0
57962,1
57963,1
57965,0
57966,0
57969,1
57974,0
57983,1
57984,0
57985,0
57986,1
57989,0
57991,0
57992,0
57998,1
58001,0
58002,1
58005,0
58006,1
58007,0
58008,1
58010,1
58011,0
58018,1
58019,0
58023,0
58029,0
58030,1
58032,0
58033,1
58034,1
58036,0
58037,0
58039,1
58041,0
58047,1
58049,1
58051,1
58053,1
58054,1
58056,0
58059,0
58062,1
58065,1
58066,0
58068,1
58069,0
58071,1
58072,1
58073,0
58074,0
58078,0
58079,0
58083,0
58085,0
58088,1
58089,1
58092,1
58099,0
58101,0
58102,0
58107,1
58108,1
58113,1
58114,1
58117,1
58118,1
58119,0
58122,1
58123,1
58124,0
58128,0
58130,0
58135,1
58137,1
58138,1
58143,0
58144,1
58145,0
58148,0
58149,1
58151,0
58152,0
58153,1
58156,0
58157,1
58158,0
58159,1
58161,0
58167,1
58175,1
58176,1
58177,0
58179,0
58182,0
58183,0
58184,0
58187,1
58190,1
58192,0
58196,0
58197,0
58205,0
58212,1
58214,0
58215,0
58217,0
58221,0
58222,1
58226,1
58227,1
58230,0
58232,1
58242,0
58245,0
58247,1
58249,1
58250,1
58251,0
58255,0
58258,0
58260,1
58263,0
58265,0
58267,1
58268,0
58269,1
58271,1
58274,1
58275,1
58276,0
58278,1
58279,0
58280,1
58281,1
58283,0
58285,1
58286,0
58289,0
58291,0
58292,1
58296,1
58297,1
58298,0
58299,0
58300,1
58301,1
58302,0
58305,1
58308,1
58311,0
58312,1
58314,0
58315,1
58318,0
58321,0
58322,0
58323,0
58329,0
58330,0
58333,0
58336,0
58341,1
58342,1
58347,0
58348,0
58349,0
58351,0
58352,0
58353,1
58358,1
58360,0
58362,0
58363,0
58367,0
58370,1
58374,1
58375,0
58377,1
58378,1
58380,1
58384,0
58385,1
58388,1
58389,1
58391,1
58393,0
58394,1
58396,0
58398,1
58399,0
58400,0
58401,1
58405,1
58407,0
58409,0
58410,0
58412,0
58416,0
58419,0
58421,1
58422,0
58423,0
58424,1
58425,1
58426,1
58431,1
58434,0
58436,0
58439,0
58442,0
58446,0
58447,1
58451,1
58453,0
58455,1
58457,0
58458,0
58459,1
58464,1
58465,1
58470,1
58473,0
58477,0
58481,1
58487,1
58489,1
58497,0
58500,1
58509,0
58510,1
58511,1
58514,1
58516,0
58517,0
58520,1
58522,0
58524,0
58526,1
58528,0
58539,1
58547,0
58549,1
58552,1
58555,0
58557,1
58562,1
58565,1
58566,0
58567,1
58569,0
58570,0
58573,1
58575,0
58577,1
58579,0
58580,0
58581,0
58584,0
58585,0
58590,1
58591,0
58598,1
58609,1
58610,1
58614,0
58617,0
58618,0
58621,0
58623,0
58624,1
58627,0
58628,1
58629,0
58630,1
58632,1
58635,1
58636,1
58638,0
58640,0
58642,0
58646,0
58649,1
58650,1
58652,1
58656,1
58661,1
58662,0
58663,0
58664,0
58665,0
58666,0
58667,0
58669,1
58670,1
58672,1
58673,0
58674,0
58675,1
58678,0
58681,0
58687,1
58688,0
58691,0
58692,1
58697,0
58698,1
58708,0
58711,0
58715,1
58719,0
58726,1
58727,1
58729,1
58730,1
58732,1
58736,1
58737,1
58744,1
58745,1
58746,1
58747,0
58748,1
58753,1
58755,1
58760,0
58761,0
58762,0
58763,0
58770,0
58771,1
58772,0
58774,0
58782,1
58787,0
58788,0
58790,1
58791,0
58797,0
58799,0
58801,1
58802,0
58804,1
58806,0
58808,0
58812,0
58813,0
58814,0
58815,1
58816,1
58818,0
58819,1
58821,1
58823,0
58828,1
58829,1
58830,0
58832,0
58833,0
58836,0
58842,1
58845,1
58847,1
58851,0
58856,0
58857,0
58858,0
58860,1
58862,1
58864,0
58867,0
58868,0
58878,0
58879,1
58880,0
58881,0
58883,1
58884,1
58885,0
58886,1
58887,1
58892,1
58894,0
58895,1
58898,1
58905,0
58906,0
58911,1
58912,1
58914,1
58915,0
58917,1
58918,0
58920,0
58921,0
58927,1
58928,0
58930,1
58931,0
58932,1
58935,0
58936,0
58937,1
58938,0
58940,1
58941,0
58942,1
58945,1
58946,0
58950,1
58951,0
58955,0
58957,0
58960,0
58961,0
58964,1
58967,0
58977,1
58985,0
58987,1
58989,1
58992,1
58993,1
58996,0
58998,1
59004,0
59005,1
59008,0
59010,1
59011,1
59015,0
59018,1
59019,1
59020,0
59022,1
59023,1
59033,0
59034,1
59039,1
59040,1
59041,1
59042,1
59045,1
59046,0
59048,1
59054,0
59057,1
59058,1
59059,1
59060,0
59062,0
59064,0
59065,0
59068,1
59069,0
59074,1
59076,0
59077,1
59083,1
59084,0
59086,0
59087,0
59088,1
59094,1
59095,0
59100,0
59103,1
59104,0
59107,1
59108,1
59111,1
59112,0
59113,0
59117,0
59126,1
59128,1
59130,0
59131,0
59135,0
59139,1
59144,0
59148,1
59153,1
59155,0
59165,0
59166,1
59170,1
59176,0
59180,0
59181,0
59182,0
59183,1
59185,1
59189,1
59190,1
59191,1
59198,1
59199,1
59202,1
59204,1
59214,1
59217,1
59221,1
59222,0
59224,0
59225,0
59226,1
59229,0
59232,1
59233,1
59234,0
59239,0
59240,0
59241,1
59246,0
59247,1
59248,1
59249,1
59252,0
59253,1
59262,0
59263,1
59264,1
59265,0
59266,1
59268,0
59274,1
59277,0
59279,1
59281,1
59285,1
59288,0
59295,0
59300,1
59303,0
59306,0
59308,0
59313,1
59316,1
59322,1
59323,0
59324,1
59328,1
59329,1
59330,1
59331,0
59334,1
59335,0
59336,0
59342,0
59345,1
59350,0
59351,0
59359,0
59360,1
59363,1
59365,0
59369,0
59370,0
59373,1
59376,1
59379,0
59380,0
59381,0
59383,0
59386,0
59389,1
59391,0
59396,0
59397,1
59399,1
59403,1
59404,0
59408,0
59416,0
59417,1
59418,1
59419,1
59423,1
59425,0
59427,0
59431,1
59432,0
59433,0
59436,0
59437,0
59438,0
59439,1
59444,0
59445,1
59446,0
59449,1
59450,0
59454,0
59455,0
59459,0
59460,1
59462,0
59467,0
59468,0
59471,0
59473,1
59474,0
59479,1
59480,1
59485,0
59486,1
59490,0
59493,0
59498,1
59506,1
59510,1
59513,1
59514,1
59521,1
59522,1
59528,0
59530,1
59531,1
59535,1
59536,1
59546,1
59549,0
59551,0
59553,0
59556,0
59564,0
59565,0
59566,0
59574,1
59575,0
59577,1
59582,1
59587,1
59599,1
59601,1
59603,1
59604,1
59610,0
59612,1
59614,1
59615,0
59617,0
59618,0
59623,1
59625,0
59627,1
59629,1
59636,0
59637,1
59640,1
59647,1
59648,0
59649,1
59651,1
59653,1
59654,0
59655,0
59657,0
59659,0
59664,1
59667,1
59668,0
59669,1
59670,1
59671,1
59673,1
59674,1
59675,0
59676,0
59677,0
59678,1
59679,0
59680,1
59683,0
59689,0
59690,0
59692,1
59694,0
59700,0
59702,1
59707,1
59712,1
59721,1
59723,0
59734,1
59737,1
59742,1
59744,1
59745,0
59746,0
59747,1
59748,0
59750,1
59753,0
59754,0
59759,0
59760,0
59763,0
59767,1
59768,0
59769,0
59771,0
59775,0
59776,0
59779,0
59784,1
59786,1
59790,0
59797,1
59799,0
59803,1
59807,1
59808,0
59809,0
59810,0
59811,1
59814,0
59815,1
59819,1
59825,0
59826,0
59828,1
59829,1
59830,1
59831,0
59832,0
59836,1
59838,1
59839,1
59854,0
59857,0
59861,0
59862,0
59863,1
59864,0
59866,0
59867,0
59870,0
59873,1
59874,0
59878,0
59880,0
59882,0
59883,1
59885,0
59886,1
59888,1
59889,1
59890,0
59893,1
59894,1
59896,1
59897,1
59901,0
59903,1
59905,0
59907,0
59912,0
59913,1
59914,0
59916,0
59922,0
59923,1
59931,1
59932,1
59939,1
59940,1
59943,1
59945,0
59946,1
59949,1
59951,1
59952,1
59955,0
59958,1
59959,0
59960,0
59961,1
59965,0
59967,0
59972,0
59974,0
59976,1
59977,0
59980,1
59985,1
59992,1
59995,0
59999,0
60001,1
60003,0
60006,0
60009,0
60010,1
60014,0
60016,1
60017,1
60018,0
60019,0
60020,1
60021,0
60025,0
60028,0
60030,1
60031,0
60032,1
60035,0
60037,0
60039,0
60040,0
60043,1
60045,1
60049,1
60054,0
60055,1
60057,1
60061,1
60062,0
60066,1
60070,1
60074,0
60075,1
60076,1
60077,1
60080,0
60089,0
60090,1
60093,0
60095,0
60096,0
60102,1
60109,0
60111,0
60113,1
60114,1
60118,1
60119,1
60120,0
60121,0
60124,1
60131,1
60134,0
60135,0
60136,0
60138,0
60139,0
60142,0
60145,1
60150,0
60151,0
60152,1
60153,0
60154,1
60157,0
60159,0
60160,1
60161,1
60164,0
60166,0
60173,0
60174,1
60181,1
60186,1
60188,0
60189,1
60190,0
60192,0
60197,1
60199,1
60201,1
60202,0
60203,0
60204,1
60205,1
60210,1
60212,0
60213,1
60219,1
60221,1
60222,0
60223,0
60226,1
60228,1
60230,1
60232,1
60237,1
60238,0
60241,1
60245,1
60246,0
60249,1
60250,0
60251,0
60253,0
60255,1
60258,1
60264,1
60265,1
60266,1
60271,1
60272,1
60274,0
60275,0
60281,1
60284,0
60285,1
60286,1
60287,1
60288,1
60293,0
60297,1
60298,1
60300,1
60302,0
60306,0
60313,1
60315,1
60316,1
60317,0
60318,1
60320,0
60321,0
60322,1
60323,0
60324,1
60327,1
60335,0
60339,1
60340,1
60343,0
60347,0
60348,1
60349,1
60353,0
60354,1
60358,1
60359,1
60360,1
60361,1
60363,0
60367,1
60368,0
60374,1
60376,0
60377,1
60378,0
60380,0
60392,0
60393,1
60397,1
60401,1
60409,1
60417,0
60420,1
60423,1
60428,0
60434,0
60435,0
60436,0
60439,0
60440,0
60441,1
60443,0
60445,1
60446,1
60447,1
60452,0
60453,1
60455,0
60456,0
60460,0
60467,1
60477,1
60482,1
60483,1
60485,0
60487,1
60491,1
60496,0
60497,0
60501,1
60509,0
60510,1
60511,0
60520,1
60521,1
60524,0
60525,0
60527,0
60531,1
60532,1
60533,0
60536,0
60537,1
60538,1
60540,0
60544,0
60547,1
60548,0
60549,1
60551,1
60555,0
60556,1
60558,0
60562,0
60565,1
60574,0
60576,0
60577,0
60580,0
60581,0
60583,1
60584,1
60587,1
60588,1
60593,1
60601,1
60603,0
60605,1
60606,1
60608,0
60610,1
60611,0
60612,0
60613,0
60614,1
60616,1
60620,0
60621,1
60622,1
60624,0
60625,0
60630,0
60633,0
60634,0
60640,1
60641,1
60642,0
60644,0
60645,0
60646,1
60648,1
60651,0
60654,1
60658,1
60663,1
60666,0
60667,1
60668,1
60676,1
60677,1
60680,1
60684,1
60685,0
60686,1
60689,1
60692,0
60693,0
60696,1
60698,1
60701,1
60702,1
60703,0
60704,0
60705,1
60710,0
60711,1
60712,1
60718,1
60719,1
60725,1
60727,0
60728,0
60730,0
60734,1
60735,1
60739,0
60742,0
60744,0
60745,1
60746,0
60750,1
60751,0
60754,1
60760,0
60762,0
60764,1
60765,1
60766,1
60770,1
60775,1
60776,1
60777,1
60780,0
60781,0
60784,1
60785,1
60792,0
60796,1
60797,0
60799,0
60800,0
60801,1
60802,1
60803,1
60804,0
60808,0
60814,0
60815,0
60817,1
60818,0
60819,0
60821,0
60823,1
60824,0
60826,1
60830,1
60834,1
60838,1
60839,0
60841,0
60842,0
60843,1
60844,0
60847,1
60852,0
60853,1
60854,1
60856,0
60857,0
60859,0
60860,1
60863,1
60864,1
60866,1
60869,1
60871,1
60872,1
60873,1
60879,0
60882,1
60886,0
60894,0
60897,0
60899,0
60901,1
60903,1
60904,1
60908,0
60911,0
60914,0
60917,0
60919,0
60920,0
60921,1
60924,0
60926,0
60928,1
60929,0
60930,0
60931,0
60935,0
60938,1
60940,0
60942,0
60943,1
60944,1
60948,0
60952,0
60953,1
60958,0
60959,1
60963,1
60964,0
60968,1
60971,1
60976,1
60977,0
60979,1
60986,1
60990,0
61001,1
61002,1
61005,1
61006,0
61008,1
61009,1
61013,1
61016,1
61018,1
61020,1
61022,0
61024,0
61026,0
61027,0
61029,1
61031,0
61034,1
61038,0
61039,0
61040,1
61045,1
61046,1
61047,1
61048,1
61050,1
61051,1
61052,1
61058,0
61064,1
61070,0
61074,1
61081,0
61083,0
61084,0
61085,0
61088,0
61090,0
61091,0
61095,1
61098,0
61099,0
61100,1
61101,1
61102,0
61103,1
61104,0
61113,1
61114,0
61116,0
61120,1
61123,0
61125,1
61128,1
61129,1
61133,1
61148,1
61151,0
61161,1
61163,0
61164,1
61168,1
61170,0
61171,1
61172,1
61175,0
61178,1
61182,1
61183,0
61189,0
61192,0
61197,0
61198,1
61199,0
61201,0
61205,0
61210,1
61216,1
61217,0
61218,1
61219,1
61220,1
61221,1
61222,0
61225,0
61226,0
61227,0
61231,0
61233,1
61234,0
61238,0
61241,1
61245,0
61246,1
61249,0
61250,1
61251,0
61253,0
61255,0
61256,0
61257,0
61267,0
61268,0
61270,0
61271,0
61275,0
61276,0
61281,0
61283,0
61284,1
61285,0
61286,1
61290,0
61292,1
61293,0
61295,0
61297,0
61302,1
61308,0
61313,1
61315,0
61318,0
61319,1
61320,0
61322,1
61323,0
61326,0
61328,0
61336,1
61338,0
61339,1
61340,0
61342,1
61343,1
61350,0
61353,1
61354,0
61357,0
61360,0
61362,1
61363,0
61365,1
61367,0
61371,0
61374,1
61375,0
61377,0
61378,0
61383,0
61385,0
61386,0
61387,0
61391,0
61392,0
61395,1
61396,0
61405,0
61408,0
61411,0
61415,0
61416,1
61419,0
61420,0
61425,1
61426,0
61427,1
61429,0
61434,0
61435,1
61439,0
61440,1
61441,0
61445,0
61448,0
61449,0
61450,1
61451,0
61453,0
61457,1
61467,0
61469,0
61473,0
61478,1
61481,0
61484,0
61489,1
61490,0
61493,0
61494,0
61495,1
61496,0
61498,0
61499,1
61505,0
61507,1
61510,1
61512,0
61514,0
61516,0
61517,0
61519,1
61520,1
61522,1
61529,0
61531,1
61534,1
61535,0
61536,1
61537,0
61538,0
61541,0
61542,0
61549,0
61554,0
61555,0
61557,0
61560,0
61561,1
61563,0
61564,1
61572,0
61573,0
61577,1
61578,0
61579,1
61581,0
61583,1
61585,0
61587,0
61590,1
61592,1
61594,0
61595,0
61598,1
61600,0
61602,0
61603,0
61606,1
61611,0
61612,1
61614,0
61616,1
61620,1
61622,0
61623,0
61626,0
61631,1
61632,0
61636,1
61642,0
61647,0
61652,0
61656,0
61657,1
61660,0
61666,1
61668,0
61669,1
61670,1
61671,0
61675,1
61676,0
61682,0
61684,1
61685,1
61688,0
61689,0
61691,0
61695,0
61696,0
61697,0
61699,1
61707,0
61710,0
61711,1
61714,1
61715,1
61721,0
61722,0
61723,0
61725,1
61728,0
61730,1
61731,1
61732,0
61733,1
61735,1
61736,1
61737,0
61742,0
61743,0
61744,0
61745,0
61746,0
61747,1
61755,1
61756,1
61757,1
61759,1
61763,0
61764,1
61765,0
61767,1
61769,1
61770,0
61771,1
61772,1
61774,0
61775,0
61778,0
61780,0
61781,0
61785,0
61787,1
61788,0
61789,0
61790,0
61791,0
61792,0
61794,0
61795,1
61796,0
61797,1
61798,1
61799,0
61801,1
61802,1
61804,1
61805,1
61807,1
61808,0
61816,1
61817,0
61818,0
61823,0
61827,0
61828,0
61834,1
61835,0
61838,0
61839,0
61840,1
61841,1
61844,1
61848,0
61851,1
61852,0
61853,0
61854,0
61855,0
61857,1
61867,1
61868,1
61869,1
61872,0
61874,0
61875,1
61876,0
61877,1
61878,1
61882,1
61885,0
61888,0
61890,1
61892,0
61893,1
61895,0
61896,0
61898,1
61901,1
61906,1
61911,0
61914,1
61915,0
61920,0
61921,0
61925,1
61926,0
61927,0
61930,1
61932,0
61933,0
61934,1
61935,0
61937,0
61939,1
61944,0
61948,1
61949,1
61952,0
61953,1
61956,0
61957,0
61959,0
61962,1
61966,0
61968,0
61969,1
61970,1
61972,0
61973,0
61976,0
61977,1
61979,1
61986,1
61989,0
61994,0
61995,0
61997,0
61998,0
61999,0
62000,0
62001,1
62002,0
62003,0
62004,1
62006,0
62008,0
62009,0
62011,0
62012,0
62015,0
62016,0
62019,1
62021,1
62022,0
62024,0
62025,0
62027,0
62028,0
62031,1
62033,1
62034,0
62035,1
62042,0
62044,1
62047,1
62051,1
62052,0
62054,0
62059,0
62060,1
62061,1
62067,0
62071,0
62073,0
62074,0
62083,1
62084,0
62085,1
62092,0
62094,0
62099,1
62100,0
62101,1
62103,0
62104,1
62106,0
62109,1
62119,0
62120,0
62122,1
62125,0
62128,0
62130,1
62137,1
62141,1
62143,0
62146,0
62149,0
62152,0
62153,1
62154,0
62155,0
62156,1
62162,0
62164,0
62165,1
62166,0
62177,1
62178,1
62179,0
62183,0
62184,1
62188,1
62190,0
62191,0
62192,0
62193,0
62194,1
62196,0
62198,0
62200,0
62202,1
62203,1
62205,0
62208,0
62210,1
62219,0
62222,0
62224,0
62227,1
62230,0
62235,0
62242,0
62245,1
62246,1
62250,0
62251,1
62252,0
62253,1
62256,0
62259,1
62262,1
62265,1
62268,1
62269,1
62270,0
62276,1
62279,0
62282,1
62285,1
62286,0
62289,1
62290,1
62299,0
62300,0
62304,0
62306,1
62311,1
62312,1
62313,0
62316,0
62319,1
62326,0
62328,0
62330,0
62333,0
62335,1
62336,1
62341,0
62343,0
62347,0
62348,0
62349,0
62351,1
62352,1
62353,0
62357,0
62361,1
62363,1
62365,0
62366,1
62367,0
62368,0
62369,0
62370,0
62373,0
62379,0
62381,1
62388,1
62391,1
62392,1
62393,0
62395,1
62401,0
62402,1
62404,1
62406,1
62407,0
62410,0
62411,1
62413,0
62414,0
62416,1
62419,0
62421,0
62422,0
62426,0
62430,0
62431,0
62436,0
62439,0
62441,1
62442,0
62445,1
62451,1
62452,0
62453,0
62456,1
62457,0
62458,1
62460,0
62466,1
62467,0
62476,0
62478,0
62482,1
62483,1
62484,0
62485,1
62488,1
62489,1
62491,0
62502,0
62505,1
62517,1
62519,1
62520,0
62521,0
62527,1
62528,1
62529,1
62531,0
62532,1
62533,0
62536,0
62538,1
62539,0
62544,1
62545,0
62555,0
62557,0
62558,0
62559,0
62565,1
62568,0
62569,0
62570,1
62571,1
62572,1
62573,0
62576,0
62577,1
62582,0
62597,1
62600,0
62604,1
62605,0
62606,0
62608,0
62609,1
62610,0
62613,0
62614,1
62618,0
62620,1
62624,1
62625,0
62628,0
62629,0
62632,1
62634,0
62635,0
62636,1
62646,1
62650,0
62654,1
62655,0
62657,0
62658,0
62664,0
62668,0
62669,1
62676,0
62677,0
62679,1
62681,1
62683,1
62684,1
62685,0
62688,1
62691,0
62693,1
62694,1
62696,1
62699,0
62701,0
62703,0
62708,0
62710,1
62712,0
62713,1
62714,1
62716,1
62720,0
62725,0
62729,1
62730,0
62731,0
62734,0
62735,0
62740,0
62743,1
62745,1
62749,0
62751,0
62754,1
62755,0
62756,0
62758,0
62759,0
62760,1
62761,0
62767,0
62770,0
62772,0
62774,1
62775,1
62780,1
62783,0
62785,1
62787,0
62789,0
62792,1
62793,1
62794,0
62796,0
62801,0
62803,0
62805,1
62806,1
62807,1
62810,1
62813,0
62817,1
62821,0
62822,1
62828,1
62829,1
62834,0
62835,1
62836,0
62839,1
62845,1
62846,0
62848,1
62850,1
62851,0
62852,1
62856,1
62864,0
62865,0
62868,0
62869,1
62870,0
62871,1
62872,0
62876,0
62884,1
62886,1
62888,0
62891,1
62893,1
62894,1
62911,0
62913,0
62919,1
62922,0
62923,1
62927,1
62928,1
62933,1
62934,0
62935,0
62936,1
62937,0
62944,0
62945,1
62946,0
62951,0
62954,0
62959,0
62962,1
62963,0
62966,1
62967,0
62969,1
62970,0
62971,0
62975,0
62976,1
62977,1
62981,1
62982,0
62985,0
62987,0
62990,1
62991,0
62992,1
62995,0
62996,0
62999,0
63002,1
63003,0
63007,0
63014,1
63016,1
63028,1
63029,1
63030,0
63032,1
63034,1
63039,0
63041,1
63042,1
63043,1
63044,0
63045,0
63046,1
63047,1
63049,1
63053,1
63055,1
63057,1
63058,1
63059,1
63064,0
63069,0
63071,1
63072,0
63073,1
63074,0
63076,1
63080,0
63083,1
63084,0
63089,0
63090,0
63093,0
63094,0
63096,1
63098,0
63100,1
63108,0
63109,0
63113,1
63115,0
63117,0
63122,1
63123,0
63126,0
63127,0
63134,0
63135,1
63136,0
63140,1
63143,1
63146,0
63147,1
63148,0
63153,0
63157,0
63168,1
63169,0
63170,0
63171,0
63173,1
63177,0
63178,0
63180,0
63181,1
63186,0
63189,0
63191,1
63196,1
63199,0
63200,1
63201,1
63202,1
63204,1
63206,1
63209,0
63214,0
63217,0
63218,0
63227,0
63231,0
63232,1
63238,0
63242,1
63243,1
63245,1
63249,1
63250,0
63257,0
63260,0
63261,0
63262,0
63263,0
63264,1
63267,0
63270,1
63278,1
63283,0
63290,1
63292,0
63293,1
63294,0
63295,0
63296,0
63297,1
63298,1
63302,0
63303,0
63304,0
63309,1
63313,0
63314,1
63316,0
63318,0
63319,0
63320,0
63321,1
63323,1
63326,1
63327,1
63328,1
63329,1
63333,1
63335,1
63336,1
63341,0
63343,1
63344,1
63347,1
63349,1
63350,1
63353,1
63354,1
63355,0
63357,1
63362,0
63363,1
63368,0
63376,0
63380,0
63384,0
63385,0
63387,1
63388,0
63390,1
63394,1
63398,0
63399,0
63402,0
63403,1
63405,0
63406,1
63412,1
63413,1
63419,0
63420,0
63422,1
63424,0
63426,0
63429,1
63431,0
63432,1
63434,1
63439,1
63442,0
63443,0
63445,1
63446,0
63447,1
63450,1
63451,0
63453,1
63454,0
63459,1
63464,0
63465,0
63467,1
63468,0
63469,0
63472,1
63473,0
63477,0
63478,1
63480,1
63493,0
63494,1
63497,0
63498,1
63502,0
63504,1
63507,0
63512,0
63518,0
63519,1
63520,1
63521,1
63522,1
63526,0
63529,1
63534,0
63535,0
63536,1
63538,0
63540,1
63545,1
63546,0
63547,0
63549,0
63550,1
63553,1
63556,1
63557,0
63563,0
63565,1
63566,1
63567,0
63569,0
63570,1
63571,1
63575,0
63578,0
63582,0
63583,1
63586,1
63590,1
63591,1
63592,0
63595,1
63598,0
63599,0
63601,1
63602,0
63603,1
63605,0
63607,1
63608,1
63609,0
63610,0
63613,1
63615,0
63616,1
63619,0
63623,1
63624,0
63637,0
63640,0
63641,0
63642,0
63643,0
63644,0
63646,1
63647,1
63649,0
63650,0
63653,1
63658,1
63659,0
63660,0
63662,0
63666,1
63667,1
63670,0
63671,1
63674,0
63682,1
63687,1
63690,1
63691,1
63692,0
63695,1
63696,1
63698,0
63700,0
63702,1
63704,1
63707,0
63712,1
63714,0
63715,0
63716,0
63721,1
63723,0
63724,0
63726,1
63728,0
63731,1
63732,0
63734,1
63738,0
63739,0
63742,0
63747,0
63748,0
63750,0
63755,0
63757,0
63760,0
63764,1
63765,0
63766,1
63767,1
63768,1
63770,1
63771,1
63774,0
63775,0
63780,1
63782,1
63783,0
63787,1
63788,0
63790,0
63792,1
63794,1
63795,0
63798,0
63802,0
63812,0
63813,0
63814,1
63816,1
63823,1
63825,1
63826,1
63829,0
63831,0
63836,1
63839,0
63843,0
63846,1
63850,1
63852,0
63865,0
63866,1
63868,1
63869,0
63870,0
63872,1
63875,1
63881,0
63885,0
63886,0
63892,1
63902,1
63903,0
63906,1
63907,1
63912,1
63919,0
63920,1
63923,0
63925,1
63927,1
63928,1
63930,0
63931,0
63932,0
63933,1
63937,1
63938,0
63940,0
63943,0
63944,1
63946,1
63947,0
63952,0
63954,0
63956,1
63957,1
63958,0
63960,1
63961,0
63964,0
63968,1
63969,0
63971,1
63972,1
63974,0
63975,0
63976,0
63978,0
63980,0
63981,1
63982,0
63984,0
63987,0
63988,0
63990,0
63993,1
63994,0
64003,0
64007,0
64008,0
64015,1
64022,0
64023,1
64025,0
64027,0
64030,0
64031,1
64039,0
64042,0
64045,0
64046,1
64047,1
64049,1
64051,1
64052,0
64054,1
64055,0
64058,0
64061,1
64062,1
64063,0
64064,0
64066,0
64071,1
64072,0
64074,0
64081,1
64087,1
64091,0
64093,0
64095,1
64096,1
64099,1
64103,0
64105,1
64106,0
64112,0
64114,0
64117,1
64118,1
64121,0
64126,0
64131,0
64133,1
64135,0
64136,1
64137,1
64138,0
64139,1
64143,0
64145,0
64146,1
64147,0
64148,1
64149,1
64150,1
64153,0
64155,1
64165,0
64168,0
64171,1
64172,0
64173,0
64175,0
64178,0
64181,1
64185,1
64191,0
64194,1
64197,1
64199,1
64200,1
64202,0
64203,0
64206,1
64207,1
64210,0
64211,1
64216,0
64218,1
64224,1
64225,0
64227,1
64230,0
64234,1
64239,0
64240,0
64241,0
64250,0
64251,1
64252,0
64254,0
64255,1
64259,1
64260,0
64262,1
64264,1
64265,1
64266,1
64267,0
64269,1
64270,0
64272,1
64273,0
64285,1
64286,1
64290,0
64291,0
64292,1
64293,0
64296,1
64297,1
64298,1
64301,0
64308,1
64309,1
64310,1
64313,0
64314,1
64315,1
64317,1
64320,1
64326,0
64329,1
64330,1
64334,1
64339,0
64340,0
64342,1
64343,1
64346,0
64348,0
64349,0
64351,0
64353,0
64354,1
64355,1
64356,1
64357,0
64362,0
64364,1
64365,0
64366,0
64367,1
64368,0
64369,1
64371,0
64377,0
64379,1
64385,1
64388,1
64389,0
64390,0
64391,0
64392,0
64394,1
64397,1
64400,1
64401,1
64403,1
64405,1
64406,0
64408,1
64409,0
64412,0
64414,1
64416,0
64418,0
64419,1
64422,1
64427,1
64429,0
64430,0
64431,0
64432,0
64441,0
64445,1
64449,1
64454,1
64455,0
64456,0
64460,1
64464,1
64465,0
64467,0
64469,1
64471,0
64473,1
64474,1
64478,1
64479,1
64482,1
64485,1
64487,1
64488,0
64499,0
64500,0
64507,0
64509,0
64511,0
64512,0
64513,0
64521,0
64522,0
64524,0
64525,0
64527,0
64528,1
64531,0
64534,1
64540,0
64541,1
64544,0
64545,0
64546,1
64549,0
64550,1
64552,1
64553,0
64557,0
64559,0
64560,1
64563,1
64565,1
64568,0
64569,1
64570,1
64571,1
64579,1
64580,1
64582,0
64585,1
64586,0
64587,1
64588,1
64591,1
64592,0
64595,0
64596,0
64598,1
64601,0
64607,0
64608,0
64609,0
64610,0
64616,1
64621,0
64624,1
64625,1
64626,1
64627,0
64632,1
64636,0
64640,1
64644,1
64647,0
64648,0
64650,1
64653,0
64656,0
64662,1
64665,0
64670,1
64671,0
64672,0
64674,1
64675,0
64680,0
64687,0
64688,1
64689,1
64693,1
64696,1
64697,0
64698,0
64700,1
64701,1
64705,1
64709,0
64715,1
64719,1
64726,0
64728,1
64729,1
64731,0
64732,1
64734,1
64735,1
64740,0
64741,1
64742,1
64743,1
64744,1
64750,0
64751,0
64753,1
64754,1
64756,1
64760,0
64761,0
64762,0
64765,0
64768,1
64769,0
64771,1
64773,0
64775,0
64777,1
64778,0
64789,0
64790,0
64791,0
64793,0
64797,1
64800,0
64801,0
64802,1
64805,1
64806,0
64807,0
64808,0
64809,0
64810,1
64812,1
64814,0
64815,0
64823,1
64830,0
64833,1
64834,0
64837,1
64838,1
64839,1
64840,0
64845,1
64847,0
64849,1
64851,0
64856,1
64858,1
64861,0
64863,0
64865,1
64866,0
64867,1
64872,0
64876,0
64877,0
64879,1
64882,1
64884,1
64888,0
64890,0
64891,1
64892,1
64893,0
64894,1
64895,1
64896,0
64897,0
64900,0
64903,0
64906,0
64909,1
64913,0
64915,1
64916,1
64917,0
64918,1
64921,1
64922,1
64923,1
64924,0
64927,1
64930,0
64932,0
64933,1
64934,0
64935,1
64937,1
64938,1
64939,1
64945,1
64947,0
64949,1
64957,0
64959,0
64960,1
64962,1
64963,1
64967,1
64968,1
64970,1
64976,0
64977,1
64982,0
64985,0
64986,1
64989,0
64990,0
64991,0
64995,0
65001,1
65003,0
65008,0
65009,0
65014,0
65015,0
65023,0
65025,0
65028,1
65030,1
65032,1
65033,1
65035,0
65037,1
65038,1
65041,0
65045,0
65050,1
65052,1
65053,1
65054,1
65055,0
65057,0
65060,0
65061,0
65063,0
65064,1
65066,1
65069,1
65070,1
65071,1
65072,1
65078,0
65080,0
65082,0
65084,1
65085,1
65088,0
65089,1
65097,0
65098,1
65109,1
65114,0
65116,0
65117,0
65119,0
65124,0
65127,1
65130,0
65134,0
65135,1
65136,1
65139,1
65146,0
65153,1
65154,0
65155,0
65156,0
65157,0
65158,0
65159,1
65162,0
65163,0
65166,0
65167,0
65169,0
65172,1
65183,1
65184,0
65185,1
65186,1
65187,1
65189,0
65193,1
65196,1
65198,1
65202,0
65203,0
65204,0
65206,1
65208,0
65210,0
65215,1
65216,0
65219,1
65224,1
65226,0
65227,1
65228,0
65232,1
65233,1
65234,0
65236,1
65240,1
65241,1
65243,0
65244,1
65245,1
65248,1
65249,1
65251,1
65253,0
65255,1
65258,1
65264,0
65267,0
65271,1
65275,1
65276,1
65279,1
65280,1
65282,1
65287,1
65288,1
65296,0
65303,1
65304,0
65306,0
65307,1
65317,1
65322,1
65324,0
65327,0
65328,1
65329,1
65331,1
65332,1
65335,0
65336,1
65341,1
65344,1
65346,0
65347,0
65349,1
65350,0
65353,1
65356,1
65358,0
65364,0
65365,0
65366,1
65371,0
65374,0
65381,1
65382,1
65383,1
65387,0
65388,1
65391,0
65393,0
65396,0
65397,1
65399,0
65412,0
65413,0
65420,1
65424,0
65425,1
65436,1
65439,0
65441,1
65444,0
65446,0
65450,0
65451,1
65453,0
65454,1
65455,1
65456,1
65458,1
65459,1
65461,1
65463,0
65464,0
65465,1
65468,0
65469,1
65470,0
65472,0
65473,0
65474,1
65481,1
65482,1
65484,0
65491,1
65494,0
65497,1
65502,1
65507,0
65508,0
65509,0
65510,1
65511,1
65514,1
65515,0
65517,1
65520,1
65525,0
65527,0
65531,1
65532,1
65537,1
65541,1
65550,1
65551,1
65556,0
65557,1
65559,1
65563,1
65569,1
65570,0
65574,1
65577,1
65581,1
65582,0
65589,1
65590,0
65597,0
65599,1
65600,1
65603,0
65606,1
65608,0
65612,1
65613,1
65618,0
65622,0
65625,0
65626,0
65638,0
65639,1
65641,1
65643,0
65644,1
65648,1
65655,0
65656,0
65657,0
65658,0
65659,0
65660,0
65662,1
65663,0
65664,1
65670,1
65672,1
65675,0
65677,0
65678,1
65679,1
65681,1
65682,1
65692,0
65694,0
65700,0
65703,0
65705,1
65706,1
65707,1
65708,1
65712,1
65713,0
65714,0
65717,0
65718,1
65719,1
65720,0
65721,0
65723,1
65725,1
65727,0
65730,0
65731,0
65732,1
65733,0
65735,1
65736,0
65737,0
65740,1
65741,1
65747,0
65748,1
65750,0
65753,1
65760,0
65764,1
65765,0
65768,1
65769,0
65770,0
65780,0
65783,0
65785,1
65786,0
65787,1
65788,1
65789,0
65790,0
65792,1
65793,1
65795,1
65796,1
65800,1
65804,1
65807,1
65811,1
65812,1
65814,1
65816,0
65820,0
65831,0
65836,1
65842,0
65844,0
65845,1
65848,0
65850,0
65853,0
65854,0
65855,1
65857,0
65859,0
65860,0
65862,0
65863,0
65866,0
65868,0
65869,0
65870,1
65874,1
65876,0
65880,0
65881,1
65885,1
65886,1
65887,0
65889,1
65899,1
65902,1
65904,0
65906,0
65907,1
65912,0
65916,0
65918,1
65919,1
65922,0
65925,1
65928,1
65929,1
65930,0
65933,1
65937,0
65938,1
65943,0
65948,0
65951,0
65952,1
65956,1
65957,1
65958,1
65959,1
65960,1
65961,1
65963,1
65966,1
65975,1
65982,1
65984,1
65985,1
65986,1
65991,1
65992,0
66001,0
66003,0
66006,0
66009,1
66012,0
66015,1
66017,1
66021,1
66024,1
66027,0
66030,1
66032,1
66034,1
66035,1
66037,0
66038,1
66042,0
66043,0
66044,0
66048,1
66050,0
66052,0
66054,1
66056,0
66058,1
66060,1
66061,1
66063,1
66064,0
66071,1
66072,1
66082,1
66083,1
66084,1
66085,1
66086,1
66087,0
66090,1
66097,1
66099,1
66103,0
66107,1
66108,1
66109,0
66110,0
66111,0
66113,0
66114,0
66115,1
66116,1
66117,1
66122,1
66123,1
66125,1
66126,0
66127,0
66128,0
66129,0
66130,1
66131,0
66132,0
66133,0
66135,0
66145,0
66153,0
66158,0
66160,1
66163,0
66166,0
66170,0
66172,1
66175,0
66177,0
66178,1
66179,1
66183,0
66184,1
66185,0
66189,0
66190,1
66193,0
66195,0
66196,0
66197,0
66203,1
66204,1
66208,1
66211,1
66213,0
66216,1
66218,1
66219,1
66222,0
66227,0
66229,0
66232,1
66236,0
66237,1
66238,0
66241,1
66245,0
66250,1
66251,1
66253,0
66254,1
66256,0
66257,1
66259,1
66262,0
66265,1
66267,0
66271,0
66272,0
66276,0
66280,1
66281,1
66282,1
66287,1
66288,0
66289,1
66290,1
66298,0
66299,0
66300,0
66306,1
66307,0
66308,0
66309,0
66311,1
66312,1
66315,0
66321,1
66324,1
66327,0
66328,1
66332,1
66334,0
66335,1
66337,1
66341,1
66342,1
66344,0
66345,1
66346,0
66347,0
66348,0
66349,0
66350,0
66351,0
66354,1
66358,1
66362,1
66363,0
66365,0
66368,0
66369,1
66373,1
66375,1
66378,1
66379,0
66380,1
66381,0
66383,0
66384,0
66385,0
66387,0
66388,0
66389,0
66394,0
66395,1
66398,0
66401,1
66402,1
66403,0
66412,0
66413,0
66418,0
66419,1
66421,0
66424,1
66427,1
66430,0
66432,0
66436,0
66437,0
66438,1
66439,0
66440,0
66442,1
66444,1
66449,0
66452,0
66453,0
66455,1
66456,0
66457,1
66459,0
66460,1
66462,0
66467,1
66470,1
66471,1
66472,1
66473,0
66474,0
66478,0
66480,0
66483,1
66484,1
66491,0
66493,0
66494,0
66496,1
66499,1
66500,0
66501,0
66502,1
66511,0
66514,0
66516,0
66525,0
66527,0
66529,1
66530,0
66532,0
66534,1
66537,0
66538,0
66539,0
66542,1
66543,0
66544,1
66545,1
66546,1
66549,1
66552,0
66554,1
66555,0
66556,1
66559,0
66561,0
66563,0
66564,0
66567,0
66569,1
66574,0
66578,1
66579,1
66582,0
66583,0
66585,1
66586,0
66587,0
66589,1
66594,1
66596,1
66599,0
66603,1
66604,0
66605,0
66606,0
66607,0
66608,1
66610,1
66615,1
66617,0
66619,1
66621,0
66622,1
66623,1
66627,1
66629,0
66631,1
66633,0
66634,0
66635,0
66636,1
66641,1
66642,1
66644,0
66645,1
66651,1
66652,0
66655,1
66657,1
66658,0
66660,1
66661,1
66675,1
66676,0
66677,1
66679,1
66680,1
66681,1
66683,1
66689,1
66691,1
66693,1
66697,0
66699,1
66701,0
66707,0
66708,0
66709,0
66712,1
66713,1
66716,1
66718,0
66722,1
66723,0
66726,1
66727,1
66728,0
66729,0
66730,1
66743,0
66749,0
66750,0
66752,1
66753,0
66758,0
66759,1
66760,0
66768,0
66770,1
66771,0
66773,0
66774,1
66776,0
66779,0
66780,1
66784,0
66793,0
66794,1
66801,0
66803,0
66804,0
66805,0
66809,0
66813,0
66814,0
66819,1
66821,0
66822,1
66824,0
66826,0
66827,0
66828,0
66832,0
66834,0
66835,0
66836,1
66842,0
66846,0
66848,1
66849,0
66855,0
66857,1
66858,1
66861,1
66864,0
66867,0
66870,1
66872,1
66873,1
66880,1
66881,0
66882,1
66883,1
66884,1
66886,1
66888,1
66889,1
66890,1
66892,1
66893,1
66894,0
66901,1
66903,0
66906,1
66907,0
66910,0
66911,1
66920,1
66921,1
66923,0
66929,1
66930,0
66942,0
66946,0
66947,1
66948,0
66949,0
66952,0
66954,0
66955,1
66956,1
66958,1
66960,0
66961,1
66962,1
66963,1
66968,0
66970,0
66971,0
66972,1
66979,0
66982,0
66985,0
66988,1
66991,0
66994,1
66995,0
66997,0
66999,0
67000,0
67001,0
67002,0
67004,0
67008,1
67010,1
67012,1
67013,1
67015,1
67023,1
67025,1
67027,0
67028,0
67030,1
67031,1
67035,1
67044,0
67051,1
67053,1
67056,1
67057,0
67058,1
67059,0
67060,1
67064,0
67065,1
67069,0
67071,1
67075,1
67076,0
67077,0
67078,1
67081,0
67082,0
67084,0
67088,0
67092,1
67093,1
67094,1
67095,1
67096,0
67097,0
67101,1
67105,1
67106,0
67107,1
67110,1
67118,0
67120,0
67121,1
67126,1
67129,0
67130,1
67132,0
67133,1
67137,0
67139,0
67142,0
67145,0
67148,0
67149,0
67154,1
67155,0
67161,0
67164,0
67167,0
67168,1
67171,1
67179,1
67180,0
67181,0
67182,0
67183,0
67186,1
67190,0
67191,1
67192,0
67199,1
67202,1
67204,0
67213,0
67215,1
67216,0
67217,0
67221,1
67222,1
67225,0
67228,0
67232,0
67237,0
67238,0
67240,0
67243,0
67245,0
67247,0
67248,0
67249,0
67250,0
67254,0
67255,0
67256,0
67259,1
67263,1
67264,1
67266,1
67270,0
67273,1
67277,0
67280,0
67281,0
67283,0
67287,1
67290,1
67295,0
67298,0
67302,0
67303,1
67305,1
67312,0
67316,1
67319,1
67321,1
67325,1
67331,0
67336,0
67338,0
67340,1
67344,1
67345,0
67346,1
67349,0
67350,1
67355,1
67360,1
67361,0
67368,1
67376,0
67382,1
67383,1
67385,1
67386,0
67387,1
67389,0
67390,0
67391,1
67392,0
67396,1
67399,0
67404,0
67405,0
67406,1
67407,1
67411,1
67413,0
67415,0
67416,0
67418,0
67419,0
67422,1
67424,0
67425,0
67431,0
67438,0
67439,1
67443,0
67448,0
67449,1
67450,0
67451,0
67454,1
67457,1
67458,0
67459,0
67463,0
67465,1
67470,0
67472,0
67474,1
67475,0
67476,0
67479,1
67483,0
67484,1
67487,0
67489,0
67491,0
67495,1
67497,0
67498,0
67502,0
67503,0
67504,1
67505,0
67507,0
67512,0
67517,0
67518,1
67526,1
67528,0
67531,1
67533,1
67534,1
67535,0
67542,1
67544,1
67546,0
67548,0
67549,0
67551,1
67555,1
67557,1
67560,0
67565,1
67568,1
67569,0
67576,1
67577,1
67579,1
67581,1
67583,1
67585,1
67587,0
67589,1
67592,1
67593,0
67596,0
67599,1
67600,1
67607,1
67608,1
67613,0
67614,1
67615,0
67616,1
67617,1
67623,1
67624,0
67628,0
67634,1
67636,1
67644,1
67645,1
67649,0
67650,1
67651,0
67652,0
67654,0
67655,1
67659,1
67665,1
67666,1
67670,1
67674,0
67676,0
67677,0
67680,0
67682,0
67683,0
67684,0
67689,0
67692,1
67693,0
67697,1
67699,1
67700,1
67704,0
67705,0
67707,0
67708,1
67709,0
67710,1
67711,1
67716,0
67718,0
67728,1
67732,0
67733,0
67734,0
67736,0
67737,1
67738,0
67740,0
67742,0
67743,0
67744,0
67745,0
67750,1
67754,1
67756,1
67758,0
67761,1
67762,1
67763,0
67765,1
67766,0
67767,0
67769,0
67770,0
67772,0
67773,0
67774,1
67777,0
67779,1
67782,1
67785,0
67788,0
67790,0
67792,1
67794,1
67795,0
67798,0
67799,0
67800,1
67807,0
67814,0
67815,1
67816,1
67819,1
67822,0
67823,1
67826,0
67827,1
67829,0
67830,0
67831,1
67833,0
67834,1
67835,0
67836,0
67837,1
67839,1
67841,0
67842,1
67843,0
67845,1
67846,0
67847,0
67848,0
67850,0
67853,1
67856,1
67858,1
67870,1
67873,0
67875,1
67877,0
67878,1
67879,1
67880,1
67884,1
67885,1
67888,1
67890,1
67893,0
67895,1
67896,1
67897,1
67901,0
67902,0
67903,0
67904,0
67908,0
67915,0
67916,1
67920,0
67923,0
67925,1
67934,0
67935,0
67936,0
67941,1
67946,1
67947,1
67948,0
67949,0
67954,0
67955,0
67956,1
67958,0
67960,0
67961,0
67971,0
67972,0
67974,0
67976,1
67977,1
67978,0
67979,1
67980,1
67982,1
67986,0
67987,0
67988,0
67992,1
67993,1
67995,1
67996,1
68002,1
68007,1
68010,1
68015,1
68016,0
68020,1
68025,1
68026,0
68030,0
68031,0
68032,1
68033,1
68035,0
68037,1
68038,0
68039,1
68047,0
68050,1
68053,1
68055,1
68059,0
68060,1
68063,1
68064,0
68065,1
68066,0
68067,0
68068,0
68069,0
68075,1
68076,0
68080,0
68082,0
68083,1
68085,1
68090,1
68091,1
68094,1
68095,0
68096,1
68097,1
68099,0
68100,0
68104,0
68106,0
68107,1
68108,1
68109,1
68113,0
68114,1
68119,1
68128,0
68129,1
68135,1
68139,0
68147,0
68151,0
68152,1
68153,0
68158,1
68162,0
68164,0
68167,1
68171,1
68173,1
68175,1
68177,0
68183,1
68185,1
68188,1
68192,0
68198,1
68201,1
68202,0
68205,0
68207,0
68208,0
68209,1
68210,0
68213,1
68216,1
68217,0
68218,0
68220,0
68222,1
68224,0
68228,0
68229,1
68231,1
68232,1
68236,1
68239,0
68243,1
68245,1
68246,1
68249,1
68250,1
68252,1
68253,1
68258,0
68259,0
68260,0
68263,1
68266,1
68267,0
68270,1
68271,0
68281,0
68283,1
68288,0
68289,1
68293,0
68294,0
68296,0
68307,0
68310,1
68311,0
68314,1
68316,1
68319,1
68320,1
68321,0
68324,0
68328,1
68330,0
68337,0
68338,0
68341,1
68342,0
68343,0
68346,1
68348,1
68352,0
68355,0
68356,0
68359,0
68361,0
68363,0
68368,1
68369,0
68371,0
68375,0
68379,1
68380,1
68383,0
68386,1
68387,0
68389,1
68390,0
68391,0
68394,0
68395,1
68398,0
68407,1
68409,1
68413,0
68414,0
68420,1
68421,0
68425,1
68428,1
68429,1
68430,0
68432,1
68433,0
68434,0
68435,0
68438,1
68448,1
68449,1
68451,0
68454,1
68457,0
68458,0
68459,0
68460,1
68461,1
68462,1
68465,1
68470,0
68471,0
68475,1
68477,1
68479,1
68480,1
68481,1
68483,0
68486,1
68487,1
68488,0
68489,0
68492,1
68495,0
68496,0
68497,1
68500,0
68501,0
68502,0
68504,0
68505,1
68511,1
68512,0
68513,0
68515,0
68518,0
68519,0
68521,0
68523,0
68531,0
68535,1
68541,0
68547,1
68550,0
68551,0
68554,1
68555,1
68557,0
68559,0
68564,0
68566,0
68571,1
68576,1
68587,0
68590,1
68594,1
68596,0
68597,1
68604,1
68608,1
68611,0
68614,1
68618,1
68620,1
68623,1
68624,1
68625,1
68627,1
68628,0
68629,0
68630,0
68631,1
68632,0
68633,1
68635,0
68639,1
68640,1
68641,1
68644,0
68645,1
68647,1
68652,0
68657,1
68658,1
68661,0
68666,0
68668,0
68670,1
68671,0
68672,1
68673,0
68676,0
68679,1
68682,1
68685,1
68686,0
68692,1
68696,1
68702,0
68704,1
68705,0
68707,0
68709,0
68711,0
68712,1
68713,1
68714,1
68716,1
68717,1
68718,1
68720,0
68721,1
68723,1
68728,0
68729,0
68731,0
68732,0
68744,1
68745,1
68750,1
68752,1
68753,0
68754,1
68755,1
68758,0
68761,1
68764,0
68765,0
68768,0
68769,0
68771,0
68774,0
68776,0
68779,0
68781,1
68785,1
68787,0
68788,1
68791,0
68793,1
68795,1
68796,0
68797,0
68800,0
68807,1
68809,0
68812,1
68814,0
68818,1
68827,0
68828,1
68833,1
68835,1
68838,1
68839,1
68842,1
68843,1
68846,0
68855,0
68856,0
68860,1
68865,1
68869,0
68871,0
68875,1
68878,0
68879,0
68884,0
68885,0
68886,1
68889,0
68890,0
68893,0
68896,0
68897,1
68898,0
68905,1
68907,1
68909,0
68910,0
68911,0
68917,0
68918,1
68921,1
68923,1
68925,1
68929,1
68932,0
68936,1
68937,1
68938,0
68944,0
68945,1
68949,0
68950,0
68954,1
68958,1
68960,0
68963,0
68964,1
68967,1
68975,1
68979,0
68984,0
68985,0
68986,1
68990,0
68992,1
68993,1
68994,1
68995,1
68997,1
68999,0
69001,1
69006,0
69007,0
69009,0
69011,0
69012,1
69013,1
69015,0
69019,1
69021,0
69026,1
69027,0
69028,1
69029,0
69031,1
69035,1
69037,0
69041,1
69044,1
69045,0
69047,0
69053,1
69055,0
69058,1
69059,1
69071,0
69074,0
69075,1
69076,0
69083,1
69084,0
69086,1
69089,0
69092,0
69094,1
69100,1
69103,1
69104,0
69105,1
69106,0
69107,1
69109,1
69110,1
69115,1
69119,0
69120,0
69123,0
69124,0
69129,1
69131,1
69134,0
69136,0
69141,0
69144,0
69145,0
69151,0
69152,1
69154,0
69155,1
69158,0
69160,1
69163,0
69166,0
69173,0
69174,0
69176,1
69182,0
69185,0
69187,0
69189,0
69190,0
69197,1
69199,1
69202,0
69205,1
69208,0
69209,1
69211,0
69212,0
69216,1
69217,0
69220,1
69221,0
69224,0
69226,1
69227,0
69229,0
69240,1
69247,1
69248,1
69251,0
69252,0
69254,1
69257,1
69258,1
69259,1
69260,1
69263,1
69266,0
69267,0
69268,1
69269,0
69273,1
69274,0
69276,1
69278,1
69279,0
69280,0
69281,1
69282,1
69284,1
69285,1
69286,1
69287,1
69288,1
69289,1
69299,0
69302,0
69306,0
69309,0
69312,1
69314,1
69315,1
69318,1
69319,0
69323,0
69324,1
69326,1
69329,1
69334,1
69340,0
69341,1
69342,1
69345,1
69347,1
69349,1
69350,0
69351,1
69353,1
69361,0
69363,1
69364,0
69368,1
69369,1
69372,0
69373,1
69376,0
69382,0
69386,0
69387,1
69388,1
69389,1
69393,0
69395,1
69398,0
69402,1
69403,1
69405,1
69406,1
69408,0
69409,0
69410,0
69413,1
69414,0
69418,0
69420,0
69428,1
69430,0
69431,1
69437,0
69440,1
69441,1
69442,0
69449,1
69451,1
69453,1
69455,0
69458,0
69461,1
69463,0
69465,0
69466,0
69471,0
69475,1
69476,1
69482,0
69484,0
69486,0
69491,0
69493,1
69495,1
69501,0
69504,1
69505,0
69509,0
69512,0
69515,0
69517,1
69521,1
69522,1
69531,1
69534,0
69537,0
69539,1
69544,1
69549,0
69555,1
69557,0
69558,0
69560,0
69561,1
69562,0
69564,1
69573,0
69574,0
69580,0
69581,0
69582,0
69584,1
69591,0
69592,0
69593,0
69596,0
69598,0
69600,1
69603,1
69606,0
69607,0
69611,1
69616,0
69617,0
69618,1
69619,0
69625,1
69626,0
69628,1
69629,1
69630,0
69632,1
69634,0
69638,0
69646,0
69650,0
69653,1
69654,1
69663,1
69664,1
69668,1
69669,1
69670,0
69672,0
69673,1
69683,1
69684,1
69685,0
69686,1
69687,1
69691,0
69693,1
69694,0
69696,0
69697,0
69698,0
69700,0
69701,1
69703,0
69704,0
69711,0
69717,1
69720,1
69721,0
69723,0
69725,0
69726,0
69729,1
69734,1
69739,1
69740,1
69745,1
69747,0
69753,1
69760,1
69762,0
69764,0
69765,1
69766,1
69768,1
69772,1
69783,1
69784,0
69785,0
69786,0
69787,0
69788,0
69790,0
69791,1
69793,1
69797,1
69799,1
69800,0
69805,1
69806,0
69811,0
69812,0
69817,1
69820,1
69821,1
69824,0
69828,0
69829,1
69830,1
69831,0
69832,0
69833,0
69837,1
69838,1
69839,0
69844,1
69846,1
69850,0
69854,1
69856,1
69858,1
69859,0
69862,1
69865,0
69869,1
69871,0
69872,0
69873,1
69874,0
69875,1
69878,0
69879,0
69882,0
69886,1
69888,1
69890,1
69891,1
69893,1
69897,1
69899,0
69901,1
69902,0
69903,0
69904,1
69905,0
69908,0
69913,1
69923,0
69926,0
69927,1
69930,1
69932,0
69933,1
69935,1
69940,0
69942,1
69945,0
69948,0
69949,1
69952,0
69953,0
69956,0
69959,0
69968,0
69970,1
69977,1
69979,1
69980,1
69985,0
69987,1
69988,1
69989,0
69990,1
69992,0
69994,0
69995,1
69996,1
69998,1
69999,1
70003,1
70004,1
70005,1
70008,0
70011,0
70012,1
70013,0
70017,1
70020,0
70023,1
70024,1
70025,1
70028,0
70031,0
70033,0
70034,1
70042,1
70044,0
70048,0
70052,0
70054,1
70055,0
70056,0
70060,1
70062,1
70064,1
70067,1
70070,0
70072,0
70073,1
70074,0
70077,1
70079,1
70080,1
70081,1
70082,1
70084,1
70087,1
70092,0
70096,1
70097,0
70098,0
70104,1
70107,0
70110,1
70111,1
70113,0
70115,1
70118,0
70119,1
70124,0
70127,1
70128,1
70131,0
70132,1
70134,1
70141,0
70143,0
70144,0
70146,0
70148,0
70152,1
70153,0
70156,0
70163,0
70166,1
70169,0
70173,1
70174,0
70176,1
70179,0
70180,1
70187,0
70188,0
70192,0
70195,1
70200,1
70202,0
70203,0
70206,1
70208,0
70210,0
70220,1
70225,0
70228,1
70233,0
70239,0
70240,1
70242,1
70243,1
70245,1
70248,1
70251,1
70252,0
70255,0
70260,0
70262,0
70266,1
70267,0
70268,0
70272,1
70278,0
70285,1
70287,1
70295,1
70296,0
70299,1
70302,1
70306,0
70309,1
70310,1
70313,1
70315,0
70318,1
70321,0
70322,0
70324,1
70326,0
70332,0
70334,0
70335,0
70338,1
70342,1
70343,0
70346,0
70348,0
70349,0
70350,1
70352,0
70354,1
70355,1
70361,1
70362,1
70365,1
70367,0
70368,0
70371,0
70372,0
70373,0
70376,0
70377,1
70379,1
70381,0
70385,1
70386,1
70387,0
70388,0
70391,0
70392,0
70399,1
70401,0
70404,1
70408,1
70412,1
70415,1
70417,1
70419,0
70421,0
70424,0
70428,1
70429,0
70430,1
70431,1
70432,1
70433,0
70436,0
70438,0
70442,0
70446,0
70449,1
70450,0
70455,0
70456,0
70457,0
70463,0
70466,0
70467,1
70468,0
70469,0
70470,1
70471,1
70473,0
70474,0
70475,0
70478,0
70479,1
70480,1
70481,1
70484,1
70485,1
70486,1
70487,0
70490,0
70491,0
70493,1
70494,0
70495,1
70502,0
70503,0
70505,0
70506,1
70508,1
70511,1
70514,1
70517,1
70518,0
70520,1
70523,1
70524,0
70531,0
70534,0
70537,1
70538,0
70539,0
70541,1
70542,1
70543,0
70548,0
70551,1
70553,1
70555,1
70556,1
70557,0
70558,1
70559,0
70560,0
70561,0
70567,0
70569,1
70571,0
70573,1
70578,0
70582,0
70584,1
70585,1
70587,0
70588,1
70590,1
70591,0
70592,0
70595,0
70601,1
70603,0
70604,0
70605,1
70606,1
70609,1
70610,0
70611,0
70614,0
70616,1
70617,1
70619,1
70621,1
70623,0
70624,0
70626,1
70627,0
70630,1
70631,0
70635,1
70636,1
70637,1
70641,1
70642,1
70643,0
70651,1
70652,1
70653,0
70654,0
70655,0
70658,0
70661,1
70662,1
70663,1
70664,1
70665,1
70666,1
70668,1
70670,0
70672,0
70673,1
70674,1
70675,1
70677,1
70683,1
70685,1
70686,0
70687,1
70694,0
70695,0
70698,1
70699,0
70700,1
70703,0
70705,0
70708,0
70712,1
70714,0
70715,1
70718,1
70719,0
70721,0
70722,0
70723,1
70727,0
70728,0
70729,0
70730,0
70732,0
70733,0
70734,1
70735,1
70739,0
70740,1
70743,1
70744,0
70750,1
70757,0
70761,1
70764,1
70765,1
70768,1
70771,1
70772,1
70774,0
70775,0
70777,0
70778,1
70779,1
70781,0
70782,0
70783,0
70788,1
70789,1
70791,1
70793,1
70798,0
70799,1
70800,0
70801,1
70802,1
70807,1
70808,0
70809,0
70811,1
70813,1
70814,1
70817,0
70818,0
70824,1
70830,0
70831,0
70832,1
70834,0
70835,0
70843,0
70846,0
70847,0
70849,1
70851,1
70860,0
70861,1
70862,1
70865,1
70869,0
70877,0
70878,0
70879,0
70881,0
70884,1
70885,1
70892,1
70897,0
70904,0
70907,0
70910,0
70911,0
70916,1
70921,1
70923,1
70925,1
70927,1
70928,0
70929,1
70934,0
70935,1
70937,0
70942,0
70946,0
70948,1
70952,0
70953,1
70956,0
70957,1
70962,1
70968,0
70972,1
70973,0
70975,1
70977,0
70978,1
70980,1
70995,1
70996,0
70998,0
70999,1
71000,1
71002,0
71005,0
71020,1
71021,0
71024,0
71028,1
71030,0
71033,1
71034,0
71038,0
71039,0
71041,0
71042,0
71043,0
71049,0
71053,0
71054,1
71056,1
71057,0
71060,0
71061,1
71064,1
71065,1
71066,1
71067,1
71072,0
71075,1
71078,1
71079,1
71082,1
71083,1
71084,0
71088,1
71089,1
71090,1
71091,0
71092,0
71096,1
71098,1
71100,0
71101,1
71102,0
71103,1
71104,0
71105,1
71106,0
71108,0
71110,0
71111,0
71112,1
71113,1
71115,1
71119,1
71125,1
71128,0
71130,0
71131,1
71133,0
71135,0
71137,1
71138,0
71140,0
71143,0
71145,0
71146,0
71147,0
71148,0
71149,0
71150,0
71151,0
71154,0
71157,0
71159,0
71160,0
71161,1
71166,0
71168,0
71174,0
71175,1
71176,1
71181,0
71184,0
71186,0
71187,0
71188,0
71190,1
71191,0
71198,0
71201,1
71202,1
71206,0
71207,1
71208,1
71212,0
71213,0
71216,1
71224,1
71227,1
71230,1
71232,1
71234,0
71236,0
71240,1
71243,0
71244,1
71245,0
71248,0
71252,0
71255,1
71256,0
71257,1
71263,0
71264,0
71268,1
71272,1
71276,1
71280,1
71282,1
71286,1
71287,0
71290,1
71291,1
71293,0
71294,0
71299,1
71302,1
71303,0
71306,0
71308,1
71309,1
71311,1
71312,1
71313,1
71315,1
71317,1
71322,1
71323,0
71326,0
71328,1
71329,0
71330,0
71331,0
71334,1
71336,0
71337,1
71339,1
71340,0
71343,1
71345,1
71346,0
71347,1
71348,1
71350,0
71361,0
71362,1
71367,0
71368,0
71370,0
71376,0
71377,1
71378,0
71380,0
71382,0
71386,0
71387,1
71390,1
71393,1
71395,1
71399,1
71401,1
71403,0
71405,0
71407,1
71414,0
71415,0
71416,1
71417,0
71418,0
71425,1
71428,1
71434,0
71437,0
71438,0
71439,1
71444,1
71447,1
71448,1
71451,1
71457,1
71458,0
71459,0
71461,1
71464,1
71465,0
71466,1
71467,1
71468,0
71470,0
71471,0
71472,0
71475,1
71476,0
71478,0
71480,0
71484,0
71485,0
71486,1
71488,0
71490,1
71493,0
71496,1
71499,1
71501,1
71502,1
71506,0
71507,1
71516,1
71517,0
71518,1
71519,0
71522,1
71523,0
71524,1
71527,0
71529,1
71532,0
71539,0
71540,0
71541,1
71543,1
71545,1
71548,1
71554,1
71558,0
71559,0
71561,0
71565,1
71567,0
71570,0
71578,0
71580,0
71583,1
71587,1
71590,1
71591,0
71594,1
71595,1
71605,0
71611,1
71612,0
71613,0
71614,0
71618,0
71619,1
71622,1
71629,0
71631,0
71633,1
71634,0
71638,1
71640,0
71641,0
71643,1
71646,0
71647,0
71648,0
71650,0
71651,1
71653,1
71656,0
71662,0
71664,0
71667,1
71668,1
71669,0
71671,0
71672,0
71674,1
71680,0
71683,0
71691,0
71693,1
71696,1
71698,0
71704,1
71705,1
71708,1
71711,0
71712,1
71716,0
71717,1
71719,0
71721,0
71722,0
71724,0
71728,1
71730,0
71731,0
71737,1
71738,0
71742,0
71748,1
71750,1
71751,1
71753,0
71754,1
71757,1
71758,0
71761,0
71764,1
71766,1
71771,1
71772,0
71776,1
71779,1
71780,0
71783,0
71787,1
71789,1
71791,1
71798,0
71799,1
71801,1
71803,0
71804,0
71806,0
71807,0
71810,0
71812,1
71814,0
71815,1
71816,0
71817,1
71818,0
71819,0
71821,0
71824,1
71827,0
71830,0
71833,1
71834,0
71837,1
71838,1
71839,0
71844,0
71849,0
71850,1
71855,1
71858,0
71860,0
71861,1
71866,1
71870,1
71872,1
71873,0
71875,1
71877,0
71880,0
71883,1
71885,1
71887,1
71888,1
71890,0
71891,1
71894,0
71896,1
71897,1
71901,1
71904,0
71905,0
71910,1
71911,0
71914,0
71915,0
71917,0
71919,0
71920,0
71921,0
71924,0
71925,1
71926,0
71928,0
71932,1
71933,1
71937,1
71938,0
71939,0
71940,0
71941,0
71943,0
71946,1
71948,0
71951,0
71954,0
71955,0
71958,0
71959,0
71961,0
71968,1
71970,1
71971,1
71972,0
71973,0
71975,0
71978,0
71979,1
71980,0
71981,1
71982,1
71989,0
71990,1
71993,0
71996,1
72002,0
72003,0
72005,0
72006,1
72010,1
72011,0
72023,1
72024,1
72028,0
72029,1
72031,1
72032,1
72035,0
72038,0
72039,1
72040,0
72041,0
72043,1
72045,1
72046,0
72050,0
72051,0
72054,1
72056,1
72057,1
72058,1
72066,0
72071,1
72076,0
72077,1
72080,0
72082,1
72086,1
72091,1
72093,1
72095,0
72096,0
72100,1
72102,1
72105,0
72111,1
72114,0
72116,1
72117,1
72120,0
72124,0
72125,0
72128,1
72130,0
72132,1
72136,0
72139,1
72140,0
72142,0
72146,0
72150,1
72152,0
72153,1
72156,1
72157,0
72159,1
72164,1
72166,1
72167,1
72168,0
72178,0
72182,1
72183,0
72187,1
72188,1
72191,0
72192,0
72194,1
72195,0
72196,0
72197,1
72198,0
72200,1
72202,0
72203,0
72207,1
72209,0
72211,1
72213,1
72214,0
72216,0
72220,0
72224,0
72225,0
72231,0
72233,0
72235,0
72240,0
72242,0
72249,1
72254,0
72256,0
72258,0
72261,1
72262,0
72264,1
72265,1
72267,1
72268,0
72270,1
72271,0
72272,0
72280,1
72281,0
72282,1
72283,0
72285,0
72287,0
72289,0
72290,0
72292,0
72295,1
72296,0
72305,1
72306,1
72309,0
72311,0
72312,0
72314,1
72315,1
72316,0
72317,0
72318,1
72319,1
72320,1
72321,0
72322,0
72324,0
72325,1
72327,1
72331,0
72332,0
72334,0
72336,1
72337,1
72339,1
72345,1
72352,1
72355,1
72357,0
72359,0
72361,0
72362,1
72363,0
72365,1
72366,1
72367,1
72369,0
72371,0
72372,0
72373,0
72374,0
72378,1
72382,0
72383,0
72384,1
72390,0
72391,0
72392,1
72396,0
72397,0
72399,0
72401,1
72402,0
72403,0
72404,1
72416,0
72421,0
72423,1
72426,1
72429,1
72430,1
72435,1
72436,1
72439,0
72441,1
72442,0
72444,0
72447,1
72448,1
72455,0
72456,1
72457,1
72458,1
72459,0
72461,0
72463,0
72465,1
72467,1
72468,0
72469,1
72470,1
72471,1
72473,1
72474,1
72475,0
72479,0
72480,0
72481,0
72484,0
72485,1
72489,0
72490,0
72491,0
72492,0
72503,1
72504,0
72507,0
72508,1
72509,0
72510,0
72512,1
72514,1
72516,0
72517,0
72525,0
72528,1
72530,1
72531,0
72533,1
72539,0
72540,1
72542,0
72543,0
72545,1
72546,0
72549,0
72550,0
72553,1
72561,1
72562,1
72564,0
72570,1
72573,1
72577,1
72580,1
72582,0
72588,1
72589,0
72592,0
72595,1
72603,0
72605,0
72607,0
72611,0
72615,1
72618,0
72619,0
72622,1
72623,1
72625,1
72626,0
72627,0
72632,0
72634,0
72636,1
72637,1
72640,0
72641,0
72645,0
72647,0
72649,0
72650,1
72651,1
72653,0
72654,0
72655,1
72657,1
72661,1
72664,0
72665,1
72666,1
72669,0
72671,0
72672,1
72677,0
72679,0
72684,1
72685,1
72690,0
72693,0
72696,0
72700,0
72703,0
72709,0
72711,1
72716,1
72717,1
72719,1
72720,0
72721,1
72722,0
72728,1
72731,1
72737,1
72740,1
72741,0
72745,0
72746,1
72748,0
72749,0
72750,0
72754,1
72756,0
72762,1
72763,1
72768,0
72777,0
72778,1
72779,1
72783,0
72787,1
72794,0
72795,0
72796,1
72800,0
72803,0
72808,1
72809,0
72810,0
72811,1
72812,1
72814,1
72818,0
72829,0
72830,1
72832,1
72833,1
72835,1
72836,1
72837,1
72838,1
72840,1
72846,1
72847,1
72848,1
72849,0
72850,0
72852,1
72856,0
72858,1
72863,0
72866,1
72885,1
72888,0
72890,0
72893,0
72896,0
72903,0
72904,0
72905,0
72908,1
72909,1
72910,0
72912,1
72914,0
72918,1
72920,1
72922,1
72923,1
72933,1
72934,0
72937,0
72939,0
72940,0
72942,0
72943,0
72945,0
72947,0
72948,0
72949,1
72951,0
72954,0
72956,0
72960,0
72962,0
72965,1
72968,1
72969,0
72971,1
72972,0
72975,1
72976,0
72978,0
72979,0
72981,1
72985,0
72987,0
72989,0
72992,1
72997,1
72998,0
72999,0
73001,0
73002,0
73005,1
73006,0
73007,1
73008,0
73011,1
73020,0
73022,1
73023,1
73024,1
73025,1
73028,1
73035,1
73036,0
73043,1
73045,0
73046,1
73050,0
73051,1
73052,1
73057,1
73059,1
73060,0
73061,0
73064,1
73067,0
73070,1
73071,1
73072,1
73078,0
73079,0
73080,0
73082,0
73085,1
73088,0
73091,0
73093,1
73095,0
73099,0
73101,1
73104,1
73105,0
73106,0
73107,0
73108,1
73109,1
73111,1
73112,1
73116,0
73117,1
73128,1
73129,1
73130,1
73134,1
73135,1
73138,0
73140,1
73142,1
73148,1
73151,0
73156,1
73157,0
73159,1
73164,1
73169,0
73172,0
73178,1
73179,0
73180,0
73181,0
73184,1
73188,1
73193,1
73196,1
73198,0
73200,1
73201,1
73202,1
73204,1
73206,1
73213,1
73216,0
73217,1
73220,0
73221,1
73222,0
73223,0
73227,1
73228,0
73230,0
73231,1
73233,1
73234,1
73238,1
73241,0
73246,0
73247,1
73249,1
73252,0
73253,1
73254,0
73256,0
73264,0
73270,1
73271,0
73272,0
73273,1
73274,0
73277,0
73285,0
73287,0
73293,1
73294,1
73297,1
73299,1
73300,0
73302,1
73308,1
73310,1
73312,1
73313,1
73314,0
73316,0
73317,1
73318,0
73319,0
73320,1
73321,1
73323,1
73324,1
73328,1
73332,0
73336,0
73337,1
73338,0
73340,0
73341,0
73342,0
73346,0
73352,0
73355,1
73356,0
73357,0
73362,0
73363,0
73365,1
73366,1
73371,0
73373,1
73375,0
73382,1
73384,1
73386,1
73391,1
73392,1
73394,0
73395,0
73397,0
73398,1
73399,0
73400,1
73401,1
73402,1
73403,0
73406,0
73407,0
73410,1
73413,0
73419,1
73423,0
73424,1
73425,0
73430,0
73433,0
73434,0
73436,1
73439,0
73442,0
73443,1
73446,0
73448,1
73449,1
73454,1
73456,1
73457,1
73458,1
73460,0
73461,0
73462,0
73463,0
73466,0
73468,0
73471,1
73473,1
73475,0
73487,1
73488,0
73490,0
73494,0
73502,1
73507,1
73509,1
73511,0
73514,0
73517,0
73518,1
73520,0
73522,1
73525,0
73526,1
73528,0
73529,0
73530,1
73537,0
73538,0
73540,1
73545,1
73547,0
73548,1
73550,1
73551,1
73554,0
73559,0
73561,1
73564,0
73567,0
73568,1
73574,0
73575,1
73584,1
73585,1
73590,0
73593,1
73610,0
73612,0
73613,0
73619,1
73620,0
73621,0
73624,1
73625,0
73626,1
73627,1
73628,0
73631,1
73633,1
73634,1
73635,0
73643,0
73646,0
73648,0
73652,0
73654,1
73655,0
73660,1
73664,1
73666,1
73668,0
73673,1
73676,1
73679,1
73680,1
73685,0
73687,1
73688,1
73689,0
73690,1
73701,0
73704,0
73707,0
73710,0
73718,0
73719,1
73721,0
73723,0
73726,0
73729,1
73731,0
73740,0
73744,1
73745,1
73746,1
73747,1
73748,0
73752,0
73753,1
73755,0
73758,0
73759,0
73764,1
73767,1
73773,1
73774,1
73776,0
73784,0
73786,1
73787,1
73793,0
73795,1
73796,0
73797,0
73799,0
73805,0
73812,0
73813,1
73816,1
73817,0
73821,0
73825,1
73826,1
73830,0
73832,0
73833,0
73834,1
73838,1
73839,0
73840,1
73841,0
73842,1
73845,0
73847,1
73849,0
73852,1
73858,0
73860,1
73861,0
73862,0
73866,0
73869,0
73871,1
73878,0
73879,0
73882,1
73883,0
73887,0
73893,1
73897,1
73899,0
73904,0
73905,1
73906,0
73907,0
73908,0
73909,0
73911,1
73916,1
73917,1
73919,0
73926,1
73928,0
73932,1
73937,0
73941,0
73945,0
73948,1
73949,0
73954,1
73956,0
73957,1
73964,0
73966,1
73968,0
73969,1
73971,0
73974,0
73975,0
73981,1
73983,0
73984,0
73985,1
73987,0
73991,1
73993,0
73999,1
74000,0
74003,1
74005,0
74006,1
74007,0
74010,0
74020,0
74021,1
74025,0
74027,1
74028,1
74029,0
74030,0
74032,1
74040,0
74043,1
74047,1
74054,0
74055,0
74057,1
74059,0
74062,0
74066,0
74068,1
74069,0
74071,0
74073,0
74074,0
74078,1
74080,0
74081,0
74087,1
74088,1
74089,0
74094,0
74095,1
74101,1
74106,1
74109,0
74114,0
74115,1
74119,0
74120,0
74124,0
74125,1
74129,0
74130,0
74131,0
74135,1
74139,1
74142,0
74143,0
74146,0
74147,1
74149,0
74150,0
74151,0
74154,0
74155,0
74157,1
74159,1
74162,0
74163,1
74165,0
74166,1
74171,1
74176,0
74177,0
74183,0
74185,1
74188,0
74190,0
74191,1
74192,0
74193,1
74197,1
74198,0
74199,0
74201,0
74202,1
74204,1
74207,0
74210,1
74212,0
74213,1
74214,0
74215,0
74219,1
74221,0
74225,1
74228,1
74230,1
74233,1
74235,1
74237,1
74242,1
74243,1
74247,0
74248,1
74251,0
74252,1
74256,0
74258,0
74259,1
74260,1
74262,0
74263,0
74264,1
74265,1
74272,1
74273,0
74274,0
74278,0
74281,0
74282,1
74285,0
74286,1
74290,1
74291,1
74293,0
74297,1
74298,0
74299,0
74304,0
74305,0
74307,1
74310,1
74312,1
74315,0
74317,0
74318,0
74319,0
74320,1
74324,0
74328,0
74329,1
74330,1
74334,1
74335,1
74344,1
74346,1
74350,0
74353,1
74357,1
74358,0
74360,0
74366,0
74370,0
74373,1
74375,1
74382,0
74387,0
74393,0
74395,0
74397,0
74401,1
74407,0
74408,0
74410,0
74411,0
74412,1
74414,0
74415,0
74417,1
74421,0
74423,0
74426,1
74430,1
74432,1
74434,0
74435,1
74436,0
74437,0
74438,1
74443,0
74445,0
74446,1
74448,0
74449,0
74450,0
74451,1
74452,0
74453,1
74454,0
74457,1
74459,0
74463,1
74470,1
74472,0
74474,1
74475,1
74483,1
74484,1
74488,1
74491,1
74493,1
74497,1
74498,1
74501,1
74502,1
74503,1
74506,0
74507,0
74508,0
74513,0
74515,1
74524,0
74528,0
74529,0
74534,1
74535,0
74540,0
74543,1
74544,1
74545,1
74547,0
74553,0
74556,1
74558,0
74559,0
74560,1
74562,1
74565,1
74573,0
74576,0
74584,0
74588,1
74589,1
74590,0
74592,1
74593,0
74598,1
74602,1
74603,1
74609,0
74611,0
74613,0
74614,1
74618,1
74619,0
74620,0
74624,0
74627,0
74629,0
74630,1
74631,0
74638,0
74639,1
74640,0
74643,1
74644,1
74649,0
74650,0
74654,1
74655,0
74661,0
74664,1
74665,1
74666,0
74669,0
74672,0
74673,0
74677,1
74678,0
74680,0
74686,0
74688,0
74689,0
74690,1
74695,1
74697,1
74707,1
74708,0
74711,0
74716,0
74717,0
74718,1
74720,0
74723,0
74726,1
74727,1
74729,1
74730,0
74732,1
74733,1
74734,0
74740,0
74743,1
74744,0
74746,0
74747,1
74750,0
74752,1
74753,0
74760,1
74763,1
74764,0
74765,0
74766,0
74768,0
74769,0
74770,0
74777,1
74778,0
74780,0
74786,0
74791,0
74793,0
74794,1
74799,0
74807,0
74808,0
74809,0
74814,1
74815,0
74818,1
74821,1
74827,0
74828,1
74831,1
74834,1
74835,1
74838,0
74840,0
74843,0
74846,1
74850,1
74853,0
74856,1
74858,0
74860,0
74862,1
74863,1
74865,1
74866,1
74870,1
74871,0
74872,0
74873,0
74876,0
74877,0
74880,0
74881,1
74882,0
74886,0
74887,0
74890,0
74892,0
74895,0
74896,1
74897,1
74900,0
74904,1
74905,1
74910,0
74915,1
74919,1
74921,0
74926,1
74937,1
74938,0
74940,0
74942,0
74944,0
74945,0
74947,1
74948,0
74950,0
74953,1
74955,1
74957,0
74960,0
74962,1
74964,1
74966,1
74968,1
74969,0
74970,0
74972,1
74973,1
74974,1
74978,1
74981,0
74982,0
74983,0
74985,0
74986,1
74992,0
75000,1
75003,1
75007,1
75009,1
75010,0
75011,0
75013,1
75016,1
75017,0
75018,0
75020,0
75023,1
75024,1
75032,1
75038,0
75040,0
75041,0
75043,1
75048,0
75049,1
75058,0
75060,1
75061,0
75069,1
75070,1
75071,0
75072,1
75073,0
75075,0
75079,0
75082,0
75083,1
75088,1
75090,0
75091,1
75093,0
75094,1
75095,1
75098,1
75099,1
75101,0
75107,1
75110,0
75112,0
75114,1
75118,0
75119,0
75124,1
75127,0
75128,0
75129,1
75131,0
75136,0
75137,0
75139,0
75140,1
75141,0
75142,1
75144,0
75145,1
75146,1
75150,0
75154,1
75156,0
75158,0
75159,0
75163,1
75164,1
75169,0
75170,1
75174,0
75176,1
75177,1
75178,1
75185,0
75187,1
75189,1
75192,0
75194,0
75197,0
75200,1
75202,0
75203,0
75204,0
75205,1
75209,0
75210,1
75214,0
75215,0
75216,1
75217,0
75220,0
75221,0
75223,1
75226,1
75228,0
75232,1
75233,1
75234,0
75235,1
75237,0
75242,1
75246,0
75247,1
75250,0
75254,0
75260,0
75264,1
75266,1
75270,1
75272,0
75275,1
75276,0
75277,1
75279,0
75280,0
75281,0
75286,0
75289,0
75290,1
75293,0
75294,1
75298,1
75300,0
75302,0
75303,1
75304,0
75307,0
75308,0
75310,1
75311,1
75312,0
75313,1
75316,0
75317,0
75322,0
75323,0
75324,0
75326,1
75327,0
75328,1
75333,0
75335,0
75338,1
75339,1
75340,0
75342,0
75344,1
75345,0
75347,1
75348,1
75353,1
75360,0
75361,0
75362,0
75366,1
75368,0
75369,0
75370,0
75371,0
75373,0
75376,1
75378,0
75382,1
75384,1
75387,0
75389,1
75392,1
75394,0
75395,1
75396,1
75397,1
75398,0
75399,0
75404,0
75407,1
75413,1
75415,1
75418,1
75419,1
75421,0
75427,1
75429,0
75430,0
75434,1
75435,1
75437,1
75438,1
75439,1
75441,0
75442,1
75444,1
75445,1
75447,0
75448,1
75449,1
75451,0
75452,0
75453,1
75454,0
75457,0
75458,0
75462,1
75463,1
75464,0
75465,0
75466,0
75468,0
75469,1
75472,0
75474,0
75475,0
75476,0
75477,1
75478,0
75479,0
75488,1
75489,1
75490,0
75496,1
75497,0
75501,0
75502,1
75504,0
75505,0
75508,0
75510,0
75513,1
75514,0
75515,0
75520,1
75521,1
75524,0
75528,1
75529,0
75533,0
75534,0
75537,0
75541,1
75544,1
75547,0
75548,1
75551,0
75554,0
75556,1
75560,1
75562,0
75564,0
75565,1
75572,1
75575,1
75576,1
75579,1
75581,0
75582,1
75583,0
75584,1
75586,1
75590,0
75593,1
75596,0
75600,0
75602,1
75604,1
75606,0
75610,1
75611,0
75612,1
75614,0
75615,1
75616,1
75617,0
75618,0
75623,1
75625,1
75626,0
75627,1
75628,1
75629,0
75631,0
75632,1
75634,0
75638,0
75639,1
75640,0
75641,1
75643,1
75647,0
75648,0
75649,1
75651,1
75657,1
75664,0
75665,1
75667,0
75668,1
75671,1
75672,1
75673,1
75674,1
75676,0
75677,0
75682,1
75683,0
75685,1
75689,1
75693,1
75696,0
75703,1
75704,1
75708,1
75710,1
75713,1
75715,1
75720,0
75722,0
75725,1
75726,1
75727,0
75731,0
75733,0
75734,0
75738,1
75740,0
75746,1
75748,0
75749,1
75750,0
75753,0
75759,0
75762,0
75768,0
75774,0
75775,1
75782,0
75783,1
75784,0
75787,1
75788,1
75794,0
75796,0
75799,1
75802,1
75809,1
75817,1
75820,1
75821,1
75826,1
75828,1
75830,1
75831,1
75834,0
75836,0
75844,1
75845,1
75846,0
75847,0
75849,0
75853,0
75855,0
75857,0
75858,1
75861,0
75863,0
75864,1
75865,0
75868,1
75873,0
75876,1
75877,0
75878,1
75879,1
75883,0
75884,1
75886,1
75889,0
75891,1
75893,0
75897,1
75899,0
75902,0
75903,1
75905,0
75906,0
75908,0
75909,1
75911,1
75913,1
75916,0
75917,0
75921,1
75923,1
75926,1
75933,1
75935,1
75938,1
75939,0
75942,0
75955,1
75956,0
75957,1
75963,1
75964,0
75966,1
75967,0
75968,1
75969,1
75970,0
75972,1
75973,0
75974,0
75976,1
75977,1
75982,1
75984,0
75985,0
75987,1
75988,1
75992,1
75994,1
76000,0
76005,1
76006,1
76010,1
76011,1
76013,0
76018,1
76025,1
76026,1
76028,1
76031,1
76034,1
76036,0
76040,0
76042,0
76043,1
76044,1
76048,1
76049,1
76052,1
76054,1
76055,1
76057,1
76058,0
76061,0
76062,1
76068,1
76070,0
76071,0
76074,1
76075,1
76079,1
76081,1
76082,1
76084,1
76091,1
76092,0
76095,0
76098,1
76100,0
76102,0
76103,1
76107,1
76108,1
76112,1
76114,0
76116,1
76117,1
76120,1
76121,1
76122,0
76124,0
76125,1
76126,0
76127,0
76128,1
76129,1
76131,1
76134,1
76136,1
76138,0
76139,1
76145,1
76148,1
76153,1
76155,1
76156,0
76160,0
76163,1
76164,0
76168,0
76170,0
76172,1
76173,0
76174,0
76176,1
76180,0
76181,0
76182,1
76183,1
76185,0
76187,1
76188,0
76195,0
76199,1
76200,0
76206,0
76213,0
76214,0
76215,1
76218,0
76220,1
76223,1
76226,0
76228,1
76229,0
76236,1
76237,0
76238,1
76242,1
76243,0
76247,1
76250,1
76254,1
76256,0
76262,0
76266,0
76271,1
76272,0
76273,0
76277,0
76279,1
76280,1
76285,0
76286,1
76288,0
76290,1
76292,1
76294,0
76296,1
76298,1
76299,1
76300,1
76305,0
76307,0
76311,1
76314,0
76315,0
76317,1
76320,0
76322,1
76324,1
76325,0
76326,0
76327,1
76329,1
76331,0
76332,0
76335,1
76337,0
76339,1
76340,1
76342,0
76343,1
76344,1
76347,1
76351,1
76352,1
76353,1
76356,0
76358,1
76360,0
76361,1
76363,0
76366,0
76367,0
76369,0
76370,0
76372,1
76374,0
76376,0
76382,0
76383,0
76384,0
76387,1
76388,1
76391,1
76394,1
76395,0
76397,0
76400,0
76402,1
76404,1
76406,1
76410,1
76413,0
76416,0
76419,1
76420,1
76422,0
76423,0
76427,0
76428,0
76432,1
76435,1
76437,1
76438,0
76441,0
76444,0
76446,0
76447,0
76448,0
76451,1
76455,1
76456,0
76458,1
76459,1
76461,1
76462,1
76463,1
76465,1
76466,0
76467,1
76474,1
76475,1
76480,0
76481,0
76482,1
76488,1
76489,1
76491,1
76492,0
76495,0
76497,0
76501,0
76502,1
76503,0
76506,1
76508,1
76510,1
76515,0
76518,0
76520,1
76525,0
76527,0
76529,0
76532,0
76533,1
76537,0
76547,1
76549,1
76552,1
76555,0
76558,0
76559,0
76560,1
76564,0
76565,1
76566,1
76570,0
76571,1
76574,1
76576,0
76582,1
76585,1
76586,1
76588,1
76589,0
76591,0
76592,1
76593,0
76594,0
76606,1
76607,1
76610,0
76611,1
76614,1
76615,1
76617,0
76618,0
76619,0
76622,0
76625,0
76629,1
76630,0
76631,1
76632,0
76633,0
76634,1
76636,0
76637,1
76639,1
76640,0
76641,0
76642,1
76643,1
76646,0
76652,1
76653,1
76654,1
76656,1
76657,0
76659,1
76661,1
76663,0
76672,1
76675,0
76676,0
76678,1
76680,0
76682,0
76684,0
76685,1
76688,1
76694,1
76695,1
76697,1
76703,0
76706,1
76710,0
76713,0
76720,1
76721,0
76723,1
76727,0
76729,0
76732,1
76733,1
76735,1
76742,1
76744,1
76747,1
76751,1
76752,1
76754,1
76758,1
76759,1
76760,1
76762,1
76763,1
76764,0
76768,0
76769,1
76774,0
76776,0
76779,1
76784,1
76786,0
76787,0
76789,0
76790,0
76791,1
76794,1
76796,0
76798,0
76799,1
76801,1
76802,1
76803,1
76806,0
76810,1
76812,0
76814,0
76818,0
76819,1
76821,0
76822,0
76823,1
76826,0
76830,0
76831,1
76832,0
76834,0
76835,1
76837,1
76839,0
76844,1
76849,0
76853,0
76855,1
76859,0
76861,1
76862,1
76865,1
76868,1
76870,0
76873,1
76879,0
76880,1
76887,0
76889,1
76891,1
76893,0
76896,0
76899,1
76906,1
76908,0
76910,1
76911,1
76912,0
76913,1
76916,1
76920,1
76921,0
76926,0
76931,0
76936,0
76937,0
76941,1
76943,1
76944,1
76945,1
76949,0
76950,1
76951,1
76955,1
76956,1
76959,1
76960,0
76964,0
76966,1
76967,1
76968,0
76969,1
76970,0
76971,0
76972,0
76976,1
76977,0
76983,1
76985,0
76989,0
76990,0
76992,0
76996,0
76999,1
77000,0
77005,1
77006,0
77010,0
77011,0
77012,1
77017,0
77018,1
77025,1
77027,1
77035,0
77036,0
77043,0
77046,0
77048,1
77051,1
77055,0
77056,0
77058,0
77060,1
77065,1
77066,0
77067,1
77071,1
77072,1
77075,0
77078,0
77081,0
77083,0
77084,0
77086,0
77087,1
77090,1
77091,0
77094,0
77095,1
77099,1
77101,1
77104,0
77108,1
77111,1
77116,1
77118,0
77121,1
77128,1
77131,0
77133,0
77137,1
77138,1
77139,0
77140,1
77143,0
77145,1
77151,0
77152,1
77156,1
77159,0
77161,0
77164,1
77165,0
77167,1
77169,1
77171,1
77172,0
77173,0
77175,0
77178,0
77179,0
77184,0
77185,0
77188,1
77189,1
77195,1
77197,0
77198,0
77201,1
77202,0
77205,0
77206,0
77207,0
77209,0
77211,0
77218,1
77222,0
77228,1
77229,0
77230,0
77236,0
77239,0
77240,0
77241,0
77242,1
77243,0
77246,0
77254,1
77259,1
77263,1
77266,1
77268,0
77269,1
77275,0
77277,0
77281,0
77286,1
77287,1
77290,0
77292,1
77293,0
77294,1
77296,0
77297,1
77299,0
77300,1
77302,0
77304,1
77308,1
77309,1
77313,0
77318,0
77319,0
77324,1
77325,0
77327,0
77329,0
77330,1
77345,1
77349,0
77351,1
77355,0
77357,0
77358,1
77359,1
77361,1
77364,1
77366,1
77368,1
77370,1
77371,0
77373,1
77378,1
77380,1
77381,0
77382,0
77384,0
77388,1
77393,1
77394,0
77397,0
77399,1
77402,1
77403,0
77405,0
77408,1
77410,1
77411,0
77412,0
77414,1
77418,1
77420,0
77421,0
77423,1
77427,1
77428,1
77433,1
77435,0
77436,1
77438,1
77439,1
77440,0
77450,0
77451,1
77453,0
77455,1
77461,0
77463,1
77465,1
77466,0
77470,1
77472,0
77476,1
77477,1
77482,1
77487,0
77488,0
77489,1
77490,0
77491,1
77492,1
77496,1
77497,1
77498,1
77500,0
77501,0
77503,1
77512,0
77513,1
77514,0
77517,1
77518,1
77519,1
77521,1
77522,1
77524,0
77525,1
77526,1
77527,0
77532,0
77534,0
77536,0
77542,0
77544,1
77546,1
77548,0
77551,1
77553,1
77555,0
77557,0
77558,1
77559,0
77561,1
77562,1
77567,0
77568,0
77570,0
77573,0
77574,0
77576,1
77577,1
77580,1
77581,0
77583,1
77585,0
77587,0
77590,0
77592,0
77594,1
77596,1
77598,0
77602,0
77603,1
77606,1
77608,1
77609,1
77618,0
77619,0
77620,1
77624,0
77628,1
77634,1
77635,0
77638,1
77642,0
77645,0
77647,1
77649,0
77650,0
77654,0
77656,1
77657,0
77659,1
77665,1
77666,1
77667,1
77668,1
77670,1
77671,1
77672,0
77674,1
77678,1
77680,0
77686,1
77687,0
77690,1
77692,0
77695,1
77696,0
77697,1
77699,1
77704,0
77706,1
77708,1
77709,1
77711,1
77713,0
77726,1
77730,1
77734,1
77737,1
77741,0
77743,1
77746,1
77747,0
77750,0
77753,1
77755,1
77758,0
77761,1
77764,0
77768,1
77770,1
77774,1
77776,0
77779,1
77781,0
77786,1
77788,1
77789,1
77790,1
77792,1
77794,0
77795,1
77796,0
77797,0
77801,1
77805,1
77808,1
77811,1
77814,1
77815,1
77816,1
77817,0
77818,1
77820,1
77821,0
77822,0
77828,1
77830,1
77831,0
77838,0
77839,1
77840,0
77845,1
77846,0
77848,0
77849,0
77852,0
77853,1
77862,1
77873,0
77874,0
77877,0
77882,1
77887,0
77889,0
77897,1
77899,1
77901,1
77903,0
77904,1
77905,1
77908,0
77909,0
77915,1
77917,1
77918,0
77920,0
77921,1
77924,0
77925,1
77927,1
77928,1
77930,0
77931,0
77933,0
77936,1
77938,0
77939,1
77941,1
77954,1
77958,1
77959,1
77962,1
77963,1
77964,1
77965,1
77966,0
77978,0
77981,0
77983,1
77985,0
77987,1
77991,0
77992,0
77993,0
77996,0
78000,1
78001,1
78008,1
78010,1
78011,1
78012,0
78017,1
78019,0
78022,1
78023,0
78025,0
78032,1
78034,0
78035,0
78037,0
78040,0
78043,0
78045,0
78048,0
78050,0
78054,0
78057,1
78059,1
78063,0
78064,0
78068,1
78069,1
78074,1
78077,0
78081,1
78082,0
78088,0
78090,1
78091,1
78093,0
78096,1
78097,1
78099,1
78103,1
78105,1
78113,0
78117,0
78119,1
78120,1
78123,1
78125,0
78128,0
78139,1
78142,0
78149,0
78151,1
78152,1
78153,0
78158,0
78159,0
78161,1
78162,0
78165,1
78169,0
78171,1
78180,1
78186,1
78188,1
78190,1
78191,0
78192,0
78196,0
78203,1
78205,0
78207,0
78208,0
78209,1
78215,1
78216,0
78218,0
78220,1
78221,1
78224,1
78229,1
78231,1
78234,1
78236,0
78238,0
78241,1
78242,1
78243,1
78244,1
78245,0
78247,0
78248,1
78249,0
78252,1
78256,1
78258,1
78260,0
78262,0
78264,1
78267,0
78268,0
78270,1
78273,1
78274,1
78276,1
78281,0
78287,1
78291,0
78292,1
78295,1
78296,0
78297,0
78299,0
78300,0
78301,1
78302,0
78303,0
78306,1
78309,1
78317,1
78326,1
78327,1
78328,1
78329,1
78333,0
78335,1
78336,1
78337,0
78338,1
78346,1
78347,0
78348,0
78349,0
78350,1
78352,1
78362,1
78369,0
78372,0
78373,0
78379,0
78380,0
78382,0
78383,0
78384,1
78389,1
78396,0
78397,1
78403,1
78408,1
78409,1
78410,1
78416,1
78421,0
78425,0
78426,0
78428,0
78430,0
78432,0
78434,0
78438,1
78439,1
78440,0
78445,0
78446,1
78449,0
78450,1
78451,1
78452,0
78457,0
78458,1
78462,1
78464,1
78467,0
78468,1
78470,0
78471,1
78474,0
78475,0
78478,1
78485,0
78488,0
78489,0
78492,1
78496,0
78498,1
78500,1
78501,0
78506,0
78507,1
78510,1
78511,0
78513,1
78516,1
78517,1
78518,1
78519,1
78520,0
78522,1
78527,0
78528,0
78532,0
78535,0
78537,0
78538,0
78541,1
78543,0
78544,0
78545,0
78547,1
78553,0
78558,1
78563,0
78564,0
78565,1
78567,1
78569,1
78571,0
78572,0
78576,1
78577,0
78578,0
78582,1
78585,0
78590,0
78594,0
78599,1
78600,1
78602,1
78604,0
78607,1
78608,1
78610,1
78614,0
78616,1
78617,0
78621,1
78626,0
78627,0
78630,1
78631,0
78633,0
78634,1
78635,0
78638,0
78640,1
78642,1
78643,1
78644,1
78646,0
78647,0
78649,1
78650,1
78652,0
78653,0
78655,1
78656,0
78657,0
78661,1
78662,1
78666,1
78667,1
78674,0
78676,1
78677,1
78678,0
78679,1
78683,1
78686,1
78687,1
78688,0
78689,1
78693,1
78695,1
78697,1
78698,0
78703,0
78708,1
78712,1
78716,1
78717,0
78720,1
78726,0
78727,1
78733,0
78741,0
78745,1
78747,1
78748,1
78752,1
78757,1
78758,1
78759,1
78760,1
78761,0
78762,0
78765,0
78766,1
78772,0
78774,0
78775,1
78783,0
78785,0
78797,1
78806,1
78808,1
78809,0
78814,1
78817,1
78831,0
78833,0
78835,1
78836,1
78840,0
78842,0
78844,1
78847,0
78848,0
78851,1
78852,1
78853,1
78858,0
78861,0
78862,1
78870,0
78871,1
78872,1
78874,1
78879,0
78880,1
78881,0
78882,0
78883,0
78886,1
78896,0
78897,1
78899,0
78901,0
78902,1
78912,0
78915,0
78920,1
78921,0
78922,1
78923,0
78924,0
78930,0
78933,0
78934,1
78941,0
78942,1
78945,0
78946,1
78950,0
78951,1
78952,0
78953,0
78955,1
78959,0
78960,1
78961,0
78963,1
78966,1
78967,1
78968,0
78972,1
78974,1
78975,1
78976,1
78981,0
78985,0
78987,0
78990,1
78994,0
78995,1
78997,0
78999,0
79002,1
79003,0
79005,1
79007,0
79011,0
79015,0
79017,0
79019,1
79026,1
79027,1
79030,1
79031,0
79032,1
79033,1
79034,0
79035,0
79036,1
79044,1
79045,0
79047,1
79048,0
79057,1
79058,0
79060,0
79061,1
79062,1
79065,1
79068,0
79071,1
79072,1
79076,0
79084,1
79088,0
79089,1
79091,0
79093,0
79094,0
79095,0
79101,1
79102,1
79103,0
79105,0
79109,1
79112,1
79119,1
79123,1
79124,0
79125,1
79126,1
79129,0
79132,1
79135,0
79138,0
79141,0
79143,1
79144,1
79148,0
79151,0
79154,0
79157,0
79161,0
79162,1
79164,1
79165,0
79166,0
79169,1
79178,1
79189,0
79190,0
79191,1
79192,0
79193,0
79194,1
79195,0
79196,0
79198,1
79201,1
79203,0
79205,1
79210,0
79217,0
79218,1
79221,0
79225,0
79236,1
79240,0
79241,0
79245,0
79246,0
79252,1
79256,0
79263,0
79270,1
79271,0
79272,1
79278,0
79279,0
79281,1
79283,0
79288,1
79291,0
79292,0
79294,1
79296,1
79299,1
79300,0
79301,1
79303,1
79307,1
79310,0
79313,0
79315,1
79316,1
79320,0
79322,1
79326,0
79329,0
79331,0
79335,1
79336,1
79338,0
79341,0
79346,0
79348,0
79349,0
79350,0
79361,1
79362,0
79366,1
79369,1
79372,0
79374,0
79377,0
79379,0
79380,0
79383,1
79385,1
79388,1
79390,0
79392,0
79395,1
79396,0
79397,0
79401,1
79402,0
79409,1
79411,1
79414,1
79421,1
79422,1
79423,1
79426,0
79428,1
79429,1
79432,1
79434,0
79436,0
79437,0
79439,1
79441,0
79442,0
79444,0
79445,1
79449,0
79452,1
79453,0
79454,0
79456,1
79458,1
79459,1
79460,1
79467,1
79469,0
79471,1
79472,0
79473,0
79477,0
79478,0
79480,1
79481,1
79482,0
79484,0
79486,0
79488,0
79491,0
79493,0
79494,0
79495,0
79498,1
79499,0
79502,1
79503,1
79504,0
79509,1
79510,0
79511,0
79512,0
79514,0
79516,0
79518,0
79520,0
79521,1
79526,1
79529,0
79541,0
79546,0
79547,0
79548,0
79551,0
79556,0
79561,0
79562,0
79563,0
79566,1
79567,0
79568,0
79570,1
79572,0
79573,1
79579,0
79580,1
79581,0
79583,0
79586,0
79588,1
79589,1
79593,1
79594,1
79595,0
79597,0
79598,0
79599,0
79600,1
79602,1
79604,0
79605,0
79606,0
79608,1
79610,0
79611,0
79617,0
79621,1
79623,1
79624,1
79627,0
79629,1
79633,0
79634,0
79635,1
79639,0
79641,0
79644,0
79648,1
79649,0
79651,1
79652,1
79653,1
79655,1
79660,0
79663,0
79665,0
79666,0
79670,0
79674,1
79679,0
79683,1
79684,0
79687,1
79688,0
79693,0
79694,0
79697,0
79698,0
79699,0
79700,1
79701,1
79703,0
79704,1
79705,0
79707,1
79711,0
79716,0
79717,1
79722,1
79726,1
79729,0
79731,1
79737,1
79740,1
79742,0
79744,1
79753,1
79755,1
79760,0
79765,1
79768,0
79773,0
79774,1
79775,0
79776,1
79778,0
79779,1
79780,1
79782,1
79786,0
79789,1
79790,0
79792,1
79793,1
79798,1
79799,0
79801,1
79803,0
79804,1
79806,1
79807,1
79808,0
79810,0
79814,0
79815,0
79818,0
79819,1
79820,0
79823,0
79826,1
79829,1
79830,1
79831,0
79833,0
79834,0
79838,1
79841,1
79844,0
79845,1
79847,0
79848,0
79849,0
79850,1
79851,0
79858,1
79859,0
79860,1
79865,0
79866,0
79867,0
79870,1
79873,0
79875,1
79878,0
79885,1
79886,0
79887,1
79888,0
79890,0
79891,0
79892,0
79894,0
79895,1
79901,1
79902,0
79903,0
79905,0
79911,0
79912,0
79921,0
79924,0
79930,0
79933,0
79937,0
79941,1
79943,1
79945,1
79951,1
79953,0
79955,0
79959,0
79961,0
79969,0
79975,0
79976,0
79977,0
79978,1
79980,1
79982,0
79987,0
79988,0
79989,1
79991,0
79993,0
79994,0
79997,1
79998,0
80000,0
80001,1
80005,1
80006,1
80008,0
80010,1
80011,0
80014,1
80015,0
80016,0
80025,1
80028,0
80032,0
80035,0
80036,0
80039,0
80041,1
80043,0
80048,1
80052,1
80056,1
80065,1
80067,0
80069,1
80070,0
80071,1
80073,1
80075,1
80076,1
80078,1
80080,1
80081,1
80084,0
80087,0
80088,0
80090,1
80091,0
80092,0
80094,0
80097,0
80103,0
80107,0
80119,0
80120,0
80125,0
80127,0
80129,0
80130,1
80133,1
80135,0
80136,1
80137,0
80139,0
80142,1
80144,0
80145,1
80146,1
80152,1
80157,0
80160,0
80161,1
80162,1
80163,1
80164,0
80165,1
80166,0
80170,1
80171,0
80173,0
80179,0
80182,0
80187,0
80188,1
80189,1
80193,1
80194,0
80195,1
80202,0
80210,0
80212,1
80213,1
80215,0
80223,1
80225,1
80226,1
80228,0
80229,1
80230,0
80231,0
80236,1
80238,1
80239,1
80242,0
80244,1
80248,1
80250,0
80252,1
80253,0
80255,1
80261,1
80263,1
80264,0
80268,1
80269,1
80277,1
80278,0
80283,1
80286,1
80287,0
80288,0
80292,0
80293,1
80302,0
80303,0
80304,0
80308,0
80309,0
80310,0
80311,1
80315,1
80321,1
80326,0
80334,1
80336,1
80337,0
80338,0
80345,1
80347,1
80350,0
80351,0
80352,0
80360,0
80362,1
80366,0
80368,0
80370,1
80385,1
80386,0
80387,0
80389,1
80390,1
80392,0
80393,1
80394,1
80395,0
80396,0
80403,1
80407,0
80408,0
80410,0
80411,0
80412,1
80414,0
80415,0
80418,0
80422,0
80423,1
80425,0
80431,1
80434,0
80435,0
80436,0
80441,1
80442,1
80447,0
80448,0
80453,0
80454,0
80455,0
80458,0
80459,1
80463,0
80464,0
80465,0
80466,0
80467,0
80468,0
80471,0
80476,1
80477,0
80480,0
80487,0
80488,0
80489,1
80490,0
80492,1
80493,1
80500,0
80503,1
80506,0
80509,1
80510,0
80512,0
80515,1
80519,0
80522,1
80526,0
80528,1
80530,0
80531,0
80532,0
80536,1
80542,1
80543,1
80545,1
80548,0
80560,1
80563,1
80564,0
80566,1
80568,1
80572,0
80574,1
80575,0
80580,0
80584,0
80586,1
80587,1
80588,0
80590,0
80591,0
80594,0
80597,1
80598,1
80599,1
80603,0
80605,0
80607,0
80608,1
80610,0
80615,0
80616,0
80621,0
80625,1
80629,0
80635,1
80637,1
80640,0
80641,0
80647,0
80653,1
80656,0
80657,1
80659,0
80660,0
80662,1
80666,1
80667,1
80668,0
80669,1
80671,0
80672,1
80673,1
80675,0
80677,1
80678,0
80681,0
80683,0
80690,0
80692,1
80693,1
80694,0
80695,1
80696,1
80699,0
80701,0
80702,0
80703,1
80705,1
80706,0
80711,1
80714,1
80715,1
80716,1
80719,0
80720,0
80721,0
80724,0
80727,0
80728,0
80730,0
80732,0
80733,1
80734,0
80737,0
80738,0
80739,0
80741,1
80742,0
80748,0
80750,0
80752,0
80753,0
80755,1
80758,1
80770,0
80772,0
80773,0
80774,0
80776,0
80777,0
80778,0
80781,0
80784,1
80788,1
80791,1
80793,0
80795,1
80801,0
80803,0
80804,1
80805,1
80807,0
80808,1
80813,0
80816,1
80819,1
80831,1
80832,0
80835,1
80836,0
80841,1
80843,0
80848,0
80849,0
80851,1
80852,1
80857,0
80859,1
80865,1
80866,0
80871,0
80873,0
80874,1
80880,0
80881,0
80882,1
80886,0
80889,0
80895,1
80900,0
80901,1
80902,1
80903,1
80907,1
80908,0
80909,0
80911,1
80912,1
80914,1
80916,1
80917,0
80920,1
80923,0
80928,1
80932,1
80935,1
80936,0
80938,1
80941,0
80944,1
80946,0
80947,0
80948,0
80951,0
80952,1
80957,0
80958,0
80962,0
80966,1
80970,1
80971,1
80974,0
80976,1
80977,1
80978,0
80979,0
80980,1
80982,1
80983,1
80985,1
80990,0
80991,1
80996,1
80997,0
80999,1
81000,0
81001,1
81002,1
81003,0
81006,0
81007,1
81009,1
81010,0
81011,0
81012,0
81016,0
81023,0
81031,1
81032,0
81036,0
81039,0
81043,1
81052,0
81054,0
81056,0
81057,1
81058,1
81059,0
81063,1
81068,0
81069,0
81071,0
81072,1
81074,0
81078,0
81083,1
81084,0
81087,0
81091,1
81092,0
81094,1
81095,1
81097,1
81104,1
81105,0
81107,1
81109,0
81112,0
81113,0
81115,0
81116,0
81118,0
81119,0
81120,0
81121,1
81122,1
81127,1
81128,0
81129,0
81131,0
81132,0
81135,1
81138,1
81139,0
81141,0
81144,1
81145,0
81150,1
81152,0
81157,1
81158,1
81161,0
81164,0
81168,0
81170,0
81174,0
81175,0
81177,0
81178,1
81184,0
81186,0
81189,1
81191,0
81194,1
81195,0
81196,1
81201,1
81203,0
81204,0
81208,0
81210,0
81213,1
81216,0
81218,0
81219,1
81222,1
81223,1
81226,0
81228,0
81229,1
81230,1
81231,0
81233,1
81234,1
81237,1
81243,1
81248,1
81253,0
81258,0
81259,0
81261,1
81267,1
81271,0
81276,1
81279,1
81280,0
81283,0
81284,0
81287,1
81291,1
81293,0
81299,1
81300,1
81304,0
81306,0
81307,1
81316,0
81319,1
81321,0
81323,1
81325,0
81328,0
81329,1
81333,1
81336,1
81338,0
81339,0
81341,1
81345,0
81348,1
81350,1
81352,0
81355,1
81357,0
81360,1
81361,0
81366,0
81367,1
81368,0
81371,0
81372,1
81373,1
81375,1
81382,1
81383,0
81385,0
81389,0
81391,1
81393,1
81394,0
81395,0
81396,1
81399,0
81400,1
81402,1
81407,0
81408,1
81415,1
81417,0
81418,1
81419,0
81423,1
81425,1
81427,0
81429,0
81430,0
81431,1
81434,0
81437,1
81439,0
81441,1
81449,0
81450,0
81452,0
81453,0
81454,1
81459,0
81460,1
81465,0
81466,0
81468,1
81469,1
81470,1
81474,1
81475,1
81477,0
81478,0
81479,1
81482,1
81483,1
81484,1
81489,0
81490,0
81493,0
81497,0
81498,1
81499,0
81503,0
81504,1
81505,1
81506,1
81507,1
81508,0
81510,1
81513,0
81516,1
81517,1
81518,0
81519,0
81520,0
81524,0
81525,0
81526,1
81532,1
81536,1
81542,1
81545,0
81546,0
81548,1
81552,0
81555,1
81559,1
81560,0
81565,1
81568,0
81570,1
81571,1
81574,0
81575,0
81578,0
81581,0
81585,1
81586,0
81590,1
81598,0
81601,0
81603,0
81616,1
81622,1
81625,1
81626,1
81628,0
81629,0
81632,1
81633,0
81635,1
81641,1
81643,0
81644,0
81646,0
81654,0
81655,0
81657,1
81658,1
81659,1
81663,1
81664,1
81666,0
81668,1
81673,0
81679,1
81685,1
81690,0
81691,0
81693,0
81694,0
81696,1
81698,1
81700,0
81701,1
81702,0
81705,1
81707,1
81708,1
81709,1
81710,0
81713,1
81714,1
81715,0
81716,1
81718,1
81728,0
81730,1
81736,0
81744,0
81746,1
81748,0
81749,1
81751,1
81755,0
81761,0
81762,0
81768,0
81770,1
81779,0
81781,0
81782,0
81783,1
81786,0
81787,1
81791,0
81793,1
81798,1
81800,0
81807,1
81808,1
81809,0
81810,0
81816,0
81820,0
81824,1
81827,1
81828,1
81829,0
81830,1
81833,0
81836,0
81837,1
81838,1
81842,1
81844,1
81847,1
81848,0
81853,1
81855,0
81858,1
81859,0
81862,0
81864,1
81867,0
81870,1
81872,1
81875,0
81880,0
81882,0
81883,0
81885,0
81891,1
81893,1
81895,1
81902,1
81906,1
81907,0
81910,1
81914,1
81916,0
81917,0
81921,0
81928,1
81932,1
81934,0
81935,0
81937,1
81939,0
81940,1
81941,0
81942,1
81943,0
81947,0
81948,0
81951,1
81952,1
81954,0
81955,1
81957,1
81961,0
81967,1
81969,0
81971,1
81972,0
81973,1
81975,1
81979,1
81983,0
81985,0
81990,1
81996,0
81998,1
82000,1
82001,1
82002,0
82005,0
82006,0
82010,1
82015,0
82017,1
82019,0
82020,0
82022,1
82025,1
82027,1
82028,1
82031,0
82038,1
82042,1
82046,1
82047,0
82049,1
82050,1
82052,1
82054,0
82055,1
82057,1
82061,0
82064,0
82065,1
82072,1
82073,1
82074,0
82081,0
82085,1
82095,0
82096,1
82098,1
82105,0
82107,0
82108,1
82109,1
82110,1
82111,1
82112,0
82113,1
82116,0
82117,1
82130,0
82133,1
82134,1
82138,1
82140,1
82141,0
82142,1
82143,1
82145,1
82146,0
82147,0
82150,1
82151,1
82153,0
82154,1
82155,1
82157,0
82158,1
82162,0
82163,0
82164,1
82165,1
82166,0
82172,1
82174,0
82181,1
82182,1
82184,1
82185,1
82189,0
82191,1
82192,0
82193,1
82194,0
82196,0
82201,1
82204,1
82207,0
82208,1
82210,0
82211,0
82212,1
82213,0
82215,0
82216,0
82221,0
82223,1
82224,1
82226,0
82230,1
82231,1
82232,0
82239,0
82241,0
82244,1
82247,1
82249,0
82254,0
82256,0
82257,0
82260,0
82263,1
82267,1
82268,0
82269,1
82282,1
82286,1
82287,1
82291,1
82296,1
82297,0
82301,0
82305,1
82306,1
82312,1
82313,0
82314,1
82315,1
82316,1
82318,0
82319,0
82321,0
82326,0
82327,1
82328,1
82331,0
82332,1
82337,1
82338,0
82343,1
82348,1
82351,1
82352,1
82356,1
82357,1
82358,1
82360,1
82362,0
82364,0
82366,0
82368,1
82369,0
82370,1
82371,0
82372,1
82373,1
82376,1
82377,0
82378,0
82381,0
82382,0
82384,0
82388,1
82391,1
82392,1
82396,1
82398,1
82400,0
82401,1
82403,0
82404,0
82406,0
82408,1
82410,1
82417,0
82423,1
82426,1
82427,0
82429,1
82437,1
82438,0
82440,1
82441,0
82442,1
82443,0
82445,0
82448,1
82449,0
82451,1
82452,0
82453,1
82458,0
82460,0
82461,0
82463,1
82466,1
82469,0
82472,0
82473,1
82477,0
82478,1
82479,0
82481,1
82483,0
82485,1
82488,1
82496,1
82497,1
82498,1
82499,1
82502,1
82503,1
82504,0
82505,0
82506,0
82508,1
82509,0
82510,0
82512,1
82514,1
82516,1
82527,0
82528,1
82529,1
82536,1
82538,1
82544,0
82547,0
82550,0
82551,0
82552,0
82554,0
82555,1
82558,1
82567,1
82573,0
82574,1
82577,1
82578,0
82581,0
82582,1
82583,0
82586,0
82588,1
82592,0
82594,0
82595,1
82599,1
82600,0
82601,1
82603,1
82607,1
82608,0
82611,0
82612,0
82613,0
82620,0
82623,0
82626,1
82629,0
82634,0
82637,1
82642,0
82643,1
82644,0
82645,0
82646,0
82648,1
82649,0
82650,1
82653,1
82654,0
82658,0
82660,0
82661,1
82662,0
82664,0
82668,1
82669,0
82675,0
82681,1
82685,0
82686,1
82696,1
82697,0
82698,1
82706,1
82707,1
82709,1
82711,1
82714,1
82716,1
82717,1
82718,0
82723,1
82724,0
82725,1
82728,1
82729,0
82730,0
82736,0
82738,0
82741,0
82743,0
82747,1
82749,1
82756,1
82758,1
82763,0
82766,1
82767,1
82770,1
82772,1
82775,0
82777,0
82778,1
82779,1
82780,1
82784,1
82785,1
82787,0
82788,1
82789,1
82791,0
82800,1
82803,0
82806,0
82807,0
82808,0
82811,0
82812,0
82813,1
82814,1
82815,0
82818,0
82820,1
82823,1
82825,0
82827,0
82835,1
82841,1
82844,1
82852,0
82853,1
82854,1
82855,1
82858,0
82859,1
82861,0
82865,1
82867,0
82870,0
82874,0
82875,0
82879,1
82884,1
82885,0
82889,0
82891,0
82892,1
82894,1
82896,0
82900,0
82903,0
82904,0
82905,1
82907,1
82908,1
82912,1
82915,0
82921,1
82922,1
82926,1
82927,0
82928,0
82934,1
82935,0
82938,0
82939,0
82941,0
82943,1
82946,0
82947,0
82948,0
82949,1
82950,0
82951,0
82957,0
82958,1
82961,1
82964,1
82965,1
82966,0
82972,0
82973,1
82975,0
82977,1
82979,0
82989,1
82990,1
82993,0
82994,0
82997,1
82999,0
83000,0
83003,0
83005,1
83007,0
83009,0
83015,1
83018,0
83022,1
83032,1
83033,0
83034,1
83037,1
83052,1
83054,1
83055,1
83056,0
83062,1
83064,0
83067,1
83069,1
83070,0
83071,1
83072,1
83076,1
83088,1
83089,0
83090,0
83093,0
83094,0
83096,0
83097,0
83098,0
83100,1
83102,0
83105,1
83107,1
83110,0
83111,1
83114,1
83117,0
83121,1
83122,0
83123,1
83127,0
83128,1
83139,1
83141,1
83147,1
83148,1
83152,1
83154,1
83155,0
83156,1
83157,1
83160,0
83162,0
83163,0
83168,0
83170,0
83171,1
83175,1
83181,1
83185,1
83186,1
83188,1
83194,0
83195,0
83202,0
83204,0
83206,1
83211,1
83212,1
83214,0
83218,1
83221,1
83224,0
83225,1
83226,1
83228,1
83229,0
83231,1
83233,0
83237,0
83243,0
83245,1
83247,0
83248,1
83249,0
83251,0
83264,1
83267,0
83268,0
83269,1
83271,0
83272,1
83273,0
83276,1
83282,1
83285,0
83287,0
83291,1
83292,0
83300,1
83302,0
83308,1
83311,0
83317,0
83318,0
83319,1
83321,0
83322,0
83326,1
83328,0
83331,0
83333,0
83336,0
83343,0
83346,1
83347,0
83348,0
83349,0
83353,0
83354,0
83355,0
83356,0
83357,1
83358,0
83362,1
83365,1
83367,1
83368,1
83370,1
83374,1
83378,0
83380,0
83381,0
83384,1
83385,1
83386,1
83387,0
83394,0
83395,1
83396,0
83399,0
83401,0
83406,1
83410,0
83420,1
83421,0
83422,1
83423,0
83425,0
83426,0
83427,0
83433,0
83434,1
83441,0
83442,0
83447,0
83449,0
83450,1
83453,1
83458,0
83459,0
83461,1
83462,0
83464,1
83465,1
83467,1
83473,0
83474,1
83476,0
83478,1
83481,0
83482,1
83483,0
83484,0
83487,1
83494,1
83495,1
83497,1
83499,0
83506,0
83509,0
83510,0
83511,0
83512,1
83519,1
83520,0
83521,1
83523,1
83526,0
83531,1
83532,0
83533,1
83534,0
83537,1
83538,0
83539,0
83541,1
83543,0
83545,0
83547,0
83548,1
83550,1
83551,0
83557,0
83560,1
83564,1
83567,1
83568,0
83569,1
83574,0
83575,1
83578,0
83579,0
83582,1
83585,1
83590,1
83591,0
83594,0
83600,0
83602,0
83604,0
83609,0
83610,1
83612,1
83613,0
83614,0
83616,1
83620,0
83623,0
83628,1
83633,1
83635,1
83636,1
83637,1
83638,0
83642,0
83643,0
83644,0
83645,1
83646,1
83647,0
83649,0
83652,0
83660,1
83662,1
83663,1
83666,0
83673,0
83674,0
83675,1
83678,0
83679,1
83680,0
83683,1
83684,1
83685,0
83686,1
83687,1
83688,0
83690,0
83692,0
83694,1
83695,0
83699,0
83703,1
83706,0
83708,0
83709,0
83711,1
83716,0
83717,1
83721,0
83722,1
83723,1
83725,1
83726,0
83730,1
83731,0
83735,1
83738,0
83739,1
83740,0
83741,1
83743,1
83744,0
83747,0
83749,1
83750,1
83753,1
83754,1
83755,1
83757,0
83758,0
83759,1
83760,0
83762,1
83763,1
83767,1
83768,1
83769,1
83770,1
83773,1
83774,1
83775,0
83778,1
83779,0
83787,0
83788,1
83789,1
83792,0
83795,1
83798,0
83800,1
83805,0
83806,0
83808,1
83809,0
83811,0
83814,1
83815,1
83817,0
83821,0
83822,0
83824,0
83829,1
83831,1
83834,0
83840,1
83841,0
83842,1
83851,0
83852,0
83854,0
83855,1
83858,0
83859,0
83865,0
83866,1
83867,0
83868,1
83869,0
83872,1
83873,0
83876,0
83878,1
83881,1
83883,0
83886,1
83888,0
83889,0
83890,0
83891,0
83893,0
83894,1
83896,1
83899,0
83904,0
83910,0
83912,1
83914,1
83919,0
83920,0
83921,1
83923,1
83929,0
83930,1
83932,1
83938,1
83942,0
83943,0
83947,0
83949,0
83952,1
83953,1
83954,1
83958,0
83959,0
83960,0
83961,0
83963,1
83964,1
83965,1
83966,1
83967,1
83972,1
83974,0
83975,1
83976,0
83978,1
83985,0
83986,1
83987,0
83989,1
83992,1
83995,0
83999,0
84000,0
84003,0
84005,1
84006,1
84007,1
84009,0
84010,1
84015,1
84018,1
84024,0
84025,0
84026,1
84027,1
84031,0
84032,1
84033,0
84034,1
84036,0
84037,0
84041,0
84043,1
84045,0
84060,0
84062,1
84066,1
84067,0
84068,0
84074,0
84076,1
84077,1
84081,0
84083,0
84088,1
84089,1
84090,1
84091,0
84099,0
84101,1
84103,1
84105,1
84106,1
84109,0
84110,0
84112,1
84115,1
84122,1
84126,0
84128,1
84136,1
84138,0
84140,1
84142,0
84143,1
84146,1
84150,0
84161,0
84164,0
84168,1
84169,1
84172,1
84173,1
84174,0
84175,0
84182,1
84185,0
84189,1
84191,1
84193,1
84195,0
84200,0
84201,1
84203,0
84205,1
84206,0
84210,1
84211,1
84213,0
84215,0
84216,1
84218,0
84221,0
84222,0
84224,1
84225,1
84227,0
84229,1
84231,1
84235,1
84237,1
84239,1
84241,1
84246,1
84248,1
84250,1
84252,0
84253,1
84254,0
84255,0
84257,1
84258,1
84260,0
84261,0
84262,1
84264,0
84267,0
84272,0
84273,1
84275,1
84276,0
84277,0
84282,1
84293,0
84294,0
84302,1
84304,1
84310,0
84312,1
84316,1
84320,0
84324,0
84325,0
84327,1
84334,0
84335,0
84337,1
84338,1
84339,0
84342,0
84344,1
84345,1
84347,1
84349,1
84350,1
84353,0
84354,0
84355,0
84357,1
84358,1
84360,0
84361,0
84363,1
84364,0
84366,1
84370,1
84374,0
84376,0
84377,0
84379,1
84382,1
84385,0
84388,1
84390,1
84392,0
84393,1
84395,1
84396,0
84401,1
84403,1
84406,0
84408,1
84410,0
84414,0
84418,0
84420,0
84421,1
84424,1
84426,0
84427,0
84428,0
84429,1
84432,0
84433,0
84440,0
84441,1
84443,1
84446,0
84449,0
84451,1
84452,1
84453,1
84454,1
84457,1
84463,1
84467,0
84468,1
84470,1
84472,0
84473,0
84476,1
84481,0
84484,0
84485,1
84486,1
84489,1
84491,0
84495,1
84498,0
84502,1
84503,0
84504,1
84509,1
84511,1
84512,0
84514,1
84516,0
84517,1
84518,1
84520,0
84521,0
84523,1
84528,0
84532,0
84543,1
84544,1
84546,1
84550,1
84551,1
84552,1
84553,0
84561,0
84570,1
84571,1
84573,1
84575,1
84576,0
84577,1
84579,1
84580,0
84584,0
84586,0
84588,0
84589,1
84590,1
84593,1
84594,0
84595,0
84596,1
84597,0
84598,1
84601,1
84605,1
84606,0
84607,0
84609,0
84610,0
84612,1
84613,1
84614,0
84615,0
84616,1
84619,0
84623,0
84626,0
84629,0
84630,0
84631,1
84632,1
84635,1
84637,1
84638,1
84645,1
84647,0
84648,1
84649,0
84650,1
84652,1
84655,1
84661,1
84664,0
84665,0
84666,0
84667,0
84670,0
84672,1
84673,0
84676,1
84677,0
84681,1
84687,1
84693,0
84694,1
84695,1
84697,1
84699,1
84701,1
84702,1
84704,1
84705,0
84706,0
84708,0
84710,0
84713,0
84714,1
84715,1
84716,1
84717,1
84720,1
84722,0
84724,0
84726,1
84729,0
84735,0
84740,0
84742,1
84743,1
84745,0
84749,0
84751,1
84752,0
84756,1
84757,0
84758,0
84761,0
84766,1
84774,1
84775,1
84779,1
84780,1
84783,0
84784,0
84786,1
84787,1
84788,1
84796,1
84798,0
84800,0
84801,0
84802,0
84803,1
84805,0
84806,0
84810,1
84811,1
84812,1
84814,1
84815,0
84816,1
84820,1
84826,1
84829,1
84830,1
84831,0
84834,1
84835,0
84837,0
84838,1
84841,1
84845,1
84847,0
84849,0
84850,1
84852,0
84854,1
84858,0
84865,1
84866,0
84867,1
84868,1
84873,0
84875,1
84876,0
84883,1
84884,0
84886,1
84887,1
84888,1
84890,0
84891,0
84894,0
84895,0
84896,1
84900,0
84901,1
84904,0
84907,1
84910,0
84916,0
84920,0
84923,1
84924,1
84928,1
84929,1
84930,1
84931,0
84932,1
84934,0
84936,1
84937,1
84938,0
84941,1
84948,1
84951,0
84956,0
84959,1
84960,0
84961,1
84964,1
84966,0
84971,0
84975,1
84976,0
84981,0
84982,1
84983,1
84985,0
84986,0
84987,0
84989,1
84990,0
84991,1
84999,1
85002,1
85004,1
85005,1
85006,1
85008,0
85010,1
85013,1
85014,0
85016,1
85017,1
85020,0
85025,1
85027,0
85029,0
85030,1
85032,0
85034,0
85035,0
85036,1
85040,0
85042,1
85043,1
85044,0
85047,1
85053,1
85055,0
85058,1
85059,0
85071,0
85074,0
85077,0
85078,1
85079,1
85084,0
85087,1
85093,1
85094,1
85096,0
85098,1
85101,1
85102,1
85104,0
85105,0
85106,0
85109,0
85110,1
85112,1
85117,1
85118,1
85122,0
85123,1
85124,0
85133,0
85137,1
85139,1
85140,0
85141,0
85142,1
85143,1
85144,1
85145,1
85146,1
85147,1
85150,0
85153,1
85156,0
85157,1
85158,0
85161,1
85168,0
85172,1
85173,1
85174,1
85176,1
85178,1
85179,1
85180,1
85182,0
85183,1
85185,0
85188,0
85190,0
85192,1
85195,1
85197,1
85198,1
85199,1
85201,1
85206,0
85209,1
85214,1
85218,0
85221,1
85222,1
85224,0
85227,1
85229,1
85233,0
85235,1
85244,1
85245,1
85246,0
85247,0
85249,1
85252,0
85255,1
85256,0
85258,1
85261,1
85264,1
85266,1
85268,1
85269,1
85274,1
85275,0
85277,1
85278,0
85279,1
85281,0
85283,1
85287,0
85290,0
85293,0
85301,1
85302,1
85305,0
85306,0
85311,0
85312,0
85313,1
85317,1
85318,1
85329,1
85330,0
85331,1
85335,1
85337,0
85339,0
85343,0
85346,1
85350,1
85353,0
85358,1
85361,0
85363,0
85364,0
85366,1
85367,0
85369,1
85371,1
85374,0
85375,1
85376,1
85378,0
85379,0
85381,1
85383,0
85385,0
85386,0
85387,1
85389,1
85394,0
85397,0
85399,0
85400,0
85402,0
85404,0
85406,0
85407,0
85408,1
85412,1
85413,1
85419,0
85424,1
85425,1
85426,0
85427,1
85434,0
85444,1
85445,1
85446,1
85447,1
85449,1
85451,1
85455,0
85456,1
85459,1
85461,1
85467,0
85473,1
85474,1
85477,0
85483,1
85488,1
85489,1
85500,1
85501,0
85505,1
85506,0
85511,1
85518,1
85525,0
85528,0
85532,1
85535,1
85538,1
85539,1
85541,0
85543,0
85546,1
85552,1
85553,1
85554,0
85555,0
85557,0
85559,0
85560,0
85562,1
85564,0
85568,0
85569,1
85571,0
85574,1
85575,0
85578,1
85579,1
85585,0
85589,1
85590,1
85593,1
85594,0
85597,1
85602,0
85608,1
85610,1
85611,1
85613,1
85616,1
85627,1
85629,1
85630,0
85634,1
85638,0
85640,1
85641,1
85642,1
85643,0
85646,1
85647,0
85648,1
85650,1
85652,0
85654,1
85656,1
85658,0
85659,1
85660,0
85666,1
85668,0
85679,0
85683,0
85688,1
85690,0
85697,1
85698,0
85699,1
85703,0
85704,1
85709,1
85714,1
85715,1
85716,1
85717,0
85726,0
85730,1
85732,1
85736,1
85737,0
85739,1
85741,0
85746,1
85747,0
85749,0
85753,0
85754,1
85757,1
85761,1
85762,0
85763,1
85764,1
85769,1
85771,1
85772,0
85774,1
85779,1
85781,0
85782,1
85784,1
85786,1
85790,0
85791,1
85794,1
85795,0
85799,1
85801,0
85802,0
85807,1
85812,0
85813,1
85815,0
85816,1
85817,0
85821,0
85822,1
85828,1
85831,0
85834,1
85835,0
85836,1
85837,1
85843,1
85844,0
85845,1
85850,1
85852,1
85856,0
85857,0
85858,1
85859,0
85865,1
85866,1
85867,0
85868,0
85870,0
85873,0
85877,0
85879,1
85888,1
85890,1
85893,1
85897,1
85899,1
85900,1
85902,1
85905,0
85907,1
85910,0
85913,0
85915,0
85918,1
85921,1
85924,0
85930,1
85931,0
85937,0
85938,1
85939,1
85941,1
85944,1
85945,1
85948,0
85950,0
85951,1
85953,0
85954,0
85958,1
85961,1
85965,0
85970,1
85971,0
85973,0
85975,0
85977,0
85978,1
85979,0
85980,0
85981,0
85982,1
85983,1
85988,1
85989,0
85991,1
85992,0
85993,1
85995,1
86000,1
86001,0
86003,0
86004,0
86005,1
86007,0
86008,0
86009,0
86010,0
86012,0
86016,1
86018,1
86020,0
86024,1
86026,1
86030,0
86031,0
86032,1
86033,0
86034,1
86037,1
86046,1
86047,1
86050,1
86053,1
86056,1
86057,0
86059,1
86060,1
86065,1
86069,0
86072,0
86073,1
86077,1
86078,1
86079,1
86086,1
86088,0
86090,0
86093,1
86099,0
86101,0
86102,0
86106,1
86110,1
86113,0
86120,1
86121,1
86122,1
86123,1
86124,1
86126,0
86127,1
86133,0
86135,0
86137,0
86138,0
86140,1
86141,0
86144,1
86145,0
86148,1
86151,1
86152,1
86153,1
86156,1
86158,0
86159,1
86160,0
86162,1
86164,0
86170,1
86172,1
86173,1
86178,1
86182,0
86183,1
86186,0
86188,1
86191,1
86192,1
86193,1
86197,0
86198,0
86199,1
86200,1
86201,0
86207,1
86209,0
86212,1
86213,1
86218,0
86221,1
86222,1
86223,1
86225,1
86229,1
86230,1
86232,1
86234,0
86237,0
86239,0
86243,0
86245,0
86248,0
86254,1
86258,1
86259,1
86260,1
86261,1
86263,0
86267,0
86269,0
86270,1
86275,0
86276,0
86277,1
86279,1
86282,0
86289,0
86290,1
86293,0
86294,0
86299,0
86303,0
86304,0
86309,1
86310,0
86311,0
86312,0
86314,0
86315,1
86316,1
86318,0
86319,1
86321,1
86322,0
86323,1
86324,0
86326,1
86327,1
86331,1
86332,0
86333,1
86334,0
86335,0
86336,1
86344,0
86345,0
86350,0
86352,1
86358,1
86362,0
86367,0
86368,0
86370,0
86375,1
86377,0
86381,1
86382,1
86383,0
86391,1
86392,1
86394,0
86395,1
86398,0
86399,1
86400,0
86406,1
86407,0
86408,0
86409,1
86412,0
86413,1
86414,1
86415,1
86419,1
86421,1
86422,1
86424,1
86428,1
86429,1
86430,1
86434,0
86437,0
86440,0
86444,0
86446,1
86447,0
86451,1
86453,1
86456,0
86460,1
86461,0
86462,0
86463,1
86467,1
86472,0
86475,1
86479,1
86480,0
86481,1
86485,0
86487,1
86488,0
86494,0
86498,1
86501,1
86504,0
86506,0
86508,0
86511,0
86518,0
86522,1
86524,1
86525,0
86529,0
86530,0
86531,1
86532,1
86533,0
86535,1
86540,0
86542,0
86543,0
86548,1
86550,1
86552,0
86553,1
86555,0
86558,0
86559,0
86566,0
86568,0
86569,0
86570,1
86572,0
86574,0
86577,0
86579,1
86580,1
86581,0
86584,1
86585,0
86589,0
86590,1
86595,0
86596,1
86601,1
86604,0
86605,0
86612,1
86617,1
86619,1
86624,0
86628,0
86630,0
86631,0
86634,0
86638,1
86639,1
86640,1
86641,0
86647,1
86648,1
86656,0
86657,1
86661,1
86662,1
86663,1
86668,1
86670,0
86671,1
86673,1
86675,1
86677,1
86681,0
86682,0
86683,0
86684,1
86685,0
86686,0
86688,0
86689,0
86690,1
86692,0
86693,0
86695,1
86701,0
86704,1
86706,1
86707,0
86708,0
86714,1
86717,0
86719,0
86728,1
86730,1
86731,0
86732,0
86734,1
86735,1
86737,1
86738,0
86739,0
86740,1
86741,1
86742,1
86743,1
86749,1
86753,1
86754,0
86756,1
86758,1
86761,1
86762,1
86764,1
86766,1
86768,1
86773,1
86774,1
86776,1
86777,1
86779,0
86783,1
86784,0
86787,0
86788,1
86790,0
86791,0
86793,0
86794,1
86795,0
86797,1
86801,0
86802,0
86804,0
86807,1
86809,1
86811,1
86813,0
86815,0
86819,0
86821,0
86823,0
86825,1
86826,0
86829,1
86831,1
86837,1
86840,1
86842,1
86851,0
86853,1
86858,1
86861,0
86867,0
86868,0
86869,1
86871,1
86872,0
86874,1
86877,0
86883,0
86884,1
86886,1
86890,0
86893,0
86899,1
86900,1
86905,0
86906,0
86908,1
86909,0
86910,0
86913,0
86915,1
86918,0
86920,1
86923,1
86926,1
86929,1
86933,0
86935,0
86936,1
86937,0
86942,1
86943,1
86946,0
86950,0
86954,0
86955,1
86959,0
86963,1
86966,0
86968,1
86969,0
86974,0
86977,1
86981,1
86983,1
86984,1
86987,0
86991,0
86992,1
86993,0
86996,1
86998,0
87002,1
87005,0
87008,1
87009,1
87011,1
87013,1
87015,1
87016,0
87020,1
87021,1
87024,0
87026,0
87028,1
87029,0
87033,1
87037,0
87038,1
87042,1
87043,0
87045,1
87051,1
87052,0
87056,0
87057,0
87061,1
87064,1
87065,0
87066,1
87068,0
87071,1
87072,0
87073,0
87075,0
87076,0
87078,1
87080,1
87081,1
87087,0
87091,1
87092,1
87093,0
87097,1
87098,1
87102,0
87110,0
87114,0
87117,0
87121,1
87128,1
87129,1
87132,1
87133,0
87134,1
87136,0
87139,0
87146,0
87147,1
87149,0
87150,1
87151,0
87154,0
87158,1
87160,0
87164,1
87165,0
87166,1
87167,1
87168,1
87170,0
87176,1
87178,0
87179,1
87180,0
87183,1
87187,0
87188,0
87189,1
87191,0
87192,1
87193,1
87195,1
87199,1
87200,1
87203,0
87204,1
87205,1
87207,0
87211,1
87216,0
87217,1
87219,1
87221,1
87222,0
87223,1
87225,1
87230,0
87233,0
87235,1
87236,1
87239,0
87242,0
87243,0
87245,1
87249,0
87251,1
87254,1
87256,0
87258,0
87269,0
87270,1
87273,1
87275,1
87278,0
87280,1
87285,0
87286,0
87288,1
87295,1
87296,1
87298,1
87300,1
87304,1
87317,1
87318,0
87320,0
87321,0
87323,0
87326,1
87327,1
87328,1
87330,1
87331,1
87333,1
87334,1
87335,0
87339,1
87340,0
87341,0
87342,1
87351,0
87352,0
87353,0
87354,1
87357,0
87359,0
87364,0
87367,1
87369,1
87370,1
87380,0
87381,0
87384,1
87386,1
87387,1
87389,0
87391,1
87392,0
87394,0
87395,0
87396,1
87397,0
87399,1
87400,0
87403,0
87411,0
87412,1
87415,1
87416,1
87417,1
87420,1
87422,1
87430,1
87437,1
87438,1
87439,1
87443,0
87448,1
87449,0
87450,0
87453,1
87455,0
87457,0
87458,1
87459,1
87463,0
87464,1
87467,1
87468,0
87471,0
87475,1
87476,1
87477,1
87482,0
87483,1
87484,1
87485,0
87489,0
87491,0
87493,0
87496,0
87497,1
87498,1
87500,0
87504,0
87505,1
87506,0
87507,1
87508,0
87510,1
87511,0
87514,1
87517,1
87522,0
87524,0
87526,1
87528,0
87530,0
87534,0
87535,1
87536,1
87539,1
87542,1
87543,1
87544,1
87545,0
87548,0
87551,0
87552,1
87559,1
87560,0
87561,0
87562,1
87563,0
87570,0
87572,0
87573,1
87577,0
87582,0
87586,0
87587,0
87588,1
87591,0
87597,0
87599,0
87600,0
87607,0
87608,0
87611,0
87615,0
87616,0
87621,0
87629,0
87634,1
87636,1
87637,1
87644,0
87645,1
87651,1
87653,1
87654,0
87655,0
87657,0
87659,0
87663,1
87664,1
87666,1
87668,0
87670,0
87675,0
87677,0
87679,0
87680,0
87682,1
87685,0
87690,0
87691,1
87694,1
87696,1
87699,1
87700,1
87702,0
87706,1
87708,0
87716,0
87717,0
87720,1
87722,1
87723,1
87724,0
87730,0
87732,0
87738,0
87742,0
87743,1
87745,0
87746,0
87749,1
87750,0
87751,0
87757,1
87763,1
87764,1
87765,0
87773,0
87776,1
87779,1
87782,0
87788,1
87794,0
87795,1
87796,1
87797,1
87799,0
87800,0
87801,1
87802,0
87804,1
87805,0
87806,1
87809,1
87810,0
87816,1
87817,1
87818,0
87820,0
87821,1
87822,1
87824,1
87825,1
87826,0
87827,1
87829,1
87832,1
87834,0
87836,1
87844,0
87845,0
87846,1
87847,0
87849,1
87856,0
87859,0
87860,0
87862,0
87864,0
87870,1
87871,0
87877,0
87883,0
87886,1
87887,0
87892,1
87893,1
87894,0
87895,0
87898,1
87899,1
87900,0
87901,1
87902,1
87903,1
87906,0
87907,0
87911,1
87912,0
87922,1
87924,0
87925,1
87929,1
87931,0
87932,0
87937,1
87943,1
87947,0
87950,0
87954,0
87956,0
87963,1
87965,0
87966,1
87972,1
87974,0
87975,1
87977,0
87981,0
87983,1
87985,1
87986,1
87988,0
87992,0
87996,1
87997,0
88001,0
88002,0
88007,0
88010,1
88011,1
88012,0
88014,1
88015,1
88019,1
88020,1
88021,1
88022,1
88023,1
88025,0
88026,1
88027,0
88032,0
88035,1
88036,0
88037,0
88038,1
88043,1
88045,1
88046,0
88049,0
88052,1
88053,1
88054,0
88055,1
88056,0
88059,0
88061,0
88063,0
88064,0
88067,1
88069,0
88072,1
88077,1
88080,1
88084,0
88087,0
88088,1
88090,1
88091,1
88095,0
88096,0
88104,0
88106,0
88110,1
88112,0
88116,0
88118,0
88127,1
88134,0
88136,1
88145,0
88146,1
88147,1
88148,1
88150,0
88153,1
88154,1
88157,1
88158,0
88159,0
88162,1
88170,0
88173,1
88175,0
88176,0
88181,1
88183,1
88184,1
88186,1
88189,0
88191,0
88193,1
88194,1
88195,1
88197,0
88198,1
88202,1
88206,1
88208,1
88215,0
88216,0
88224,0
88228,1
88231,0
88232,0
88233,1
88238,0
88240,0
88241,0
88243,0
88246,1
88249,1
88253,0
88254,0
88255,0
88261,0
88262,1
88264,1
88267,1
88268,1
88269,1
88271,0
88274,0
88275,0
88276,0
88281,1
88282,0
88283,1
88290,0
88293,1
88295,0
88299,0
88300,1
88301,0
88305,0
88308,0
88309,1
88311,0
88313,1
88315,1
88316,0
88320,0
88321,1
88324,0
88325,0
88329,1
88330,1
88331,0
88333,1
88334,1
88337,0
88339,0
88343,1
88345,0
88346,1
88347,0
88349,1
88351,0
88354,1
88364,1
88365,0
88366,0
88370,0
88371,0
88372,1
88376,0
88377,0
88379,0
88385,0
88386,1
88387,1
88389,1
88394,0
88395,1
88399,1
88402,1
88403,1
88407,1
88409,1
88411,1
88412,0
88416,1
88418,1
88422,0
88423,0
88429,0
88432,1
88434,0
88435,0
88436,0
88439,0
88440,0
88442,0
88445,1
88447,1
88448,1
88451,0
88452,0
88453,0
88460,0
88461,0
88462,1
88464,0
88465,1
88467,1
88468,1
88469,0
88470,1
88472,0
88473,0
88474,1
88476,1
88480,1
88483,0
88485,0
88486,0
88488,1
88490,1
88493,1
88495,1
88496,0
88497,0
88498,1
88500,0
88502,0
88503,0
88513,1
88516,1
88517,0
88518,1
88523,1
88526,0
88527,0
88529,1
88531,1
88532,1
88533,0
88535,0
88539,0
88543,1
88548,0
88549,0
88551,1
88553,0
88557,1
88562,1
88563,0
88564,0
88570,0
88572,1
88578,0
88579,0
88580,0
88581,0
88587,1
88588,0
88591,1
88593,0
88594,0
88597,1
88603,0
88605,0
88609,1
88613,0
88616,0
88619,1
88620,0
88621,1
88623,0
88625,0
88627,1
88628,0
88629,0
88630,0
88631,0
88633,0
88634,0
88635,1
88636,0
88638,0
88639,1
88640,1
88644,0
88647,0
88652,1
88653,1
88660,0
88661,0
88664,1
88666,0
88669,0
88670,1
88673,1
88679,0
88681,1
88684,0
88687,0
88692,0
88695,0
88696,0
88701,0
88702,0
88703,0
88707,0
88708,1
88709,0
88710,0
88711,1
88722,1
88723,0
88730,1
88732,0
88733,0
88739,0
88743,0
88745,1
88746,1
88747,0
88751,0
88753,1
88754,0
88755,1
88762,0
88763,1
88764,0
88765,1
88768,0
88771,0
88775,1
88777,0
88783,1
88788,1
88790,0
88793,0
88797,1
88799,1
88800,1
88801,1
88805,0
88812,0
88814,1
88816,0
88820,0
88821,0
88823,1
88824,1
88825,1
88826,0
88831,1
88832,1
88833,1
88834,0
88836,0
88838,0
88839,0
88842,0
88845,1
88847,0
88848,0
88850,1
88851,1
88855,0
88856,1
88857,1
88858,1
88862,1
88864,0
88866,1
88867,1
88870,1
88871,0
88874,0
88875,0
88876,1
88879,1
88883,0
88886,0
88889,1
88890,0
88892,1
88893,1
88895,0
88899,1
88902,1
88904,0
88909,1
88912,1
88913,0
88917,1
88918,0
88919,1
88920,0
88924,0
88926,0
88933,0
88934,0
88935,0
88937,0
88941,0
88943,1
88944,0
88946,0
88948,0
88952,0
88954,1
88956,1
88965,1
88967,1
88968,1
88969,1
88970,1
88971,1
88975,0
88980,1
88983,0
88985,1
88988,0
88992,1
88993,1
88994,0
88998,0
89004,1
89005,0
89007,0
89010,0
89011,0
89013,1
89014,0
89016,0
89017,1
89018,0
89022,1
89025,1
89029,0
89030,1
89032,0
89035,1
89037,1
89040,1
89041,1
89048,1
89049,1
89051,1
89057,0
89059,1
89060,0
89069,0
89070,0
89072,1
89077,0
89078,0
89079,1
89081,1
89084,1
89090,0
89091,0
89094,0
89096,0
89097,0
89100,1
89101,0
89102,0
89103,0
89105,0
89106,0
89107,1
89114,1
89115,1
89116,1
89117,1
89118,0
89120,0
89126,1
89130,0
89133,0
89135,1
89137,0
89139,1
89141,0
89143,0
89144,0
89147,0
89148,0
89153,1
89154,1
89155,1
89156,1
89157,1
89164,0
89165,0
89168,0
89170,1
89171,1
89172,0
89174,0
89176,0
89177,0
89178,0
89181,1
89185,0
89188,0
89189,1
89193,1
89196,1
89197,1
89200,1
89201,0
89202,0
89204,1
89205,0
89208,1
89211,0
89213,1
89217,0
89218,1
89221,1
89225,1
89228,1
89239,0
89244,1
89247,0
89252,1
89254,0
89260,0
89262,1
89263,0
89264,1
89268,0
89271,1
89272,0
89273,0
89275,1
89277,1
89278,0
89279,0
89281,0
89284,0
89286,1
89287,1
89288,1
89292,0
89294,1
89297,0
89298,1
89300,0
89303,1
89304,1
89307,0
89308,0
89310,0
89315,0
89321,0
89322,1
89324,0
89326,1
89333,1
89336,0
89337,1
89338,1
89340,0
89342,0
89346,1
89348,0
89352,0
89355,0
89356,0
89357,0
89359,1
89360,1
89363,0
89364,1
89378,0
89385,1
89386,0
89388,0
89389,1
89391,1
89392,1
89393,0
89397,0
89399,0
89401,1
89402,0
89406,0
89413,0
89415,1
89416,0
89418,0
89420,1
89423,1
89424,1
89427,0
89428,0
89432,0
89433,1
89436,0
89442,0
89443,0
89445,0
89446,1
89447,0
89449,1
89450,0
89451,0
89453,1
89456,0
89457,1
89460,1
89462,1
89464,0
89465,0
89467,1
89472,0
89474,1
89484,0
89485,0
89488,1
89489,0
89490,1
89491,0
89494,0
89497,1
89498,0
89504,1
89505,0
89506,0
89509,1
89510,0
89512,1
89515,0
89518,1
89520,0
89525,0
89526,1
89528,1
89540,0
89542,1
89546,1
89548,1
89550,0
89551,1
89564,0
89569,1
89573,1
89574,0
89576,1
89577,0
89581,1
89583,1
89587,1
89590,1
89593,0
89594,0
89595,1
89596,0
89598,1
89599,0
89603,1
89604,0
89605,1
89608,1
89610,1
89611,1
89616,1
89619,1
89621,1
89624,1
89625,0
89627,1
89629,0
89631,0
89635,1
89636,0
89637,1
89639,1
89640,0
89641,1
89642,0
89646,0
89648,1
89649,1
89650,0
89651,0
89652,1
89653,1
89655,1
89661,1
89662,0
89663,1
89665,0
89666,1
89671,1
89677,1
89681,0
89682,0
89684,0
89690,0
89691,1
89693,1
89694,1
89697,1
89698,0
89701,0
89704,0
89707,1
89710,0
89711,1
89712,0
89716,1
89719,1
89722,1
89726,0
89727,1
89730,0
89733,0
89734,0
89736,0
89738,0
89739,0
89740,1
89741,0
89744,1
89745,0
89748,0
89749,0
89755,1
89758,0
89762,0
89764,1
89765,1
89766,1
89767,0
89769,0
89770,0
89771,0
89775,1
89782,0
89785,1
89786,1
89790,0
89792,1
89793,0
89797,1
89800,0
89802,0
89809,1
89810,1
89814,1
89818,0
89819,1
89820,1
89829,0
89831,0
89832,1
89834,1
89835,1
89836,1
89838,0
89841,0
89842,1
89846,0
89849,0
89856,1
89858,1
89859,1
89861,1
89862,1
89864,1
89866,0
89867,1
89869,0
89878,0
89884,0
89886,1
89887,1
89890,0
89895,1
89906,0
89907,1
89908,0
89909,1
89914,0
89915,0
89916,1
89919,0
89920,0
89921,0
89922,0
89923,0
89924,0
89926,0
89930,0
89938,0
89940,1
89942,1
89944,0
89945,0
89946,1
89947,1
89948,1
89950,1
89952,0
89953,1
89955,1
89958,0
89959,1
89960,0
89962,0
89964,1
89966,1
89967,0
89972,1
89980,1
89985,0
89988,1
89990,1
89993,0
89995,1
89997,0
89998,0
90000,1
90001,0
90006,1
90007,1
90008,1
90010,1
90013,0
90016,0
90017,1
90018,1
90019,1
90027,0
90029,0
90032,0
90034,1
90036,0
90037,1
90039,1
90044,0
90048,1
90055,1
90058,1
90063,0
90065,1
90066,1
90068,1
90073,1
90078,1
90080,1
90081,1
90085,1
90086,1
90088,0
90089,1
90090,1
90091,0
90092,1
90093,0
90097,1
90099,0
90101,1
90102,0
90104,1
90108,0
90109,0
90116,1
90117,1
90118,0
90120,1
90121,1
90123,0
90131,0
90137,1
90141,0
90142,1
90145,0
90147,0
90150,0
90151,0
90152,0
90154,1
90158,0
90159,0
90160,1
90163,0
90166,1
90167,0
90168,1
90169,1
90172,0
90173,1
90174,0
90176,1
90180,0
90181,1
90184,0
90185,1
90187,1
90188,1
90189,0
90191,1
90192,1
90193,0
90194,0
90199,0
90201,1
90203,0
90204,0
90208,0
90210,0
90211,1
90213,0
90214,1
90218,0
90219,1
90220,1
90222,0
90224,0
90225,1
90229,0
90231,1
90232,1
90233,1
90235,0
90237,0
90241,0
90244,0
90245,0
90246,1
90248,0
90251,1
90253,1
90256,0
90261,0
90265,0
90267,1
90268,0
90273,0
90275,1
90282,1
90284,0
90285,0
90286,1
90287,0
90288,1
90289,0
90290,1
90299,0
90300,1
90302,1
90303,1
90307,1
90308,1
90309,0
90318,1
90319,0
90320,1
90326,1
90331,1
90332,0
90333,1
90335,0
90338,0
90340,0
90343,1
90344,1
90345,1
90353,0
90356,0
90357,1
90359,1
90360,0
90362,1
90363,0
90365,0
90367,1
90370,1
90372,0
90379,0
90384,1
90389,0
90392,0
90393,0
90396,1
90398,1
90403,0
90404,0
90410,0
90412,1
90413,1
90416,0
90419,0
90421,0
90422,1
90423,1
90426,0
90428,1
90431,0
90432,0
90436,0
90438,1
90441,1
90444,0
90449,0
90450,0
90452,1
90454,0
90458,0
90461,1
90463,0
90464,1
90465,1
90466,1
90467,1
90471,0
90472,0
90473,0
90475,0
90476,0
90477,0
90478,1
90482,1
90485,0
90486,1
90487,1
90488,1
90493,0
90496,1
90497,0
90502,1
90503,0
90505,1
90510,0
90511,0
90512,1
90513,1
90523,1
90525,0
90526,0
90527,1
90528,0
90530,1
90532,0
90535,0
90540,0
90541,0
90542,0
90545,1
90546,0
90547,0
90550,1
90553,0
90556,1
90557,0
90562,1
90564,1
90565,1
90567,1
90569,1
90571,1
90572,1
90573,0
90574,1
90575,1
90581,0
90583,1
90586,1
90587,1
90588,0
90591,1
90592,1
90594,0
90597,0
90598,1
90599,1
90600,0
90604,0
90605,0
90606,0
90611,0
90617,1
90620,0
90624,0
90625,1
90626,1
90628,0
90630,1
90631,1
90638,1
90639,0
90645,1
90647,1
90648,1
90653,1
90656,0
90662,1
90664,1
90665,0
90666,1
90667,1
90669,1
90671,0
90672,1
90675,1
90676,1
90678,0
90681,0
90682,0
90684,0
90685,0
90686,1
90687,0
90688,0
90689,0
90690,0
90693,1
90697,1
90698,0
90702,1
90703,1
90707,0
90708,1
90716,1
90718,0
90728,1
90729,0
90730,0
90731,0
90733,1
90734,0
90737,0
90738,1
90742,1
90747,0
90749,0
90750,0
90751,0
90752,0
90753,0
90754,0
90763,1
90764,1
90766,0
90767,0
90771,1
90773,0
90774,0
90777,1
90778,1
90782,1
90786,1
90787,1
90788,0
90790,0
90791,0
90795,1
90796,1
90797,1
90798,0
90802,0
90803,1
90804,1
90806,0
90809,0
90818,1
90825,0
90827,0
90829,1
90830,0
90831,1
90832,1
90833,0
90836,0
90842,1
90843,0
90844,1
90846,0
90852,0
90854,0
90857,0
90858,0
90860,1
90863,1
90869,0
90871,0
90874,1
90875,0
90877,0
90878,1
90882,0
90884,1
90886,1
90887,0
90890,1
90892,0
90893,1
90899,1
90900,1
90903,1
90904,0
90906,1
90909,1
90910,1
90912,0
90913,0
90915,1
90917,0
90918,1
90919,0
90924,1
90925,1
90926,0
90927,0
90929,0
90933,1
90934,0
90935,1
90939,0
90942,0
90944,1
90951,0
90953,0
90957,0
90959,0
90961,1
90962,1
90965,0
90967,1
90971,0
90972,0
90973,1
90976,0
90983,0
90984,0
90987,0
90988,1
90992,1
90994,1
90995,1
90997,1
90998,1
90999,1
91000,1
91001,1
91002,1
91003,1
91004,1
91007,0
91010,1
91011,1
91014,1
91016,1
91019,1
91026,1
91032,0
91037,0
91039,1
91040,0
91045,1
91047,1
91048,1
91049,1
91052,1
91055,1
91059,1
91064,1
91065,1
91066,1
91069,1
91070,1
91072,1
91074,1
91075,1
91076,0
91078,1
91080,1
91084,0
91086,0
91087,1
91088,0
91089,1
91096,1
91101,0
91103,0
91106,1
91109,0
91110,0
91112,0
91114,1
91120,0
91126,0
91130,1
91131,1
91133,1
91139,0
91142,0
91144,0
91145,0
91146,1
91148,0
91149,1
91151,0
91155,0
91158,0
91162,1
91164,0
91167,0
91168,0
91171,1
91173,1
91175,0
91180,0
91181,0
91182,0
91185,0
91188,1
91190,1
91193,0
91196,1
91198,1
91201,0
91203,1
91208,1
91209,1
91212,0
91213,1
91214,1
91219,1
91229,0
91233,1
91239,0
91243,1
91246,0
91247,0
91250,0
91253,0
91258,1
91259,0
91262,1
91264,1
91267,0
91270,1
91272,1
91273,0
91275,1
91279,1
91281,0
91283,1
91284,0
91287,1
91288,1
91292,1
91298,0
91299,0
91300,0
91304,0
91306,0
91307,1
91308,1
91309,1
91311,0
91314,1
91315,1
91321,0
91323,1
91324,1
91325,0
91329,0
91334,1
91335,1
91338,1
91339,0
91340,1
91342,1
91345,0
91347,1
91350,1
91351,0
91352,1
91355,0
91356,0
91358,0
91362,1
91366,1
91367,1
91368,0
91369,0
91373,1
91375,0
91378,1
91385,1
91387,0
91391,0
91392,1
91393,0
91394,0
91395,1
91396,1
91397,1
91398,1
91400,0
91401,1
91402,0
91404,0
91405,0
91406,0
91408,0
91409,0
91410,1
91414,1
91415,1
91420,1
91421,1
91424,0
91426,0
91429,0
91430,0
91431,1
91433,0
91435,1
91436,1
91441,0
91442,0
91445,0
91451,0
91456,0
91458,0
91459,1
91460,0
91467,1
91469,1
91471,1
91479,1
91484,1
91485,1
91486,1
91487,1
91489,1
91492,0
91496,1
91497,0
91503,0
91508,1
91509,0
91513,1
91517,1
91523,0
91525,1
91526,0
91527,1
91530,0
91531,0
91536,0
91537,0
91541,1
91550,0
91551,1
91557,0
91558,0
91566,1
91567,1
91571,0
91572,0
91574,0
91575,1
91582,0
91584,1
91587,1
91591,1
91593,0
91599,0
91600,1
91607,0
91610,1
91615,1
91617,0
91621,0
91624,0
91627,1
91631,1
91632,1
91636,0
91637,0
91640,0
91642,1
91648,1
91650,0
91651,0
91656,1
91660,1
91665,0
91667,1
91668,1
91673,0
91674,0
91681,0
91683,0
91686,1
91688,1
91690,0
91693,1
91694,0
91695,1
91697,0
91698,1
91699,1
91702,0
91704,1
91705,0
91706,1
91707,1
91708,1
91709,1
91714,1
91715,0
91723,1
91725,1
91726,1
91731,0
91732,0
91733,0
91734,0
91738,0
91739,0
91741,0
91743,1
91747,0
91749,0
91751,0
91753,0
91760,1
91762,1
91765,1
91766,1
91769,1
91773,1
91775,1
91776,0
91777,1
91778,0
91779,0
91780,1
91782,0
91783,1
91784,0
91786,1
91795,1
91796,0
91798,0
91799,0
91802,0
91807,1
91809,0
91810,0
91811,0
91812,0
91823,1
91824,1
91826,0
91828,0
91829,0
91831,0
91834,1
91837,1
91841,1
91842,1
91843,0
91844,1
91846,1
91848,1
91849,1
91850,1
91852,1
91855,0
91861,0
91864,1
91866,1
91872,0
91873,0
91878,1
91881,1
91884,0
91886,1
91891,1
91894,1
91896,0
91897,0
91899,1
91900,1
91901,0
91903,0
91904,0
91906,0
91907,1
91908,1
91911,1
91912,0
91917,0
91921,1
91922,1
91930,1
91932,1
91935,1
91937,1
91938,0
91939,1
91941,0
91942,0
91945,0
91947,1
91948,1
91950,1
91951,0
91953,0
91955,0
91957,0
91958,1
91960,1
91965,1
91967,1
91968,1
91970,1
91971,0
91972,1
91974,1
91975,1
91980,0
91982,1
91984,1
91985,0
91988,1
91990,1
91992,0
91993,0
91994,1
91995,1
91998,0
92005,1
92012,1
92013,1
92014,1
92015,0
92020,0
92023,1
92024,0
92027,0
92028,1
92029,1
92033,1
92034,0
92035,0
92037,1
92039,1
92042,1
92048,1
92054,0
92055,1
92057,1
92061,0
92062,1
92063,0
92066,0
92067,0
92077,0
92078,1
92080,1
92085,0
92086,0
92092,1
92093,0
92095,0
92099,1
92103,0
92106,1
92107,1
92108,0
92110,0
92113,0
92117,1
92121,1
92129,0
92131,0
92132,0
92134,1
92135,1
92139,1
92140,1
92142,1
92146,1
92147,1
92153,0
92156,0
92157,0
92161,1
92163,0
92164,1
92166,0
92168,0
92169,1
92170,1
92180,1
92185,1
92187,0
92189,0
92191,0
92193,0
92196,1
92198,0
92199,1
92200,0
92201,1
92202,0
92203,0
92205,1
92207,0
92215,0
92221,1
92226,0
92228,0
92235,1
92236,0
92237,0
92238,0
92243,0
92244,1
92249,0
92251,1
92255,0
92256,0
92258,0
92260,1
92263,0
92266,1
92272,0
92274,1
92276,1
92277,0
92285,0
92287,0
92292,1
92293,1
92294,1
92295,1
92296,0
92298,0
92299,1
92300,0
92301,1
92303,1
92304,0
92305,1
92306,0
92308,1
92310,1
92314,0
92316,1
92317,1
92318,0
92324,1
92328,1
92330,0
92333,0
92334,1
92335,0
92338,1
92340,1
92341,0
92343,1
92345,1
92349,1
92352,1
92356,0
92357,0
92364,0
92365,0
92367,0
92369,0
92371,0
92372,1
92373,1
92380,0
92381,0
92389,0
92390,0
92392,1
92397,1
92398,1
92399,1
92401,1
92404,0
92405,0
92407,1
92412,1
92413,0
92415,1
92417,1
92422,0
92423,1
92428,1
92436,1
92440,0
92442,1
92443,0
92444,1
92446,0
92448,0
92451,1
92454,0
92455,0
92456,0
92459,1
92461,0
92463,1
92470,0
92472,0
92475,1
92477,1
92479,1
92482,1
92483,1
92485,0
92486,0
92489,1
92491,0
92494,1
92496,0
92499,0
92503,1
92508,1
92509,0
92513,0
92514,1
92518,1
92519,1
92522,0
92527,1
92528,0
92529,1
92531,0
92533,1
92534,0
92536,0
92541,0
92542,1
92543,0
92544,1
92549,0
92552,1
92554,0
92556,1
92559,0
92560,0
92563,1
92564,0
92565,0
92566,1
92568,1
92569,1
92571,0
92573,0
92574,1
92578,1
92585,1
92586,1
92590,0
92592,1
92594,0
92596,1
92598,0
92599,0
92600,0
92603,0
92605,0
92606,0
92609,1
92611,1
92612,1
92614,0
92616,1
92617,1
92620,0
92623,1
92624,1
92625,0
92627,1
92629,0
92630,1
92634,0
92635,1
92636,0
92639,0
92641,0
92642,1
92646,1
92649,1
92655,1
92656,0
92659,0
92661,1
92664,0
92665,1
92666,1
92672,1
92673,0
92676,1
92677,1
92680,1
92681,0
92682,0
92683,1
92685,1
92688,0
92689,0
92690,0
92693,0
92694,0
92696,0
92698,0
92699,0
92700,0
92701,0
92706,1
92707,1
92713,0
92715,0
92722,0
92724,1
92728,1
92734,1
92735,1
92736,0
92738,0
92742,1
92745,0
92746,1
92749,0
92758,0
92759,0
92764,1
92766,1
92769,1
92770,1
92771,0
92776,1
92780,0
92785,1
92790,0
92793,0
92794,0
92795,1
92796,1
92797,0
92802,1
92805,0
92806,0
92807,0
92812,1
92816,0
92818,0
92819,0
92820,0
92821,0
92822,0
92826,0
92827,1
92830,0
92832,0
92833,1
92835,0
92837,1
92838,1
92843,1
92845,0
92850,0
92851,1
92854,0
92855,0
92860,0
92861,1
92864,1
92869,0
92870,0
92872,1
92878,0
92881,0
92885,1
92886,1
92888,0
92895,0
92896,1
92899,0
92901,1
92903,0
92907,0
92911,0
92912,0
92913,1
92914,1
92920,1
92922,0
92923,0
92924,0
92927,0
92928,0
92929,0
92930,1
92931,0
92932,0
92933,1
92935,1
92937,1
92938,1
92939,0
92945,0
92946,1
92954,1
92956,1
92958,0
92961,1
92963,1
92966,0
92970,0
92973,1
92977,0
92978,0
92979,0
92984,0
92989,0
92991,0
92994,1
92996,1
93002,1
93003,0
93004,0
93008,1
93018,1
93019,1
93023,1
93026,0
93029,1
93030,1
93032,0
93033,1
93034,1
93035,0
93036,1
93039,0
93041,1
93044,0
93046,1
93048,0
93049,1
93057,1
93059,0
93063,1
93065,0
93066,0
93070,0
93071,0
93075,0
93077,0
93078,0
93081,0
93085,0
93087,1
93088,0
93093,0
93095,0
93097,1
93098,0
93101,1
93103,1
93104,0
93106,0
93111,0
93112,1
93113,1
93114,0
93115,0
93117,1
93121,0
93123,0
93124,1
93129,1
93133,1
93134,1
93135,1
93139,0
93140,0
93143,0
93144,1
93146,0
93147,0
93148,0
93152,1
93153,0
93154,1
93158,1
93162,0
93164,0
93165,1
93168,0
93171,1
93173,0
93178,1
93179,0
93181,1
93182,0
93184,0
93187,0
93191,0
93195,0
93197,0
93202,1
93207,0
93208,1
93210,0
93216,0
93217,1
93218,1
93221,1
93224,0
93225,1
93227,1
93228,1
93233,1
93234,1
93237,1
93239,1
93240,0
93241,1
93245,0
93248,1
93250,1
93253,0
93261,1
93269,0
93270,0
93271,1
93274,0
93276,0
93278,0
93282,0
93285,0
93292,1
93293,0
93294,0
93297,1
93299,1
93300,1
93308,0
93309,1
93312,1
93313,0
93316,1
93319,1
93320,0
93324,1
93327,1
93332,1
93333,1
93336,0
93337,1
93338,0
93340,1
93346,0
93352,1
93353,0
93355,1
93357,1
93359,1
93362,1
93368,1
93372,1
93373,1
93374,1
93376,1
93379,0
93385,1
93395,1
93397,1
93398,0
93399,1
93403,0
93406,1
93407,1
93413,1
93417,1
93418,1
93421,0
93422,1
93425,0
93429,0
93431,1
93432,1
93433,0
93434,1
93435,1
93440,1
93442,1
93445,0
93451,0
93452,0
93455,1
93462,0
93463,1
93466,0
93467,0
93468,0
93469,1
93471,0
93480,0
93481,1
93482,0
93484,0
93485,0
93486,0
93488,0
93489,0
93490,1
93492,0
93494,0
93495,0
93496,1
93497,0
93500,0
93501,0
93502,0
93503,1
93505,0
93506,0
93508,1
93509,0
93511,0
93512,1
93523,1
93527,1
93529,0
93530,0
93531,0
93532,1
93535,0
93537,1
93545,1
93549,0
93556,0
93560,0
93561,1
93562,0
93564,1
93565,0
93566,0
93570,0
93574,0
93576,0
93578,1
93579,1
93580,1
93582,0
93584,0
93585,0
93586,0
93587,1
93592,0
93593,1
93594,1
93598,1
93599,0
93606,0
93607,1
93608,1
93609,0
93610,1
93611,0
93615,1
93616,0
93617,1
93618,0
93619,0
93620,1
93622,0
93625,0
93627,1
93628,1
93629,1
93630,0
93631,0
93633,0
93640,1
93641,0
93645,0
93646,0
93647,0
93648,0
93650,1
93651,1
93652,1
93660,0
93662,1
93663,1
93666,0
93668,0
93670,1
93671,0
93672,1
93674,0
93675,0
93676,0
93677,0
93679,0
93681,0
93682,0
93683,0
93686,0
93687,0
93688,0
93690,0
93692,1
93693,1
93694,1
93697,0
93700,0
93701,1
93702,0
93706,0
93707,0
93709,0
93710,1
93715,0
93719,1
93721,0
93724,1
93725,0
93728,1
93729,0
93735,0
93738,0
93740,0
93745,0
93746,1
93754,1
93756,0
93760,1
93769,0
93773,1
93776,0
93777,0
93778,0
93779,0
93780,0
93782,0
93783,0
93787,1
93793,0
93794,0
93799,1
93802,0
93803,0
93806,1
93807,0
93810,1
93812,0
93813,0
93814,1
93821,0
93823,0
93824,1
93827,1
93829,0
93831,1
93834,0
93836,0
93840,1
93842,0
93844,0
93853,0
93856,0
93857,1
93858,0
93860,0
93861,0
93862,0
93863,0
93865,1
93866,1
93870,0
93881,1
93882,1
93887,1
93889,1
93891,0
93900,1
93904,0
93905,1
93911,0
93913,1
93914,0
93918,1
93919,1
93921,1
93924,0
93925,0
93928,0
93929,1
93931,0
93934,1
93935,0
93938,0
93940,0
93942,0
93943,1
93949,1
93950,1
93955,0
93957,0
93958,0
93962,0
93969,0
93971,1
93977,0
93978,0
93980,0
93982,1
93985,1
93986,1
93988,1
93989,1
93994,1
93996,0
93997,0
93998,0
94000,1
94001,1
94002,1
94004,0
94005,1
94007,1
94009,1
94010,1
94012,1
94013,0
94017,1
94020,0
94021,1
94023,0
94024,0
94026,0
94027,0
94031,1
94033,0
94034,1
94035,0
94036,1
94045,0
94046,0
94047,1
94050,1
94052,0
94055,0
94058,0
94060,0
94061,0
94064,1
94065,0
94066,0
94067,0
94068,1
94069,0
94078,1
94082,1
94091,0
94094,0
94095,1
94096,1
94097,0
94102,0
94104,1
94106,0
94109,0
94110,1
94114,1
94116,0
94117,1
94120,0
94122,0
94123,1
94128,1
94131,0
94132,0
94133,0
94135,1
94145,0
94147,1
94148,1
94150,0
94153,0
94157,1
94159,1
94160,0
94162,1
94163,1
94165,0
94168,1
94169,1
94171,0
94173,1
94174,1
94175,0
94176,1
94177,0
94182,1
94185,0
94189,1
94192,0
94193,0
94199,0
94200,1
94205,1
94206,0
94207,1
94208,1
94210,1
94211,1
94215,1
94216,0
94217,0
94220,0
94225,0
94226,0
94227,0
94228,0
94229,1
94230,0
94231,0
94232,1
94235,1
94240,0
94241,0
94242,0
94243,0
94244,0
94246,1
94247,0
94248,1
94252,1
94253,0
94257,0
94258,0
94261,0
94263,0
94264,1
94265,0
94267,1
94268,1
94285,0
94286,0
94287,0
94288,0
94289,0
94292,0
94294,1
94295,1
94296,0
94297,1
94298,0
94299,1
94303,0
94323,0
94324,0
94326,0
94328,1
94329,0
94331,1
94332,1
94334,0
94335,1
94341,1
94347,0
94348,0
94350,1
94351,1
94355,0
94357,0
94366,0
94375,0
94378,1
94379,0
94381,0
94382,0
94383,1
94385,1
94386,1
94389,1
94390,0
94392,0
94403,1
94406,0
94407,0
94409,1
94410,1
94411,1
94412,1
94417,1
94419,0
94420,1
94425,0
94430,0
94434,0
94435,0
94437,1
94441,0
94442,1
94445,0
94446,1
94447,0
94450,1
94451,0
94453,0
94456,1
94458,1
94459,0
94460,0
94463,1
94466,0
94470,1
94472,1
94479,0
94480,0
94484,0
94487,1
94488,1
94489,1
94493,1
94499,0
94501,1
94502,1
94504,1
94508,0
94510,0
94511,0
94517,0
94521,0
94529,1
94535,0
94541,1
94543,1
94544,0
94546,1
94548,0
94550,0
94552,1
94553,1
94556,1
94559,0
94560,1
94562,0
94563,1
94564,1
94566,0
94571,0
94575,1
94584,1
94585,0
94587,0
94588,0
94594,0
94595,0
94596,0
94599,0
94600,0
94601,0
94602,0
94604,0
94605,0
94609,1
94613,1
94614,1
94615,1
94619,0
94620,1
94621,0
94623,0
94626,1
94628,0
94631,0
94635,0
94636,1
94638,0
94642,0
94644,0
94645,0
94647,0
94649,1
94655,1
94657,0
94664,0
94665,0
94666,1
94670,0
94671,1
94672,0
94674,1
94677,0
94681,0
94682,0
94683,0
94686,0
94691,1
94692,0
94693,1
94699,1
94700,0
94703,0
94705,1
94706,0
94707,1
94708,0
94712,0
94716,0
94719,1
94720,0
94721,0
94724,1
94725,0
94726,1
94728,1
94729,1
94730,1
94733,0
94735,1
94736,1
94739,0
94741,1
94744,0
94745,0
94751,0
94753,0
94757,1
94758,0
94768,0
94773,0
94774,1
94775,1
94777,0
94778,0
94780,0
94782,1
94789,0
94790,1
94792,0
94794,1
94801,0
94802,0
94805,0
94811,1
94815,0
94821,1
94823,0
94826,1
94827,1
94830,0
94831,0
94832,1
94833,0
94836,0
94842,0
94843,1
94844,1
94845,1
94846,0
94847,1
94853,0
94854,1
94855,0
94856,0
94863,1
94866,0
94868,1
94869,0
94871,1
94872,0
94876,0
94880,0
94891,0
94892,0
94893,1
94894,0
94896,0
94898,1
94900,0
94901,1
94905,1
94906,0
94908,0
94909,0
94914,0
94916,1
94917,1
94918,0
94920,0
94921,1
94923,1
94927,1
94929,1
94930,1
94931,0
94932,1
94935,0
94937,0
94941,0
94942,0
94944,0
94949,0
94950,1
94951,1
94958,0
94963,1
94965,1
94967,1
94968,1
94969,1
94971,1
94975,0
94976,0
94978,1
94980,0
94982,1
94983,1
94986,1
94988,1
94989,0
94990,0
94992,1
94993,0
94994,0
94996,1
94998,1
95000,1
95001,1
95002,1
95003,0
95011,0
95012,0
95016,1
95019,0
95020,0
95021,0
95023,1
95024,0
95027,1
95031,0
95033,1
95034,1
95040,1
95043,1
95046,1
95047,1
95048,1
95049,0
95050,1
95051,0
95052,1
95053,0
95055,0
95058,1
95063,0
95064,1
95068,0
95069,1
95071,0
95073,1
95074,1
95076,1
95077,1
95078,0
95081,0
95082,1
95083,1
95084,0
95090,1
95092,0
95098,1
95111,1
95115,0
95120,1
95122,0
95123,1
95124,0
95128,0
95129,1
95130,1
95133,0
95136,1
95137,0
95141,0
95143,1
95145,0
95146,0
95151,1
95153,1
95157,0
95161,0
95162,1
95169,1
95171,1
95173,0
95174,1
95176,1
95177,0
95180,1
95182,1
95184,1
95187,0
95188,1
95189,1
95191,1
95193,1
95194,0
95196,1
95200,0
95201,1
95202,1
95208,1
95211,1
95212,1
95217,1
95219,1
95220,0
95221,1
95223,0
95224,0
95226,1
95229,0
95237,1
95238,0
95240,1
95243,0
95246,0
95249,0
95251,0
95253,1
95254,1
95255,1
95256,0
95259,0
95261,1
95262,0
95267,0
95268,0
95272,0
95274,1
95281,1
95283,0
95284,0
95287,1
95289,1
95290,1
95291,0
95292,1
95293,1
95298,1
95302,1
95308,0
95309,0
95313,0
95315,0
95316,0
95318,0
95320,0
95326,0
95327,0
95336,0
95338,1
95339,1
95340,0
95341,0
95342,0
95343,0
95345,1
95349,0
95351,0
95352,1
95357,0
95359,0
95360,1
95361,0
95362,1
95364,1
95366,0
95368,1
95369,1
95376,0
95380,1
95384,0
95386,0
95388,0
95389,1
95392,1
95395,1
95398,0
95400,0
95401,0
95404,1
95405,0
95406,1
95409,0
95413,1
95415,0
95416,1
95420,0
95421,0
95422,1
95424,1
95428,1
95429,0
95430,0
95433,0
95435,1
95436,1
95438,1
95441,0
95442,1
95444,0
95446,1
95451,1
95453,1
95456,0
95458,0
95460,0
95463,1
95466,0
95468,1
95469,0
95470,1
95471,0
95474,0
95475,0
95476,1
95477,0
95478,0
95479,0
95480,0
95482,1
95483,1
95485,0
95486,1
95487,1
95490,0
95492,0
95496,1
95498,0
95499,1
95500,0
95501,0
95503,1
95507,1
95509,1
95511,0
95515,0
95517,0
95522,0
95523,1
95525,0
95526,0
95530,1
95534,0
95543,1
95544,1
95546,0
95549,0
95550,1
95552,0
95553,0
95554,1
95556,0
95558,1
95559,0
95560,1
95562,1
95563,0
95564,1
95566,0
95570,1
95576,1
95577,0
95579,0
95589,0
95590,1
95591,0
95592,1
95598,0
95602,0
95603,0
95605,1
95609,0
95610,1
95611,1
95612,1
95613,0
95615,1
95621,0
95622,0
95641,0
95649,0
95650,1
95651,1
95654,0
95658,0
95660,0
95662,1
95664,0
95665,0
95674,1
95675,0
95677,1
95679,0
95682,0
95685,1
95686,0
95689,0
95690,0
95691,1
95692,0
95693,1
95696,0
95697,1
95698,1
95699,0
95702,0
95704,1
95706,1
95707,1
95711,1
95713,0
95716,0
95718,0
95719,0
95721,0
95725,0
95727,0
95728,0
95729,1
95731,1
95732,1
95733,0
95738,0
95747,1
95749,1
95751,1
95754,1
95755,1
95757,0
95758,1
95759,1
95761,1
95762,0
95763,0
95766,1
95768,0
95769,1
95779,1
95782,1
95784,1
95785,1
95789,0
95793,1
95794,0
95795,1
95798,0
95799,0
95800,1
95804,0
95805,1
95806,1
95808,1
95809,1
95811,1
95816,1
95818,0
95822,1
95823,0
95825,1
95827,0
95829,1
95834,0
95835,1
95838,1
95841,0
95842,1
95844,0
95845,1
95847,1
95849,1
95851,0
95852,0
95853,1
95856,1
95859,1
95860,1
95862,0
95868,1
95874,0
95875,1
95877,0
95878,1
95880,0
95882,1
95883,0
95885,0
95886,0
95890,1
95892,1
95894,1
95899,0
95901,1
95903,0
95908,0
95909,0
95911,1
95912,1
95917,1
95921,0
95924,0
95930,0
95931,0
95933,0
95934,1
95935,0
95937,0
95944,0
95946,0
95947,1
95948,1
95954,1
95955,1
95960,0
95961,1
95963,1
95965,0
95967,0
95968,0
95970,0
95971,0
95976,0
95978,0
95980,0
95983,1
95984,1
95985,0
95986,1
95995,0
95998,1
95999,0
96007,1
96008,1
96009,1
96014,1
96016,0
96019,0
96024,0
96025,0
96026,1
96032,1
96034,1
96035,0
96037,1
96039,1
96044,1
96045,1
96046,1
96051,1
96054,0
96056,0
96063,1
96064,0
96066,1
96067,0
96068,1
96071,0
96075,1
96079,0
96082,1
96083,0
96089,1
96094,1
96096,1
96097,0
96103,0
96104,1
96105,0
96106,1
96110,0
96113,1
96121,1
96124,0
96130,0
96139,1
96140,1
96142,0
96143,1
96144,0
96145,0
96147,0
96150,1
96151,1
96153,1
96155,0
96156,1
96159,1
96161,1
96165,1
96170,0
96171,1
96173,1
96174,1
96182,0
96183,0
96186,1
96187,1
96190,0
96198,0
96199,0
96200,0
96203,1
96207,1
96213,0
96214,0
96215,1
96224,1
96225,1
96226,1
96231,1
96238,0
96243,0
96244,1
96245,1
96246,1
96248,0
96250,1
96254,0
96255,0
96258,1
96259,1
96262,1
96267,1
96268,1
96271,0
96272,1
96273,1
96274,1
96279,0
96281,0
96282,1
96283,0
96284,1
96288,0
96289,0
96290,0
96291,0
96292,0
96294,0
96295,1
96296,0
96297,1
96300,1
96301,0
96303,0
96309,1
96311,1
96313,1
96315,0
96318,1
96320,0
96324,1
96325,1
96326,1
96335,0
96336,0
96337,0
96342,1
96343,0
96345,1
96346,1
96350,1
96351,1
96355,1
96368,1
96375,1
96376,1
96381,1
96382,1
96383,0
96386,0
96387,0
96389,1
96391,1
96394,0
96399,1
96404,0
96413,1
96417,1
96418,0
96421,1
96423,0
96425,0
96428,0
96429,0
96432,0
96436,1
96437,1
96442,1
96443,0
96444,1
96446,0
96451,0
96455,0
96461,1
96464,0
96468,1
96471,1
96473,0
96477,0
96479,0
96481,1
96483,1
96485,1
96490,1
96491,1
96493,1
96495,1
96496,1
96505,1
96506,0
96512,0
96515,1
96516,1
96518,0
96519,1
96520,1
96524,1
96527,0
96531,1
96532,0
96535,0
96536,1
96544,0
96550,1
96554,1
96564,0
96565,0
96566,1
96567,1
96574,0
96579,0
96580,0
96583,0
96586,1
96587,1
96590,1
96593,1
96594,0
96596,1
96599,1
96604,1
96611,1
96614,1
96629,1
96630,0
96631,0
96633,0
96636,0
96638,0
96640,1
96645,0
96647,0
96652,1
96653,1
96656,0
96657,1
96661,1
96663,1
96664,0
96666,1
96669,0
96671,1
96675,1
96677,1
96678,1
96681,0
96684,1
96690,0
96693,1
96694,0
96697,0
96698,0
96700,1
96703,0
96704,0
96705,0
96706,1
96709,1
96716,1
96718,1
96720,0
96721,1
96723,1
96724,0
96727,0
96729,0
96734,1
96735,1
96739,1
96741,1
96743,1
96744,1
96745,1
96746,1
96748,1
96752,1
96755,0
96756,1
96757,1
96759,0
96765,0
96767,1
96769,1
96770,0
96772,0
96774,0
96775,1
96776,0
96784,1
96785,1
96787,0
96788,0
96789,1
96792,0
96794,1
96796,1
96798,1
96799,0
96801,1
96804,0
96807,1
96808,1
96809,0
96811,0
96812,1
96822,1
96823,1
96828,0
96830,0
96831,1
96833,0
96834,0
96839,0
96840,0
96843,0
96844,1
96845,1
96853,1
96856,1
96858,1
96860,1
96867,1
96868,0
96873,0
96874,1
96879,1
96880,0
96882,1
96883,1
96888,1
96889,1
96890,1
96891,1
96893,0
96894,0
96895,1
96898,1
96899,1
96902,0
96905,0
96907,1
96908,1
96910,1
96912,1
96913,0
96916,1
96917,0
96925,1
96936,1
96940,1
96942,0
96948,1
96952,1
96953,1
96954,0
96955,1
96957,1
96959,1
96962,0
96963,0
96965,1
96966,0
96967,1
96970,0
96971,0
96975,0
96976,0
96978,0
96980,0
96981,1
96983,1
96986,0
96987,1
96988,0
96990,1
96997,1
96998,1
96999,0
97004,0
97007,0
97008,0
97010,0
97012,1
97014,1
97016,0
97020,0
97022,0
97023,0
97024,0
97025,1
97026,1
97028,1
97030,1
97031,1
97033,1
97034,0
97036,1
97038,0
97043,1
97047,1
97048,0
97054,1
97055,0
97057,1
97058,1
97061,0
97065,0
97069,0
97072,1
97077,0
97079,0
97082,1
97084,1
97090,1
97091,1
97092,1
97095,1
97100,0
97102,0
97104,1
97106,1
97107,1
97109,0
97111,1
97112,1
97119,0
97120,0
97121,0
97125,0
97128,1
97129,0
97132,1
97134,1
97137,1
97140,0
97145,1
97146,1
97147,1
97153,1
97157,0
97158,1
97162,1
97167,1
97169,1
97170,1
97173,0
97175,0
97176,0
97180,0
97181,0
97182,0
97186,1
97187,0
97189,0
97190,0
97194,0
97196,1
97198,0
97202,1
97203,0
97205,0
97208,0
97209,0
97210,1
97211,0
97212,0
97214,0
97215,1
97217,0
97218,0
97219,0
97225,1
97231,0
97234,1
97235,1
97236,1
97238,1
97239,1
97240,0
97241,1
97242,0
97243,1
97244,1
97246,0
97249,0
97252,1
97255,1
97259,0
97260,0
97261,0
97269,1
97273,1
97274,1
97277,1
97279,1
97281,0
97282,0
97283,0
97284,0
97285,0
97286,0
97289,1
97290,0
97291,1
97293,0
97294,0
97296,1
97300,0
97301,1
97302,0
97304,1
97307,0
97310,1
97312,0
97314,0
97317,1
97319,0
97321,1
97326,1
97327,1
97329,1
97332,1
97335,0
97338,0
97341,1
97343,0
97347,1
97349,1
97351,1
97354,0
97357,1
97361,0
97363,1
97364,1
97366,1
97368,1
97369,0
97370,0
97371,1
97373,1
97376,1
97378,1
97380,1
97382,0
97383,1
97387,1
97388,0
97389,0
97393,1
97396,0
97398,1
97402,0
97403,0
97409,0
97410,1
97412,1
97413,0
97414,0
97415,0
97421,1
97422,1
97425,1
97428,0
97431,1
97433,0
97434,0
97436,0
97437,0
97438,0
97439,1
97440,1
97441,0
97446,1
97448,0
97449,1
97450,1
97451,1
97453,0
97461,1
97462,0
97466,0
97467,1
97469,1
97471,1
97473,0
97474,0
97476,1
97477,1
97478,0
97480,0
97481,0
97482,1
97490,0
97491,1
97494,0
97495,0
97496,1
97497,0
97499,0
97500,0
97506,1
97507,0
97510,1
97516,0
97517,0
97518,1
97519,1
97520,1
97522,0
97524,1
97525,0
97526,0
97531,0
97532,1
97533,1
97535,0
97539,1
97540,0
97541,1
97550,1
97552,0
97554,0
97555,1
97559,0
97560,0
97566,1
97567,0
97571,1
97572,0
97575,1
97576,0
97577,1
97578,0
97580,1
97582,1
97586,1
97587,1
97593,0
97594,1
97596,0
97599,1
97600,1
97601,0
97604,1
97605,1
97610,1
97612,1
97613,0
97615,1
97621,1
97625,1
97627,1
97629,0
97634,0
97635,1
97636,0
97639,0
97642,0
97644,1
97649,1
97653,1
97655,0
97658,1
97659,0
97660,1
97662,1
97667,1
97668,1
97672,1
97682,1
97684,0
97687,1
97688,0
97690,1
97691,0
97692,1
97695,0
97696,0
97699,1
97701,0
97706,0
97707,0
97709,0
97710,1
97713,1
97714,0
97715,1
97716,0
97717,0
97718,1
97721,1
97724,0
97726,1
97728,1
97729,0
97731,1
97732,0
97733,1
97734,1
97736,0
97739,1
97742,0
97747,0
97749,1
97750,0
97751,0
97752,0
97759,1
97763,1
97765,1
97767,0
97768,1
97769,1
97771,1
97772,1
97778,1
97782,0
97786,1
97787,1
97788,1
97789,1
97791,0
97797,1
97799,1
97800,0
97801,0
97805,1
97809,0
97811,1
97815,1
97816,0
97818,0
97820,1
97821,1
97822,0
97826,0
97827,0
97828,1
97829,0
97832,1
97833,1
97834,1
97837,0
97839,0
97840,1
97841,1
97842,0
97846,1
97847,0
97851,0
97852,1
97853,0
97861,0
97865,1
97866,1
97870,1
97873,0
97875,1
97876,1
97877,1
97879,0
97882,0
97884,0
97887,1
97888,0
97895,1
97896,1
97899,0
97900,0
97903,0
97904,0
97908,0
97910,0
97913,0
97919,1
97921,0
97925,1
97928,1
97930,0
97931,0
97935,0
97937,1
97938,1
97939,1
97941,1
97943,1
97944,1
97950,1
97951,1
97953,1
97958,0
97959,0
97961,1
97962,1
97963,1
97966,1
97969,1
97972,1
97975,0
97976,1
97977,1
97978,1
97979,1
97980,1
97983,1
97985,1
97988,1
97989,0
97992,0
97995,1
97998,0
97999,1
98001,0
98002,1
98005,1
98007,0
98008,0
98011,0
98013,1
98015,0
98017,0
98022,0
98024,1
98025,0
98027,1
98030,1
98031,1
98033,1
98034,0
98037,0
98038,0
98041,0
98042,0
98043,1
98044,1
98047,0
98048,0
98050,0
98052,1
98053,0
98056,1
98058,1
98060,1
98062,1
98063,0
98067,0
98069,1
98071,1
98072,0
98077,0
98078,1
98079,0
98080,0
98082,1
98084,0
98085,1
98086,1
98087,0
98088,1
98089,1
98090,1
98092,1
98097,1
98105,0
98108,0
98109,1
98114,0
98117,0
98118,0
98120,1
98123,1
98126,0
98128,1
98129,0
98133,1
98135,0
98136,0
98137,1
98139,0
98141,0
98145,1
98146,1
98152,0
98154,1
98155,1
98158,1
98160,1
98161,0
98162,1
98164,0
98166,1
98167,1
98168,1
98169,0
98170,0
98171,1
98173,1
98174,0
98176,1
98178,1
98180,0
98181,1
98183,0
98186,0
98188,0
98189,1
98190,1
98192,1
98193,1
98197,1
98205,1
98206,0
98210,1
98212,1
98216,0
98218,1
98220,1
98222,0
98223,1
98225,0
98229,1
98230,1
98232,1
98234,0
98240,1
98242,1
98251,0
98252,0
98256,0
98257,0
98258,0
98260,1
98262,1
98263,1
98264,1
98265,0
98267,1
98269,1
98273,0
98278,0
98284,1
98288,0
98295,0
98300,1
98303,1
98305,0
98308,1
98309,1
98317,1
98320,1
98324,1
98327,1
98330,1
98332,1
98337,1
98338,0
98340,0
98342,0
98343,0
98347,0
98352,1
98354,1
98355,1
98357,1
98358,1
98362,1
98363,0
98364,1
98370,0
98373,1
98376,1
98377,1
98384,0
98394,1
98395,1
98398,0
98399,1
98401,1
98407,1
98411,1
98414,1
98416,0
98417,0
98421,1
98423,1
98426,1
98427,0
98432,0
98433,1
98435,0
98436,0
98439,1
98441,1
98444,0
98445,0
98446,1
98448,1
98449,1
98451,0
98452,0
98453,0
98454,0
98456,0
98458,0
98460,0
98462,1
98463,0
98466,0
98467,1
98471,1
98472,1
98474,0
98475,0
98479,0
98480,0
98481,1
98482,0
98483,0
98487,1
98489,1
98492,1
98495,1
98496,0
98500,1
98505,1
98507,1
98509,1
98513,0
98516,0
98517,0
98518,1
98519,0
98520,0
98521,1
98527,0
98528,1
98529,1
98533,1
98534,0
98535,1
98536,1
98537,1
98538,1
98539,1
98541,0
98542,0
98543,0
98544,1
98546,1
98553,1
98555,1
98559,0
98562,0
98564,1
98571,1
98575,0
98583,0
98585,1
98589,0
98590,0
98592,0
98593,1
98594,0
98595,0
98597,0
98600,1
98602,1
98604,0
98607,1
98608,0
98609,0
98617,0
98619,0
98623,0
98625,1
98628,1
98631,0
98634,0
98636,0
98637,0
98638,0
98639,1
98640,0
98643,1
98644,1
98646,0
98651,1
98654,1
98655,1
98657,1
98658,1
98659,1
98660,1
98661,0
98666,1
98669,1
98670,0
98673,1
98674,0
98675,0
98676,0
98679,1
98682,1
98684,0
98689,0
98693,1
98697,0
98699,1
98705,0
98706,0
98707,1
98708,0
98710,0
98711,1
98712,0
98713,0
98714,1
98716,1
98719,1
98721,1
98725,1
98727,1
98731,0
98732,1
98736,1
98737,1
98739,0
98740,1
98741,1
98743,0
98744,0
98747,1
98749,1
98752,1
98755,1
98756,0
98757,0
98761,1
98763,1
98764,0
98766,1
98768,0
98770,1
98780,1
98783,0
98784,0
98785,1
98786,1
98787,1
98795,1
98801,0
98804,0
98805,0
98806,1
98808,1
98811,0
98812,1
98814,0
98816,0
98817,1
98820,0
98822,0
98823,0
98827,0
98828,0
98829,1
98831,1
98833,1
98835,0
98839,1
98840,1
98841,1
98842,1
98843,1
98846,1
98850,0
98851,0
98854,0
98859,1
98860,1
98862,1
98865,0
98869,0
98871,1
98873,1
98874,1
98875,0
98876,1
98879,1
98882,1
98884,0
98886,0
98887,0
98888,0
98890,0
98892,1
98902,1
98905,1
98907,1
98908,1
98909,0
98916,1
98919,0
98920,1
98925,1
98928,1
98932,1
98933,1
98936,0
98938,0
98946,1
98950,0
98952,0
98953,0
98956,1
98959,0
98969,1
98970,0
98971,0
98972,0
98973,1
98974,1
98982,1
98983,1
98986,1
98989,0
98991,1
98993,1
98994,1
98995,0
98997,1
98998,0
98999,1
99004,1
99006,1
99008,0
99010,0
99011,1
99012,0
99017,1
99020,1
99024,0
99025,0
99033,1
99034,0
99038,1
99041,1
99042,1
99043,1
99045,1
99046,0
99047,1
99048,0
99049,1
99052,0
99054,0
99055,1
99056,1
99057,1
99062,1
99063,0
99066,1
99071,0
99072,0
99073,1
99075,0
99078,0
99079,0
99082,1
99084,0
99086,1
99090,1
99091,1
99092,1
99093,0
99096,1
99097,0
99099,0
99102,0
99104,1
99105,0
99106,1
99109,0
99111,1
99114,1
99115,0
99117,1
99121,0
99124,0
99125,0
99127,1
99128,1
99129,1
99130,1
99138,0
99144,1
99146,0
99148,0
99151,1
99157,1
99158,1
99161,1
99162,1
99167,1
99172,0
99174,1
99179,1
99183,0
99186,1
99187,0
99192,1
99195,0
99199,0
99201,1
99202,1
99203,1
99206,1
99213,0
99216,1
99217,1
99218,1
99220,0
99221,1
99228,1
99229,0
99230,1
99231,1
99233,0
99234,1
99235,0
99236,1
99239,0
99240,1
99245,1
99246,0
99247,0
99251,1
99252,0
99255,1
99259,0
99260,1
99262,1
99268,1
99269,0
99270,0
99272,0
99275,1
99277,0
99282,1
99285,0
99287,1
99289,0
99293,1
99295,1
99297,0
99298,0
99299,1
99301,1
99303,0
99307,0
99309,1
99310,1
99314,1
99319,0
99320,1
99323,0
99325,1
99327,1
99328,1
99329,1
99332,1
99333,0
99335,0
99337,1
99340,0
99341,1
99345,0
99346,1
99357,0
99359,1
99360,0
99361,0
99365,1
99368,0
99371,1
99373,0
99375,0
99376,0
99378,1
99380,0
99383,0
99384,0
99387,0
99388,1
99391,0
99392,1
99397,1
99399,0
99400,1
99402,0
99403,1
99404,0
99406,1
99413,1
99415,1
99416,0
99423,1
99424,0
99430,0
99431,1
99433,0
99448,0
99451,0
99453,0
99455,0
99456,0
99460,1
99463,0
99464,0
99467,0
99469,1
99470,1
99473,0
99477,0
99481,0
99482,0
99485,1
99486,1
99487,0
99491,0
99494,1
99496,1
99498,1
99501,1
99508,0
99517,0
99519,0
99521,0
99522,0
99523,1
99525,1
99528,1
99529,0
99533,0
99534,1
99535,0
99536,0
99537,1
99541,1
99543,0
99545,0
99546,0
99549,0
99550,0
99552,1
99556,0
99559,0
99564,0
99566,0
99567,1
99571,0
99572,0
99574,0
99576,0
99585,0
99586,0
99588,0
99589,1
99595,1
99597,0
99598,0
99599,0
99602,1
99603,0
99606,1
99608,0
99612,1
99618,1
99619,1
99621,0
99623,0
99626,0
99631,0
99633,0
99634,1
99637,0
99642,0
99647,1
99648,0
99649,1
99653,0
99654,0
99656,1
99658,1
99659,0
99663,0
99664,0
99666,1
99669,1
99670,1
99671,1
99672,1
99673,1
99678,0
99681,0
99687,1
99688,0
99690,1
99692,1
99693,0
99702,0
99703,0
99704,0
99711,0
99712,1
99713,0
99715,0
99722,1
99725,0
99726,0
99731,0
99733,0
99735,0
99739,1
99742,0
99743,1
99745,1
99750,1
99753,1
99754,0
99755,0
99756,0
99757,1
99761,0
99770,1
99771,1
99774,0
99776,0
99777,1
99779,0
99782,0
99783,0
99784,0
99786,0
99787,1
99789,1
99791,1
99792,1
99793,0
99794,1
99799,1
99801,0
99803,1
99805,0
99811,0
99812,1
99815,1
99816,1
99817,1
99818,0
99821,0
99822,1
99825,0
99828,1
99829,1
99830,0
99835,0
99837,1
99839,1
99841,0
99844,1
99845,0
99851,0
99855,0
99856,1
99865,0
99866,0
99869,1
99873,1
99877,0
99879,1
99880,0
99881,0
99887,0
99889,0
99890,0
99891,0
99892,1
99896,0
99898,0
99902,0
99906,0
99909,1
99910,1
99911,0
99913,0
99915,1
99917,0
99920,1
99926,1
99930,0
99931,1
99932,1
99933,1
99935,0
99941,0
99946,0
99947,0
99950,0
99956,1
99963,0
99964,0
99965,0
99967,0
99968,1
99969,0
99971,1
99972,0
99973,0
99976,1
99980,0
99981,0
99984,0
99986,0
99987,1
99990,1
99993,0
99996,0
99997,1
100000,1
100001,0
100002,0
100006,0
100007,0
100010,1
100011,0
100012,0
100018,1
100019,1
100022,0
100023,1
100027,0
100029,1
100035,0
100041,1
100044,0
100048,0
100055,1
100056,1
100057,0
100060,1
100062,1
100063,1
100064,0
100066,1
100068,0
100072,0
100074,0
100075,1
100077,0
100081,0
100082,0
100083,0
100085,1
100087,1
100088,0
100094,0
100097,0
100098,0
100101,0
100102,0
100104,0
100106,0
100110,1
100111,0
100112,1
100113,0
100114,0
100116,0
100117,1
100118,1
100120,1
100125,1
100126,1
100128,0
100132,0
100135,0
100136,0
100138,1
100142,0
100144,0
100145,1
100146,0
100147,1
100150,1
100153,0
100157,0
100158,1
100161,0
100163,1
100170,1
100177,0
100184,1
100185,0
100186,0
100192,1
100193,1
100195,0
100197,0
100198,0
100199,1
100204,1
100205,0
100213,0
100215,0
100216,0
100218,1
100223,1
100229,0
100231,1
100232,0
100234,1
100238,0
100239,0
100240,0
100242,1
100243,1
100246,1
100250,1
100252,0
100253,1
100254,1
100266,1
100273,0
100274,0
100280,0
100281,1
100283,0
100286,1
100288,1
100289,1
100290,0
100291,1
100293,1
100294,1
100299,0
100300,1
100301,1
100302,1
100304,1
100305,1
100308,0
100309,0
100313,0
100316,0
100320,1
100322,1
100323,1
100324,1
100331,0
100335,1
100336,0
100340,0
100341,0
100346,0
100348,0
100350,1
100351,1
100354,0
100356,1
100358,1
100363,0
100366,1
100370,1
100374,1
100375,1
100376,1
100378,0
100380,1
100382,1
100384,1
100388,0
100389,0
100390,1
100391,0
100395,0
100400,1
100403,1
100404,1
100412,0
100417,1
100418,0
100421,0
100422,0
100427,1
100432,0
100437,0
100439,0
100440,1
100441,1
100443,1
100445,1
100446,0
100447,1
100448,0
100450,0
100453,1
100454,0
100455,1
100459,1
100462,1
100464,0
100465,0
100467,1
100468,1
100471,1
100472,1
100473,0
100474,0
100476,1
100477,1
100478,1
100479,0
100480,1
100482,1
100484,1
100487,0
100491,1
100494,0
100499,1
100500,1
100502,0
100504,1
100507,1
100509,1
100511,0
100517,0
100521,1
100524,0
100525,0
100526,1
100527,1
100533,1
100534,0
100536,0
100537,1
100539,1
100541,1
100543,1
100544,1
100547,1
100551,0
100553,1
100554,1
100555,0
100558,0
100562,0
100569,0
100570,1
100571,1
100572,1
100573,1
100575,1
100578,1
100579,0
100581,1
100583,0
100585,0
100586,1
100588,0
100595,0
100596,1
100597,0
100601,0
100602,1
100604,1
100614,0
100616,1
100617,1
100619,0
100622,1
100623,1
100627,0
100629,0
100632,1
100633,0
100634,0
100636,0
100637,0
100639,1
100644,1
100645,0
100647,0
100650,1
100651,1
100652,0
100654,0
100656,0
100659,1
100662,1
100676,1
100680,0
100683,1
100687,0
100693,1
100696,1
100704,0
100705,0
100706,1
100708,1
100712,1
100713,1
100717,0
100720,0
100723,0
100724,1
100727,1
100731,0
100734,0
100737,1
100738,0
100739,0
100741,0
100743,1
100744,1
100746,1
100748,1
100749,0
100755,0
100757,1
100759,0
100761,0
100762,1
100763,0
100767,1
100768,0
100769,1
100774,0
100779,1
100781,1
100784,1
100786,1
100794,0
100795,0
100798,1
100800,0
100803,1
100805,0
100806,0
100811,1
100812,1
100814,1
100817,1
100818,1
100820,0
100823,1
100825,0
100826,0
100843,0
100844,0
100847,0
100848,1
100849,0
100852,0
100855,0
100857,0
100860,0
100862,1
100863,1
100865,1
100866,1
100870,0
100873,1
100874,1
100879,0
100882,1
100887,0
100895,0
100896,1
100899,0
100901,0
100902,1
100905,1
100909,0
100916,0
100918,1
100919,1
100922,1
100925,1
100926,1
100927,0
100929,0
100932,0
100935,0
100936,1
100938,1
100942,1
100945,0
100946,1
100947,1
100948,0
100950,0
100951,0
100952,1
100957,0
100958,1
100959,0
100961,1
100962,0
100963,0
100965,1
100969,1
100973,0
100974,0
100978,1
100979,1
100980,0
100981,1
100982,0
100983,1
100984,0
100985,1
100987,1
100989,0
100990,1
100995,1
100999,1
101001,1
101002,0
101004,1
101005,1
101010,1
101015,1
101017,1
101018,1
101020,1
101024,0
101029,0
101034,0
101035,0
101038,1
101040,1
101042,0
101043,1
101049,1
101050,0
101052,0
101053,1
101055,1
101056,1
101060,0
101064,0
101069,1
101071,0
101075,0
101076,0
101078,0
101080,1
101084,1
101085,1
101088,0
101090,0
101092,1
101093,0
101098,0
101099,0
101101,0
101102,0
101103,1
101106,1
101110,1
101111,1
101112,0
101115,0
101116,0
101117,0
101123,1
101128,0
101133,1
101135,1
101138,1
101145,0
101146,1
101148,0
101150,1
101154,0
101156,1
101157,0
101158,1
101160,0
101162,0
101166,1
101170,0
101177,0
101179,0
101181,1
101186,1
101188,0
101189,0
101191,1
101200,1
101206,0
101208,0
101209,0
101219,0
101221,0
101223,1
101229,1
101231,1
101233,1
101238,1
101239,1
101240,1
101242,1
101244,0
101245,0
101247,1
101255,0
101259,1
101261,1
101262,0
101264,1
101265,0
101266,1
101273,0
101274,0
101275,0
101277,1
101280,1
101281,1
101282,0
101289,1
101290,0
101293,1
101294,1
101298,0
101300,1
101301,1
101302,0
101303,1
101305,1
101308,1
101309,0
101311,1
101312,1
101314,1
101319,1
101321,1
101323,0
101324,0
101327,0
101330,1
101332,1
101333,0
101335,1
101336,0
101339,1
101342,0
101343,1
101344,0
101348,0
101350,0
101357,0
101360,0
101367,0
101368,0
101371,0
101373,0
101374,1
101375,1
101376,0
101378,1
101379,0
101380,1
101381,0
101382,1
101386,1
101390,1
101392,0
101393,1
101395,1
101399,0
101400,1
101404,0
101407,0
101413,0
101414,1
101415,0
101418,0
101421,1
101429,0
101430,1
101431,1
101433,1
101436,0
101437,1
101446,1
101447,1
101448,1
101450,0
101452,1
101453,0
101455,0
101458,1
101459,0
101463,1
101467,0
101468,0
101474,0
101475,1
101479,1
101484,0
101487,0
101488,1
101490,1
101491,1
101499,0
101501,1
101503,1
101505,1
101510,1
101511,1
101516,0
101519,1
101520,1
101524,0
101529,1
101534,0
101536,1
101539,0
101542,0
101547,0
101556,0
101560,1
101563,1
101564,1
101565,0
101568,0
101570,1
101571,0
101573,0
101574,0
101575,1
101576,1
101578,1
101583,1
101588,1
101589,0
101590,0
101591,1
101593,1
101594,1
101596,1
101598,1
101605,1
101608,0
101609,0
101613,0
101616,1
101620,1
101622,1
101623,1
101624,0
101625,1
101628,1
101629,1
101633,1
101634,0
101636,1
101638,1
101639,1
101642,1
101643,1
101645,1
101647,1
101649,1
101650,1
101652,1
101653,0
101654,1
101655,0
101656,1
101657,1
101664,1
101666,1
101669,1
101670,1
101673,0
101675,0
101677,0
101679,0
101680,0
101682,0
101684,1
101685,0
101688,1
101689,0
101693,1
101696,1
101700,0
101701,0
101704,1
101705,0
101712,0
101713,1
101714,1
101716,1
101717,1
101723,0
101727,0
101730,1
101732,1
101733,0
101739,1
101740,1
101745,1
101752,1
101753,0
101754,0
101755,1
101756,1
101757,0
101759,1
101762,1
101763,1
101764,0
101765,0
101773,0
101775,0
101777,1
101779,1
101781,1
101787,0
101790,1
101795,0
101796,1
101797,1
101798,1
101800,0
101801,0
101802,1
101804,1
101809,0
101810,1
101811,0
101812,0
101818,0
101819,0
101820,1
101822,1
101823,1
101825,0
101832,1
101834,1
101837,1
101838,1
101843,1
101844,1
101845,1
101847,0
101851,1
101857,0
101858,1
101861,0
101862,0
101864,0
101865,0
101866,1
101867,1
101869,0
101871,0
101879,0
101887,1
101888,1
101890,0
101894,1
101895,1
101897,0
101899,0
101900,1
101903,0
101906,0
101912,1
101917,0
101924,0
101925,0
101927,1
101928,0
101930,1
101932,1
101933,1
101936,0
101937,0
101938,0
101939,0
101940,1
101943,0
101944,0
101946,0
101951,0
101953,1
101958,0
101959,0
101960,0
101963,0
101964,1
101966,0
101969,0
101970,0
101971,0
101972,0
101973,0
101974,1
101975,1
101977,0
101979,0
101980,0
101984,1
101985,0
101989,0
101990,0
101992,1
101994,1
101995,0
101996,0
101999,1
102005,0
102007,1
102012,1
102014,1
102015,0
102018,0
102019,0
102020,1
102021,1
102022,1
102023,0
102024,0
102027,1
102028,1
102030,0
102036,1
102039,0
102041,0
102042,1
102045,0
102046,0
102048,0
102049,0
102050,1
102054,1
102057,0
102059,1
102066,1
102067,1
102068,0
102070,0
102072,0
102075,1
102082,1
102085,0
102088,1
102089,0
102090,0
102091,0
102094,1
102097,1
102104,1
102105,1
102106,1
102107,1
102108,1
102109,0
102111,0
102112,0
102113,1
102114,0
102115,1
102117,0
102123,1
102124,0
102127,1
102128,0
102130,0
102131,0
102133,1
102134,0
102137,0
102145,1
102147,1
102152,0
102153,0
102157,1
102159,0
102161,0
102162,1
102167,0
102169,0
102177,0
102182,0
102184,0
102185,0
102189,0
102190,0
102194,1
102195,1
102198,0
102204,1
102205,1
102206,0
102209,1
102215,0
102216,0
102217,1
102218,0
102219,0
102220,1
102222,0
102223,0
102224,0
102225,1
102226,1
102227,0
102228,1
102230,0
102235,0
102236,1
102237,1
102240,0
102242,1
102245,1
102247,0
102257,1
102259,1
102264,1
102266,1
102276,0
102277,1
102278,0
102279,1
102282,0
102285,1
102288,0
102292,1
102293,1
102294,0
102295,0
102296,0
102298,1
102304,0
102312,0
102314,0
102317,0
102319,0
102322,0
102325,1
102326,1
102330,0
102331,1
102333,0
102335,0
102336,0
102338,0
102344,1
102348,1
102350,0
102351,0
102352,0
102357,0
102371,1
102372,1
102375,1
102377,1
102382,1
102386,0
102387,0
102392,1
102393,1
102394,1
102396,0
102398,1
102400,1
102403,0
102412,1
102415,1
102416,0
102418,1
102420,1
102423,1
102424,0
102425,0
102428,1
102435,0
102437,0
102439,1
102447,0
102448,0
102450,1
102454,1
102455,1
102458,1
102459,0
102461,1
102467,0
102471,0
102472,1
102474,1
102476,0
102479,1
102484,0
102487,0
102489,1
102495,1
102496,1
102499,1
102503,1
102508,1
102510,0
102515,1
102516,0
102517,0
102518,1
102523,0
102524,0
102529,1
102531,0
102533,0
102535,1
102536,1
102540,1
102543,0
102547,0
102550,1
102551,0
102553,0
102554,0
102555,1
102556,1
102557,0
102560,0
102567,1
102569,1
102571,0
102573,0
102576,1
102578,1
102580,1
102582,1
102583,0
102585,0
102587,1
102590,1
102592,0
102605,1
102608,1
102611,1
102614,1
102615,0
102616,1
102619,0
102624,1
102625,0
102626,0
102629,0
102630,0
102633,1
102634,0
102635,1
102637,1
102639,1
102642,0
102645,0
102652,1
102657,1
102659,1
102666,1
102667,1
102668,1
102672,0
102675,0
102676,0
102678,1
102679,1
102680,1
102681,0
102682,0
102683,1
102686,1
102687,1
102689,0
102690,0
102694,0
102696,0
102697,1
102698,1
102701,0
102702,1
102704,1
102706,1
102709,1
102712,0
102717,0
102719,1
102720,0
102724,1
102726,0
102729,0
102730,1
102732,1
102733,0
102736,1
102739,1
102740,0
102743,1
102744,1
102747,1
102748,0
102751,0
102752,0
102754,0
102755,1
102757,0
102761,0
102764,0
102765,1
102767,0
102770,0
102774,1
102775,1
102776,1
102779,1
102781,1
102783,1
102784,1
102785,0
102787,1
102788,1
102792,1
102793,1
102794,1
102797,0
102799,1
102801,1
102804,1
102808,1
102811,0
102821,0
102822,1
102823,0
102827,0
102831,1
102833,1
102834,0
102835,0
102836,0
102838,1
102840,1
102841,1
102844,0
102845,1
102850,1
102851,0
102852,1
102853,1
102855,1
102856,1
102859,0
102863,1
102864,0
102868,1
102873,0
102874,1
102875,1
102879,0
102880,0
102881,0
102883,0
102885,0
102887,1
102888,1
102894,1
102895,1
102896,1
102898,1
102900,1
102901,0
102902,0
102909,0
102913,0
102916,1
102921,0
102924,0
102926,1
102929,1
102930,1
102933,0
102939,1
102940,1
102942,0
102944,0
102946,0
102954,0
102956,1
102960,1
102961,1
102962,1
102964,1
102965,0
102966,0
102970,0
102971,1
102974,1
102985,0
102987,1
102991,1
102998,0
103001,0
103002,0
103006,0
103007,1
103009,1
103012,0
103014,0
103018,1
103019,1
103020,1
103021,1
103024,0
103027,1
103028,0
103030,0
103032,0
103033,0
103034,1
103036,1
103040,1
103041,0
103042,0
103045,0
103046,0
103053,0
103054,0
103056,0
103058,1
103060,1
103061,1
103063,0
103067,0
103068,0
103070,0
103073,0
103074,0
103075,1
103076,1
103078,0
103081,1
103083,1
103085,0
103098,1
103099,0
103102,1
103104,0
103105,0
103110,0
103114,1
103116,0
103118,0
103120,1
103122,1
103124,1
103127,1
103129,1
103132,1
103133,1
103134,1
103135,1
103136,1
103139,1
103144,0
103145,1
103146,0
103147,0
103149,1
103150,0
103151,1
103153,0
103155,1
103156,0
103158,1
103159,0
103160,1
103161,0
103166,0
103169,0
103172,0
103173,1
103176,0
103178,1
103179,0
103181,1
103190,1
103191,0
103192,1
103194,1
103197,1
103201,1
103204,1
103206,0
103211,1
103214,0
103216,0
103223,0
103224,0
103225,0
103227,0
103228,0
103229,0
103232,1
103237,0
103240,1
103242,0
103243,1
103247,0
103249,0
103252,0
103253,0
103254,0
103256,1
103259,0
103260,0
103261,0
103262,1
103263,0
103265,0
103270,0
103272,0
103276,1
103278,1
103280,1
103281,1
103282,1
103283,0
103284,1
103289,1
103297,0
103299,1
103301,1
103302,0
103304,1
103308,1
103310,1
103311,1
103312,1
103320,0
103321,0
103323,1
103326,0
103336,1
103337,0
103338,0
103340,0
103341,1
103345,0
103346,0
103347,0
103350,1
103353,1
103354,0
103355,0
103358,0
103365,1
103370,0
103371,0
103374,0
103377,1
103385,0
103387,1
103391,0
103392,0
103393,1
103394,0
103396,0
103402,0
103405,0
103408,1
103409,1
103411,0
103413,0
103415,1
103416,0
103417,1
103418,1
103421,0
103422,1
103425,0
103432,1
103433,0
103434,0
103438,1
103440,0
103444,1
103451,0
103452,0
103453,1
103455,0
103462,1
103463,1
103468,1
103470,0
103472,1
103473,1
103476,0
103478,1
103479,0
103482,0
103485,0
103486,0
103490,1
103491,0
103495,0
103496,0
103498,0
103500,0
103501,0
103502,1
103504,1
103506,0
103508,0
103509,0
103514,1
103515,1
103516,1
103526,0
103527,1
103530,1
103534,1
103538,0
103539,0
103540,1
103544,1
103545,0
103547,1
103549,0
103552,1
103556,1
103557,1
103559,1
103563,1
103565,1
103572,1
103578,1
103579,1
103582,1
103583,0
103586,0
103587,0
103590,1
103591,0
103592,1
103597,0
103598,0
103599,0
103600,0
103601,0
103602,1
103604,1
103610,1
103611,0
103613,1
103615,0
103619,1
103620,1
103623,0
103625,0
103626,0
103627,1
103630,0
103631,1
103632,0
103634,1
103639,0
103642,0
103643,1
103645,1
103649,1
103650,0
103655,1
103660,1
103662,0
103663,0
103667,1
103670,1
103674,1
103676,0
103679,0
103680,0
103681,1
103686,0
103691,1
103692,1
103695,0
103697,1
103699,0
103700,0
103703,1
103705,1
103707,1
103708,0
103712,1
103713,0
103720,0
103723,0
103724,0
103727,0
103728,1
103731,0
103732,0
103734,0
103736,0
103740,0
103741,1
103745,0
103747,0
103750,0
103751,0
103752,0
103753,1
103754,0
103757,1
103759,0
103764,1
103766,0
103767,0
103768,0
103769,0
103772,1
103773,1
103774,1
103778,0
103781,0
103782,0
103783,0
103787,1
103793,1
103794,1
103798,1
103799,1
103801,0
103804,0
103807,0
103808,1
103811,1
103812,1
103814,1
103815,1
103816,0
103819,1
103820,1
103821,1
103822,0
103825,1
103826,0
103828,0
103829,0
103832,1
103833,1
103834,1
103839,1
103840,0
103841,1
103844,1
103846,1
103847,1
103849,0
103851,1
103853,0
103854,1
103862,0
103865,0
103866,1
103869,1
103871,1
103873,0
103878,0
103886,0
103887,0
103889,0
103892,1
103895,1
103896,0
103897,1
103899,1
103900,1
103901,1
103903,1
103911,0
103916,1
103917,1
103918,0
103919,0
103922,1
103924,0
103925,0
103926,0
103933,0
103935,0
103936,1
103937,1
103938,0
103942,0
103944,0
103945,0
103946,0
103947,0
103949,1
103950,0
103952,0
103954,0
103955,0
103960,0
103963,1
103965,0
103968,1
103970,0
103979,0
103980,0
103986,1
103990,1
103991,0
103993,0
103994,1
103996,1
103997,0
103999,0
104005,0
104007,0
104009,1
104010,0
104011,1
104013,0
104014,0
104015,0
104016,1
104017,0
104019,1
104021,0
104022,0
104025,1
104027,0
104031,0
104036,1
104037,0
104050,1
104055,1
104056,1
104059,1
104060,1
104062,0
104066,1
104069,1
104070,1
104071,1
104074,1
104075,1
104080,0
104082,1
104087,1
104095,1
104097,0
104098,1
104099,1
104103,1
104107,1
104108,0
104110,1
104113,0
104115,1
104116,0
104120,1
104121,1
104123,1
104124,1
104126,1
104136,1
104138,1
104139,1
104140,1
104143,1
104148,1
104153,0
104154,0
104159,1
104160,0
104163,0
104168,1
104169,1
104171,0
104174,1
104185,1
104192,0
104195,0
104198,0
104199,1
104206,0
104207,1
104209,0
104210,0
104211,0
104214,1
104215,0
104217,0
104218,1
104220,0
104223,1
104225,0
104232,0
104236,0
104237,1
104238,1
104239,0
104242,1
104244,1
104246,1
104252,1
104256,1
104260,1
104266,0
104271,1
104272,1
104273,0
104275,1
104276,1
104277,1
104284,0
104285,1
104286,0
104288,1
104291,0
104293,0
104297,1
104299,0
104301,0
104305,0
104306,0
104309,1
104311,0
104321,0
104322,1
104324,0
104325,0
104328,1
104329,1
104337,0
104338,0
104340,1
104342,1
104345,0
104351,1
104353,0
104355,0
104366,1
104368,1
104369,1
104370,1
104375,0
104376,1
104378,1
104383,0
104384,1
104387,1
104388,0
104391,1
104394,1
104398,1
104399,1
104405,0
104408,1
104411,0
104417,0
104419,1
104421,0
104423,1
104424,1
104426,0
104429,0
104430,1
104431,0
104433,1
104437,0
104445,0
104446,1
104448,0
104452,0
104454,1
104460,0
104461,0
104462,0
104466,1
104468,1
104470,0
104471,1
104473,0
104474,0
104476,0
104477,1
104478,1
104479,0
104480,0
104481,1
104482,1
104483,0
104485,1
104489,0
104490,0
104491,0
104493,0
104494,1
104496,1
104498,0
104503,1
104507,1
104510,1
104511,1
104512,1
104517,0
104520,1
104524,1
104526,1
104534,0
104536,0
104541,0
104544,1
104545,1
104547,0
104552,0
104557,0
104558,0
104560,0
104562,1
104567,1
104568,0
104571,0
104572,1
104573,0
104574,0
104575,1
104576,1
104577,0
104578,1
104579,1
104585,0
104586,1
104587,0
104592,0
104593,1
104594,1
104596,1
104602,0
104604,0
104606,1
104607,0
104608,1
104609,0
104610,1
104611,1
104614,1
104615,1
104619,0
104623,1
104629,0
104630,0
104633,0
104635,0
104636,1
104637,0
104640,1
104643,0
104644,1
104648,1
104649,1
104650,0
104655,0
104656,0
104657,0
104658,0
104659,0
104660,0
104662,1
104665,1
104666,0
104668,0
104669,0
104673,1
104675,0
104677,1
104678,0
104683,1
104684,1
104691,0
104692,0
104695,1
104698,1
104699,0
104703,0
104706,1
104707,0
104710,1
104713,0
104714,1
104721,1
104722,1
104725,0
104726,0
104727,1
104728,1
104733,0
104737,1
104741,1
104743,0
104744,1
104749,0
104751,1
104753,0
104756,0
104759,0
104762,0
104763,0
104766,0
104774,0
104779,0
104783,1
104786,1
104790,1
104792,0
104793,0
104794,1
104797,0
104798,0
104803,0
104810,1
104811,0
104812,1
104813,1
104815,0
104816,0
104817,1
104818,1
104819,0
104823,0
104828,0
104829,1
104831,1
104832,0
104834,1
104837,0
104838,1
104839,0
104841,1
104842,0
104845,1
104846,0
104849,0
104851,1
104856,1
104860,1
104861,1
104866,1
104867,0
104869,1
104870,1
104872,0
104873,0
104875,1
104876,1
104878,0
104879,0
104880,0
104881,0
104883,1
104884,1
104886,1
104890,1
104892,0
104896,1
104905,0
104909,1
104911,1
104913,1
104914,1
104916,1
104917,1
104920,0
104921,1
104923,0
104925,1
104928,1
104930,1
104931,1
104933,1
104935,1
104937,0
104938,0
104939,0
104941,0
104942,0
104943,0
104948,1
104949,1
104951,0
104955,1
104956,1
104961,0
104962,0
104963,0
104964,0
104965,0
104966,1
104970,0
104975,0
104977,0
104984,1
104988,0
104989,0
104990,0
104992,0
104993,0
104998,1
105001,0
105002,0
105009,0
105010,0
105012,0
105013,1
105014,1
105020,1
105021,1
105022,0
105023,1
105029,0
105031,1
105032,1
105040,0
105045,0
105047,1
105048,1
105049,0
105050,1
105053,0
105057,1
105063,1
105065,0
105074,1
105075,1
105077,1
105079,1
105081,0
105082,0
105083,0
105087,1
105089,1
105090,1
105092,1
105096,1
105097,0
105098,0
105101,1
105102,1
105106,0
105110,1
105111,0
105115,1
105117,0
105118,0
105120,1
105121,1
105124,0
105126,1
105127,0
105129,0
105138,0
105140,1
105145,0
105147,1
105151,1
105152,0
105153,0
105155,1
105156,1
105158,0
105161,1
105163,0
105164,0
105165,0
105167,1
105169,1
105171,1
105172,1
105176,1
105179,0
105181,0
105182,0
105184,0
105187,0
105188,0
105190,0
105191,1
105192,1
105193,0
105194,1
105195,0
105196,0
105197,0
105198,0
105204,1
105205,1
105207,1
105208,0
105211,0
105214,1
105216,0
105217,0
105219,0
105223,1
105224,0
105225,1
105226,0
105227,0
105228,0
105229,1
105234,1
105237,0
105239,1
105240,0
105247,1
105251,1
105252,1
105254,1
105257,0
105260,0
105265,1
105266,0
105267,1
105268,1
105270,1
105273,1
105275,1
105276,1
105280,0
105285,1
105287,1
105288,1
105290,0
105291,1
105292,0
105294,1
105295,1
105299,0
105303,0
105309,1
105311,0
105315,0
105316,1
105317,0
105319,1
105325,1
105327,1
105328,1
105331,1
105332,0
105334,1
105335,0
105337,1
105345,1
105349,0
105352,1
105353,0
105354,0
105364,0
105368,1
105371,0
105374,1
105377,1
105378,0
105381,1
105387,1
105389,0
105391,0
105392,1
105396,1
105397,0
105398,1
105399,1
105400,0
105401,1
105404,0
105407,1
105408,0
105409,0
105410,1
105412,1
105415,0
105419,0
105424,0
105425,1
105430,0
105431,1
105433,0
105437,1
105439,0
105440,1
105442,0
105443,1
105446,0
105447,0
105452,0
105454,1
105458,1
105462,0
105464,1
105468,0
105470,1
105474,1
105477,1
105478,1
105482,1
105483,0
105484,1
105487,0
105488,1
105494,0
105495,0
105496,0
105497,0
105499,0
105500,1
105501,0
105502,1
105503,1
105505,1
105506,1
105509,1
105511,1
105512,1
105514,0
105515,1
105516,0
105517,1
105519,1
105521,1
105524,1
105526,1
105527,0
105528,1
105529,1
105531,0
105536,0
105540,1
105541,1
105544,0
105545,1
105549,0
105551,0
105553,1
105554,0
105556,1
105563,0
105564,0
105565,0
105567,1
105569,1
105574,1
105575,0
105577,0
105581,0
105583,1
105584,1
105586,1
105587,1
105588,0
105589,1
105595,0
105599,0
105603,1
105604,1
105607,1
105609,0
105610,1
105617,0
105618,0
105622,0
105624,0
105626,0
105627,0
105630,1
105634,1
105636,1
105638,0
105640,1
105641,1
105644,1
105647,0
105649,0
105656,1
105659,0
105663,1
105664,1
105665,0
105671,1
105672,0
105673,0
105675,1
105677,0
105691,1
105693,1
105695,1
105702,0
105703,1
105704,1
105705,0
105706,1
105708,1
105710,0
105712,0
105713,1
105720,1
105721,0
105722,0
105724,1
105726,1
105728,0
105729,1
105730,1
105733,0
105734,1
105736,0
105737,1
105738,1
105741,1
105744,1
105752,0
105754,0
105760,0
105761,0
105762,1
105763,0
105769,0
105774,1
105775,0
105776,1
105782,0
105784,1
105788,1
105790,0
105791,0
105793,0
105794,0
105797,1
105805,1
105806,0
105807,1
105809,0
105810,0
105813,0
105818,1
105819,1
105822,0
105825,0
105829,0
105833,1
105835,0
105837,1
105839,1
105842,0
105843,1
105845,1
105847,1
105848,0
105849,1
105850,1
105854,1
105857,1
105859,0
105862,1
105863,1
105864,1
105867,0
105869,1
105871,0
105872,1
105875,0
105876,1
105877,1
105878,0
105879,1
105882,1
105883,1
105884,1
105886,0
105887,0
105891,0
105893,1
105894,0
105895,1
105897,0
105900,1
105903,1
105905,1
105908,1
105909,0
105910,1
105913,0
105914,1
105915,1
105918,0
105919,1
105921,1
105924,1
105925,1
105927,1
105930,0
105931,1
105935,0
105937,0
105940,0
105943,0
105946,0
105948,1
105949,0
105954,1
105955,0
105957,1
105958,0
105959,0
105964,1
105965,0
105970,0
105971,1
105975,1
105978,1
105979,1
105980,0
105982,1
105983,0
105987,0
105990,1
105993,1
105995,1
105997,0
106001,1
106003,0
106004,0
106007,1
106009,0
106024,1
106028,0
106029,1
106030,0
106031,1
106034,0
106035,1
106039,0
106040,1
106044,1
106051,1
106054,0
106055,1
106056,1
106058,0
106059,1
106061,1
106071,1
106073,0
106075,0
106076,1
106080,0
106083,0
106084,1
106086,1
106090,1
106099,0
106104,1
106108,1
106111,1
106113,1
106115,1
106116,0
106117,1
106123,0
106126,1
106127,1
106128,1
106132,1
106137,1
106146,0
106147,0
106151,1
106152,0
106157,1
106168,0
106172,1
106173,1
106174,0
106176,1
106178,0
106182,0
106191,1
106194,1
106196,1
106198,0
106199,0
106204,1
106208,0
106211,0
106225,0
106227,1
106228,1
106232,1
106235,1
106238,1
106239,1
106240,0
106241,0
106244,1
106247,1
106251,0
106255,0
106256,1
106260,0
106261,1
106263,0
106267,1
106270,1
106271,1
106273,1
106277,1
106280,0
106283,1
106285,0
106288,1
106289,0
106293,1
106295,1
106297,1
106299,0
106302,0
106303,1
106304,1
106305,0
106306,0
106307,1
106309,1
106317,1
106324,1
106325,1
106326,0
106329,0
106331,0
106332,1
106333,1
106338,0
106339,1
106341,0
106348,1
106354,0
106355,1
106356,0
106357,1
106360,1
106365,1
106367,1
106368,0
106371,0
106376,1
106382,1
106383,0
106385,0
106389,0
106392,0
106398,1
106401,0
106403,1
106404,0
106405,0
106409,1
106411,1
106412,0
106416,0
106417,0
106418,1
106420,1
106429,1
106438,1
106443,1
106447,0
106448,1
106449,1
106450,1
106452,1
106454,1
106455,0
106459,1
106460,1
106461,0
106462,1
106466,1
106468,0
106469,1
106470,0
106471,0
106472,1
106473,1
106474,0
106475,1
106480,1
106483,0
106495,0
106496,0
106500,0
106503,1
106506,1
106507,0
106508,1
106509,0
106513,1
106514,1
106519,1
106526,1
106529,0
106530,1
106531,0
106532,0
106536,1
106537,0
106538,1
106539,1
106542,1
106543,1
106544,1
106554,1
106556,1
106557,1
106558,0
106562,1
106564,0
106566,0
106569,0
106570,1
106571,1
106574,1
106575,1
106577,1
106579,1
106582,0
106590,0
106593,1
106596,0
106602,0
106603,0
106605,0
106608,0
106609,0
106610,1
106611,0
106614,1
106616,1
106617,1
106618,1
106619,0
106621,1
106622,0
106624,1
106638,1
106642,0
106643,1
106652,0
106653,1
106654,1
106655,0
106656,0
106658,1
106659,0
106661,0
106664,1
106665,0
106670,0
106679,1
106680,1
106682,1
106683,1
106684,1
106688,0
106689,1
106691,0
106692,1
106693,0
106695,1
106699,0
106700,0
106704,0
106708,1
106710,0
106713,0
106714,1
106716,0
106720,1
106721,0
106722,0
106735,1
106736,1
106740,1
106742,1
106743,0
106745,0
106747,0
106748,1
106750,0
106751,1
106752,1
106754,0
106755,1
106757,1
106759,1
106762,0
106763,1
106767,1
106770,0
106772,1
106774,0
106777,1
106778,0
106779,0
106780,0
106786,0
106787,1
106790,0
106794,1
106795,1
106796,1
106800,0
106801,1
106806,1
106808,1
106810,1
106812,1
106815,0
106816,1
106818,0
106819,1
106820,1
106822,0
106827,0
106828,0
106829,0
106830,1
106835,1
106836,1
106839,1
106841,0
106843,1
106844,1
106846,0
106847,0
106849,0
106850,0
106852,1
106854,0
106856,1
106859,1
106864,1
106867,1
106868,1
106873,1
106874,1
106876,0
106877,0
106879,1
106884,1
106885,0
106887,1
106888,0
106891,1
106893,1
106899,1
106906,0
106907,0
106908,1
106910,1
106911,1
106912,0
106913,0
106915,0
106920,0
106921,0
106924,0
106925,1
106926,0
106930,1
106932,0
106933,1
106938,1
106939,0
106940,0
106941,0
106942,1
106943,1
106951,0
106952,1
106955,1
106957,1
106958,1
106960,0
106963,0
106965,1
106969,0
106974,0
106978,0
106980,1
106981,1
106983,0
106984,1
106987,0
106989,1
106990,0
106991,1
106992,1
106993,1
106994,0
106995,1
106996,1
106997,0
107002,1
107003,1
107008,0
107009,1
107015,1
107019,1
107023,0
107025,1
107026,0
107032,0
107037,0
107040,1
107043,1
107044,0
107045,0
107047,0
107048,1
107053,0
107058,1
107067,1
107070,1
107074,1
107077,1
107079,0
107080,1
107081,1
107083,0
107085,1
107089,1
107090,1
107092,0
107096,1
107097,1
107098,0
107099,1
107101,1
107103,1
107105,0
107107,0
107108,0
107109,1
107110,1
107115,0
107116,1
107117,1
107118,0
107121,0
107129,1
107132,0
107134,0
107135,1
107138,0
107139,0
107140,1
107141,1
107146,0
107152,0
107154,0
107155,1
107158,0
107160,0
107164,0
107165,0
107166,0
107169,0
107171,1
107174,1
107175,1
107177,0
107179,1
107184,0
107186,1
107187,1
107189,0
107190,0
107192,1
107193,0
107194,0
107195,1
107203,1
107205,1
107206,0
107207,0
107216,0
107223,0
107224,0
107230,0
107231,0
107232,0
107234,1
107240,1
107244,1
107248,1
107251,1
107252,1
107254,0
107255,1
107264,1
107265,1
107267,0
107271,0
107272,0
107273,1
107276,0
107280,1
107283,0
107284,0
107287,1
107289,0
107292,0
107293,0
107294,1
107295,1
107299,1
107302,1
107303,1
107306,1
107314,0
107315,1
107317,0
107319,0
107321,0
107324,0
107325,1
107327,1
107333,1
107334,0
107335,0
107343,1
107345,1
107346,0
107347,0
107351,0
107352,1
107353,1
107355,0
107361,0
107367,0
107368,1
107369,1
107370,0
107372,1
107373,0
107374,1
107376,1
107379,0
107386,1
107388,0
107391,0
107392,0
107393,0
107396,0
107397,1
107400,1
107405,1
107406,1
107409,0
107413,1
107416,1
107417,1
107422,1
107423,1
107432,0
107433,0
107436,0
107438,1
107441,1
107445,0
107446,1
107449,0
107453,1
107454,0
107456,0
107460,0
107461,1
107462,0
107465,0
107468,0
107469,0
107470,1
107472,1
107473,1
107478,1
107479,1
107480,0
107481,1
107483,1
107487,1
107488,1
107490,0
107492,1
107495,0
107499,1
107503,1
107504,1
107507,0
107508,0
107510,0
107511,0
107512,1
107518,1
107519,1
107520,1
107531,1
107536,1
107537,0
107540,1
107542,1
107543,1
107544,0
107547,0
107551,1
107554,0
107557,1
107558,0
107565,1
107567,0
107573,0
107577,1
107579,1
107581,0
107583,1
107584,0
107586,0
107588,0
107593,0
107597,0
107605,0
107607,1
107608,0
107609,0
107610,1
107613,1
107615,0
107619,1
107623,1
107625,1
107630,1
107632,0
107637,0
107640,0
107642,1
107643,0
107644,0
107645,1
107646,1
107649,1
107650,1
107651,0
107655,1
107659,1
107663,0
107665,0
107666,1
107669,1
107671,1
107678,1
107683,1
107686,1
107687,1
107688,0
107690,1
107697,1
107700,0
107702,1
107703,0
107707,1
107708,1
107713,0
107714,1
107716,1
107721,0
107723,1
107726,1
107731,0
107732,1
107733,1
107734,1
107737,0
107738,1
107741,0
107745,0
107746,1
107749,1
107752,1
107763,0
107764,1
107767,0
107768,0
107769,1
107773,1
107774,1
107775,0
107777,0
107778,1
107781,1
107782,1
107788,1
107796,1
107798,0
107799,0
107803,1
107806,1
107809,1
107813,1
107815,1
107819,0
107822,0
107823,1
107826,1
107828,1
107830,1
107831,1
107832,1
107834,1
107835,1
107837,1
107839,0
107840,0
107843,1
107844,0
107851,0
107859,1
107860,1
107861,1
107868,1
107875,0
107878,0
107879,1
107880,0
107881,1
107883,1
107884,1
107885,0
107886,1
107888,1
107889,0
107890,0
107891,0
107894,0
107896,1
107898,0
107900,1
107901,1
107904,1
107906,0
107909,1
107918,0
107920,1
107921,0
107922,0
107925,1
107930,0
107931,1
107934,1
107936,0
107945,0
107946,0
107947,0
107949,1
107951,0
107952,0
107954,1
107956,0
107958,1
107959,1
107961,1
107962,1
107971,0
107975,0
107980,1
107985,0
107986,1
107988,0
107991,1
107992,0
107993,1
107996,0
107997,0
107999,0
108000,1
108002,1
108003,1
108004,0
108006,0
108007,1
108010,0
108011,0
108013,1
108014,0
108015,1
108019,1
108021,1
108022,1
108029,1
108030,1
108032,1
108036,0
108040,1
108041,0
108047,1
108049,1
108053,0
108054,1
108056,0
108058,1
108059,1
108063,1
108064,0
108066,0
108077,0
108080,0
108081,0
108084,1
108087,1
108089,1
108090,0
108091,1
108092,0
108093,1
108095,0
108096,0
108097,1
108100,1
108106,0
108107,1
108109,1
108113,1
108116,1
108119,1
108121,0
108127,0
108136,1
108138,1
108143,1
108146,1
108149,1
108150,1
108153,1
108159,1
108162,1
108163,1
108164,1
108165,1
108169,1
108170,0
108171,0
108172,0
108175,0
108176,0
108180,1
108181,1
108184,1
108186,0
108194,1
108200,0
108201,0
108203,1
108204,0
108210,1
108211,1
108213,0
108215,1
108219,1
108223,1
108228,0
108231,1
108238,1
108241,1
108242,1
108245,1
108246,1
108247,1
108248,1
108250,1
108251,0
108254,0
108255,1
108256,1
108257,1
108258,0
108260,0
108261,1
108262,1
108263,1
108265,1
108267,0
108268,0
108271,1
108272,0
108275,0
108277,1
108278,0
108286,1
108291,0
108293,1
108299,0
108300,0
108301,1
108307,1
108308,1
108314,0
108329,1
108332,0
108334,1
108335,1
108336,0
108339,0
108340,0
108342,0
108345,0
108347,1
108352,0
108354,1
108357,0
108360,1
108363,1
108365,1
108367,1
108372,0
108375,0
108376,0
108378,0
108379,1
108382,1
108386,1
108389,1
108394,1
108396,1
108398,0
108401,1
108403,1
108405,0
108407,1
108408,1
108409,1
108410,0
108411,1
108412,0
108414,1
108415,1
108417,0
108424,0
108425,1
108436,1
108440,0
108448,0
108449,0
108451,1
108455,0
108466,0
108470,0
108471,1
108474,1
108478,1
108481,1
108482,0
108485,0
108488,1
108489,1
108494,0
108496,0
108497,0
108502,1
108504,1
108506,1
108507,0
108514,0
108523,0
108525,0
108528,0
108529,1
108534,0
108537,1
108540,0
108542,0
108543,1
108544,0
108547,0
108551,0
108552,0
108558,0
108559,1
108562,1
108563,1
108565,1
108566,1
108568,0
108570,0
108571,0
108577,1
108578,0
108580,0
108585,1
108591,1
108592,1
108593,1
108595,0
108596,0
108597,1
108602,0
108610,0
108611,0
108619,0
108621,1
108623,0
108628,1
108630,1
108638,0
108639,1
108641,1
108642,0
108644,0
108645,1
108646,0
108647,0
108648,0
108652,0
108656,1
108657,0
108660,0
108661,0
108663,0
108665,0
108666,1
108668,0
108671,0
108672,0
108674,0
108676,1
108679,1
108680,1
108685,1
108686,1
108687,0
108688,1
108690,0
108691,1
108692,0
108693,1
108694,1
108695,0
108701,1
108702,1
108703,0
108706,0
108707,0
108712,0
108713,0
108716,0
108720,0
108721,0
108722,0
108724,1
108726,1
108727,1
108728,0
108730,1
108731,0
108739,0
108740,1
108741,0
108744,0
108746,0
108747,1
108751,0
108752,0
108756,1
108758,0
108759,1
108762,0
108763,1
108765,1
108768,0
108769,1
108772,0
108774,0
108776,1
108777,1
108779,0
108780,0
108782,1
108783,0
108785,1
108786,0
108787,0
108789,0
108792,0
108796,0
108797,0
108798,0
108799,1
108801,1
108805,0
108808,0
108809,0
108815,0
108817,1
108818,0
108819,1
108820,0
108821,1
108823,1
108826,0
108829,0
108830,1
108832,0
108834,1
108835,0
108847,1
108849,0
108854,0
108855,0
108868,0
108869,0
108876,1
108877,0
108886,0
108889,1
108893,0
108896,1
108901,1
108903,1
108907,0
108911,1
108916,0
108917,0
108919,0
108921,1
108923,0
108924,0
108927,0
108931,1
108932,0
108935,1
108936,0
108937,0
108944,0
108945,0
108946,1
108949,1
108950,1
108951,1
108955,1
108956,0
108957,1
108969,0
108971,1
108973,0
108976,1
108977,0
108980,0
108981,1
108983,1
108984,1
108987,0
108990,1
108991,1
108992,0
108997,0
109000,1
109002,0
109008,0
109011,0
109012,1
109015,0
109018,1
109021,0
109022,0
109023,0
109028,0
109031,1
109035,0
109036,1
109038,0
109040,0
109041,1
109042,0
109043,0
109045,0
109047,0
109050,1
109051,0
109053,0
109059,1
109060,1
109061,1
109064,0
109068,0
109070,1
109071,0
109074,0
109076,1
109078,0
109082,1
109083,0
109085,1
109088,1
109090,1
109094,1
109095,0
109096,1
109098,0
109099,1
109100,0
109101,0
109102,0
109108,0
109109,0
109112,0
109113,0
109116,1
109117,1
109118,1
109122,0
109127,0
109132,0
109134,1
109137,0
109138,1
109142,1
109146,1
109148,0
109149,1
109151,0
109155,0
109156,0
109157,0
109161,1
109163,0
109164,0
109165,0
109166,0
109167,0
109168,1
109170,0
109175,0
109178,1
109180,0
109182,1
109183,0
109185,0
109186,0
109188,1
109191,0
109197,1
109198,0
109201,0
109203,0
109205,1
109206,0
109207,0
109209,1
109215,1
109217,0
109218,0
109221,0
109222,0
109224,0
109226,0
109228,0
109230,1
109232,0
109233,1
109234,0
109236,0
109237,1
109240,0
109241,0
109244,0
109249,0
109251,0
109253,1
109256,0
109257,1
109258,1
109260,0
109261,1
109262,0
109264,0
109265,1
109266,0
109275,0
109276,1
109280,0
109281,0
109285,1
109286,1
109294,0
109297,1
109303,1
109304,0
109305,0
109311,1
109314,1
109315,1
109316,0
109319,0
109321,0
109323,0
109324,0
109327,0
109328,0
109331,0
109333,0
109334,1
109335,1
109337,1
109346,0
109348,1
109349,0
109352,0
109354,1
109355,1
109356,1
109358,0
109360,0
109363,1
109368,0
109369,0
109371,0
109373,0
109374,1
109375,1
109376,0
109377,1
109379,0
109382,1
109385,0
109386,0
109394,0
109395,0
109397,1
109398,0
109400,0
109403,0
109407,0
109408,1
109409,1
109413,1
109419,1
109421,0
109425,0
109430,1
109437,1
109439,1
109440,1
109442,0
109447,0
109454,0
109457,1
109461,0
109463,1
109464,0
109465,0
109466,0
109467,0
109468,1
109470,0
109471,1
109472,0
109474,0
109475,0
109477,0
109479,0
109480,0
109481,0
109484,1
109488,0
109489,1
109495,1
109496,0
109497,1
109500,1
109501,1
109507,0
109509,0
109510,0
109511,0
109512,0
109514,1
109515,1
109516,0
109519,0
109520,0
109521,0
109522,0
109523,1
109526,1
109538,1
109539,0
109540,0
109541,1
109544,1
109547,0
109551,0
109552,0
109554,1
109555,0
109556,1
109557,1
109558,0
109559,0
109560,0
109566,0
109569,0
109575,1
109577,1
109578,0
109579,0
109581,0
109585,1
109589,0
109591,0
109594,0
109595,1
109596,0
109597,0
109603,1
109609,0
109610,0
109611,0
109613,0
109615,1
109616,1
109618,0
109620,0
109621,0
109623,0
109632,0
109633,0
109638,0
109640,1
109641,0
109642,0
109645,1
109646,0
109648,1
109650,0
109651,0
109652,0
109654,0
109657,0
109661,1
109663,1
109668,0
109673,1
109674,0
109675,1
109676,0
109678,0
109680,1
109683,0
109684,1
109685,1
109686,1
109688,0
109689,0
109690,1
109696,0
109697,1
109698,0
109703,0
109708,0
109709,1
109710,0
109715,0
109716,0
109717,1
109723,0
109724,0
109726,1
109729,1
109730,0
109735,0
109736,0
109737,1
109740,0
109741,0
109742,0
109747,0
109748,0
109753,1
109754,1
109761,0
109762,0
109766,0
109769,0
109770,0
109772,1
109773,0
109776,1
109779,1
109783,1
109787,1
109792,1
109806,1
109807,0
109809,1
109811,0
109814,1
109817,0
109818,1
109820,0
109823,0
109828,0
109831,0
109839,1
109840,1
109844,0
109847,1
109854,0
109857,0
109858,0
109865,1
109868,0
109873,0
109876,0
109877,0
109878,0
109879,1
109883,1
109884,0
109886,1
109887,1
109889,0
109894,1
109895,1
109897,0
109900,1
109905,0
109909,0
109914,0
109915,1
109916,0
109917,1
109919,1
109920,1
109921,1
109922,0
109925,1
109928,0
109930,1
109932,0
109940,0
109945,1
109946,0
109949,1
109953,0
109954,1
109958,0
109959,1
109961,1
109962,0
109967,0
109969,1
109970,0
109971,0
109974,1
109975,0
109976,0
109982,0
109983,1
109985,1
109995,1
109996,1
109998,1
109999,1
110003,0
110008,1
110009,1
110011,0
110012,0
110013,1
110016,0
110018,1
110019,0
110020,0
110022,1
110023,0
110024,0
110025,1
110026,0
110027,1
110028,0
110029,1
110031,1
110032,1
110035,1
110036,0
110038,1
110040,0
110042,1
110043,1
110047,0
110048,1
110051,0
110056,0
110057,0
110061,1
110065,1
110066,0
110068,1
110071,0
110075,1
110077,1
110080,0
110082,1
110083,0
110085,1
110087,0
110089,1
110091,1
110094,1
110095,1
110096,1
110102,1
110106,1
110109,0
110111,0
110113,0
110114,0
110115,1
110116,0
110117,0
110118,0
110121,1
110122,1
110124,0
110133,0
110140,0
110150,0
110151,1
110154,1
110157,1
110159,1
110161,0
110163,0
110166,0
110170,1
110172,1
110173,0
110175,1
110176,0
110177,1
110179,0
110181,1
110186,1
110187,1
110192,1
110193,0
110195,0
110200,1
110202,0
110204,1
110205,0
110206,0
110208,0
110210,0
110219,0
110220,1
110222,0
110223,1
110225,0
110228,0
110230,0
110231,0
110238,1
110242,0
110244,0
110247,1
110248,1
110252,1
110253,0
110254,1
110255,1
110256,1
110263,1
110270,0
110275,1
110278,0
110279,1
110281,1
110282,0
110284,0
110285,0
110289,0
110291,1
110294,1
110297,1
110299,0
110301,0
110302,1
110311,1
110312,1
110314,0
110316,0
110317,0
110320,0
110321,1
110322,0
110323,0
110324,1
110325,0
110327,0
110333,0
110337,0
110340,1
110341,1
110349,0
110350,1
110353,1
110358,0
110364,1
110365,0
110366,0
110367,0
110370,1
110372,0
110373,0
110382,0
110384,1
110385,1
110386,1
110387,1
110388,1
110390,0
110391,1
110396,1
110400,1
110401,0
110402,0
110407,0
110408,0
110410,0
110412,0
110413,1
110417,0
110419,0
110421,0
110423,1
110426,1
110431,0
110433,0
110435,0
110438,1
110440,1
110444,0
110450,1
110451,0
110454,0
110457,1
110460,0
110461,1
110464,0
110465,1
110467,1
110468,1
110469,0
110470,1
110474,1
110476,1
110477,0
110478,0
110480,0
110482,1
110483,0
110485,1
110487,1
110495,1
110498,0
110502,1
110507,0
110509,0
110510,0
110514,1
110517,0
110518,0
110519,0
110528,0
110536,1
110537,0
110541,1
110542,1
110548,1
110550,0
110551,1
110553,0
110554,1
110555,1
110559,0
110564,1
110565,0
110567,0
110570,1
110576,0
110582,1
110583,0
110588,1
110589,1
110594,1
110597,0
110601,1
110603,1
110604,1
110607,0
110612,1
110614,0
110619,1
110621,1
110622,1
110623,0
110625,0
110626,0
110628,0
110631,0
110632,1
110634,0
110637,1
110639,1
110641,0
110642,0
110651,0
110652,1
110654,0
110656,0
110658,0
110660,1
110661,1
110662,0
110667,1
110668,0
110673,0
110675,0
110676,0
110678,1
110680,0
110681,0
110683,0
110686,0
110688,1
110695,1
110697,0
110698,0
110701,1
110703,1
110706,1
110709,1
110712,0
110715,1
110716,0
110720,0
110725,1
110726,0
110727,1
110734,1
110736,0
110738,1
110739,0
110742,0
110744,0
110745,0
110746,0
110749,1
110754,1
110757,1
110758,1
110760,1
110762,1
110764,1
110766,0
110767,1
110770,0
110771,1
110776,1
110778,0
110780,1
110784,1
110785,0
110786,1
110791,0
110792,0
110794,1
110802,1
110804,1
110808,1
110810,0
110812,0
110814,1
110816,0
110817,0
110818,0
110822,0
110825,1
110828,1
110833,1
110838,1
110842,0
110845,0
110847,0
110849,0
110851,1
110852,1
110853,1
110868,1
110870,0
110874,0
110875,1
110876,0
110879,1
110882,0
110883,1
110893,1
110894,0
110895,0
110896,0
110898,0
110899,0
110900,1
110901,1
110906,1
110913,0
110918,1
110920,1
110930,0
110933,0
110934,1
110938,1
110939,0
110940,0
110941,1
110943,0
110944,1
110945,1
110946,1
110950,1
110955,0
110957,0
110959,1
110960,1
110963,1
110965,1
110971,1
110972,1
110978,0
110982,1
110984,1
110985,1
110988,1
110989,0
110995,1
110996,0
110997,1
110999,0
111000,0
111004,0
111008,1
111010,1
111012,0
111013,0
111014,1
111015,0
111018,1
111019,0
111022,1
111023,1
111025,0
111027,1
111028,1
111030,0
111031,1
111032,0
111033,0
111035,1
111036,1
111040,1
111041,0
111055,0
111059,0
111061,1
111063,1
111064,0
111067,1
111073,0
111075,1
111078,0
111086,0
111091,1
111092,0
111094,0
111097,0
111103,1
111108,1
111110,0
111111,0
111113,1
111123,1
111125,0
111127,1
111128,1
111131,1
111132,1
111133,0
111134,1
111136,0
111137,0
111138,1
111139,0
111145,1
111148,1
111149,0
111153,1
111155,0
111156,1
111160,1
111161,1
111162,0
111169,0
111171,1
111172,1
111174,0
111175,1
111176,0
111177,1
111178,1
111183,0
111184,1
111185,0
111188,1
111192,0
111193,1
111195,1
111202,1
111207,0
111208,0
111210,1
111212,1
111214,1
111217,0
111223,1
111224,1
111225,0
111227,1
111229,1
111231,1
111233,1
111234,1
111236,1
111237,0
111242,0
111247,1
111248,1
111250,1
111252,1
111254,1
111255,1
111259,1
111260,0
111264,0
111266,0
111276,0
111277,1
111278,0
111282,0
111284,0
111286,0
111287,0
111288,0
111289,1
111292,1
111294,1
111297,0
111298,1
111299,0
111300,1
111301,0
111309,0
111310,0
111317,1
111324,1
111325,0
111326,1
111331,0
111333,1
111334,1
111338,1
111341,1
111344,1
111346,0
111351,1
111352,1
111353,1
111354,1
111356,1
111357,0
111358,1
111359,1
111360,1
111361,0
111362,1
111365,0
111366,0
111367,1
111370,0
111373,1
111374,1
111379,1
111380,1
111383,1
111387,0
111392,1
111394,0
111400,1
111401,0
111403,1
111405,1
111406,0
111410,0
111412,0
111414,0
111415,0
111417,0
111418,1
111428,0
111432,1
111433,0
111435,0
111441,0
111445,0
111448,1
111453,1
111456,0
111458,1
111463,0
111466,1
111467,1
111469,0
111472,1
111480,1
111482,1
111483,1
111484,0
111487,1
111488,0
111489,1
111492,1
111503,1
111506,1
111513,1
111517,1
111518,1
111520,0
111522,0
111523,0
111531,1
111534,0
111535,0
111536,0
111538,0
111540,1
111543,1
111544,0
111548,0
111552,1
111559,1
111560,1
111563,1
111570,1
111578,0
111580,0
111587,0
111588,0
111589,0
111591,0
111592,1
111595,0
111596,1
111600,1
111601,0
111606,1
111608,1
111610,1
111611,1
111614,1
111615,0
111621,0
111626,1
111627,1
111629,0
111634,0
111635,1
111636,1
111637,0
111639,1
111640,1
111644,1
111645,1
111647,0
111653,1
111656,0
111658,0
111660,1
111663,1
111666,0
111679,0
111680,0
111681,1
111683,1
111686,1
111688,1
111689,1
111693,0
111698,1
111701,1
111703,1
111704,0
111705,0
111707,0
111711,1
111712,0
111717,1
111722,1
111723,1
111724,0
111725,0
111726,1
111730,0
111733,0
111736,0
111737,1
111741,0
111745,0
111746,1
111747,1
111750,0
111751,0
111753,0
111755,0
111756,0
111758,0
111759,0
111761,0
111762,0
111763,1
111768,1
111769,0
111771,0
111774,0
111777,0
111778,0
111781,1
111782,1
111788,1
111789,1
111791,0
111792,1
111793,1
111795,1
111800,1
111801,1
111808,1
111809,0
111811,1
111812,0
111814,0
111815,1
111817,1
111819,1
111820,1
111821,0
111824,1
111826,0
111832,0
111833,0
111837,1
111838,1
111840,1
111841,0
111842,0
111851,0
111852,0
111858,1
111861,0
111863,1
111864,0
111867,1
111868,0
111870,0
111872,1
111873,1
111880,0
111881,0
111884,0
111886,1
111887,1
111890,1
111891,0
111892,1
111893,0
111896,1
111900,0
111903,1
111905,1
111907,0
111910,1
111912,0
111913,1
111914,0
111915,0
111916,1
111918,1
111922,1
111924,0
111925,0
111926,1
111927,0
111929,0
111932,1
111935,0
111937,0
111940,1
111941,0
111942,1
111945,0
111946,1
111947,1
111948,1
111949,0
111951,0
111953,0
111955,0
111956,0
111962,1
111967,1
111970,0
111976,1
111979,1
111981,1
111982,0
111988,1
111989,0
111990,0
111991,1
111992,0
111998,0
112001,1
112004,1
112011,0
112012,0
112013,1
112018,0
112019,0
112021,0
112022,1
112023,0
112025,1
112027,0
112031,1
112032,1
112034,1
112035,1
112040,1
112041,0
112045,1
112048,1
112049,1
112050,0
112053,1
112055,0
112063,0
112067,0
112068,1
112069,1
112073,0
112075,1
112076,0
112083,0
112086,0
112087,1
112088,0
112092,0
112093,0
112095,1
112097,0
112102,0
112104,0
112106,0
112107,0
112116,0
112118,1
112122,0
112124,0
112129,1
112130,1
112137,1
112138,1
112142,0
112147,1
112148,0
112151,0
112156,1
112162,0
112163,1
112166,0
112167,0
112171,0
112177,1
112178,0
112179,0
112181,0
112186,0
112187,1
112188,1
112189,1
112190,1
112191,1
112192,1
112193,0
112194,0
112195,1
112198,0
112201,0
112204,1
112206,0
112208,1
112215,1
112216,0
112218,1
112223,0
112225,1
112226,1
112227,0
112230,1
112241,1
112243,0
112244,1
112249,0
112253,1
112254,1
112259,1
112261,0
112266,1
112269,1
112272,1
112276,1
112278,1
112279,1
112287,1
112293,0
112295,1
112296,0
112297,1
112301,1
112304,1
112306,1
112308,1
112310,1
112312,0
112313,0
112314,0
112322,0
112328,1
112329,1
112330,1
112336,0
112340,0
112343,1
112349,1
112351,0
112353,1
112354,0
112356,1
112360,0
112361,1
112363,0
112366,0
112367,0
112371,0
112373,1
112374,1
112375,1
112376,1
112377,0
112378,0
112379,0
112381,1
112384,0
112385,1
112386,1
112388,1
112390,1
112392,1
112394,1
112397,0
112398,0
112406,0
112407,1
112408,1
112412,1
112415,0
112417,1
112419,1
112426,1
112428,1
112430,1
112431,0
112434,1
112435,0
112443,1
112444,0
112447,1
112448,0
112449,1
112452,1
112453,0
112456,0
112457,0
112458,0
112460,0
112461,1
112463,1
112464,0
112466,1
112471,0
112477,1
112479,1
112481,1
112483,0
112485,1
112491,1
112493,0
112494,0
112498,0
112500,0
112501,1
112503,0
112507,0
112517,0
112519,1
112521,1
112527,0
112529,1
112534,1
112535,0
112537,0
112541,1
112543,1
112547,1
112552,1
112554,0
112555,0
112557,0
112558,0
112559,0
112561,1
112563,1
112565,0
112569,1
112573,1
112574,0
112576,1
112578,0
112579,0
112583,1
112586,1
112587,1
112588,0
112590,1
112591,1
112592,1
112594,1
112598,0
112608,0
112609,1
112611,0
112617,0
112623,0
112628,0
112629,1
112632,1
112634,0
112635,0
112636,0
112637,1
112638,0
112640,0
112641,0
112643,1
112652,0
112654,0
112657,1
112663,0
112664,1
112665,1
112666,0
112667,0
112670,1
112671,0
112673,1
112675,1
112678,1
112681,1
112682,0
112688,1
112690,1
112691,0
112693,0
112694,0
112695,0
112697,1
112706,0
112707,1
112711,1
112714,0
112716,0
112718,1
112719,1
112721,1
112724,0
112725,1
112726,1
112728,1
112731,0
112732,1
112733,1
112736,1
112742,0
112743,1
112744,0
112747,1
112750,0
112751,1
112755,1
112756,1
112757,0
112758,1
112760,1
112761,1
112762,1
112763,1
112764,1
112768,0
112769,1
112775,1
112782,1
112784,0
112789,1
112792,1
112793,1
112795,1
112797,1
112799,0
112800,1
112801,1
112803,0
112804,1
112807,0
112812,0
112816,0
112818,0
112827,1
112834,0
112838,0
112839,0
112846,1
112854,0
112856,0
112860,0
112861,1
112865,1
112870,0
112871,1
112873,1
112874,1
112880,1
112881,0
112884,1
112886,0
112887,0
112893,1
112896,1
112901,1
112902,0
112904,1
112906,1
112907,0
112908,0
112910,1
112915,1
112916,1
112919,1
112922,0
112924,1
112929,1
112932,0
112933,1
112937,0
112938,0
112940,0
112941,0
112947,1
112951,1
112952,0
112957,0
112959,0
112962,0
112965,1
112970,1
112971,1
112973,1
112975,1
112982,0
112984,0
112988,0
112989,1
112994,1
112996,1
112997,1
113002,0
113004,0
113006,0
113007,0
113010,0
113011,0
113012,0
113013,0
113020,0
113022,0
113026,1
113028,1
113029,1
113030,1
113032,1
113033,0
113036,1
113040,0
113043,1
113044,0
113045,1
113047,0
113053,0
113054,0
113056,0
113058,1
113059,0
113061,0
113063,0
113068,1
113071,1
113073,1
113074,1
113076,0
113080,1
113085,0
113086,0
113087,0
113091,1
113094,0
113095,0
113101,0
113108,1
113109,0
113110,0
113111,0
113113,0
113114,0
113115,0
113122,0
113123,1
113124,0
113126,1
113128,0
113129,1
113131,1
113135,0
113137,1
113138,0
113144,0
113145,1
113146,1
113153,1
113156,1
113158,0
113160,0
113161,0
113162,0
113163,0
113164,1
113173,1
113177,0
113178,1
113179,1
113181,0
113183,1
113184,1
113188,0
113189,1
113192,0
113193,0
113195,1
113197,0
113198,0
113200,1
113202,1
113209,0
113212,0
113214,0
113217,0
113219,1
113220,1
113223,0
113224,0
113231,1
113232,0
113237,1
113239,0
113240,0
113241,0
113242,1
113243,1
113245,0
113246,1
113248,0
113249,1
113255,1
113257,1
113260,1
113263,0
113265,0
113270,1
113273,1
113279,1
113291,1
113292,0
113295,1
113296,0
113299,1
113302,0
113307,0
113309,1
113310,0
113312,1
113313,1
113314,0
113319,0
113321,0
113325,1
113327,0
113328,1
113330,1
113332,1
113333,0
113335,1
113336,1
113338,0
113339,1
113343,1
113347,0
113349,1
113352,1
113353,1
113357,0
113358,0
113359,1
113361,1
113368,0
113369,0
113370,1
113371,1
113375,1
113379,1
113382,1
113383,0
113387,0
113389,0
113390,0
113391,0
113392,0
113395,0
113397,0
113401,1
113403,1
113406,1
113410,0
113412,0
113416,1
113418,1
113419,0
113424,0
113427,1
113432,1
113433,0
113434,1
113436,0
113437,0
113439,1
113440,0
113441,1
113442,1
113449,1
113458,1
113462,0
113464,0
113466,0
113467,1
113468,1
113469,1
113475,1
113480,0
113486,1
113488,1
113490,0
113491,1
113492,1
113495,1
113499,0
113504,1
113505,0
113508,0
113509,0
113514,0
113518,0
113519,0
113521,1
113529,1
113530,1
113531,0
113533,1
113536,0
113537,0
113538,0
113541,1
113547,1
113554,0
113556,0
113557,1
113562,0
113563,1
113564,1
113566,1
113567,1
113575,1
113577,1
113578,0
113581,1
113582,0
113584,1
113586,1
113587,0
113589,1
113591,1
113595,0
113603,1
113604,0
113605,1
113610,0
113611,0
113613,1
113616,1
113628,1
113630,0
113634,1
113635,0
113637,0
113645,0
113647,0
113649,1
113650,1
113651,0
113652,1
113653,1
113654,1
113657,0
113658,0
113662,1
113666,1
113667,0
113673,0
113683,1
113684,0
113689,0
113693,0
113698,1
113701,1
113702,0
113709,0
113711,0
113712,0
113721,1
113722,1
113723,0
113731,1
113732,0
113734,0
113735,1
113737,1
113738,0
113741,0
113743,0
113744,0
113745,0
113746,1
113747,0
113750,0
113751,1
113755,0
113757,0
113758,0
113761,1
113763,1
113764,1
113770,0
113777,1
113779,0
113781,0
113782,1
113792,0
113793,0
113794,1
113797,0
113798,1
113802,0
113807,1
113808,1
113809,0
113810,0
113816,1
113819,1
113824,1
113826,1
113827,1
113828,0
113830,1
113837,1
113838,0
113839,0
113844,1
113850,0
113853,1
113854,0
113860,1
113863,1
113865,1
113868,0
113872,1
113874,1
113876,1
113882,1
113883,0
113885,0
113888,1
113891,1
113892,0
113894,0
113896,1
113897,0
113906,1
113907,0
113908,0
113910,0
113911,1
113917,0
113919,0
113920,0
113922,0
113926,1
113927,0
113928,1
113931,0
113932,1
113933,0
113939,0
113943,1
113949,1
113950,0
113953,0
113954,1
113955,1
113959,1
113961,1
113962,0
113963,1
113970,1
113975,1
113982,1
113991,0
113992,1
113994,1
113995,1
113996,1
113998,1
114001,1
114002,0
114003,0
114005,0
114007,0
114017,1
114019,0
114021,0
114025,1
114026,1
114027,0
114032,0
114035,1
114037,1
114038,1
114042,0
114043,0
114044,1
114045,1
114048,1
114053,1
114055,0
114059,0
114061,0
114063,0
114066,1
114070,1
114073,0
114078,0
114079,0
114080,1
114081,0
114082,0
114083,0
114084,1
114086,1
114088,0
114090,0
114091,1
114094,1
114098,1
114103,0
114104,1
114105,0
114106,0
114108,1
114109,0
114112,0
114114,0
114115,1
114117,1
114122,0
114124,0
114125,0
114131,0
114133,0
114135,0
114139,1
114140,0
114141,0
114142,0
114143,1
114144,0
114151,0
114153,0
114159,0
114160,0
114162,1
114167,1
114170,0
114172,1
114178,1
114181,0
114182,1
114188,0
114189,0
114191,0
114193,0
114195,1
114196,1
114201,0
114202,1
114203,0
114204,1
114210,0
114214,1
114215,0
114226,1
114227,0
114228,0
114229,0
114236,1
114238,0
114239,0
114240,1
114241,1
114244,0
114246,0
114249,0
114250,0
114251,1
114252,1
114259,1
114264,1
114268,0
114283,0
114284,0
114286,0
114287,0
114289,0
114291,1
114294,1
114295,1
114296,0
114298,0
114300,1
114301,1
114304,0
114305,1
114309,0
114313,1
114314,1
114318,0
114327,0
114329,0
114330,1
114332,0
114333,1
114336,0
114337,0
114339,0
114340,0
114341,0
114343,1
114348,1
114350,0
114354,0
114356,1
114364,1
114365,0
114366,0
114367,0
114368,0
114369,0
114371,0
114373,0
114374,0
114375,1
114376,0
114377,0
114379,0
114382,0
114384,0
114385,1
114387,0
114390,1
114391,1
114392,1
114393,1
114403,1
114405,1
114406,0
114407,0
114408,0
114409,1
114412,0
114418,0
114421,1
114425,1
114433,0
114434,0
114436,0
114441,1
114443,1
114445,1
114446,1
114447,0
114449,1
114454,0
114458,0
114459,0
114461,0
114468,0
114469,1
114472,0
114473,0
114475,0
114482,0
114483,1
114484,1
114488,0
114489,1
114491,0
114492,1
114496,0
114497,1
114501,1
114503,0
114506,0
114508,1
114512,0
114513,1
114514,1
114518,0
114519,1
114521,1
114525,0
114532,1
114536,0
114537,1
114538,1
114542,0
114543,1
114544,0
114545,1
114550,1
114551,1
114552,1
114553,1
114560,1
114563,0
114567,0
114569,0
114572,0
114576,1
114578,0
114580,1
114582,0
114583,0
114585,0
114587,0
114591,1
114592,0
114593,1
114595,0
114597,1
114601,0
114608,1
114609,0
114612,1
114614,1
114622,1
114623,1
114626,1
114628,0
114630,0
114639,0
114640,1
114641,1
114642,1
114643,1
114645,0
114647,0
114648,0
114649,1
114651,0
114655,0
114657,0
114659,1
114663,1
114675,0
114679,0
114681,0
114684,0
114688,0
114689,0
114690,0
114691,0
114693,1
114696,0
114701,1
114702,1
114703,1
114705,1
114706,1
114707,0
114709,1
114710,0
114711,0
114712,0
114713,1
114715,0
114719,0
114726,1
114727,1
114734,0
114736,0
114739,0
114743,0
114745,0
114746,0
114751,0
114752,0
114756,1
114758,1
114760,1
114764,1
114765,0
114770,0
114775,0
114776,0
114779,0
114782,0
114787,0
114793,1
114797,0
114800,1
114803,1
114807,0
114809,1
114811,0
114812,1
114815,1
114821,0
114822,1
114823,1
114824,1
114827,1
114829,0
114831,1
114832,0
114836,0
114837,1
114838,0
114845,1
114850,0
114852,0
114861,0
114862,1
114863,0
114864,1
114868,0
114871,0
114873,0
114875,0
114877,0
114878,0
114879,0
114880,1
114882,0
114883,1
114885,1
114887,1
114892,1
114894,1
114895,0
114898,1
114902,1
114903,0
114906,1
114910,0
114918,0
114924,0
114927,1
114929,0
114930,0
114931,0
114933,1
114938,0
114940,0
114942,1
114943,1
114945,0
114946,0
114947,1
114949,1
114951,0
114957,1
114971,0
114975,1
114978,1
114989,1
114992,0
115001,0
115003,1
115006,1
115007,0
115008,1
115012,0
115020,1
115025,1
115026,0
115028,1
115029,0
115030,0
115031,1
115035,0
115036,0
115039,0
115049,1
115053,1
115054,1
115056,1
115058,1
115061,1
115064,1
115065,0
115066,0
115069,0
115072,1
115073,0
115078,1
115080,1
115082,1
115084,0
115086,0
115087,0
115089,1
115090,1
115092,0
115093,0
115095,0
115097,1
115099,1
115102,0
115103,0
115104,1
115108,1
115112,1
115114,0
115120,0
115121,0
115126,1
115128,0
115129,0
115137,0
115138,0
115139,1
115142,1
115145,1
115147,0
115150,1
115153,0
115156,1
115159,0
115163,1
115164,1
115165,1
115167,1
115174,0
115175,1
115178,1
115180,1
115181,0
115187,0
115190,0
115193,0
115195,0
115196,0
115197,0
115198,0
115205,1
115209,0
115210,0
115211,1
115212,1
115215,1
115221,0
115223,0
115232,1
115235,0
115237,1
115238,1
115244,1
115245,1
115256,0
115257,0
115258,1
115261,1
115262,0
115263,0
115264,0
115266,0
115269,1
115270,0
115272,0
115274,1
115275,1
115276,0
115281,0
115284,0
115288,1
115290,1
115292,0
115296,1
115297,1
115298,1
115299,1
115302,0
115303,1
115307,0
115308,0
115309,0
115312,0
115314,0
115316,1
115317,0
115318,0
115319,0
115322,1
115324,1
115329,0
115331,1
115332,0
115339,0
115346,1
115348,1
115349,1
115358,1
115359,1
115360,0
115362,0
115364,1
115365,1
115368,0
115379,0
115381,0
115385,0
115389,0
115391,1
115393,0
115396,0
115397,1
115398,1
115404,0
115405,0
115406,0
115409,0
115412,1
115413,1
115414,0
115415,0
115416,1
115420,0
115423,1
115425,1
115429,1
115430,1
115431,1
115436,0
115437,0
115439,1
115440,1
115441,1
115446,1
115447,0
115450,0
115451,1
115453,0
115460,1
115466,0
115471,1
115474,0
115478,0
115479,0
115485,0
115486,1
115489,1
115494,1
115496,0
115497,1
115501,0
115503,0
115512,1
115515,0
115516,0
115518,0
115521,0
115527,0
115528,1
115529,0
115533,0
115535,1
115538,1
115541,0
115543,1
115544,1
115547,1
115549,0
115551,1
115553,1
115557,0
115558,1
115560,0
115561,0
115562,0
115563,0
115564,0
115565,0
115571,0
115572,1
115576,1
115577,0
115578,0
115584,1
115585,0
115587,1
115588,0
115589,0
115590,0
115596,1
115598,1
115600,0
115602,1
115608,0
115609,0
115610,1
115614,0
115619,0
115620,1
115621,1
115622,1
115629,0
115631,1
115635,1
115636,0
115638,0
115639,1
115640,1
115643,1
115645,0
115647,1
115653,1
115655,1
115658,1
115659,1
115660,1
115661,0
115672,1
115673,1
115680,1
115683,1
115684,1
115686,1
115688,1
115694,0
115699,0
115706,0
115708,0
115709,0
115710,0
115711,1
115713,0
115717,1
115720,1
115721,1
115722,1
115727,1
115733,1
115740,0
115747,1
115750,0
115753,1
115754,0
115755,1
115756,0
115758,1
115764,0
115767,0
115768,0
115769,0
115774,1
115775,1
115776,1
115777,0
115779,1
115780,1
115782,1
115783,0
115784,1
115785,1
115787,0
115793,1
115794,1
115795,0
115797,0
115798,0
115800,0
115801,0
115802,1
115803,1
115804,1
115806,1
115807,1
115810,1
115813,1
115814,0
115815,0
115817,0
115827,1
115828,0
115835,1
115836,1
115837,0
115840,1
115841,0
115844,1
115845,1
115850,0
115851,1
115852,0
115858,0
115861,1
115865,1
115866,1
115870,1
115875,1
115876,0
115877,0
115879,1
115880,1
115882,0
115887,1
115888,0
115890,0
115891,0
115893,0
115896,1
115899,1
115906,0
115907,0
115909,0
115912,0
115916,1
115917,1
115921,0
115923,0
115924,1
115925,0
115929,1
115934,0
115940,0
115945,1
115947,1
115949,1
115950,1
115952,1
115953,0
115954,1
115965,1
115967,1
115968,1
115969,0
115973,1
115974,1
115982,1
115984,1
115987,0
115988,1
115991,0
115992,1
115994,0
115996,0
115998,0
116003,0
116005,0
116006,0
116007,0
116021,1
116024,1
116027,1
116030,1
116035,0
116037,0
116039,0
116042,0
116045,1
116050,1
116052,1
116053,0
116058,0
116060,0
116061,1
116062,0
116064,1
116068,1
116074,0
116076,0
116079,0
116081,0
116082,1
116083,1
116084,0
116085,1
116089,1
116095,0
116096,0
116098,1
116099,0
116106,1
116108,0
116113,0
116115,0
116116,1
116120,0
116125,1
116127,1
116130,0
116133,1
116134,0
116142,1
116144,0
116148,0
116154,0
116157,1
116162,0
116163,0
116165,0
116166,0
116168,0
116172,0
116174,0
116177,0
116180,1
116182,1
116184,1
116185,1
116186,0
116187,1
116188,0
116189,1
116191,0
116192,1
116194,0
116197,1
116199,0
116205,1
116206,1
116208,0
116209,0
116210,0
116211,1
116212,1
116214,1
116215,1
116218,1
116219,0
116225,0
116226,0
116230,1
116231,1
116233,1
116234,1
116238,1
116240,1
116245,1
116246,0
116248,1
116250,0
116252,1
116253,0
116254,1
116255,0
116257,1
116258,0
116262,0
116263,1
116264,0
116267,0
116269,0
116271,1
116274,1
116276,1
116279,1
116281,1
116284,1
116286,1
116291,0
116295,0
116302,0
116305,0
116306,0
116309,0
116310,1
116312,1
116314,1
116319,1
116320,0
116327,0
116328,1
116333,0
116335,0
116338,1
116342,1
116343,0
116345,1
116348,0
116352,1
116353,1
116356,0
116357,0
116361,0
116362,0
116363,1
116364,0
116365,1
116366,1
116367,0
116368,1
116370,1
116374,1
116380,1
116383,1
116385,1
116386,0
116388,0
116389,0
116390,0
116397,1
116398,1
116404,1
116405,1
116406,0
116407,0
116409,0
116410,0
116411,1
116412,1
116414,1
116415,0
116416,0
116417,0
116421,0
116422,0
116428,1
116431,1
116432,1
116436,1
116439,1
116440,1
116441,0
116442,1
116444,0
116448,0
116449,0
116450,0
116453,1
116454,1
116455,0
116457,1
116459,0
116460,1
116465,1
116466,0
116467,0
116471,0
116475,1
116477,0
116480,1
116481,0
116483,0
116488,0
116489,1
116491,0
116494,0
116496,1
116501,1
116502,1
116504,0
116505,1
116510,1
116513,1
116515,0
116520,0
116522,1
116526,0
116527,0
116529,1
116530,1
116532,1
116533,0
116534,1
116535,1
116537,1
116538,1
116546,0
116550,1
116555,0
116556,0
116560,0
116569,0
116571,1
116572,1
116574,0
116575,0
116577,0
116578,1
116583,1
116584,1
116590,0
116591,1
116593,1
116594,1
116596,0
116600,1
116610,0
116612,1
116616,1
116617,1
116622,1
116623,0
116627,0
116628,0
116629,0
116630,1
116632,1
116633,1
116639,1
116645,1
116648,1
116656,0
116657,1
116658,1
116659,0
116660,1
116667,1
116668,0
116669,1
116672,1
116673,0
116680,0
116684,1
116687,1
116688,0
116693,0
116696,0
116698,0
116701,0
116704,0
116708,0
116709,1
116710,0
116711,0
116713,0
116714,0
116716,1
116723,0
116725,0
116726,0
116727,0
116731,1
116732,0
116735,0
116736,0
116739,1
116741,1
116742,1
116748,1
116749,0
116751,0
116755,0
116757,0
116760,0
116762,1
116765,0
116767,1
116768,1
116769,1
116770,0
116771,1
116777,0
116778,1
116780,0
116781,0
116782,1
116786,0
116788,1
116790,1
116798,0
116799,1
116800,0
116802,0
116809,1
116810,0
116815,1
116818,1
116821,1
116822,0
116823,0
116826,1
116828,1
116829,1
116830,0
116832,1
116833,0
116837,0
116840,0
116842,0
116843,0
116845,0
116846,0
116849,0
116850,0
116853,1
116854,1
116857,0
116859,0
116860,1
116861,0
116863,0
116870,0
116871,0
116872,0
116876,0
116877,0
116879,0
116881,0
116882,1
116883,1
116885,0
116887,0
116888,0
116894,1
116895,0
116896,0
116897,0
116898,0
116899,0
116901,0
116904,0
116908,1
116910,1
116912,1
116914,1
116916,1
116918,1
116929,1
116935,0
116941,0
116943,1
116945,0
116946,1
116951,0
116954,1
116956,0
116958,0
116959,1
116960,0
116965,0
116968,1
116975,0
116977,1
116978,1
116981,0
116982,0
116984,1
116988,1
116990,1
116991,1
116994,1
116996,0
116999,0
117002,0
117004,0
117005,1
117007,0
117008,1
117016,1
117020,1
117021,0
117024,1
117027,1
117029,0
117035,0
117037,0
117040,0
117042,1
117044,0
117046,1
117050,1
117054,1
117056,1
117063,1
117064,1
117066,0
117069,0
117070,1
117075,0
117077,0
117080,0
117087,0
117089,0
117098,0
117101,0
117104,1
117108,1
117111,1
117112,0
117113,1
117115,0
117122,0
117127,0
117131,0
117132,0
117134,0
117137,0
117144,1
117148,1
117149,0
117153,0
117155,1
117158,0
117161,1
117163,1
117164,0
117165,1
117167,1
117171,0
117172,0
117175,0
117177,1
117181,0
117182,0
117183,0
117189,0
117192,0
117194,1
117196,1
117202,0
117204,0
117209,1
117213,1
117214,0
117217,0
117218,0
117219,0
117220,1
117225,0
117226,0
117228,1
117232,0
117233,0
117236,1
117240,1
117253,1
117255,0
117256,1
117258,0
117259,1
117261,0
117266,1
117270,0
117275,1
117278,1
117281,0
117283,1
117284,1
117285,0
117286,0
117287,0
117288,0
117292,0
117293,1
117294,0
117297,1
117299,0
117300,1
117304,1
117306,0
117307,1
117309,1
117310,1
117312,1
117315,0
117318,1
117319,1
117327,0
117330,1
117331,1
117332,1
117333,0
117335,0
117340,0
117343,0
117347,0
117348,1
117349,0
117350,1
117351,1
117352,0
117353,0
117354,0
117355,1
117358,0
117359,0
117363,0
117364,0
117368,1
117376,0
117380,1
117381,0
117386,0
117389,0
117391,0
117394,0
117396,0
117398,0
117401,0
117406,1
117408,1
117409,1
117412,0
117413,0
117416,0
117418,1
117420,0
117422,0
117423,0
117424,0
117426,0
117427,1
117432,0
117435,0
117438,0
117442,1
117445,0
117448,0
117449,0
117450,1
117451,0
117452,0
117454,1
117455,1
117460,0
117461,0
117463,1
117464,0
117465,0
117467,1
117468,1
117471,0
117475,1
117477,0
117479,1
117480,0
117485,1
117487,0
117488,1
117489,0
117490,0
117491,1
117494,1
117496,1
117497,1
117504,1
117508,0
117510,1
117520,0
117521,1
117522,1
117526,1
117530,0
117534,0
117536,1
117547,0
117550,0
117551,0
117553,1
117559,1
117560,0
117563,0
117564,0
117569,0
117570,1
117572,0
117573,1
117574,0
117575,0
117576,1
117578,1
117579,1
117580,0
117581,1
117585,0
117586,1
117593,0
117595,0
117596,1
117597,0
117599,0
117600,1
117601,1
117603,0
117606,0
117607,1
117610,1
117611,1
117612,0
117618,0
117619,1
117621,1
117622,1
117626,1
117629,1
117630,1
117635,1
117637,0
117638,1
117640,0
117641,1
117647,0
117648,0
117651,1
117656,0
117659,1
117660,1
117664,0
117668,0
117670,1
117671,0
117674,1
117678,1
117682,0
117683,0
117686,0
117693,0
117696,1
117698,0
117699,1
117701,0
117702,0
117705,0
117707,1
117710,1
117714,1
117716,0
117717,1
117718,1
117721,0
117725,1
117726,1
117730,1
117734,1
117735,0
117736,0
117738,0
117740,0
117743,1
117745,1
117746,0
117753,1
117754,1
117756,1
117757,0
117759,0
117762,1
117763,1
117764,1
117773,0
117775,1
117780,1
117785,1
117787,0
117788,1
117794,1
117796,1
117802,0
117807,0
117809,1
117812,0
117814,0
117816,1
117825,1
117830,1
117833,1
117834,1
117836,0
117843,1
117846,1
117847,1
117854,0
117859,0
117861,0
117862,0
117863,0
117864,1
117865,0
117868,1
117871,1
117874,0
117875,0
117879,0
117880,0
117882,0
117884,1
117892,0
117898,1
117901,0
117902,1
117903,1
117904,0
117905,1
117906,1
117909,0
117910,1
117911,0
117922,0
117927,0
117929,0
117930,1
117933,0
117938,0
117939,0
117942,1
117943,1
117947,1
117948,1
117950,1
117953,0
117954,0
117957,1
117958,0
117962,0
117965,0
117968,1
117974,1
117977,1
117978,1
117979,1
117980,1
117981,1
117989,1
117990,0
117991,1
117993,0
117998,0
118003,0
118007,1
118008,1
118009,1
118012,0
118015,0
118016,0
118017,0
118020,1
118022,0
118023,1
118025,0
118028,1
118029,0
118030,1
118031,0
118033,1
118037,1
118041,1
118049,1
118050,0
118052,1
118054,0
118055,1
118057,1
118059,0
118062,1
118063,1
118067,1
118068,1
118074,1
118078,1
118081,0
118082,0
118083,1
118085,0
118087,1
118088,1
118091,0
118100,0
118104,0
118107,1
118108,0
118109,0
118114,0
118116,1
118117,1
118118,1
118119,0
118120,1
118121,0
118125,1
118130,1
118134,1
118135,1
118137,1
118138,0
118139,1
118141,1
118149,0
118150,1
118151,0
118152,1
118154,0
118155,0
118157,0
118159,0
118163,1
118164,1
118167,1
118170,1
118172,1
118174,0
118179,0
118188,0
118189,1
118191,1
118194,1
118195,1
118196,1
118197,0
118199,0
118200,1
118201,0
118202,1
118205,1
118206,0
118209,0
118210,0
118213,1
118215,1
118219,0
118221,0
118231,0
118235,0
118243,0
118245,1
118247,1
118250,1
118253,0
118254,1
118255,0
118257,0
118258,1
118261,1
118263,1
118265,1
118266,0
118269,1
118271,0
118272,1
118275,0
118276,0
118278,0
118280,1
118281,0
118282,1
118285,1
118286,1
118287,1
118288,0
118289,0
118290,1
118292,0
118293,0
118296,1
118299,1
118306,0
118307,0
118308,1
118309,1
118312,1
118314,1
118321,1
118322,1
118323,1
118329,0
118330,0
118332,0
118335,0
118346,1
118347,1
118348,0
118351,0
118352,0
118353,0
118357,0
118360,1
118361,0
118362,1
118364,1
118365,0
118367,0
118368,0
118374,0
118375,0
118378,0
118380,0
118381,1
118383,0
118386,1
118391,0
118395,1
118403,0
118405,0
118407,1
118408,0
118410,0
118411,0
118416,1
118417,1
118419,0
118422,1
118425,1
118426,0
118430,1
118431,1
118432,1
118434,1
118435,0
118436,0
118437,1
118438,1
118440,1
118445,1
118446,1
118447,1
118449,0
118451,1
118452,1
118453,0
118454,0
118455,1
118457,1
118458,0
118459,1
118461,0
118462,1
118467,1
118476,1
118478,1
118484,1
118486,1
118487,0
118496,1
118498,1
118500,1
118503,1
118507,1
118508,1
118511,1
118519,0
118521,0
118522,0
118524,1
118528,1
118530,0
118531,1
118533,1
118540,1
118544,1
118545,1
118546,0
118547,0
118551,1
118552,1
118553,1
118554,1
118559,1
118562,1
118563,1
118566,1
118570,1
118574,1
118575,0
118576,1
118582,1
118585,1
118588,0
118590,0
118592,0
118593,1
118594,1
118596,1
118606,0
118607,1
118609,0
118610,1
118612,1
118616,0
118619,1
118620,0
118625,1
118628,1
118634,1
118636,0
118637,0
118638,0
118640,1
118641,1
118643,0
118647,1
118653,1
118654,1
118661,1
118669,0
118673,1
118674,0
118675,1
118676,1
118681,0
118685,1
118686,0
118688,1
118690,0
118697,0
118699,0
118700,0
118705,1
118706,1
118707,0
118708,0
118709,0
118710,1
118711,1
118715,0
118716,0
118723,0
118725,0
118728,0
118731,0
118735,1
118741,0
118754,1
118755,0
118761,1
118764,1
118765,0
118766,0
118767,0
118769,1
118774,1
118775,0
118776,0
118777,0
118782,1
118786,1
118788,1
118789,0
118793,1
118801,0
118807,0
118808,0
118811,1
118814,1
118817,1
118819,1
118820,0
118822,1
118825,0
118826,0
118829,1
118834,0
118835,1
118840,0
118843,0
118844,1
118849,1
118850,1
118851,1
118852,0
118863,0
118864,1
118868,0
118869,0
118871,0
118872,1
118873,1
118874,1
118879,1
118890,0
118891,0
118892,0
118899,0
118903,0
118908,1
118911,0
118915,1
118916,1
118919,0
118921,0
118922,0
118923,0
118924,1
118927,1
118928,0
118929,0
118930,0
118932,0
118933,1
118934,0
118938,0
118941,1
118949,0
118950,0
118951,1
118954,1
118959,1
118962,0
118964,1
118965,0
118966,1
118968,1
118969,1
118970,0
118975,0
118977,1
118978,0
118979,1
118980,1
118981,1
118982,0
118986,1
118988,0
118989,1
118990,0
118991,0
118992,0
118993,1
118994,0
118996,1
118999,0
119001,1
119004,0
119012,1
119013,1
119015,1
119016,1
119020,1
119022,1
119024,1
119027,1
119031,0
119032,1
119033,0
119037,0
119040,0
119047,1
119049,0
119054,0
119062,0
119063,0
119065,1
119067,0
119069,0
119071,0
119073,0
119077,0
119079,1
119084,1
119085,0
119090,0
119095,1
119096,0
119102,1
119104,0
119107,1
119109,1
119114,0
119118,0
119120,1
119124,1
119128,1
119130,0
119131,0
119132,0
119133,1
119136,0
119138,1
119140,1
119141,0
119142,0
119144,0
119149,1
119150,0
119151,1
119153,1
119156,1
119159,1
119165,1
119171,1
119172,0
119173,1
119179,1
119181,0
119184,0
119185,0
119186,0
119187,0
119190,0
119191,1
119195,0
119197,0
119202,0
119205,0
119211,1
119212,1
119213,1
119215,1
119216,1
119218,1
119219,1
119220,0
119222,0
119223,0
119224,0
119225,0
119227,0
119229,1
119230,1
119233,1
119235,1
119237,1
119240,1
119241,1
119248,0
119252,0
119254,1
119258,1
119259,0
119260,1
119261,1
119262,1
119269,0
119270,1
119272,1
119274,1
119278,1
119279,0
119286,1
119287,1
119289,0
119290,0
119291,1
119296,0
119298,0
119304,1
119306,1
119308,0
119311,0
119313,0
119315,0
119316,1
119320,0
119323,0
119324,1
119332,1
119333,0
119335,1
119337,0
119339,1
119342,1
119344,0
119346,1
119347,1
119352,0
119354,0
119355,1
119357,1
119360,0
119362,0
119365,0
119366,1
119367,1
119368,0
119369,1
119370,0
119372,1
119373,0
119384,0
119386,1
119387,1
119389,0
119390,1
119393,1
119396,1
119397,1
119400,1
119401,1
119402,0
119403,0
119404,1
119405,1
119407,1
119416,0
119418,0
119419,1
119421,0
119424,0
119425,1
119426,1
119427,0
119429,0
119430,1
119431,0
119432,1
119433,1
119434,1
119442,0
119443,0
119445,1
119448,0
119449,1
119450,0
119451,1
119452,1
119453,0
119454,1
119455,1
119458,0
119460,1
119463,1
119464,0
119466,0
119467,0
119471,1
119472,1
119476,0
119477,0
119480,0
119482,1
119483,1
119484,0
119486,1
119488,0
119493,1
119495,0
119496,1
119498,0
119499,0
119501,0
119502,0
119503,1
119507,0
119508,0
119512,1
119516,0
119522,0
119528,1
119529,1
119531,1
119534,0
119535,1
119538,1
119541,1
119542,0
119543,0
119544,0
119551,0
119553,0
119554,1
119555,1
119558,0
119564,1
119579,0
119582,1
119583,0
119584,1
119588,1
119592,0
119593,0
119594,1
119597,1
119599,1
119600,1
119603,1
119607,0
119613,1
119614,0
119615,1
119624,0
119628,1
119629,1
119630,1
119635,1
119636,1
119641,0
119644,1
119652,0
119653,1
119655,1
119656,1
119657,0
119659,1
119663,1
119666,0
119669,1
119670,1
119671,1
119672,0
119673,0
119675,1
119676,1
119678,1
119680,1
119681,1
119689,0
119693,1
119695,1
119698,0
119699,0
119700,1
119706,1
119707,1
119711,0
119712,1
119714,0
119716,1
119717,0
119720,1
119721,0
119722,1
119725,1
119727,1
119730,0
119732,0
119733,0
119735,0
119736,0
119737,0
119740,1
119741,0
119742,1
119743,1
119746,1
119749,1
119755,0
119756,0
119758,1
119760,0
119763,0
119766,1
119767,0
119768,1
119769,1
119770,0
119771,0
119774,0
119776,1
119777,0
119779,0
119780,1
119781,0
119782,1
119787,0
119789,0
119793,0
119795,0
119796,1
119799,0
119802,1
119804,0
119807,1
119809,0
119810,1
119812,1
119813,1
119814,1
119817,0
119821,0
119827,1
119828,1
119830,1
119831,0
119833,1
119834,0
119838,1
119841,1
119845,1
119846,1
119847,1
119851,0
119853,0
119856,1
119858,0
119861,1
119862,0
119865,0
119866,0
119867,0
119870,0
119877,0
119878,1
119881,1
119882,1
119883,0
119885,1
119887,1
119888,0
119890,0
119892,1
119894,1
119902,1
119903,0
119905,1
119906,1
119910,1
119912,1
119914,0
119915,0
119922,1
119924,0
119929,1
119931,1
119932,1
119945,0
119949,0
119952,1
119954,0
119955,0
119958,0
119959,0
119961,0
119963,0
119966,1
119967,1
119968,1
119970,0
119973,1
119976,1
119983,1
119984,0
119986,1
119987,0
119988,0
119990,0
119991,0
119992,0
120002,1
120005,1
120006,0
120010,0
120011,0
120012,0
120014,1
120015,0
120018,0
120021,1
120022,0
120027,0
120028,0
120029,1
120032,0
120035,1
120039,1
120040,1
120045,1
120046,0
120057,0
120058,1
120061,0
120071,0
120073,0
120074,1
120076,1
120078,0
120082,1
120084,1
120086,1
120088,1
120089,0
120090,1
120093,0
120094,1
120096,0
120099,0
120100,0
120101,1
120102,1
120106,0
120107,1
120108,1
120111,1
120113,1
120114,0
120117,1
120120,0
120123,0
120124,1
120128,0
120131,1
120132,1
120135,1
120138,0
120142,0
120143,1
120145,1
120147,0
120148,1
120153,0
120154,0
120157,1
120158,1
120160,0
120163,1
120171,1
120176,0
120177,1
120178,1
120190,1
120191,1
120192,0
120193,0
120202,0
120210,0
120211,1
120213,1
120217,0
120219,1
120221,1
120222,0
120225,0
120228,0
120231,1
120232,1
120233,1
120235,0
120240,0
120241,0
120245,1
120248,1
120249,0
120251,1
120256,0
120260,1
120261,0
120262,1
120263,0
120268,0
120269,0
120272,0
120279,0
120282,0
120284,1
120287,0
120289,0
120295,0
120296,1
120298,1
120300,0
120301,0
120303,1
120306,0
120311,0
120313,0
120314,1
120317,0
120318,1
120319,1
120322,1
120326,1
120328,0
120331,1
120335,1
120344,1
120345,1
120346,0
120348,1
120350,0
120351,0
120353,1
120356,1
120358,0
120359,1
120360,1
120361,1
120363,1
120368,0
120369,0
120370,1
120373,0
120374,1
120375,0
120379,0
120381,1
120383,0
120384,0
120386,0
120387,0
120388,1
120390,0
120394,1
120395,1
120400,1
120406,1
120410,0
120412,0
120416,1
120419,0
120429,1
120433,1
120434,0
120438,0
120442,0
120443,0
120446,0
120449,1
120452,1
120454,0
120456,1
120460,0
120461,0
120462,1
120474,1
120479,1
120485,0
120493,1
120494,0
120500,0
120501,1
120502,1
120504,1
120506,1
120511,0
120512,1
120513,0
120514,1
120515,0
120516,1
120519,1
120521,0
120524,0
120526,0
120528,1
120529,0
120530,1
120531,1
120532,1
120533,1
120538,1
120539,0
120542,0
120544,1
120547,1
120551,0
120556,0
120557,0
120559,0
120566,1
120568,1
120576,0
120581,0
120583,0
120592,0
120594,0
120595,1
120601,0
120603,0
120604,1
120608,0
120610,1
120613,0
120616,1
120618,1
120620,0
120623,1
120625,1
120626,0
120627,1
120628,1
120635,1
120637,0
120638,0
120640,0
120644,0
120645,0
120646,1
120650,0
120655,0
120657,0
120659,1
120661,0
120665,1
120666,0
120668,0
120669,0
120670,1
120674,0
120675,0
120677,1
120681,1
120682,1
120684,1
120686,0
120689,0
120690,0
120691,1
120692,0
120695,0
120698,1
120699,0
120708,1
120714,1
120716,0
120717,0
120720,0
120724,1
120728,1
120729,0
120730,0
120731,0
120732,0
120733,1
120738,0
120739,1
120740,0
120741,0
120742,0
120745,0
120747,1
120752,0
120755,0
120761,1
120763,1
120770,1
120771,1
120775,0
120776,1
120778,0
120784,0
120786,1
120789,1
120791,0
120796,0
120801,0
120802,1
120807,0
120810,0
120812,1
120814,1
120818,1
120819,0
120823,1
120824,1
120825,1
120827,0
120828,1
120829,0
120830,1
120836,0
120837,1
120840,0
120841,0
120842,0
120845,1
120852,1
120853,0
120854,0
120860,0
120865,0
120866,1
120868,0
120870,0
120871,0
120872,1
120874,1
120875,0
120879,1
120880,0
120882,1
120887,0
120889,1
120895,0
120896,0
120899,0
120901,0
120903,1
120907,1
120909,1
120915,1
120920,1
120923,1
120924,1
120926,1
120927,1
120928,0
120933,1
120939,1
120940,1
120941,1
120942,0
120943,0
120944,1
120945,1
120950,0
120952,0
120955,0
120962,0
120968,0
120969,1
120970,0
120973,1
120975,0
120976,0
120978,1
120979,0
120982,0
120984,0
120985,1
120990,0
120992,0
120993,1
120994,0
120995,0
120996,1
120999,1
121000,1
121006,0
121007,1
121008,0
121009,1
121011,0
121012,0
121016,1
121019,0
121020,0
121022,1
121024,1
121030,1
121031,0
121038,1
121040,1
121041,1
121044,0
121048,0
121055,0
121056,1
121057,0
121060,1
121063,1
121067,0
121079,0
121092,0
121094,1
121096,1
121097,1
121100,0
121101,0
121108,0
121111,0
121113,0
121114,0
121116,0
121121,1
121122,0
121125,0
121129,1
121130,0
121131,0
121132,0
121133,1
121135,1
121140,0
121146,1
121147,0
121148,1
121152,1
121153,0
121154,1
121158,0
121161,0
121162,0
121164,0
121165,1
121166,0
121167,0
121168,0
121172,1
121177,1
121178,1
121186,0
121194,1
121196,0
121201,0
121202,1
121203,1
121207,0
121208,0
121211,1
121220,1
121221,1
121222,0
121223,0
121224,0
121226,1
121229,1
121235,1
121239,0
121241,0
121246,0
121247,0
121250,1
121252,0
121255,0
121263,0
121265,0
121266,0
121270,1
121271,0
121272,1
121274,0
121275,1
121276,1
121277,0
121278,0
121281,0
121283,1
121287,0
121288,0
121289,1
121291,0
121299,0
121306,1
121307,0
121310,0
121311,1
121312,1
121313,0
121314,1
121318,1
121322,1
121323,1
121325,1
121330,0
121331,1
121332,1
121333,1
121335,1
121339,1
121340,0
121341,1
121342,0
121344,1
121346,1
121347,0
121351,1
121353,1
121354,1
121357,1
121360,0
121361,1
121363,0
121365,0
121366,1
121369,0
121371,0
121372,1
121373,0
121375,0
121386,1
121392,1
121394,1
121397,1
121398,0
121400,0
121403,1
121410,1
121411,1
121415,1
121419,1
121427,1
121433,0
121435,1
121436,0
121444,0
121451,1
121456,0
121458,1
121460,0
121462,1
121463,1
121464,1
121465,1
121472,1
121473,0
121478,1
121483,0
121484,1
121485,0
121486,0
121487,1
121488,1
121492,0
121493,0
121498,1
121499,0
121500,1
121501,1
121502,1
121509,1
121515,1
121516,1
121518,1
121520,1
121521,1
121526,0
121528,1
121532,1
121538,0
121539,0
121542,1
121544,1
121546,1
121548,1
121553,0
121554,1
121555,1
121558,0
121560,0
121561,0
121563,0
121565,0
121566,1
121567,1
121568,0
121569,1
121571,1
121574,0
121576,1
121577,1
121588,1
121590,1
121599,1
121601,1
121602,1
121603,1
121604,1
121605,1
121610,1
121615,0
121616,1
121623,1
121624,1
121625,1
121627,0
121632,1
121635,1
121638,0
121639,1
121640,0
121641,1
121644,1
121653,0
121654,1
121656,1
121660,1
121662,0
121663,0
121669,1
121670,0
121671,0
121672,1
121684,1
121686,1
121689,1
121693,0
121694,0
121696,0
121701,0
121703,1
121705,1
121712,0
121713,1
121716,0
121718,0
121720,1
121730,0
121731,1
121734,0
121735,0
121741,0
121743,1
121746,0
121749,0
121750,1
121752,1
121753,1
121754,1
121755,1
121756,0
121757,1
121762,0
121766,0
121767,1
121769,1
121770,1
121771,0
121774,0
121776,0
121778,1
121779,0
121780,0
121781,1
121784,1
121787,1
121792,0
121793,0
121794,1
121796,0
121798,1
121799,0
121801,1
121802,0
121805,1
121806,1
121813,0
121814,0
121816,1
121819,0
121821,0
121822,1
121823,1
121825,0
121827,1
121828,1
121835,0
121838,0
121839,1
121840,0
121841,0
121843,0
121847,0
121849,1
121850,1
121851,1
121861,0
121862,0
121869,1
121872,1
121874,0
121876,0
121877,1
121878,1
121882,0
121883,0
121884,1
121890,1
121893,1
121901,1
121906,1
121907,1
121908,1
121910,1
121911,1
121912,0
121915,0
121916,1
121917,1
121919,1
121924,1
121925,0
121926,0
121927,1
121930,1
121931,1
121933,1
121934,0
121935,0
121937,1
121942,1
121945,1
121947,1
121949,0
121952,0
121953,0
121958,0
121964,1
121967,1
121973,1
121975,0
121976,0
121982,1
121983,0
121984,0
121993,0
121998,0
121999,1
122000,1
122001,0
122002,0
122009,0
122011,0
122012,0
122016,1
122018,0
122020,0
122022,0
122023,0
122024,1
122027,0
122029,0
122037,0
122040,0
122042,0
122043,0
122044,1
122045,0
122049,1
122056,1
122057,1
122058,0
122061,0
122062,0
122065,0
122066,0
122067,0
122068,0
122071,1
122072,1
122074,1
122077,0
122081,1
122086,0
122089,1
122093,0
122097,0
122101,0
122105,0
122109,0
122111,1
122115,1
122117,1
122119,1
122121,1
122125,0
122129,0
122135,1
122137,1
122140,0
122141,0
122142,0
122145,0
122149,0
122151,1
122154,0
122157,0
122160,0
122163,1
122164,1
122168,1
122174,0
122175,0
122184,1
122185,1
122186,0
122187,0
122189,0
122194,1
122195,1
122196,0
122197,0
122198,0
122199,1
122200,1
122206,0
122209,1
122211,1
122214,0
122216,0
122217,0
122218,1
122220,0
122223,0
122224,1
122226,1
122231,1
122233,0
122237,1
122238,1
122239,1
122240,1
122241,1
122242,0
122243,1
122249,1
122250,1
122251,0
122252,0
122253,1
122255,0
122258,0
122265,1
122267,1
122268,1
122270,0
122274,1
122277,1
122280,1
122281,0
122282,1
122283,1
122287,1
122290,0
122291,0
122292,1
122294,1
122295,1
122297,1
122305,0
122306,0
122312,0
122314,1
122315,0
122316,1
122319,0
122320,0
122324,0
122330,0
122331,1
122336,1
122337,1
122338,0
122340,0
122343,1
122347,1
122349,1
122356,0
122357,1
122359,1
122361,0
122364,1
122365,0
122368,0
122369,1
122374,0
122376,0
122378,1
122379,0
122380,0
122385,0
122389,0
122392,1
122396,0
122398,1
122401,1
122402,1
122404,0
122406,0
122407,1
122409,0
122410,0
122411,0
122412,0
122413,1
122415,0
122416,1
122417,0
122419,1
122421,1
122430,0
122433,1
122437,0
122438,0
122442,1
122443,0
122444,0
122446,0
122447,0
122448,1
122449,1
122451,0
122455,1
122459,1
122462,0
122463,1
122465,0
122475,1
122477,1
122480,1
122484,0
122486,0
122494,0
122495,1
122497,0
122500,0
122503,0
122504,1
122507,0
122509,1
122510,0
122512,0
122515,0
122516,1
122517,1
122519,1
122523,0
122524,1
122526,0
122529,0
122530,0
122532,1
122533,0
122534,0
122539,0
122541,1
122542,0
122545,0
122549,0
122554,0
122559,1
122560,1
122562,1
122568,0
122569,1
122572,0
122573,0
122575,0
122580,0
122583,1
122587,0
122589,0
122593,0
122594,1
122598,1
122599,0
122600,1
122602,0
122604,0
122609,0
122611,0
122612,0
122613,1
122616,0
122626,1
122628,0
122630,0
122634,0
122635,1
122637,0
122640,0
122642,0
122645,1
122648,0
122649,1
122652,0
122660,0
122661,0
122662,1
122665,1
122666,1
122668,0
122671,1
122672,0
122673,1
122674,1
122676,0
122677,1
122679,0
122680,0
122681,1
122682,0
122683,0
122684,0
122685,1
122687,0
122688,1
122691,0
122692,1
122693,0
122698,1
122701,1
122706,0
122707,0
122713,0
122714,0
122716,0
122718,0
122720,1
122723,1
122726,1
122730,1
122732,0
122733,0
122737,1
122740,0
122743,1
122744,1
122756,0
122759,1
122761,1
122765,0
122766,1
122771,0
122773,0
122785,1
122787,1
122789,0
122790,0
122795,1
122796,0
122797,1
122800,0
122801,1
122802,0
122804,0
122808,1
122812,0
122816,1
122818,0
122819,1
122820,1
122823,0
122824,1
122826,1
122827,0
122829,0
122832,1
122839,0
122840,0
122842,1
122843,0
122845,0
122846,0
122847,0
122849,1
122850,1
122851,0
122855,0
122857,0
122858,0
122859,0
122860,0
122862,1
122867,0
122872,1
122874,1
122881,0
122882,1
122883,1
122886,1
122888,1
122890,1
122902,0
122903,1
122905,1
122909,0
122911,0
122912,0
122913,1
122915,1
122917,1
122921,1
122923,1
122925,0
122927,0
122928,0
122933,1
122934,1
122936,0
122942,1
122944,1
122948,1
122954,0
122955,0
122956,0
122958,1
122959,1
122962,1
122966,1
122968,0
122969,0
122973,1
122975,0
122979,1
122980,0
122981,0
122983,1
122984,0
122987,0
122988,1
122990,1
122992,1
122995,0
122996,0
123000,1
123001,0
123005,0
123006,0
123009,0
123020,0
123021,1
123022,0
123023,1
123028,0
123030,1
123033,1
123035,0
123037,1
123038,0
123040,1
123041,1
123043,1
123045,0
123046,1
123048,0
123049,1
123052,0
123054,1
123063,0
123064,0
123065,1
123068,0
123071,0
123075,1
123076,0
123078,0
123079,0
123081,0
123082,1
123084,1
123086,1
123093,1
123095,1
123097,0
123101,0
123102,1
123104,0
123107,1
123108,1
123110,0
123113,0
123114,0
123122,0
123126,0
123127,0
123128,1
123131,1
123133,0
123136,0
123137,1
123139,1
123140,0
123143,0
123146,0
123147,1
123149,1
123151,1
123154,1
123155,1
123157,0
123160,0
123163,1
123167,0
123168,0
123170,1
123172,0
123176,1
123184,0
123185,0
123187,1
123189,1
123190,0
123192,0
123193,0
123194,0
123195,0
123198,0
123201,0
123202,0
123203,0
123210,1
123213,1
123215,1
123216,0
123221,1
123224,0
123234,0
123239,1
123243,0
123245,0
123247,0
123248,0
123250,0
123252,0
123253,1
123254,1
123255,0
123256,1
123268,0
123273,0
123274,0
123275,0
123276,1
123285,0
123288,1
123289,1
123290,0
123293,0
123294,0
123298,0
123307,0
123308,0
123309,0
123311,0
123312,0
123314,0
123320,1
123322,0
123323,0
123325,1
123327,0
123328,0
123334,1
123335,0
123336,1
123340,1
123342,1
123343,1
123344,0
123345,1
123346,1
123354,1
123356,0
123357,0
123363,0
123364,0
123369,1
123370,0
123373,0
123379,0
123380,1
123381,0
123382,1
123383,1
123387,0
123390,1
123391,0
123398,0
123399,0
123405,0
123406,0
123407,1
123408,0
123412,0
123414,1
123419,0
123420,0
123423,1
123425,1
123427,0
123429,0
123432,0
123434,1
123435,0
123437,0
123438,1
123439,0
123440,0
123443,1
123444,1
123445,1
123448,1
123449,0
123450,0
123451,0
123452,0
123453,1
123456,0
123457,1
123460,1
123464,0
123468,1
123469,0
123470,1
123473,0
123479,1
123480,0
123481,0
123486,1
123489,0
123490,0
123491,1
123492,1
123496,0
123497,0
123499,0
123501,0
123503,0
123510,1
123512,1
123515,1
123518,0
123519,1
123523,0
123528,0
123532,0
123534,1
123538,1
123549,1
123553,1
123556,1
123558,0
123559,0
123562,1
123563,1
123564,0
123566,1
123569,1
123570,1
123571,1
123572,1
123574,0
123577,0
123579,1
123580,0
123582,1
123587,1
123589,0
123590,0
123596,0
123597,1
123598,0
123600,1
123604,1
123606,0
123607,1
123610,0
123612,1
123613,1
123616,1
123619,0
123622,0
123623,0
123624,0
123628,1
123629,1
123630,0
123631,1
123632,1
123633,0
123640,1
123641,0
123647,0
123649,1
123651,0
123652,0
123654,0
123658,1
123659,0
123662,1
123669,0
123670,0
123673,0
123674,0
123676,0
123678,0
123679,1
123682,0
123686,1
123689,1
123693,0
123694,0
123696,0
123698,0
123699,1
123702,0
123707,0
123709,0
123710,1
123713,0
123715,0
123719,1
123720,1
123721,0
123724,0
123725,0
123726,0
123730,1
123731,1
123733,1
123734,0
123741,1
123742,0
123744,0
123745,1
123747,1
123748,1
123749,0
123750,0
123751,1
123753,0
123755,0
123761,0
123762,0
123763,0
123765,1
123766,1
123767,0
123768,0
123772,1
123773,0
123776,0
123779,1
123782,0
123783,1
123787,0
123788,0
123790,1
123793,0
123796,0
123798,1
123799,0
123801,0
123802,1
123803,1
123804,0
123805,1
123806,1
123807,1
123808,0
123810,1
123811,1
123812,1
123813,0
123814,1
123818,0
123819,1
123824,0
123826,0
123829,1
123830,0
123832,0
123834,1
123837,1
123838,0
123839,0
123843,1
123844,1
123845,1
123854,1
123855,0
123865,0
123869,1
123870,0
123872,0
123876,1
123877,1
123880,1
123881,1
123883,0
123884,1
123885,1
123889,1
123893,1
123894,0
123895,0
123896,0
123897,1
123898,0
123899,0
123900,1
123902,1
123904,1
123906,0
123910,1
123912,1
123913,1
123916,1
123927,1
123928,1
123929,0
123934,0
123935,0
123937,0
123942,0
123952,1
123954,0
123957,1
123958,1
123961,1
123962,0
123963,0
123966,1
123970,0
123972,0
123975,1
123977,0
123980,0
123981,1
123982,0
123983,0
123984,1
123985,0
123986,1
123990,1
123991,0
123992,1
123993,1
123996,1
123997,0
123998,1
124000,0
124003,0
124013,0
124017,1
124019,0
124020,1
124021,0
124022,1
124023,1
124024,1
124025,0
124028,1
124029,1
124031,1
124034,1
124035,0
124037,1
124038,0
124039,1
124040,1
124042,1
124043,1
124045,0
124050,0
124055,0
124057,0
124059,0
124060,1
124061,1
124067,0
124068,1
124069,0
124070,1
124071,0
124072,0
124074,0
124075,1
124080,1
124081,1
124083,0
124088,1
124090,0
124091,0
124093,1
124094,1
124097,1
124098,1
124101,1
124104,0
124105,0
124107,1
124108,0
124110,0
124111,1
124115,0
124117,1
124122,0
124123,1
124126,0
124127,0
124131,0
124132,0
124133,1
124134,0
124135,1
124138,0
124139,1
124142,0
124146,1
124149,1
124151,0
124153,1
124155,1
124156,1
124157,0
124160,1
124166,0
124167,0
124171,0
124172,1
124173,0
124174,1
124178,0
124180,0
124181,1
124184,0
124187,0
124188,0
124189,0
124194,0
124197,0
124198,0
124200,0
124201,1
124206,0
124207,1
124209,0
124210,0
124211,1
124213,1
124215,0
124225,0
124226,1
124229,0
124230,0
124231,1
124233,1
124235,0
124242,1
124244,1
124245,1
124247,1
124254,1
124256,1
124257,0
124259,1
124260,1
124261,1
124264,0
124266,1
124267,1
124269,0
124270,0
124273,0
124274,1
124278,0
124279,1
124284,1
124286,1
124290,1
124294,0
124296,1
124297,1
124298,1
124299,0
124300,1
124305,1
124307,0
124310,1
124312,1
124314,1
124317,1
124318,0
124323,0
124324,1
124326,0
124331,0
124332,0
124333,1
124336,0
124337,1
124338,0
124341,1
124342,1
124343,1
124344,1
124346,0
124347,1
124350,0
124352,1
124353,0
124354,1
124356,0
124357,0
124358,1
124359,0
124361,0
124363,0
124367,0
124373,0
124374,0
124375,0
124376,0
124383,0
124389,1
124390,1
124392,1
124397,0
124399,1
124401,0
124402,1
124406,0
124407,1
124408,0
124409,1
124412,0
124413,1
124416,0
124417,0
124422,1
124426,0
124430,0
124431,0
124434,1
124435,1
124442,1
124443,0
124445,1
124447,1
124452,0
124457,1
124462,1
124463,1
124470,1
124472,0
124478,0
124480,0
124481,0
124482,1
124485,0
124487,1
124488,0
124493,1
124496,0
124499,0
124505,0
124511,1
124514,0
124515,0
124516,0
124520,0
124521,0
124522,1
124523,0
124524,0
124525,0
124528,0
124530,1
124533,1
124534,0
124536,0
124537,0
124538,1
124541,1
124545,0
124548,1
124549,1
124550,0
124552,1
124553,1
124554,1
124559,1
124560,0
124561,1
124569,1
124570,0
124571,1
124574,1
124582,0
124583,1
124585,0
124587,0
124588,1
124589,1
124593,0
124594,0
124596,0
124598,0
124601,1
124603,1
124605,0
124607,0
124610,1
124611,1
124614,0
124620,0
124621,1
124622,1
124624,1
124625,0
124626,1
124627,0
124628,1
124638,1
124639,0
124644,1
124645,0
124647,1
124648,1
124653,0
124655,0
124656,1
124658,1
124669,0
124671,0
124674,0
124676,0
124678,1
124680,0
124682,0
124684,0
124689,1
124693,1
124699,1
124702,1
124703,0
124707,1
124713,0
124714,1
124717,0
124720,0
124725,0
124728,1
124729,1
124730,1
124731,1
124732,1
124735,0
124739,1
124751,0
124753,1
124755,0
124756,0
124759,0
124760,0
124761,1
124763,0
124764,1
124765,1
124767,0
124768,1
124770,0
124776,0
124782,0
124787,1
124789,0
124790,1
124791,1
124793,0
124795,0
124798,1
124808,0
124809,0
124814,0
124815,0
124821,0
124823,1
124825,1
124826,1
124830,0
124831,0
124833,1
124834,1
124844,0
124846,1
124849,1
124850,0
124851,1
124857,1
124859,1
124860,0
124862,0
124863,1
124865,0
124867,0
124868,0
124869,0
124870,1
124872,1
124873,0
124877,0
124883,1
124884,0
124885,0
124889,1
124893,0
124894,0
124895,1
124896,1
124897,0
124903,0
124906,1
124907,1
124909,0
124910,1
124911,1
124914,1
124917,1
124921,0
124923,1
124926,0
124929,0
124930,1
124931,1
124932,1
124933,0
124935,1
124936,1
124937,1
124944,1
124946,0
124947,1
124951,1
124956,0
124957,0
124960,1
124962,1
124964,1
124965,0
124972,0
124975,0
124980,0
124981,1
124983,1
125001,0
125002,1
125004,1
125005,1
125006,1
125008,1
125011,0
125012,0
125021,0
125023,1
125024,1
125025,0
125026,1
125032,0
125033,0
125036,1
125041,0
125044,1
125046,1
125049,0
125050,1
125051,0
125057,0
125058,1
125059,1
125060,0
125061,0
125062,1
125064,1
125067,0
125069,0
125070,0
125071,1
125078,1
125082,1
125083,0
125084,0
125087,1
125088,1
125089,1
125091,1
125092,0
125094,1
125095,0
125096,0
125097,1
125098,0
125105,1
125109,1
125110,0
125114,0
125116,0
125120,0
125121,1
125122,1
125128,0
125129,1
125130,1
125132,0
125133,1
125134,1
125135,0
125137,0
125139,0
125140,0
125143,1
125144,1
125145,0
125147,1
125148,0
125149,0
125151,1
125153,1
125154,0
125155,1
125158,1
125161,1
125164,1
125165,0
125166,1
125167,1
125171,1
125172,0
125176,1
125179,1
125183,1
125184,0
125185,1
125195,1
125196,1
125197,0
125198,0
125200,0
125202,0
125208,1
125209,1
125210,0
125211,1
125212,0
125213,0
125216,0
125218,0
125219,0
125227,0
125228,1
125230,1
125231,0
125232,1
125233,1
125236,0
125238,0
125240,1
125241,0
125243,0
125244,1
125248,0
125250,0
125254,0
125255,0
125257,1
125262,1
125263,1
125266,1
125270,1
125273,1
125276,1
125278,1
125280,1
125281,0
125284,0
125286,0
125287,1
125288,0
125289,1
125290,1
125291,0
125293,0
125294,1
125299,0
125302,0
125303,1
125306,0
125307,1
125310,0
125311,0
125313,1
125315,0
125317,0
125321,0
125324,1
125325,1
125326,0
125332,0
125334,0
125335,1
125338,1
125339,0
125341,0
125342,1
125348,0
125350,1
125352,1
125353,0
125354,0
125359,0
125362,1
125368,0
125370,1
125371,0
125376,1
125379,0
125381,0
125382,1
125383,0
125394,1
125396,1
125397,1
125402,0
125406,0
125408,0
125409,1
125415,1
125416,1
125417,1
125419,1
125420,1
125422,1
125423,1
125425,0
125427,0
125429,0
125430,0
125431,0
125432,0
125435,0
125437,0
125443,0
125444,1
125445,1
125447,1
125449,1
125450,1
125454,1
125455,0
125456,0
125458,1
125459,0
125460,0
125461,0
125465,1
125472,1
125474,1
125475,0
125478,1
125481,0
125484,1
125485,0
125487,0
125490,0
125492,1
125495,0
125499,0
125500,1
125502,0
125504,0
125505,0
125506,1
125509,1
125511,0
125513,1
125516,0
125517,1
125519,1
125520,1
125524,0
125531,1
125532,1
125534,0
125535,0
125536,1
125538,1
125540,1
125541,1
125543,0
125544,0
125545,1
125552,0
125553,0
125554,1
125555,1
125557,1
125563,1
125564,1
125567,0
125568,1
125570,0
125571,0
125573,0
125574,0
125575,1
125576,0
125579,0
125580,1
125584,0
125587,1
125588,1
125592,1
125597,1
125600,0
125601,0
125603,1
125605,1
125606,0
125610,0
125612,0
125618,0
125626,1
125627,1
125629,1
125630,0
125633,0
125635,0
125637,1
125638,0
125640,1
125641,0
125643,0
125645,0
125647,1
125651,0
125652,0
125653,0
125654,1
125656,0
125658,0
125659,0
125667,1
125669,1
125673,0
125675,0
125677,0
125681,0
125682,1
125685,1
125687,1
125689,0
125693,1
125702,0
125704,1
125707,0
125714,0
125715,0
125717,1
125718,0
125719,1
125721,0
125722,1
125727,0
125728,1
125732,1
125736,1
125739,0
125740,0
125742,0
125744,0
125745,0
125746,0
125748,0
125749,0
125752,1
125758,1
125759,0
125760,1
125762,1
125765,1
125767,1
125773,1
125776,0
125779,0
125781,0
125782,1
125783,0
125784,0
125789,0
125790,1
125791,1
125793,1
125794,1
125795,1
125797,0
125799,0
125801,1
125803,1
125806,1
125810,0
125811,0
125813,0
125814,0
125819,1
125822,0
125823,1
125832,0
125834,1
125835,1
125836,0
125837,0
125840,1
125841,1
125843,0
125844,0
125846,1
125847,0
125850,0
125853,1
125856,1
125857,0
125858,0
125859,0
125860,1
125863,0
125865,0
125866,1
125870,0
125876,0
125877,0
125882,0
125884,0
125888,0
125889,0
125890,1
125892,0
125893,0
125894,1
125895,0
125896,0
125897,1
125900,1
125907,1
125908,0
125910,1
125911,1
125915,0
125920,1
125923,0
125934,0
125940,1
125943,1
125944,1
125946,1
125950,1
125951,0
125952,0
125958,0
125963,1
125964,1
125965,0
125967,1
125968,0
125969,1
125970,1
125971,0
125973,0
125975,1
125978,1
125982,0
125988,0
125991,1
125998,1
125999,1
126001,1
126004,0
126005,1
126011,1
126012,1
126014,0
126016,0
126017,0
126018,0
126020,1
126022,1
126025,0
126027,1
126029,1
126031,1
126033,0
126038,0
126042,0
126043,1
126046,0
126048,0
126049,0
126050,1
126051,0
126062,1
126064,1
126065,0
126069,0
126070,1
126072,1
126077,1
126079,1
126080,1
126090,1
126096,0
126097,0
126099,0
126100,1
126103,1
126104,0
126108,1
126111,0
126117,0
126118,0
126119,1
126121,0
126122,0
126126,1
126127,1
126130,1
126132,1
126133,0
126135,1
126137,1
126140,1
126141,0
126142,1
126144,0
126145,1
126148,1
126151,1
126155,0
126156,1
126157,0
126160,1
126161,0
126162,0
126166,1
126168,1
126172,0
126175,0
126176,1
126177,1
126178,1
126180,0
126181,0
126182,0
126187,1
126188,1
126190,1
126191,0
126195,1
126197,1
126198,0
126199,1
126206,1
126207,1
126208,0
126211,0
126222,0
126224,1
126225,0
126227,1
126231,0
126233,1
126234,1
126237,0
126238,0
126239,0
126243,0
126249,0
126250,1
126251,0
126257,0
126258,0
126259,0
126260,0
126261,1
126263,1
126266,1
126271,1
126273,1
126274,1
126275,0
126282,0
126284,0
126285,0
126291,0
126298,0
126301,1
126305,1
126307,1
126311,0
126312,0
126313,0
126316,1
126318,0
126321,1
126325,0
126326,0
126333,1
126335,1
126336,1
126337,1
126338,0
126339,0
126340,0
126343,1
126346,1
126347,0
126349,1
126350,1
126353,0
126354,0
126355,0
126357,0
126358,0
126359,0
126363,0
126365,1
126373,1
126377,1
126379,0
126381,1
126383,0
126385,1
126386,1
126388,1
126389,1
126391,1
126393,0
126394,0
126395,0
126397,0
126400,1
126404,1
126405,1
126409,1
126411,0
126412,0
126414,0
126419,0
126425,0
126427,1
126435,1
126437,1
126438,1
126442,1
126450,0
126453,1
126455,1
126458,0
126460,1
126462,0
126463,1
126464,0
126465,0
126466,0
126467,1
126469,0
126470,0
126471,0
126473,0
126475,1
126476,0
126478,0
126479,0
126487,1
126489,0
126490,1
126495,1
126497,1
126498,0
126500,1
126501,0
126502,1
126503,1
126504,0
126509,0
126510,1
126512,1
126515,0
126516,1
126523,1
126527,0
126528,1
126529,1
126530,1
126531,1
126535,0
126538,1
126540,0
126541,1
126542,1
126543,1
126545,0
126550,1
126551,1
126552,0
126554,0
126555,0
126558,0
126561,0
126562,1
126563,0
126568,1
126569,1
126571,1
126572,0
126573,0
126575,1
126576,0
126579,1
126582,0
126585,1
126593,0
126594,1
126597,0
126598,0
126599,0
126602,0
126608,0
126613,1
126614,1
126615,1
126616,1
126620,1
126621,1
126622,1
126624,0
126625,1
126626,0
126628,1
126630,0
126632,1
126633,1
126634,0
126636,1
126642,1
126646,0
126648,0
126651,0
126652,0
126653,1
126658,1
126662,1
126664,1
126665,0
126667,0
126668,1
126669,0
126674,1
126680,0
126682,0
126685,0
126687,0
126688,1
126689,1
126690,1
126693,0
126695,1
126698,1
126704,0
126707,1
126708,1
126709,1
126711,0
126715,1
126716,0
126717,0
126720,1
126721,0
126723,0
126724,1
126733,1
126734,0
126735,1
126736,0
126738,0
126739,1
126742,1
126743,1
126746,0
126749,0
126752,0
126758,1
126761,0
126762,0
126765,1
126768,0
126775,0
126776,1
126786,0
126792,1
126794,1
126796,0
126798,0
126800,0
126804,0
126805,1
126806,1
126807,0
126808,1
126809,1
126810,0
126811,0
126813,1
126814,1
126820,1
126821,1
126822,1
126824,1
126826,0
126830,1
126832,1
126836,1
126837,0
126838,0
126842,1
126843,1
126844,1
126846,0
126855,1
126857,0
126859,1
126863,0
126864,1
126866,0
126868,0
126869,0
126872,0
126873,1
126874,1
126878,1
126879,1
126880,1
126883,0
126884,0
126885,0
126886,0
126887,0
126888,1
126889,1
126892,1
126898,0
126899,0
126901,1
126903,1
126911,1
126912,1
126913,0
126915,1
126916,0
126917,0
126922,0
126926,1
126930,0
126932,1
126934,1
126935,0
126936,1
126937,0
126943,0
126945,1
126946,1
126948,1
126950,0
126954,0
126956,0
126958,1
126960,1
126961,1
126965,0
126967,1
126971,1
126979,1
126980,1
126985,1
126988,0
126994,0
126995,0
126998,1
127002,1
127003,0
127006,1
127008,0
127015,0
127016,0
127017,1
127018,1
127020,0
127021,0
127022,1
127025,1
127031,1
127032,0
127034,1
127035,1
127037,1
127040,0
127042,1
127043,1
127052,1
127055,0
127056,1
127057,1
127058,1
127063,1
127064,0
127065,1
127066,0
127067,0
127068,0
127071,0
127072,1
127073,1
127074,0
127075,1
127076,1
127079,0
127081,1
127085,0
127086,1
127088,1
127089,0
127091,1
127092,1
127093,0
127094,0
127097,0
127099,0
127102,1
127104,0
127108,1
127110,0
127112,1
127117,0
127119,0
127121,1
127122,1
127124,1
127125,1
127127,0
127130,0
127131,1
127133,0
127135,0
127137,1
127139,0
127143,0
127146,1
127147,1
127148,0
127154,0
127162,0
127167,0
127169,1
127173,0
127174,0
127175,1
127177,1
127178,1
127180,1
127181,1
127182,1
127183,0
127184,0
127185,1
127189,0
127191,0
127194,0
127195,1
127197,0
127200,0
127201,1
127202,1
127209,0
127211,1
127213,0
127214,0
127215,0
127220,1
127222,1
127223,0
127225,0
127226,1
127232,0
127236,0
127239,0
127240,0
127241,1
127250,0
127255,0
127257,1
127261,0
127264,1
127266,1
127269,1
127275,1
127280,1
127287,0
127298,0
127300,1
127301,0
127302,1
127304,0
127307,0
127310,0
127314,1
127315,0
127317,0
127318,1
127320,1
127321,1
127328,0
127330,1
127331,0
127332,1
127333,1
127335,1
127338,0
127340,0
127341,1
127346,0
127348,0
127349,0
127356,0
127358,0
127368,0
127369,1
127370,1
127372,1
127378,1
127388,0
127393,0
127396,1
127402,0
127406,0
127407,1
127408,1
127411,0
127414,1
127418,0
127420,0
127421,0
127422,1
127423,1
127424,1
127425,1
127429,0
127433,1
127434,0
127447,0
127452,0
127453,0
127454,0
127456,0
127457,0
127459,0
127460,1
127461,0
127463,1
127464,0
127466,1
127467,0
127471,0
127472,1
127473,0
127474,0
127478,0
127480,1
127483,1
127485,0
127486,1
127488,1
127490,0
127494,0
127495,0
127498,1
127499,1
127502,1
127510,0
127511,1
127514,1
127518,1
127519,0
127524,0
127525,0
127527,1
127530,0
127532,1
127535,0
127540,1
127542,0
127545,1
127546,1
127547,1
127550,0
127551,0
127553,1
127555,0
127558,0
127559,1
127563,1
127565,1
127568,1
127572,1
127576,1
127577,0
127578,0
127579,1
127582,1
127587,0
127590,1
127593,0
127594,1
127595,1
127597,1
127598,1
127604,1
127609,0
127610,1
127611,1
127612,1
127615,1
127616,0
127619,0
127620,1
127624,0
127625,0
127627,0
127628,1
127633,1
127638,1
127639,1
127641,1
127644,1
127648,1
127650,1
127653,1
127659,0
127661,1
127667,1
127669,1
127670,0
127674,0
127675,1
127677,0
127678,1
127680,1
127682,0
127684,0
127686,1
127688,0
127689,1
127691,1
127693,1
127696,0
127699,0
127700,0
127706,1
127708,1
127709,1
127710,1
127711,1
127712,0
127715,1
127716,0
127717,0
127721,0
127724,1
127725,1
127729,1
127731,1
127735,1
127739,1
127742,1
127744,0
127748,0
127757,1
127758,0
127760,1
127761,0
127764,0
127771,0
127772,0
127777,0
127780,0
127782,0
127788,0
127795,0
127798,0
127800,1
127801,0
127802,1
127803,1
127805,0
127807,1
127808,0
127809,0
127811,0
127815,1
127816,0
127820,0
127821,0
127823,0
127824,0
127825,0
127827,0
127831,0
127834,1
127836,1
127839,0
127840,0
127843,1
127848,1
127850,0
127856,1
127859,0
127864,0
127866,0
127868,1
127869,1
127880,1
127889,0
127891,0
127894,1
127897,0
127907,1
127909,1
127911,0
127912,0
127914,1
127916,0
127920,0
127921,1
127922,0
127925,0
127929,1
127930,1
127932,1
127935,0
127936,1
127938,1
127940,0
127941,1
127944,1
127951,1
127955,0
127956,0
127957,1
127958,1
127963,0
127967,1
127969,1
127976,1
127978,0
127980,0
127981,1
127983,0
127984,1
127985,1
127987,0
127988,1
127990,1
127991,1
127995,1
127997,1
127999,0
128000,1
128003,1
128004,0
128005,0
128006,1
128018,1
128020,0
128025,1
128030,1
128031,1
128033,0
128036,1
128042,1
128044,0
128049,0
128051,0
128053,1
128054,1
128056,0
128058,0
128061,1
128064,0
128066,0
128068,0
128073,0
128074,1
128075,0
128076,0
128078,0
128080,0
128082,1
128083,1
128084,0
128087,1
128089,0
128092,0
128095,0
128096,0
128097,0
128105,1
128107,0
128110,0
128120,0
128122,0
128126,0
128130,1
128132,0
128136,0
128137,0
128138,1
128140,0
128141,0
128142,0
128143,0
128145,1
128147,0
128148,0
128149,0
128150,0
128152,0
128154,1
128155,1
128156,0
128158,0
128159,0
128162,1
128165,1
128170,1
128172,1
128173,0
128174,1
128177,1
128181,0
128183,1
128185,0
128191,0
128192,1
128196,1
128201,1
128206,1
128209,1
128211,0
128218,0
128223,1
128227,0
128231,0
128234,0
128236,1
128237,1
128238,0
128244,1
128247,1
128250,0
128253,1
128257,1
128260,1
128262,1
128266,0
128267,0
128268,0
128269,0
128277,0
128278,1
128281,0
128282,0
128283,0
128289,0
128294,0
128295,1
128298,1
128299,1
128300,0
128301,0
128304,1
128305,0
128309,0
128311,0
128313,1
128324,0
128325,0
128328,1
128329,0
128332,0
128334,0
128337,0
128338,1
128339,0
128342,0
128343,0
128349,1
128352,0
128353,0
128355,1
128356,1
128359,0
128361,1
128363,1
128366,0
128368,1
128369,0
128370,1
128372,1
128378,0
128379,1
128380,0
128381,1
128386,0
128387,0
128394,1
128397,0
128398,1
128399,1
128400,1
128401,1
128407,0
128408,1
128413,1
128416,1
128418,1
128420,0
128422,0
128425,0
128427,1
128429,1
128430,1
128433,0
128434,0
128436,1
128443,0
128444,0
128445,0
128446,0
128448,0
128450,1
128457,1
128458,1
128460,1
128462,1
128463,0
128464,1
128466,1
128468,1
128469,0
128471,1
128472,0
128475,0
128476,0
128477,0
128478,1
128486,1
128487,1
128492,1
128494,1
128496,0
128498,0
128499,1
128504,0
128505,1
128506,1
128507,0
128508,1
128509,0
128513,1
128517,1
128519,0
128520,1
128521,0
128528,0
128531,0
128538,0
128540,0
128541,0
128542,0
128543,0
128544,0
128545,0
128547,0
128551,0
128552,1
128553,0
128554,1
128556,1
128557,0
128558,0
128559,0
128564,0
128565,1
128567,0
128570,0
128571,1
128574,1
128576,0
128578,1
128580,0
128583,1
128586,0
128589,0
128594,0
128595,1
128596,0
128602,1
128603,0
128606,1
128609,0
128611,1
128612,1
128613,0
128614,0
128621,1
128625,0
128629,1
128634,0
128636,1
128637,1
128639,1
128640,0
128645,0
128649,0
128651,0
128652,0
128654,1
128657,1
128658,0
128659,0
128666,0
128671,0
128676,1
128678,1
128679,0
128681,0
128685,1
128686,1
128694,0
128699,0
128700,0
128702,1
128703,1
128705,1
128710,0
128712,0
128714,0
128718,0
128723,1
128725,1
128727,1
128728,0
128730,0
128731,0
128732,0
128733,0
128736,0
128737,0
128739,1
128742,0
128748,1
128751,0
128752,0
128754,0
128761,0
128764,1
128767,0
128768,0
128769,0
128771,0
128772,1
128785,1
128787,1
128788,1
128794,1
128795,0
128796,0
128797,0
128800,1
128801,0
128802,0
128805,0
128806,0
128807,1
128809,0
128810,1
128813,0
128814,0
128815,0
128821,1
128823,0
128826,0
128829,0
128831,1
128832,1
128839,1
128844,1
128846,0
128850,1
128853,0
128854,0
128857,1
128860,1
128861,0
128862,0
128864,0
128867,1
128870,1
128875,0
128876,1
128877,1
128878,1
128879,0
128880,0
128881,1
128886,1
128888,0
128889,1
128899,0
128905,1
128910,0
128912,0
128913,0
128919,0
128920,0
128923,1
128925,0
128928,0
128931,0
128937,0
128938,0
128939,1
128940,1
128941,1
128942,0
128944,0
128945,0
128951,0
128956,0
128958,1
128962,1
128964,0
128966,0
128967,0
128968,0
128970,0
128972,1
128973,1
128975,0
128978,1
128979,1
128984,0
128985,0
128986,1
128987,0
129009,1
129011,0
129012,0
129014,1
129015,0
129018,1
129022,1
129023,1
129024,1
129029,1
129030,1
129031,0
129032,1
129033,0
129037,0
129041,1
129043,1
129047,1
129048,0
129049,1
129050,1
129052,1
129054,0
129056,0
129057,0
129061,0
129062,1
129065,0
129066,0
129068,1
129069,0
129074,0
129075,0
129076,1
129077,0
129078,1
129079,1
129080,1
129081,1
129084,0
129085,1
129088,0
129091,0
129092,0
129095,1
129096,1
129102,0
129103,0
129104,0
129105,1
129107,1
129109,1
129112,1
129119,1
129122,1
129123,1
129125,0
129127,0
129129,0
129133,0
129135,0
129138,0
129140,1
129144,0
129145,0
129148,1
129153,1
129154,1
129155,1
129158,1
129162,0
129163,0
129167,1
129168,0
129169,1
129170,1
129172,1
129173,0
129175,1
129176,1
129180,1
129183,0
129190,0
129191,0
129196,1
129197,0
129198,1
129201,0
129202,0
129203,0
129205,0
129206,1
129207,1
129209,1
129210,1
129211,0
129215,1
129216,0
129217,1
129218,0
129220,0
129221,0
129223,1
129225,0
129228,0
129229,1
129232,0
129233,1
129239,1
129240,0
129242,0
129243,1
129245,0
129246,1
129248,1
129250,0
129252,0
129254,0
129258,1
129261,0
129271,1
129272,1
129273,0
129275,1
129284,1
129288,1
129291,1
129292,1
129297,0
129299,0
129300,1
129304,0
129306,0
129308,0
129310,0
129311,1
129314,1
129319,0
129322,1
129323,1
129324,0
129325,0
129327,0
129328,1
129329,1
129331,0
129332,1
129333,1
129334,1
129335,0
129337,0
129345,0
129346,1
129347,1
129349,1
129352,1
129354,1
129355,0
129360,1
129364,1
129368,0
129369,1
129371,1
129373,1
129374,1
129376,0
129379,1
129380,0
129389,0
129391,0
129393,0
129394,0
129401,1
129407,0
129408,1
129413,0
129417,1
129424,0
129426,1
129427,0
129433,1
129435,1
129437,1
129439,1
129440,1
129443,1
129449,1
129450,1
129451,0
129452,0
129453,1
129455,1
129456,0
129458,1
129460,0
129461,0
129466,1
129467,1
129468,1
129477,1
129479,0
129480,0
129481,0
129484,0
129486,0
129487,0
129488,0
129490,0
129492,0
129494,0
129500,0
129501,1
129502,0
129503,0
129504,0
129506,1
129510,1
129511,0
129512,1
129514,1
129517,0
129519,0
129525,1
129526,1
129531,0
129534,0
129536,0
129539,0
129541,0
129546,1
129549,0
129554,1
129555,1
129556,0
129557,1
129559,0
129564,1
129566,0
129569,0
129572,1
129576,0
129586,1
129588,0
129591,1
129594,0
129596,0
129600,0
129604,1
129606,0
129607,0
129608,0
129609,0
129610,0
129611,0
129613,1
129614,0
129617,1
129622,1
129624,0
129625,0
129627,0
129631,1
129635,1
129636,0
129640,1
129642,1
129643,0
129652,1
129657,0
129659,0
129660,1
129663,0
129669,0
129673,0
129675,0
129676,1
129677,1
129678,0
129679,1
129681,1
129682,1
129684,0
129685,0
129688,0
129689,0
129690,1
129692,1
129699,1
129700,0
129701,1
129702,0
129703,0
129704,0
129709,0
129712,1
129714,0
129715,0
129716,0
129717,0
129718,1
129720,0
129722,1
129725,1
129728,0
129731,1
129732,0
129734,0
129735,0
129736,0
129737,1
129743,1
129745,0
129750,0
129756,0
129758,0
129759,1
129762,1
129766,0
129768,1
129774,0
129776,1
129778,0
129781,0
129784,1
129791,1
129793,0
129794,1
129797,1
129799,0
129801,1
129803,0
129805,0
129806,0
129807,0
129810,1
129811,1
129814,1
129816,0
129818,1
129821,0
129823,1
129825,0
129827,0
129828,1
129831,0
129834,0
129835,1
129839,1
129845,1
129846,0
129849,1
129851,1
129852,1
129864,1
129865,1
129868,1
129873,0
129874,1
129875,0
129880,1
129882,0
129886,1
129888,1
129892,1
129894,1
129895,0
129900,0
129904,1
129907,1
129908,1
129909,0
129910,0
129912,1
129914,1
129915,0
129917,1
129918,1
129919,0
129923,0
129925,1
129926,0
129928,0
129929,1
129932,0
129933,1
129943,0
129945,1
129946,0
129947,1
129948,1
129950,0
129951,1
129953,0
129954,0
129955,0
129956,1
129957,0
129959,0
129962,1
129963,1
129964,1
129968,0
129969,1
129972,1
129977,0
129985,0
129989,0
129992,1
129996,0
130011,1
130013,1
130015,1
130017,0
130019,1
130023,1
130024,0
130025,0
130026,0
130028,0
130040,0
130041,0
130042,1
130045,1
130047,0
130048,1
130051,1
130052,1
130057,0
130059,0
130065,1
130069,1
130070,1
130071,0
130073,0
130075,1
130077,1
130078,0
130083,0
130087,0
130089,0
130093,0
130094,1
130098,0
130099,0
130101,1
130103,0
130106,1
130107,1
130112,0
130117,0
130121,0
130125,1
130126,1
130129,0
130130,1
130132,1
130134,0
130137,1
130138,1
130140,0
130141,1
130142,0
130143,1
130144,1
130145,1
130149,1
130151,1
130153,1
130154,1
130155,1
130156,1
130157,0
130161,1
130163,1
130164,0
130165,0
130167,1
130169,0
130170,1
130171,1
130172,1
130173,0
130174,1
130176,1
130177,1
130178,1
130179,0
130181,1
130190,0
130192,1
130194,0
130195,0
130197,1
130199,1
130202,1
130206,1
130209,0
130212,0
130214,1
130215,1
130217,0
130220,1
130223,0
130225,0
130226,1
130227,0
130230,1
130231,0
130234,1
130237,1
130240,0
130241,1
130245,0
130246,0
130249,0
130253,0
130255,1
130257,1
130260,1
130263,1
130265,1
130266,0
130271,0
130272,0
130274,1
130275,0
130278,0
130279,1
130280,1
130281,1
130287,1
130288,1
130293,0
130301,1
130303,0
130304,1
130307,0
130315,1
130317,1
130320,0
130321,0
130323,1
130324,1
130325,0
130326,0
130327,1
130328,1
130329,1
130334,0
130335,0
130336,0
130337,0
130338,1
130343,0
130345,1
130349,1
130351,0
130352,0
130355,1
130357,1
130358,0
130360,0
130362,0
130364,0
130368,0
130369,1
130370,0
130372,1
130378,1
130379,0
130383,0
130384,0
130385,0
130387,0
130388,0
130394,1
130396,1
130398,0
130401,0
130403,1
130404,1
130406,1
130407,0
130408,1
130412,1
130413,0
130415,0
130419,0
130423,1
130424,0
130426,1
130429,0
130431,0
130436,1
130437,0
130442,0
130448,1
130452,0
130454,1
130456,0
130460,1
130463,1
130465,1
130467,1
130468,0
130469,1
130476,1
130477,1
130478,1
130485,0
130486,1
130490,1
130491,0
130494,0
130495,0
130496,1
130498,1
130500,1
130503,1
130504,1
130505,1
130506,0
130510,1
130511,0
130515,1
130522,1
130524,1
130527,1
130531,0
130533,1
130536,1
130538,0
130539,0
130542,0
130543,1
130544,0
130546,0
130547,1
130557,1
130558,1
130559,0
130560,0
130569,0
130572,0
130575,0
130576,0
130578,1
130584,1
130586,1
130589,1
130593,0
130594,0
130595,0
130601,0
130603,1
130604,1
130607,0
130609,1
130610,0
130618,0
130620,0
130621,1
130625,0
130626,0
130627,1
130629,0
130630,1
130634,0
130636,1
130641,1
130643,1
130644,1
130645,1
130648,0
130649,0
130651,1
130652,0
130654,1
130656,0
130659,0
130660,1
130661,0
130664,0
130666,1
130672,0
130675,1
130676,0
130679,0
130681,0
130686,0
130688,0
130689,1
130690,0
130693,1
130696,1
130697,1
130703,1
130704,1
130707,0
130708,0
130709,1
130716,1
130719,1
130722,1
130723,1
130727,1
130728,0
130729,0
130731,1
130732,0
130733,1
130734,0
130738,1
130739,0
130741,0
130744,0
130745,0
130749,0
130751,1
130753,1
130754,0
130756,1
130759,1
130766,0
130769,0
130771,0
130773,1
130776,0
130780,1
130783,1
130784,1
130785,0
130788,0
130789,0
130790,1
130793,0
130797,0
130798,0
130799,0
130800,1
130803,1
130804,1
130805,1
130806,1
130807,1
130811,0
130812,1
130817,1
130825,1
130832,1
130834,1
130835,1
130836,1
130839,1
130841,1
130850,0
130857,1
130858,1
130859,1
130868,0
130870,0
130876,1
130878,1
130881,1
130884,0
130886,1
130891,1
130895,0
130898,0
130900,0
130903,1
130904,1
130908,1
130911,0
130912,1
130915,1
130917,0
130918,1
130919,0
130921,1
130922,0
130926,1
130930,0
130931,0
130932,1
130934,0
130936,1
130941,1
130944,0
130946,1
130948,0
130950,1
130952,1
130956,0
130958,0
130965,0
130969,0
130970,1
130973,1
130975,0
130977,1
130980,1
130983,1
130985,0
130988,1
130991,0
130992,1
130995,0
130996,0
130997,0
131000,0
131002,1
131007,0
131008,1
131011,0
131019,0
131021,0
131031,0
131032,0
131035,1
131043,1
131044,1
131045,1
131046,0
131047,0
131056,0
131060,1
131063,0
131065,0
131067,1
131069,1
131071,0
131073,1
131076,1
131081,0
131083,0
131085,1
131086,1
131087,0
131089,1
131090,0
131095,1
131108,0
131109,1
131110,1
131113,1
131118,0
131119,1
131120,1
131121,0
131122,1
131123,0
131127,0
131130,1
131131,0
131135,1
131137,0
131141,1
131142,0
131143,0
131145,0
131146,0
131147,0
131150,1
131158,1
131161,1
131166,1
131167,0
131169,1
131170,1
131173,1
131175,1
131176,1
131178,1
131179,0
131181,0
131183,0
131184,0
131190,1
131193,0
131202,1
131206,0
131210,0
131213,0
131214,0
131216,1
131217,0
131218,0
131224,0
131225,0
131226,1
131228,1
131229,1
131232,1
131234,1
131239,1
131240,0
131242,1
131245,1
131246,0
131252,0
131254,1
131255,1
131257,0
131259,1
131260,1
131261,0
131262,0
131264,0
131268,0
131270,0
131271,0
131273,0
131276,0
131277,1
131279,1
131283,0
131287,0
131292,0
131294,1
131299,0
131301,1
131302,0
131303,1
131307,0
131314,0
131317,0
131319,0
131320,0
131322,1
131325,1
131328,1
131332,1
131339,1
131341,0
131342,1
131343,1
131345,1
131350,1
131352,1
131360,0
131361,1
131362,1
131364,0
131365,0
131366,0
131367,0
131368,0
131372,0
131373,1
131378,0
131381,1
131388,0
131392,1
131393,0
131394,0
131396,1
131397,1
131398,0
131402,1
131411,0
131412,1
131418,0
131420,0
131421,0
131427,1
131428,1
131431,1
131433,1
131435,1
131436,0
131437,1
131445,1
131446,0
131456,1
131463,0
131466,1
131467,1
131468,1
131470,0
131471,0
131473,0
131479,1
131481,1
131483,1
131486,0
131491,1
131492,0
131493,0
131494,0
131495,1
131496,0
131497,1
131500,0
131502,0
131504,0
131509,1
131513,1
131516,0
131517,0
131519,1
131520,1
131526,0
131527,1
131528,0
131529,0
131532,1
131534,1
131538,1
131539,1
131543,0
131545,0
131547,1
131548,1
131561,1
131562,1
131564,1
131568,1
131573,0
131575,1
131577,1
131578,1
131579,1
131580,0
131581,1
131586,1
131587,1
131588,1
131590,0
131591,0
131594,1
131596,1
131597,1
131598,1
131600,0
131603,1
131604,0
131605,0
131608,0
131610,0
131612,1
131613,1
131614,1
131618,0
131623,1
131625,1
131627,1
131629,1
131631,1
131634,0
131637,0
131638,1
131639,0
131641,0
131649,0
131652,0
131655,0
131667,1
131668,1
131669,0
131672,1
131674,0
131676,1
131677,1
131679,0
131681,1
131684,1
131688,0
131689,1
131692,0
131693,1
131695,1
131697,1
131701,0
131702,1
131703,0
131704,1
131705,1
131710,1
131719,1
131720,1
131722,0
131725,1
131726,1
131729,0
131736,0
131737,0
131742,1
131746,1
131747,0
131750,0
131754,1
131755,0
131758,0
131761,0
131762,0
131763,0
131771,1
131772,1
131773,1
131775,0
131780,1
131782,1
131783,1
131785,0
131789,1
131790,1
131791,0
131792,1
131796,1
131798,1
131801,0
131805,1
131810,0
131815,1
131816,1
131817,0
131818,0
131819,1
131822,0
131827,1
131830,1
131835,0
131836,1
131838,0
131841,0
131842,0
131845,1
131848,1
131854,0
131855,1
131857,0
131859,1
131861,1
131865,1
131869,1
131872,0
131873,1
131879,0
131880,0
131881,0
131885,1
131887,1
131889,0
131892,1
131893,0
131894,0
131900,0
131908,0
131909,0
131914,0
131915,1
131918,1
131922,1
131925,0
131926,0
131929,1
131938,1
131942,1
131944,0
131946,0
131947,0
131949,0
131951,1
131955,1
131958,1
131960,0
131966,0
131970,1
131971,0
131972,0
131973,1
131975,1
131977,1
131980,1
131985,1
131986,1
131987,1
131988,0
131989,1
131991,0
131994,1
132000,0
132002,1
132005,0
132007,0
132009,1
132016,0
132020,1
132023,1
132024,1
132030,1
132032,0
132033,0
132034,0
132035,1
132036,0
132037,0
132038,1
132041,1
132044,1
132045,0
132046,0
132049,0
132053,1
132055,1
132058,1
132059,1
132063,0
132066,1
132070,1
132071,0
132075,1
132077,0
132079,1
132080,0
132082,0
132085,0
132088,1
132090,1
132094,0
132095,1
132096,0
132097,0
132099,0
132103,1
132104,1
132106,1
132108,0
132110,1
132111,1
132115,1
132119,0
132121,1
132123,1
132124,0
132127,1
132129,0
132130,0
132132,1
132136,0
132140,1
132141,1
132143,0
132144,1
132146,0
132148,0
132150,0
132151,1
132153,1
132155,0
132160,0
132162,1
132166,1
132167,0
132177,1
132179,1
132180,1
132182,0
132183,0
132185,1
132186,0
132192,0
132195,1
132196,1
132197,1
132202,0
132206,0
132207,0
132209,0
132210,0
132212,0
132220,1
132225,1
132228,0
132229,1
132230,0
132233,0
132240,1
132244,1
132245,0
132248,1
132254,1
132255,0
132256,0
132257,1
132258,1
132260,1
132261,1
132262,0
132263,1
132264,1
132266,1
132267,0
132269,1
132271,0
132275,0
132280,1
132281,1
132282,1
132283,1
132285,0
132289,1
132295,0
132300,1
132301,0
132303,0
132307,1
132308,0
132314,1
132315,1
132316,0
132318,0
132321,0
132322,0
132324,0
132325,1
132327,1
132329,0
132335,1
132336,1
132337,1
132340,1
132342,1
132344,0
132345,1
132347,0
132348,1
132350,1
132351,1
132352,1
132355,0
132358,0
132359,0
132365,0
132366,1
132367,0
132369,1
132370,1
132371,0
132376,1
132385,1
132387,1
132388,0
132389,0
132394,0
132395,0
132396,0
132403,1
132405,1
132406,0
132408,0
132409,0
132413,1
132414,0
132416,1
132418,1
132425,0
132426,1
132428,1
132432,0
132433,1
132435,1
132437,0
132439,0
132440,0
132441,1
132442,0
132443,1
132444,1
132446,1
132458,0
132462,0
132463,0
132464,0
132467,0
132468,0
132469,1
132470,1
132471,0
132472,0
132478,0
132485,1
132486,0
132491,0
132494,1
132495,0
132496,0
132498,1
132499,0
132508,1
132512,0
132513,0
132514,1
132519,1
132524,1
132528,0
132530,0
132532,0
132535,0
132537,0
132539,0
132543,0
132546,0
132550,0
132551,1
132552,1
132556,1
132557,1
132558,0
132561,0
132562,1
132563,1
132568,1
132569,1
132571,1
132572,1
132573,1
132579,0
132580,1
132585,1
132587,1
132589,0
132590,1
132592,1
132598,0
132600,1
132601,1
132602,1
132603,1
132604,1
132606,0
132607,0
132608,0
132609,1
132611,0
132612,1
132615,1
132619,1
132621,1
132622,1
132623,0
132630,1
132633,1
132636,1
132637,1
132639,1
132640,1
132641,1
132644,1
132647,1
132650,1
132652,0
132658,1
132659,1
132660,0
132663,0
132664,1
132668,0
132670,1
132672,0
132678,1
132679,1
132680,0
132684,1
132687,0
132690,1
132691,1
132696,0
132699,0
132701,1
132702,0
132706,0
132708,0
132709,0
132710,1
132715,0
132730,0
132731,1
132738,1
132739,1
132741,1
132745,1
132748,0
132752,0
132754,1
132757,0
132759,0
132760,1
132761,0
132762,1
132769,0
132773,0
132775,0
132777,1
132778,1
132779,1
132780,1
132781,0
132787,0
132789,1
132792,0
132797,1
132798,0
132800,1
132801,1
132803,0
132804,0
132807,1
132808,0
132809,0
132810,0
132818,1
132820,1
132823,1
132824,1
132828,0
132832,1
132834,0
132835,0
132836,0
132837,1
132838,1
132839,0
132840,1
132845,1
132848,1
132852,1
132856,1
132859,0
132862,1
132863,1
132864,0
132872,0
132873,0
132876,1
132884,0
132886,1
132891,1
132892,1
132893,0
132894,1
132897,0
132899,1
132903,0
132904,0
132906,1
132910,0
132911,0
132912,1
132918,1
132920,1
132923,1
132924,0
132926,1
132928,0
132932,0
132934,1
132935,1
132939,0
132940,0
132942,1
132944,1
132945,0
132951,0
132954,1
132956,0
132962,0
132968,0
132972,0
132982,0
132985,0
132988,0
132990,1
132991,0
133003,1
133004,1
133007,1
133009,0
133011,0
133015,1
133020,0
133021,1
133025,0
133028,1
133029,1
133034,1
133035,1
133036,0
133038,0
133040,0
133042,1
133044,1
133045,0
133048,1
133049,1
133050,1
133052,0
133053,1
133055,1
133056,1
133057,1
133062,0
133063,0
133065,1
133066,1
133067,0
133071,0
133072,0
133076,0
133077,1
133081,1
133082,1
133084,1
133090,0
133096,0
133097,0
133098,1
133105,1
133110,0
133111,1
133113,1
133114,0
133116,0
133119,1
133122,1
133125,0
133128,0
133132,0
133133,0
133135,1
133136,1
133139,0
133141,1
133142,0
133143,1
133144,1
133150,1
133155,1
133157,0
133159,0
133161,0
133163,0
133164,0
133165,0
133169,1
133173,0
133176,1
133181,1
133187,0
133189,1
133193,1
133197,0
133199,1
133200,0
133204,0
133205,0
133207,1
133210,1
133213,0
133215,1
133216,1
133218,1
133222,0
133223,0
133230,0
133232,0
133235,1
133238,1
133239,1
133242,1
133244,1
133246,1
133249,1
133257,1
133258,1
133261,0
133262,1
133265,0
133269,1
133276,1
133280,0
133281,0
133282,0
133286,0
133287,0
133288,0
133289,1
133292,1
133293,0
133294,1
133295,1
133296,0
133297,0
133299,0
133300,1
133301,0
133303,1
133307,1
133310,0
133311,1
133315,1
133316,1
133318,0
133319,0
133324,0
133325,1
133326,1
133329,0
133330,0
133333,0
133335,1
133336,1
133337,0
133338,0
133339,0
133341,1
133343,0
133345,0
133349,1
133352,0
133353,0
133357,1
133359,1
133365,1
133366,1
133367,1
133369,1
133372,0
133377,0
133379,1
133383,1
133384,0
133387,0
133390,0
133391,1
133397,1
133398,1
133401,0
133403,1
133404,0
133407,1
133408,0
133409,1
133413,1
133418,1
133424,1
133425,1
133426,0
133427,0
133432,0
133436,0
133439,1
133442,0
133444,0
133445,0
133447,1
133448,0
133449,0
133451,1
133452,0
133456,1
133458,0
133459,1
133460,0
133463,0
133464,0
133465,0
133466,0
133468,1
133471,1
133473,1
133476,1
133478,1
133482,0
133485,0
133486,1
133490,0
133492,1
133494,0
133499,1
133502,1
133503,0
133505,0
133508,1
133513,0
133515,1
133516,1
133517,0
133520,1
133529,1
133532,0
133536,1
133537,0
133539,1
133545,0
133546,1
133547,1
133549,0
133550,1
133554,0
133556,0
133557,1
133560,1
133561,0
133563,0
133564,0
133565,0
133566,1
133568,0
133570,0
133572,0
133573,0
133574,1
133576,1
133578,0
133580,1
133582,1
133583,1
133585,0
133586,1
133588,1
133594,0
133598,0
133599,0
133600,0
133602,1
133603,1
133606,1
133611,1
133613,0
133615,0
133620,1
133621,0
133623,0
133624,1
133626,1
133629,0
133632,0
133634,1
133636,0
133637,0
133645,1
133653,1
133654,1
133655,1
133658,1
133659,1
133660,0
133665,1
133669,1
133670,0
133671,0
133673,0
133679,0
133680,0
133683,0
133684,1
133685,0
133686,0
133688,1
133689,1
133691,0
133695,1
133696,1
133698,0
133701,1
133703,1
133705,0
133708,1
133709,1
133710,0
133713,1
133714,0
133716,0
133718,0
133722,0
133723,0
133727,0
133729,1
133730,1
133738,0
133740,0
133744,1
133753,1
133754,1
133755,0
133759,0
133765,1
133771,1
133772,0
133773,1
133776,0
133777,0
133780,1
133781,1
133783,0
133784,1
133785,1
133787,1
133789,0
133790,0
133793,0
133794,0
133796,0
133799,1
133802,1
133804,1
133807,0
133809,1
133813,0
133817,0
133818,1
133822,0
133824,0
133826,0
133832,1
133834,0
133842,0
133848,1
133850,1
133852,1
133853,1
133854,1
133856,0
133858,1
133861,0
133866,1
133868,0
133870,0
133872,0
133873,1
133876,1
133884,1
133885,1
133886,0
133890,0
133891,0
133895,1
133901,0
133903,0
133904,1
133905,0
133906,0
133907,1
133910,0
133912,0
133915,1
133917,1
133919,1
133920,0
133921,1
133922,0
133928,0
133930,1
133932,1
133935,0
133937,1
133938,1
133939,0
133943,0
133945,1
133946,1
133948,0
133949,0
133950,0
133951,0
133955,1
133957,1
133959,1
133960,0
133961,1
133962,1
133965,0
133969,0
133970,0
133971,0
133974,1
133976,0
133977,0
133980,1
133981,0
133983,1
133984,0
133987,1
133990,0
133991,0
133992,1
133994,0
133997,1
133999,0
134003,1
134010,1
134011,0
134023,1
134026,1
134027,0
134036,1
134039,1
134040,0
134041,0
134042,1
134044,1
134048,1
134049,0
134050,1
134051,1
134057,0
134059,1
134067,0
134074,1
134076,1
134079,0
134081,1
134083,0
134088,0
134090,0
134093,1
134096,1
134099,0
134100,0
134103,0
134107,0
134110,1
134115,0
134119,1
134120,0
134122,0
134125,0
134126,0
134129,0
134135,1
134137,1
134139,0
134147,1
134149,1
134151,1
134152,1
134160,1
134165,0
134167,1
134168,1
134176,0
134181,0
134183,1
134184,0
134187,1
134189,0
134195,1
134196,1
134197,1
134198,0
134201,0
134204,1
134205,0
134206,1
134207,1
134208,0
134211,0
134213,1
134214,0
134218,0
134219,1
134221,0
134223,0
134224,1
134226,1
134231,0
134232,1
134235,0
134236,0
134240,1
134244,1
134245,1
134246,1
134253,0
134254,0
134258,1
134259,1
134260,1
134261,0
134262,1
134263,0
134270,0
134278,1
134281,1
134285,0
134287,0
134292,0
134294,1
134295,1
134297,0
134298,0
134299,1
134300,0
134302,1
134303,0
134305,0
134310,0
134312,1
134313,1
134315,1
134318,0
134319,0
134322,0
134324,0
134341,1
134343,0
134345,0
134349,1
134350,1
134353,0
134354,0
134356,1
134359,0
134363,0
134365,1
134368,1
134369,0
134371,1
134373,1
134378,0
134382,0
134383,1
134385,1
134388,0
134395,0
134396,0
134397,0
134400,1
134402,0
134418,1
134420,1
134425,0
134429,1
134430,0
134431,1
134432,0
134433,1
134441,1
134443,1
134445,1
134450,1
134451,1
134458,1
134459,0
134464,0
134468,1
134469,1
134472,0
134473,0
134476,0
134477,1
134478,0
134480,1
134483,1
134484,1
134489,1
134492,1
134494,0
134502,0
134503,0
134505,0
134511,1
134513,1
134515,0
134516,1
134517,1
134520,1
134522,0
134525,0
134529,0
134530,1
134531,1
134533,1
134534,0
134539,1
134541,0
134543,0
134545,1
134546,0
134549,0
134551,0
134552,0
134553,1
134558,0
134561,1
134562,0
134563,1
134564,0
134565,0
134566,0
134567,0
134568,1
134569,1
134576,0
134580,0
134583,0
134585,1
134586,1
134588,0
134593,1
134596,0
134597,1
134599,1
134600,0
134602,0
134604,0
134609,1
134610,1
134611,1
134613,1
134614,0
134616,1
134618,0
134619,1
134622,1
134624,0
134627,0
134628,1
134630,0
134633,1
134636,1
134637,0
134639,1
134644,1
134645,1
134647,0
134650,0
134652,1
134653,1
134657,0
134663,1
134667,0
134668,1
134673,1
134676,0
134677,0
134682,1
134683,0
134685,1
134686,0
134687,0
134688,1
134690,1
134694,1
134695,1
134699,1
134700,1
134701,1
134703,1
134705,0
134706,1
134707,0
134708,1
134709,1
134710,0
134711,0
134714,1
134716,0
134719,0
134722,0
134723,0
134728,0
134729,0
134730,0
134740,0
134744,0
134745,0
134746,1
134749,0
134750,1
134754,1
134756,1
134758,1
134760,0
134763,0
134766,0
134770,0
134771,0
134778,0
134782,0
134786,0
134790,1
134798,1
134803,1
134807,1
134811,0
134812,0
134813,0
134816,1
134817,0
134823,0
134825,1
134827,0
134828,0
134832,0
134838,0
134840,1
134844,0
134847,0
134849,0
134850,1
134854,0
134857,0
134862,0
134864,0
134865,0
134866,1
134868,1
134871,1
134875,1
134880,1
134887,0
134894,1
134895,0
134896,0
134897,0
134908,1
134913,1
134915,0
134916,0
134920,0
134923,0
134928,0
134930,0
134934,0
134936,0
134944,0
134945,1
134947,1
134953,1
134954,1
134956,0
134959,1
134963,0
134964,0
134974,1
134978,1
134981,1
134985,0
134986,1
134989,1
134993,1
134994,1
134995,1
134996,1
134999,0
135001,0
135010,0
135012,1
135015,1
135019,1
135024,1
135028,1
135031,1
135032,0
135034,1
135040,0
135045,1
135055,1
135056,1
135059,0
135061,0
135065,0
135070,1
135072,1
135074,1
135076,0
135077,1
135078,0
135080,0
135085,1
135087,1
135088,1
135090,0
135092,0
135093,0
135095,1
135100,0
135103,1
135114,0
135116,1
135117,1
135118,1
135119,1
135120,1
135121,0
135122,0
135125,1
135126,0
135127,1
135133,1
135135,1
135137,0
135139,1
135140,0
135143,0
135146,0
135147,0
135150,1
135152,1
135157,0
135162,1
135165,0
135168,0
135169,1
135173,1
135175,1
135178,1
135179,1
135181,1
135182,1
135183,0
135185,0
135188,1
135189,1
135191,0
135194,0
135197,0
135201,0
135203,1
135208,0
135211,1
135213,0
135216,1
135217,1
135223,1
135224,0
135227,1
135230,0
135231,0
135232,1
135233,1
135236,1
135240,0
135242,1
135253,1
135254,1
135257,1
135259,1
135260,0
135261,0
135271,0
135280,1
135281,0
135282,1
135283,1
135290,0
135297,0
135298,0
135300,0
135301,1
135303,1
135304,1
135307,1
135311,0
135313,0
135316,1
135317,1
135318,0
135319,0
135320,1
135321,1
135326,1
135331,1
135332,1
135337,0
135338,0
135341,1
135343,0
135348,1
135350,0
135358,0
135359,1
135364,1
135366,0
135368,0
135369,0
135372,0
135375,0
135379,1
135382,1
135384,0
135386,0
135388,1
135391,1
135392,1
135393,1
135395,0
135396,0
135398,1
135400,0
135401,0
135405,1
135409,1
135410,1
135412,0
135413,1
135416,0
135417,1
135418,0
135421,1
135428,0
135430,0
135433,1
135437,1
135438,1
135440,0
135441,1
135444,1
135446,0
135447,0
135448,0
135449,0
135451,0
135452,0
135454,0
135458,1
135460,1
135465,1
135471,1
135472,0
135478,0
135479,0
135484,0
135486,0
135487,0
135492,1
135494,0
135497,1
135503,1
135504,0
135505,0
135507,1
135508,0
135511,0
135512,0
135515,1
135517,0
135520,1
135524,0
135526,1
135528,1
135529,1
135530,0
135532,0
135533,0
135542,1
135543,0
135545,1
135546,1
135549,1
135550,0
135551,1
135552,1
135555,1
135556,1
135558,1
135560,0
135563,1
135566,1
135567,0
135568,1
135569,1
135571,0
135574,1
135576,0
135577,1
135581,1
135583,0
135585,1
135589,1
135598,0
135599,1
135601,1
135603,0
135604,0
135607,0
135610,1
135617,1
135622,1
135624,0
135630,1
135631,0
135633,0
135634,1
135635,1
135638,1
135641,1
135642,1
135644,0
135651,1
135653,1
135656,0
135657,0
135665,1
135674,1
135675,0
135676,1
135682,1
135683,1
135684,0
135685,0
135686,0
135688,1
135691,1
135694,1
135699,1
135700,1
135701,1
135702,0
135703,0
135707,1
135713,1
135714,0
135717,0
135718,1
135719,1
135720,0
135721,1
135722,0
135727,0
135729,1
135733,1
135734,0
135735,0
135736,1
135738,0
135741,1
135744,1
135745,0
135748,1
135749,0
135750,1
135751,0
135752,0
135755,0
135757,1
135758,1
135759,0
135763,0
135766,1
135769,1
135771,1
135772,1
135778,0
135781,0
135783,1
135784,0
135785,0
135786,1
135796,0
135799,0
135801,0
135803,0
135807,1
135809,1
135811,0
135815,1
135816,1
135817,1
135819,1
135821,1
135823,0
135830,0
135833,1
135834,1
135839,0
135840,0
135843,0
135847,0
135850,1
135852,0
135856,0
135864,1
135865,0
135866,1
135871,0
135872,1
135880,0
135882,0
135883,1
135884,0
135885,1
135887,1
135890,0
135899,1
135903,0
135907,1
135908,1
135910,1
135912,1
135914,0
135920,1
135921,1
135925,0
135928,0
135938,1
135940,1
135946,0
135947,0
135950,0
135955,0
135959,0
135961,1
135965,1
135971,1
135975,1
135976,0
135978,1
135982,0
135983,0
135985,0
135987,0
135989,0
135995,0
135997,1
135998,1
135999,0
136003,1
136006,0
136008,0
136016,1
136017,1
136019,0
136020,1
136025,1
136028,1
136029,1
136030,1
136033,1
136035,1
136036,0
136039,0
136041,1
136042,0
136046,1
136057,1
136059,0
136073,1
136076,1
136081,0
136082,1
136086,1
136090,1
136091,1
136093,1
136100,0
136101,1
136106,1
136110,1
136113,0
136114,0
136115,1
136116,1
136118,1
136120,1
136122,1
136123,0
136125,1
136126,1
136131,1
136135,0
136136,1
136140,0
136148,0
136152,0
136153,1
136156,0
136157,0
136159,1
136161,1
136166,1
136169,1
136172,1
136174,1
136175,1
136178,1
136181,0
136184,1
136188,0
136190,1
136195,0
136200,1
136201,1
136203,0
136205,1
136206,0
136207,1
136208,0
136213,0
136214,1
136215,1
136216,1
136218,0
136220,1
136221,1
136222,1
136226,1
136229,0
136230,1
136231,1
136232,1
136237,1
136243,0
136244,0
136249,1
136251,0
136252,0
136255,0
136258,1
136260,1
136263,0
136264,0
136268,0
136269,1
136270,0
136271,0
136274,0
136276,0
136277,1
136278,1
136280,0
136281,0
136282,0
136292,1
136299,1
136300,1
136303,0
136306,1
136307,1
136309,1
136312,1
136316,1
136323,1
136325,0
136333,0
136336,1
136339,1
136345,1
136349,1
136355,0
136356,0
136359,1
136361,0
136363,1
136364,0
136368,1
136369,0
136370,1
136374,0
136379,1
136380,0
136381,0
136382,1
136383,1
136384,0
136388,1
136390,0
136391,0
136395,1
136398,1
136403,1
136405,0
136412,0
136414,1
136415,1
136416,0
136417,1
136420,0
136429,1
136430,1
136431,1
136433,1
136436,1
136437,0
136440,1
136443,1
136444,1
136450,1
136455,1
136458,1
136464,1
136472,0
136477,1
136479,1
136480,1
136481,1
136483,1
136489,1
136490,1
136494,1
136495,1
136496,1
136498,0
136503,0
136508,0
136512,0
136515,0
136520,1
136522,1
136524,0
136526,1
136531,1
136532,0
136534,1
136535,0
136536,0
136537,1
136538,0
136539,0
136542,1
136544,0
136550,1
136551,1
136553,0
136554,1
136555,1
136557,0
136559,1
136561,1
136562,0
136566,0
136570,1
136574,0
136575,0
136578,1
136579,1
136582,0
136584,1
136586,0
136587,0
136588,0
136592,1
136593,1
136597,0
136598,1
136602,1
136605,0
136611,1
136615,1
136617,1
136621,0
136622,1
136625,1
136626,1
136631,0
136638,1
136640,1
136643,0
136646,1
136647,0
136654,0
136658,1
136661,1
136663,1
136664,0
136667,1
136671,1
136672,0
136673,0
136674,1
136683,0
136685,1
136690,1
136693,0
136695,0
136701,0
136705,1
136706,0
136708,0
136710,0
136716,1
136722,1
136723,1
136731,1
136733,1
136735,1
136737,1
136738,1
136741,0
136744,1
136748,0
136750,0
136751,1
136753,0
136754,0
136755,0
136758,0
136760,0
136762,1
136765,0
136766,0
136768,1
136771,1
136773,1
136774,1
136779,1
136782,0
136783,0
136787,1
136790,1
136793,0
136794,1
136799,0
136804,0
136805,1
136806,0
136808,1
136809,0
136816,1
136818,1
136822,1
136825,0
136829,1
136831,1
136832,0
136833,1
136838,1
136839,1
136843,1
136846,0
136848,0
136850,1
136853,1
136857,0
136863,1
136864,0
136865,1
136867,0
136868,1
136869,1
136870,0
136871,0
136873,1
136879,0
136883,0
136885,1
136887,0
136888,0
136891,1
136897,0
136898,0
136900,0
136904,0
136909,0
136910,1
136912,0
136916,1
136918,1
136919,1
136927,0
136928,0
136930,0
136931,0
136933,1
136934,0
136935,1
136936,1
136937,0
136940,0
136943,1
136944,0
136945,0
136946,0
136951,0
136953,0
136956,1
136958,1
136959,0
136960,0
136963,0
136967,1
136970,0
136974,0
136975,0
136981,1
136983,0
136984,0
136986,1
136988,0
136991,1
137001,0
137003,1
137004,0
137005,1
137008,1
137010,0
137011,0
137012,0
137019,0
137023,0
137026,1
137027,1
137028,0
137029,1
137030,0
137031,1
137032,1
137034,1
137038,0
137039,1
137043,0
137044,0
137046,0
137047,1
137049,0
137050,0
137051,0
137061,1
137066,0
137070,0
137074,1
137076,1
137078,1
137080,1
137081,0
137085,1
137086,0
137097,1
137100,1
137101,0
137105,0
137106,0
137110,0
137112,0
137113,1
137115,0
137117,1
137122,0
137123,1
137127,1
137130,1
137134,0
137136,1
137141,1
137143,1
137147,0
137149,0
137151,1
137156,1
137158,0
137160,0
137171,1
137176,0
137177,0
137178,1
137180,0
137185,0
137186,1
137188,1
137189,1
137191,1
137193,0
137196,0
137197,1
137200,1
137201,1
137202,0
137213,1
137218,1
137220,0
137221,1
137222,0
137223,1
137225,1
137227,0
137228,1
137230,1
137232,1
137233,0
137234,0
137243,1
137245,0
137248,1
137260,1
137261,1
137262,0
137263,1
137266,1
137267,1
137274,0
137276,0
137277,0
137279,1
137281,0
137282,1
137286,0
137287,1
137296,0
137298,0
137299,1
137300,1
137309,1
137312,1
137314,0
137315,0
137317,0
137320,0
137323,0
137326,1
137327,0
137329,1
137332,0
137337,1
137340,0
137343,0
137347,0
137348,0
137350,0
137351,1
137352,0
137356,1
137357,1
137360,0
137362,0
137367,1
137370,0
137373,1
137374,1
137375,0
137381,1
137384,0
137387,1
137391,1
137393,0
137394,1
137397,1
137401,1
137407,0
137409,1
137410,0
137414,1
137415,1
137416,1
137417,0
137418,0
137419,0
137420,0
137423,1
137425,0
137427,1
137428,0
137432,0
137433,0
137435,0
137438,1
137439,0
137440,1
137443,1
137448,0
137449,1
137450,0
137453,1
137454,1
137456,1
137457,0
137458,0
137459,1
137461,0
137464,1
137465,0
137469,1
137473,1
137474,1
137477,0
137482,1
137485,0
137494,1
137495,1
137496,1
137498,1
137504,0
137508,0
137509,0
137511,1
137512,0
137513,1
137518,0
137523,1
137524,1
137534,1
137537,1
137545,1
137547,1
137549,1
137551,0
137555,1
137558,1
137560,0
137563,1
137564,0
137565,0
137566,1
137567,1
137568,1
137578,1
137581,1
137582,1
137584,0
137585,0
137590,0
137591,1
137593,1
137594,1
137598,0
137600,1
137601,0
137604,1
137611,0
137614,0
137616,0
137623,1
137624,0
137629,1
137632,1
137637,0
137638,1
137639,1
137640,1
137642,0
137643,0
137644,0
137646,1
137647,1
137653,0
137654,1
137659,1
137662,1
137667,1
137668,1
137672,0
137674,1
137678,1
137679,1
137685,0
137687,0
137690,0
137691,0
137692,0
137700,0
137703,0
137718,1
137719,1
137720,1
137723,0
137725,1
137726,1
137729,1
137730,1
137733,0
137734,1
137735,1
137739,0
137745,1
137746,0
137748,1
137759,1
137760,0
137763,0
137765,1
137767,1
137769,1
137770,1
137771,1
137772,0
137773,0
137774,0
137776,0
137777,0
137780,1
137781,1
137782,0
137784,0
137790,1
137792,0
137794,0
137796,0
137797,0
137798,1
137801,0
137810,0
137816,1
137817,1
137824,1
137827,1
137828,1
137832,0
137834,1
137839,1
137841,0
137843,0
137845,0
137847,0
137848,0
137851,1
137853,0
137854,0
137856,0
137857,0
137862,1
137864,0
137866,0
137867,1
137868,1
137871,0
137874,1
137877,0
137885,1
137893,1
137894,1
137895,0
137900,1
137901,1
137902,1
137904,1
137906,0
137908,1
137912,1
137914,1
137915,0
137917,1
137918,1
137920,1
137921,1
137922,1
137923,0
137926,0
137929,1
137930,1
137936,0
137939,1
137940,0
137942,0
137944,1
137950,0
137953,1
137954,1
137957,0
137958,1
137959,0
137963,0
137968,1
137970,0
137974,1
137976,0
137977,1
137978,1
137979,1
137980,1
137983,0
137984,1
137992,1
137997,0
137998,1
138003,0
138004,0
138009,1
138010,1
138012,0
138013,1
138014,1
138016,0
138018,0
138030,1
138032,0
138036,1
138040,1
138041,1
138044,1
138046,1
138048,1
138051,1
138053,1
138057,0
138059,1
138061,1
138062,0
138064,0
138065,1
138069,1
138070,1
138078,0
138080,1
138081,1
138086,1
138088,1
138092,0
138093,1
138094,1
138095,1
138097,1
138099,0
138102,1
138103,1
138110,1
138111,0
138112,1
138115,1
138116,0
138117,1
138120,1
138122,1
138124,0
138125,1
138126,0
138127,0
138132,1
138135,0
138142,0
138143,1
138145,0
138150,1
138151,1
138152,0
138158,1
138159,0
138162,1
138163,1
138172,0
138174,1
138175,0
138179,1
138180,1
138181,1
138185,0
138189,0
138192,0
138193,0
138197,1
138198,0
138200,0
138201,0
138202,0
138203,1
138207,1
138208,0
138218,0
138220,1
138221,0
138222,0
138225,0
138226,0
138227,1
138228,1
138229,0
138234,1
138239,1
138240,1
138241,0
138244,0
138247,0
138253,0
138256,1
138263,0
138264,1
138266,0
138267,0
138275,0
138279,1
138282,1
138283,1
138284,1
138287,1
138289,1
138290,0
138291,1
138294,1
138301,1
138305,0
138310,0
138314,0
138315,0
138321,0
138322,0
138324,0
138325,0
138329,0
138333,0
138338,1
138346,1
138348,1
138351,0
138354,1
138357,0
138358,1
138361,1
138362,0
138363,1
138366,1
138369,0
138371,0
138373,1
138374,1
138376,0
138377,0
138382,0
138384,0
138388,1
138391,0
138392,0
138393,0
138394,1
138395,1
138399,0
138404,0
138406,1
138409,1
138413,1
138417,1
138418,1
138419,1
138421,0
138423,1
138424,0
138426,0
138428,1
138429,0
138433,1
138435,0
138436,1
138438,0
138442,1
138443,0
138444,0
138448,1
138449,0
138452,0
138454,0
138459,1
138460,0
138463,0
138464,1
138469,1
138471,0
138473,0
138478,0
138480,0
138482,0
138483,0
138486,0
138487,1
138488,0
138489,1
138492,1
138493,1
138496,0
138497,0
138498,0
138502,1
138505,1
138511,1
138514,0
138516,1
138517,1
138528,1
138532,0
138539,0
138542,1
138544,1
138548,1
138549,1
138550,0
138553,0
138559,0
138567,0
138568,0
138569,1
138574,0
138578,0
138579,0
138583,0
138584,1
138588,0
138590,0
138591,0
138592,1
138593,0
138594,1
138597,1
138600,1
138602,1
138603,1
138606,0
138608,0
138610,0
138612,0
138613,0
138614,0
138622,1
138625,0
138630,0
138633,1
138637,1
138638,1
138639,0
138640,0
138642,1
138643,1
138644,0
138645,0
138647,0
138649,1
138650,1
138651,1
138652,0
138654,0
138655,0
138659,1
138664,0
138665,0
138668,0
138670,0
138674,0
138676,1
138681,1
138683,1
138685,0
138688,0
138690,0
138691,1
138692,1
138695,0
138698,0
138699,1
138701,1
138703,1
138706,0
138707,1
138708,1
138713,1
138714,1
138715,0
138716,1
138719,1
138720,0
138721,0
138725,1
138726,0
138728,1
138730,1
138735,0
138741,0
138743,1
138745,1
138747,1
138750,0
138751,1
138752,0
138753,0
138758,0
138759,0
138761,0
138766,1
138767,1
138768,1
138770,0
138771,1
138772,1
138773,1
138775,1
138780,0
138781,1
138782,0
138783,0
138786,0
138788,0
138793,1
138794,0
138795,0
138797,0
138798,1
138801,1
138802,1
138803,0
138805,1
138806,0
138807,0
138812,0
138817,1
138828,0
138831,1
138832,0
138833,1
138834,0
138838,0
138842,1
138843,1
138846,1
138847,1
138860,0
138863,1
138864,0
138869,0
138870,1
138871,0
138873,0
138875,1
138876,1
138883,0
138885,0
138887,0
138892,1
138893,0
138896,0
138898,1
138899,0
138900,1
138903,1
138906,0
138911,0
138912,0
138913,1
138916,1
138918,1
138919,1
138920,0
138921,0
138925,1
138926,0
138927,0
138928,0
138930,0
138931,0
138934,1
138935,0
138937,0
138943,1
138944,0
138946,1
138948,0
138949,1
138951,1
138953,0
138956,0
138959,0
138960,1
138962,0
138963,0
138966,1
138970,1
138974,1
138976,0
138977,0
138980,1
138981,1
138985,0
138987,0
138990,0
138991,0
138992,0
138996,1
138997,1
139000,1
139003,0
139004,1
139007,0
139009,0
139016,1
139020,0
139023,0
139025,0
139026,0
139027,0
139029,0
139036,1
139037,0
139038,1
139043,1
139045,0
139046,1
139048,1
139050,1
139051,1
139053,0
139055,1
139061,0
139062,1
139063,0
139065,0
139066,1
139070,1
139072,0
139074,1
139077,1
139082,0
139083,1
139084,1
139087,1
139090,0
139091,0
139093,1
139094,0
139097,1
139099,0
139104,0
139114,0
139115,0
139116,0
139124,0
139127,0
139130,1
139131,0
139132,0
139134,0
139135,0
139140,0
139144,1
139147,0
139149,1
139152,0
139153,0
139160,1
139162,0
139163,0
139165,1
139166,0
139167,0
139168,0
139178,0
139180,1
139181,0
139183,1
139185,1
139186,0
139189,0
139191,0
139192,0
139194,1
139199,1
139202,0
139203,1
139204,1
139205,1
139209,0
139210,1
139211,0
139214,1
139215,0
139216,1
139221,1
139224,1
139225,1
139231,1
139232,1
139237,1
139239,1
139240,1
139247,0
139249,1
139254,0
139256,1
139257,0
139258,1
139260,1
139262,1
139265,1
139266,1
139268,1
139273,1
139275,0
139278,0
139281,1
139282,0
139283,1
139289,0
139290,1
139291,0
139293,1
139296,0
139302,1
139304,0
139307,0
139310,1
139315,1
139318,0
139319,1
139323,0
139324,1
139335,0
139337,1
139338,1
139339,0
139341,1
139342,1
139343,0
139350,0
139361,0
139362,1
139364,0
139367,1
139369,1
139375,0
139376,1
139377,0
139381,1
139382,1
139387,1
139390,1
139392,0
139394,0
139397,0
139398,1
139400,0
139401,1
139403,1
139405,1
139406,0
139407,1
139408,0
139411,1
139412,1
139414,1
139420,0
139421,1
139426,0
139435,1
139436,1
139444,1
139447,1
139448,0
139451,0
139464,1
139469,1
139471,0
139472,1
139475,1
139484,0
139486,1
139489,1
139493,1
139496,1
139501,1
139504,1
139505,0
139508,1
139510,1
139511,1
139512,1
139520,0
139521,0
139523,1
139526,0
139529,1
139533,0
139541,0
139544,0
139548,1
139550,0
139556,1
139561,0
139562,0
139563,0
139568,1
139571,1
139573,0
139579,0
139583,1
139585,1
139586,0
139591,1
139592,1
139593,0
139596,0
139597,1
139602,0
139605,1
139607,1
139608,0
139609,0
139615,0
139618,1
139619,1
139622,1
139623,1
139627,0
139628,0
139634,0
139641,1
139642,0
139644,0
139645,0
139646,1
139647,1
139649,1
139651,0
139652,0
139659,0
139661,1
139666,1
139671,1
139672,0
139673,0
139674,1
139675,0
139677,0
139678,0
139688,0
139690,0
139691,1
139693,0
139695,0
139698,1
139701,1
139703,1
139708,1
139710,1
139712,0
139714,1
139715,1
139718,0
139720,0
139723,0
139727,0
139734,0
139738,0
139743,0
139744,0
139745,1
139749,0
139755,1
139757,0
139758,0
139766,1
139769,0
139774,0
139775,1
139776,1
139779,1
139780,0
139782,0
139783,0
139784,1
139787,0
139788,0
139793,0
139794,0
139798,0
139802,0
139809,1
139812,0
139816,1
139817,1
139823,0
139827,0
139828,1
139829,0
139830,0
139831,1
139832,1
139833,0
139834,0
139835,0
139841,0
139843,0
139845,0
139853,1
139854,0
139857,0
139858,0
139859,1
139861,1
139863,0
139865,0
139866,1
139872,0
139874,0
139875,0
139876,0
139877,0
139878,1
139881,1
139884,0
139885,1
139888,0
139890,0
139892,1
139896,1
139897,1
139898,1
139900,0
139901,0
139906,1
139914,1
139916,0
139917,0
139919,1
139920,1
139922,0
139923,0
139927,0
139929,1
139930,1
139931,1
139932,0
139933,0
139939,0
139940,0
139941,1
139942,1
139944,0
139946,0
139947,0
139949,0
139952,1
139956,1
139957,1
139958,1
139960,1
139962,1
139964,0
139965,1
139966,1
139967,1
139968,1
139969,1
139970,0
139973,1
139974,1
139975,0
139976,0
139979,0
139980,1
139981,0
139985,0
139986,1
139987,0
139989,1
139990,1
139991,0
139995,0
139996,0
139997,1
139998,0
140001,0
140002,1
140003,0
140008,0
140009,1
140017,1
140019,0
140020,0
140021,1
140025,1
140026,1
140027,1
140029,0
140033,0
140034,1
140037,1
140038,0
140039,0
140041,1
140045,0
140046,1
140050,1
140051,1
140058,0
140060,0
140061,0
140063,0
140067,1
140070,1
140071,0
140078,1
140079,0
140081,0
140085,0
140086,1
140087,0
140092,1
140097,0
140099,1
140106,1
140108,1
140109,1
140123,1
140125,1
140129,0
140130,1
140132,1
140135,0
140136,1
140137,0
140139,0
140143,0
140144,0
140148,1
140149,0
140153,1
140156,1
140157,0
140158,0
140159,0
140162,1
140163,0
140164,0
140166,1
140169,1
140170,1
140171,1
140173,0
140175,0
140176,1
140191,0
140192,1
140196,1
140202,1
140206,0
140208,0
140210,1
140213,1
140217,1
140218,0
140220,0
140221,1
140222,0
140223,0
140224,0
140225,0
140229,0
140236,1
140238,1
140240,0
140242,0
140245,1
140247,0
140248,0
140251,1
140252,0
140253,1
140254,0
140255,0
140257,1
140258,0
140259,1
140260,1
140263,1
140268,1
140273,0
140274,0
140275,0
140276,0
140277,0
140282,0
140285,1
140286,0
140287,0
140290,0
140293,0
140294,1
140295,0
140296,0
140304,0
140307,0
140308,0
140309,0
140311,1
140313,0
140317,1
140318,1
140319,0
140321,1
140324,0
140326,0
140328,0
140330,0
140333,0
140334,1
140337,1
140338,0
140340,1
140341,1
140342,1
140343,1
140344,0
140346,1
140347,1
140348,0
140352,1
140357,0
140359,0
140361,0
140363,0
140365,0
140367,1
140368,1
140373,0
140376,1
140378,0
140380,0
140383,1
140384,0
140385,0
140388,1
140389,0
140391,0
140392,0
140396,0
140397,0
140401,0
140404,0
140405,0
140407,0
140413,1
140414,0
140424,0
140426,0
140430,0
140431,1
140437,1
140439,1
140443,0
140445,0
140449,0
140450,1
140451,0
140452,0
140464,0
140468,0
140469,0
140473,0
140481,1
140482,1
140488,1
140490,0
140492,0
140495,1
140498,1
140499,0
140502,1
140504,0
140508,1
140509,0
140513,0
140514,0
140515,0
140516,1
140518,0
140522,0
140523,1
140525,1
140526,1
140530,1
140531,0
140540,1
140542,0
140543,0
140546,1
140552,0
140554,1
140555,0
140559,0
140564,0
140565,0
140570,0
140575,0
140576,0
140581,1
140582,0
140584,1
140585,1
140586,0
140587,1
140596,0
140597,0
140598,0
140600,0
140603,1
140606,1
140607,1
140609,1
140612,1
140614,1
140615,1
140616,1
140619,1
140620,0
140621,0
140622,0
140626,0
140629,0
140630,1
140632,0
140634,1
140637,1
140638,0
140639,1
140641,0
140642,0
140645,1
140646,0
140647,1
140648,0
140651,0
140655,0
140658,0
140662,0
140665,1
140667,0
140668,0
140672,0
140673,0
140677,0
140678,0
140679,1
140684,1
140686,1
140688,1
140691,0
140695,0
140698,1
140700,0
140702,0
140704,1
140705,0
140709,0
140711,1
140712,0
140713,0
140716,0
140719,0
140720,0
140725,1
140727,0
140729,0
140732,0
140733,0
140738,1
140739,1
140740,0
140746,0
140747,1
140748,0
140749,0
140750,1
140751,0
140754,0
140757,0
140759,1
140760,1
140764,0
140765,0
140766,0
140767,0
140772,0
140774,0
140775,1
140776,1
140786,0
140787,0
140794,1
140796,1
140798,0
140799,1
140800,1
140802,1
140803,0
140805,1
140809,1
140810,1
140812,0
140817,1
140819,0
140824,0
140825,1
140826,0
140827,1
140828,0
140829,0
140830,0
140833,0
140837,1
140838,0
140841,0
140842,1
140846,0
140847,0
140851,0
140852,1
140854,0
140857,1
140859,0
140860,0
140866,0
140870,0
140875,0
140879,0
140880,1
140881,0
140883,1
140884,0
140887,0
140891,1
140892,1
140898,1
140900,1
140902,0
140903,1
140907,0
140908,0
140911,1
140912,0
140914,1
140921,0
140924,0
140925,1
140928,1
140929,1
140932,0
140935,0
140936,0
140938,1
140940,0
140943,0
140944,0
140948,0
140951,0
140952,1
140954,0
140956,0
140957,0
140960,0
140961,0
140965,1
140966,1
140972,0
140973,1
140976,0
140978,1
140980,1
140984,0
140987,0
140988,1
140989,0
140991,1
140992,1
140995,0
141000,1
141010,0
141013,1
141014,1
141017,0
141019,0
141020,0
141021,0
141023,1
141025,0
141027,0
141028,1
141030,1
141031,1
141037,0
141041,1
141042,1
141044,1
141045,1
141048,1
141050,0
141051,0
141053,1
141059,1
141067,1
141069,1
141070,0
141074,1
141081,0
141083,0
141092,1
141096,1
141097,1
141098,0
141100,0
141101,0
141105,1
141107,1
141108,1
141112,0
141115,0
141116,1
141117,1
141120,1
141122,1
141124,0
141130,0
141131,1
141134,0
141136,0
141140,1
141144,1
141145,1
141146,0
141148,1
141149,0
141151,1
141156,1
141157,0
141160,1
141161,1
141165,1
141166,0
141170,0
141173,0
141176,0
141177,1
141178,1
141179,1
141181,1
141183,0
141185,0
141186,1
141193,0
141196,1
141201,1
141202,0
141204,1
141206,0
141207,1
141214,0
141215,1
141216,0
141218,0
141220,0
141221,1
141227,0
141228,0
141231,1
141234,0
141235,0
141238,1
141239,0
141243,0
141245,0
141247,1
141248,1
141249,1
141250,1
141251,1
141255,1
141256,1
141259,0
141261,0
141263,1
141265,1
141267,1
141273,1
141277,0
141278,0
141279,1
141280,1
141284,1
141289,1
141291,1
141292,1
141295,0
141296,1
141297,1
141298,1
141299,0
141304,1
141305,0
141307,1
141308,1
141313,1
141319,1
141320,1
141323,0
141325,0
141330,0
141331,0
141333,0
141334,0
141335,1
141338,0
141341,1
141342,0
141344,0
141345,1
141347,1
141348,0
141351,1
141354,1
141358,0
141359,1
141362,1
141364,1
141368,0
141370,0
141371,0
141380,1
141381,1
141384,1
141394,1
141399,0
141402,0
141406,1
141408,0
141410,1
141416,1
141417,1
141418,0
141422,1
141423,0
141429,1
141433,1
141434,0
141435,1
141436,1
141440,1
141442,0
141445,1
141446,0
141448,0
141451,1
141452,0
141456,1
141458,1
141459,1
141464,1
141465,1
141467,0
141472,1
141473,1
141476,1
141477,0
141480,1
141481,0
141483,0
141484,0
141485,0
141487,0
141489,0
141491,0
141492,1
141493,1
141500,1
141501,0
141502,0
141504,1
141507,1
141511,0
141514,0
141517,0
141519,0
141523,1
141524,1
141526,1
141527,1
141529,1
141537,1
141538,0
141540,1
141542,1
141546,0
141547,1
141549,0
141551,1
141552,1
141553,0
141555,0
141557,1
141558,0
141561,0
141564,1
141567,0
141570,0
141576,1
141578,0
141579,1
141585,0
141589,0
141591,0
141592,1
141598,1
141599,1
141606,1
141607,1
141616,1
141618,0
141624,0
141625,1
141626,0
141631,0
141632,1
141636,1
141637,1
141643,1
141645,0
141649,1
141655,0
141656,1
141657,1
141658,1
141661,1
141662,1
141667,0
141668,0
141671,0
141672,0
141673,1
141675,1
141676,1
141683,0
141685,1
141686,1
141690,0
141691,1
141692,1
141694,1
141697,1
141698,1
141699,1
141700,1
141701,1
141704,1
141708,1
141709,1
141711,0
141712,1
141715,0
141717,0
141718,0
141719,0
141720,0
141721,0
141730,0
141735,0
141736,0
141737,1
141738,0
141745,0
141749,0
141750,1
141752,0
141754,1
141755,1
141756,0
141757,1
141758,0
141759,1
141760,0
141763,1
141764,0
141765,1
141768,1
141769,1
141771,1
141774,1
141775,1
141776,0
141778,0
141784,1
141786,1
141787,1
141788,1
141789,1
141791,0
141792,1
141798,1
141802,1
141805,1
141817,0
141818,0
141819,1
141820,1
141821,1
141826,1
141828,1
141829,1
141831,0
141832,1
141836,1
141839,1
141841,0
141843,0
141844,0
141845,0
141850,0
141855,1
141858,0
141861,1
141862,1
141865,0
141867,1
141868,0
141874,1
141880,0
141882,0
141889,0
141890,0
141893,1
141895,0
141899,0
141900,0
141901,0
141902,0
141903,0
141905,1
141907,0
141909,1
141912,0
141914,1
141916,1
141921,0
141924,1
141930,1
141931,0
141932,0
141934,1
141935,1
141937,1
141939,0
141940,0
141943,1
141944,1
141946,0
141948,0
141949,1
141951,0
141958,1
141959,1
141962,0
141963,0
141964,0
141966,1
141967,1
141972,1
141973,0
141976,1
141977,1
141979,1
141981,1
141986,0
141988,0
141991,0
141993,1
141995,1
141996,0
141997,0
142005,0
142006,0
142007,1
142010,1
142011,0
142014,1
142015,1
142017,1
142019,0
142020,0
142023,1
142024,1
142026,1
142027,0
142029,0
142034,1
142036,1
142042,1
142045,0
142046,1
142048,0
142051,0
142053,0
142054,0
142057,0
142060,1
142063,0
142065,0
142066,0
142075,0
142077,0
142078,1
142080,0
142086,0
142089,1
142090,0
142097,0
142100,0
142104,0
142105,1
142106,0
142107,1
142114,0
142116,1
142120,1
142121,0
142122,1
142125,0
142127,1
142132,0
142133,0
142134,1
142135,1
142136,1
142137,1
142138,0
142139,1
142140,0
142144,1
142148,1
142150,0
142151,1
142154,0
142158,1
142161,1
142162,0
142167,1
142174,0
142177,0
142178,1
142186,1
142187,0
142188,1
142190,0
142192,1
142193,1
142195,1
142196,1
142200,0
142204,1
142206,1
142211,1
142219,0
142220,1
142221,1
142222,0
142223,1
142226,1
142230,0
142232,0
142238,1
142240,1
142241,1
142245,0
142246,1
142250,1
142251,1
142252,1
142255,1
142256,0
142257,1
142263,1
142265,1
142266,1
142269,1
142270,0
142272,0
142276,1
142279,1
142280,1
142281,1
142288,1
142289,1
142292,1
142293,0
142299,1
142300,1
142301,0
142309,1
142310,0
142316,0
142318,1
142320,0
142321,0
142322,1
142323,0
142326,1
142329,0
142331,1
142333,0
142336,0
142337,0
142339,0
142340,1
142344,1
142345,0
142346,0
142347,1
142348,0
142351,1
142352,1
142354,1
142356,0
142358,0
142372,1
142374,1
142375,0
142378,0
142379,1
142381,0
142383,0
142385,1
142394,1
142396,0
142400,0
142403,0
142405,1
142406,0
142408,1
142409,1
142411,1
142415,1
142416,1
142417,0
142420,1
142421,0
142423,1
142428,0
142429,1
142434,1
142436,0
142438,0
142443,1
142444,1
142446,0
142448,0
142449,1
142451,0
142454,0
142461,0
142463,0
142467,0
142468,0
142470,1
142475,1
142476,1
142477,1
142482,0
142483,0
142489,0
142491,0
142492,0
142494,0
142496,1
142497,1
142498,1
142499,0
142509,1
142512,0
142516,0
142518,1
142522,1
142523,0
142531,0
142533,1
142535,1
142536,0
142538,0
142539,0
142542,1
142551,0
142553,1
142555,1
142562,0
142563,0
142565,1
142570,1
142572,0
142573,0
142575,1
142576,0
142582,0
142583,0
142588,0
142592,0
142593,0
142594,1
142601,0
142602,1
142603,0
142605,0
142606,1
142607,1
142617,0
142618,0
142622,1
142624,0
142628,1
142633,0
142645,0
142649,0
142651,0
142653,1
142657,0
142658,1
142660,1
142662,0
142664,1
142665,1
142666,0
142669,1
142671,0
142672,1
142673,0
142682,0
142684,1
142685,1
142691,0
142693,1
142697,1
142698,0
142702,0
142703,1
142711,1
142712,0
142713,0
142714,0
142715,0
142717,1
142720,1
142721,0
142729,1
142730,1
142733,0
142737,0
142738,1
142749,1
142750,1
142751,1
142757,1
142758,1
142763,1
142764,0
142774,0
142775,1
142777,1
142778,1
142782,0
142785,1
142788,1
142791,0
142794,1
142798,1
142805,0
142806,0
142807,1
142809,1
142812,0
142815,0
142816,0
142817,1
142821,0
142829,1
142830,0
142831,0
142832,1
142834,0
142842,1
142843,0
142847,1
142854,0
142858,1
142862,0
142865,0
142866,0
142868,1
142874,1
142876,0
142877,0
142885,1
142887,0
142889,1
142893,1
142897,0
142898,1
142899,0
142906,0
142907,1
142909,0
142910,0
142916,1
142917,0
142918,0
142920,1
142922,0
142927,1
142930,1
142931,0
142932,1
142933,1
142939,0
142947,0
142950,0
142953,1
142958,1
142960,0
142964,0
142965,1
142966,1
142967,0
142970,0
142972,1
142974,1
142976,1
142978,0
142983,1
142984,1
142990,1
142991,0
142993,0
142994,0
143001,0
143002,0
143003,1
143004,0
143006,1
143009,0
143010,0
143011,1
143016,0
143017,1
143018,1
143021,1
143022,1
143023,1
143024,0
143026,1
143028,1
143029,0
143030,0
143031,0
143037,0
143038,0
143045,1
143046,0
143049,1
143052,1
143053,1
143054,0
143056,0
143057,0
143061,1
143063,1
143067,0
143068,0
143069,1
143073,1
143074,1
143079,0
143083,0
143085,1
143086,1
143088,0
143089,0
143090,1
143091,0
143096,0
143100,0
143103,1
143106,1
143110,0
143111,0
143112,1
143114,1
143116,1
143117,1
143118,0
143119,1
143120,1
143124,1
143126,1
143130,0
143134,1
143137,1
143139,1
143143,1
143144,1
143146,0
143147,0
143148,1
143149,1
143153,1
143154,0
143160,0
143164,0
143166,1
143168,0
143169,0
143170,1
143172,0
143173,1
143174,1
143175,0
143176,0
143186,0
143188,1
143191,1
143193,1
143194,0
143196,1
143198,0
143210,1
143213,1
143217,0
143218,0
143221,1
143224,0
143225,1
143227,0
143230,0
143232,1
143233,0
143235,1
143242,0
143244,1
143245,0
143257,0
143260,1
143263,1
143264,1
143266,1
143267,1
143269,1
143271,0
143272,0
143275,0
143276,1
143277,0
143279,0
143281,1
143283,1
143287,0
143288,1
143289,0
143290,0
143292,1
143293,0
143294,0
143296,0
143302,0
143303,0
143304,1
143312,0
143313,0
143316,0
143318,1
143319,0
143320,0
143321,1
143325,1
143326,0
143332,1
143333,1
143334,0
143336,1
143337,1
143340,1
143343,0
143346,1
143350,1
143351,0
143353,0
143355,0
143358,1
143361,1
143363,0
143364,0
143365,0
143367,1
143369,1
143374,1
143375,1
143376,1
143381,1
143383,0
143384,1
143385,0
143393,0
143398,1
143400,0
143401,1
143403,0
143405,0
143410,0
143413,0
143417,0
143423,0
143437,0
143440,0
143441,0
143442,1
143443,1
143452,1
143454,0
143455,1
143457,1
143467,1
143468,0
143472,1
143475,1
143476,0
143478,0
143480,0
143481,0
143486,0
143487,0
143488,0
143489,1
143491,0
143492,0
143493,1
143495,1
143502,1
143509,1
143511,1
143517,1
143519,0
143520,1
143521,1
143529,1
143532,1
143533,0
143536,0
143538,0
143539,1
143540,1
143541,0
143543,1
143545,1
143546,0
143547,0
143549,1
143553,1
143563,1
143564,0
143565,0
143566,1
143567,1
143572,1
143573,1
143574,0
143577,0
143579,0
143580,0
143582,0
143583,1
143584,0
143585,0
143586,0
143589,1
143591,0
143592,1
143594,0
143595,1
143596,1
143598,0
143600,1
143603,0
143605,1
143607,1
143610,1
143611,1
143614,0
143615,1
143617,0
143623,1
143625,0
143628,1
143630,0
143631,1
143633,0
143634,0
143637,1
143639,1
143640,1
143642,0
143646,1
143648,1
143649,0
143652,1
143653,1
143654,0
143655,1
143658,0
143660,1
143661,1
143663,1
143664,0
143667,0
143668,0
143669,0
143671,1
143673,1
143682,1
143683,1
143685,0
143693,0
143694,0
143697,0
143698,1
143699,0
143700,1
143704,1
143708,1
143709,1
143711,1
143719,1
143720,1
143722,1
143724,0
143725,1
143726,0
143731,0
143737,0
143738,0
143740,0
143741,1
143745,0
143754,1
143756,1
143757,1
143760,1
143763,0
143766,1
143767,1
143768,0
143769,1
143774,1
143776,1
143777,0
143778,0
143779,0
143780,1
143784,1
143785,0
143786,0
143788,1
143791,1
143792,0
143793,1
143797,1
143798,1
143800,0
143801,0
143802,1
143803,0
143807,1
143809,0
143811,1
143813,1
143823,1
143824,1
143825,1
143828,1
143830,1
143831,0
143832,0
143835,0
143841,0
143843,0
143844,0
143847,1
143849,1
143851,1
143853,1
143854,0
143856,0
143858,1
143862,1
143863,1
143864,1
143865,1
143867,1
143872,1
143873,0
143875,1
143879,0
143880,1
143882,1
143883,0
143885,1
143886,1
143887,0
143892,1
143895,0
143901,1
143905,0
143906,1
143909,1
143910,0
143911,1
143913,0
143914,0
143916,1
143922,0
143923,1
143926,1
143929,1
143930,0
143931,1
143936,1
143937,0
143939,0
143946,0
143953,1
143954,0
143958,1
143959,0
143960,1
143963,1
143964,0
143965,1
143966,0
143967,0
143970,1
143976,0
143978,0
143980,1
143981,0
143983,0
143985,0
143986,1
143987,0
143989,1
143993,1
143996,1
143997,0
144003,0
144010,1
144016,1
144018,1
144020,1
144021,0
144027,1
144030,1
144031,1
144037,0
144040,1
144044,0
144045,1
144046,1
144051,0
144054,0
144056,0
144058,1
144061,0
144064,0
144073,0
144076,1
144078,0
144081,1
144084,0
144089,0
144091,0
144093,0
144095,1
144096,1
144099,1
144100,0
144103,0
144107,0
144112,1
144113,0
144114,1
144117,1
144118,1
144122,0
144123,0
144124,0
144125,1
144126,1
144127,1
144129,0
144136,1
144153,0
144154,0
144155,1
144156,1
144158,1
144162,0
144164,0
144166,0
144170,0
144175,1
144177,1
144180,1
144182,0
144189,0
144192,1
144193,1
144195,0
144196,1
144197,0
144200,0
144201,0
144207,0
144210,1
144216,1
144217,1
144219,1
144226,1
144227,1
144229,1
144232,0
144237,1
144238,1
144242,1
144244,1
144245,0
144247,1
144254,1
144255,1
144257,0
144262,0
144263,0
144264,1
144266,0
144270,0
144271,0
144272,0
144274,0
144277,1
144278,1
144282,0
144283,1
144287,0
144291,1
144292,0
144293,0
144294,1
144299,1
144300,1
144301,1
144304,0
144305,0
144306,1
144307,1
144308,0
144309,0
144315,0
144319,0
144334,0
144336,0
144337,1
144339,0
144347,1
144352,0
144353,1
144357,0
144359,1
144363,1
144364,1
144368,1
144372,0
144373,1
144375,1
144378,0
144380,1
144381,1
144382,1
144386,0
144387,0
144388,0
144389,0
144390,0
144395,1
144398,0
144399,0
144400,0
144401,0
144402,0
144403,0
144406,1
144410,0
144412,0
144413,1
144416,0
144420,0
144422,0
144424,1
144425,1
144428,0
144429,1
144432,1
144433,0
144437,0
144439,1
144441,0
144445,0
144448,1
144449,0
144450,0
144454,1
144457,0
144458,0
144459,0
144467,1
144474,1
144476,1
144477,0
144478,0
144481,1
144483,0
144484,1
144485,1
144486,1
144487,0
144488,1
144492,1
144496,1
144497,0
144500,0
144501,1
144504,0
144505,1
144507,1
144510,0
144511,1
144516,0
144519,1
144521,0
144531,0
144532,0
144537,1
144538,0
144541,0
144544,0
144545,1
144550,0
144552,1
144553,0
144561,1
144562,0
144563,0
144564,1
144566,1
144568,0
144569,1
144576,0
144585,1
144588,1
144597,0
144603,1
144607,0
144612,1
144614,1
144617,1
144618,1
144625,0
144627,1
144629,0
144630,0
144631,1
144632,0
144638,0
144640,1
144641,1
144642,0
144645,0
144646,0
144649,1
144652,0
144659,0
144660,0
144663,1
144667,0
144669,0
144673,1
144674,0
144675,0
144679,0
144686,1
144689,1
144690,1
144693,0
144697,0
144699,1
144701,1
144706,1
144707,0
144708,0
144709,1
144713,0
144716,1
144718,1
144724,1
144725,1
144726,1
144727,0
144729,1
144730,0
144731,1
144734,1
144737,1
144739,1
144745,0
144746,1
144747,1
144748,1
144755,0
144756,1
144759,0
144761,1
144765,1
144767,0
144775,0
144776,0
144778,0
144779,1
144783,0
144788,1
144789,1
144791,0
144801,1
144802,1
144804,1
144810,1
144812,1
144815,1
144824,1
144828,1
144831,0
144835,1
144840,1
144843,1
144844,1
144848,1
144851,1
144853,1
144854,1
144855,1
144856,0
144862,0
144863,1
144864,0
144866,1
144867,0
144869,0
144870,0
144872,0
144874,0
144876,1
144879,1
144881,1
144886,0
144889,1
144893,1
144895,1
144896,0
144898,0
144900,0
144901,1
144908,1
144910,1
144912,1
144913,0
144917,0
144918,0
144920,0
144922,1
144924,1
144926,1
144928,1
144929,0
144930,0
144931,0
144932,0
144933,1
144934,0
144937,1
144939,0
144942,0
144945,0
144949,0
144956,1
144957,1
144959,1
144960,1
144964,0
144965,1
144977,1
144980,0
144983,1
144984,0
144986,0
144988,1
144993,0
144996,1
144998,0
145006,1
145008,0
145009,1
145011,0
145012,0
145014,0
145017,1
145019,0
145020,1
145024,0
145031,0
145033,1
145037,0
145041,1
145043,0
145044,1
145045,0
145047,1
145048,1
145049,1
145051,1
145054,0
145056,0
145057,1
145058,1
145060,0
145061,1
145062,1
145063,0
145065,0
145066,1
145068,1
145070,1
145071,1
145076,1
145078,1
145083,1
145085,0
145086,1
145092,0
145094,1
145095,1
145096,1
145099,1
145101,1
145102,0
145103,0
145105,1
145106,0
145107,0
145109,0
145112,0
145116,0
145117,1
145124,0
145129,1
145132,0
145136,1
145137,1
145142,1
145143,0
145147,0
145149,1
145150,0
145152,0
145155,0
145161,1
145162,0
145163,0
145165,1
145166,1
145167,1
145168,0
145169,0
145170,1
145171,1
145174,0
145179,1
145181,1
145182,1
145184,1
145185,1
145187,1
145192,0
145194,1
145198,1
145199,0
145200,0
145201,0
145202,0
145203,0
145205,0
145206,1
145210,0
145212,1
145213,0
145214,0
145216,1
145217,0
145219,1
145221,1
145222,1
145223,1
145225,0
145228,1
145230,0
145231,1
145232,0
145233,0
145236,0
145237,1
145238,0
145240,0
145243,0
145245,0
145246,0
145248,1
145250,0
145252,1
145259,1
145260,0
145261,1
145262,0
145264,0
145265,0
145267,0
145269,1
145270,0
145272,0
145273,1
145275,0
145282,1
145284,1
145285,1
145288,1
145290,1
145293,1
145296,1
145297,0
145300,0
145306,0
145308,0
145309,0
145310,0
145312,1
145313,1
145315,1
145317,1
145320,1
145321,1
145323,0
145326,1
145327,1
145328,1
145332,1
145335,0
145340,1
145341,1
145342,0
145343,0
145345,1
145349,0
145350,0
145354,0
145355,1
145356,0
145358,1
145359,0
145360,0
145362,0
145363,0
145365,1
145372,0
145376,0
145380,1
145381,1
145382,0
145389,0
145391,0
145395,0
145397,0
145402,0
145404,1
145408,0
145409,1
145410,0
145413,1
145418,1
145420,1
145422,0
145425,1
145426,0
145427,0
145428,1
145429,1
145430,0
145433,0
145436,0
145441,1
145444,0
145446,0
145447,0
145455,1
145456,1
145457,0
145458,0
145459,0
145460,0
145461,0
145463,1
145464,1
145465,0
145466,0
145474,0
145478,0
145479,0
145480,1
145481,0
145484,0
145489,0
145490,0
145492,1
145493,0
145494,1
145497,0
145499,1
145506,1
145507,1
145508,0
145510,0
145514,1
145515,0
145517,0
145521,1
145523,0
145526,1
145530,0
145532,1
145533,1
145535,0
145537,0
145538,0
145540,0
145543,0
145551,1
145552,1
145559,1
145563,1
145566,1
145568,1
145569,0
145575,0
145581,0
145584,0
145586,0
145587,1
145595,0
145597,0
145599,1
145600,1
145601,0
145604,0
145605,0
145607,0
145608,1
145610,1
145612,1
145614,1
145616,1
145618,0
145620,0
145623,1
145627,0
145631,0
145633,0
145635,1
145641,0
145643,0
145645,1
145646,0
145647,0
145648,1
145650,0
145651,0
145652,0
145653,0
145654,0
145657,1
145660,0
145661,0
145663,0
145664,1
145667,1
145669,0
145670,0
145673,1
145675,0
145676,1
145681,1
145683,1
145684,1
145685,1
145686,0
145688,1
145692,0
145693,1
145696,1
145697,1
145698,1
145699,0
145700,1
145701,0
145704,1
145707,0
145708,1
145710,0
145714,1
145716,1
145718,0
145721,0
145722,0
145724,0
145726,1
145731,1
145732,1
145733,0
145735,0
145739,1
145740,0
145741,0
145746,0
145749,0
145763,0
145765,0
145771,1
145772,1
145773,0
145774,0
145777,0
145780,0
145782,1
145786,1
145788,0
145792,0
145793,1
145799,1
145801,0
145808,1
145809,0
145811,0
145814,0
145816,0
145824,0
145830,1
145840,0
145843,1
145844,0
145845,1
145846,1
145848,0
145850,1
145855,0
145857,0
145860,0
145868,1
145871,1
145874,1
145880,1
145882,0
145891,0
145892,0
145894,0
145895,1
145897,1
145904,0
145910,0
145912,0
145914,1
145915,0
145918,1
145920,1
145921,1
145922,0
145923,0
145925,1
145926,0
145932,1
145938,0
145939,1
145944,0
145945,0
145948,0
145950,0
145951,0
145955,0
145962,1
145967,1
145969,1
145970,1
145973,1
145974,1
145979,0
145983,0
145985,0
145987,1
145989,0
145992,0
145994,0
145996,0
145998,1
145999,1
146000,1
146002,1
146008,0
146011,0
146013,1
146015,1
146023,0
146025,0
146027,0
146028,1
146033,1
146036,0
146038,1
146040,1
146045,1
146049,1
146053,0
146054,0
146055,1
146058,0
146059,0
146061,1
146062,1
146064,1
146067,1
146071,0
146074,1
146075,1
146076,1
146079,0
146080,1
146081,0
146085,1
146087,1
146093,1
146095,0
146097,0
146104,1
146106,0
146107,1
146110,0
146111,1
146114,0
146117,0
146118,0
146119,1
146121,1
146122,0
146123,0
146127,1
146130,1
146132,0
146134,1
146136,0
146138,1
146139,0
146145,0
146147,1
146149,1
146151,1
146153,1
146158,0
146160,1
146161,1
146162,0
146171,0
146173,0
146175,0
146176,0
146180,1
146181,1
146185,0
146189,0
146190,1
146191,1
146193,0
146195,1
146198,0
146203,0
146204,0
146212,0
146213,1
146214,1
146215,0
146216,1
146217,0
146220,0
146224,1
146229,1
146232,1
146234,1
146236,0
146239,0
146241,1
146242,0
146243,0
146249,0
146254,0
146256,0
146257,0
146258,1
146260,0
146261,1
146262,1
146263,1
146264,0
146265,0
146279,0
146280,1
146282,0
146286,1
146289,1
146292,0
146293,0
146294,0
146302,0
146303,0
146308,0
146311,0
146312,0
146317,0
146318,0
146320,1
146321,1
146322,1
146324,0
146325,1
146327,1
146329,1
146332,0
146334,0
146335,0
146336,1
146339,0
146341,0
146344,1
146347,1
146351,1
146358,0
146359,0
146363,1
146366,1
146370,0
146373,0
146374,0
146376,1
146379,1
146382,1
146385,1
146390,1
146393,0
146394,1
146395,0
146396,0
146397,0
146398,1
146399,0
146400,1
146403,1
146407,0
146410,0
146412,1
146413,0
146416,0
146417,0
146418,1
146420,1
146421,1
146426,0
146428,1
146429,0
146430,0
146435,0
146436,0
146439,1
146440,1
146443,0
146446,0
146451,0
146454,1
146456,1
146457,1
146458,0
146462,1
146464,0
146465,0
146467,0
146469,0
146470,0
146471,1
146472,1
146475,0
146478,0
146480,1
146481,0
146483,1
146485,0
146489,1
146490,1
146491,0
146498,0
146499,1
146500,0
146501,1
146505,1
146507,1
146511,1
146515,0
146519,1
146520,0
146525,1
146532,0
146537,0
146538,1
146539,1
146540,0
146542,1
146556,0
146557,0
146558,1
146559,0
146561,0
146562,0
146563,0
146564,0
146567,1
146568,0
146569,0
146570,1
146572,0
146573,1
146575,0
146578,1
146580,0
146581,1
146583,0
146587,1
146591,1
146594,1
146595,1
146596,0
146597,0
146599,0
146602,0
146603,0
146605,1
146606,0
146612,1
146615,0
146617,1
146620,1
146623,0
146624,1
146626,0
146627,0
146628,0
146629,0
146633,0
146639,1
146640,1
146644,0
146645,1
146650,1
146651,1
146652,1
146655,0
146656,1
146657,0
146668,1
146669,1
146676,1
146681,0
146687,0
146688,0
146691,1
146692,1
146694,1
146695,0
146699,1
146700,0
146701,1
146703,0
146704,1
146705,0
146707,0
146708,0
146711,0
146716,0
146718,0
146720,1
146724,0
146725,0
146726,1
146727,0
146728,1
146729,1
146735,0
146737,1
146739,1
146742,1
146745,0
146747,0
146749,1
146753,1
146755,1
146758,0
146759,0
146761,1
146764,1
146766,0
146767,0
146768,0
146774,1
146775,1
146776,1
146777,1
146779,1
146780,0
146781,1
146783,1
146784,0
146789,1
146794,0
146796,1
146801,0
146802,1
146803,0
146804,0
146805,0
146809,0
146811,1
146819,0
146820,1
146821,0
146824,1
146825,1
146826,0
146828,0
146829,1
146830,1
146834,1
146844,0
146845,1
146847,0
146848,1
146852,1
146853,0
146856,1
146857,1
146858,1
146859,0
146867,1
146868,1
146871,1
146872,1
146875,0
146876,1
146877,1
146880,1
146881,0
146886,1
146889,0
146894,0
146895,0
146897,1
146902,1
146905,0
146906,0
146907,1
146916,1
146919,0
146922,0
146923,0
146925,1
146926,0
146927,1
146928,1
146930,0
146940,1
146941,1
146944,1
146947,0
146951,0
146953,1
146954,0
146958,0
146959,0
146963,1
146969,0
146970,1
146974,1
146976,1
146981,1
146982,0
146987,1
146989,0
146990,1
146992,1
146993,0
146995,0
146996,1
146997,0
146998,1
147002,0
147004,1
147010,0
147013,1
147014,1
147015,1
147018,1
147024,0
147026,1
147028,0
147040,0
147042,1
147046,0
147055,0
147060,1
147061,1
147063,0
147065,0
147066,0
147069,1
147070,0
147072,0
147075,1
147079,0
147084,0
147091,1
147100,1
147103,1
147107,0
147111,0
147118,1
147119,1
147123,1
147126,1
147127,1
147129,0
147133,0
147135,0
147145,1
147147,1
147151,0
147156,1
147159,0
147160,0
147161,1
147164,0
147165,0
147166,1
147171,1
147172,1
147173,1
147174,1
147180,1
147185,1
147188,0
147190,1
147194,1
147197,1
147200,0
147203,0
147204,0
147208,0
147212,0
147214,1
147215,0
147216,0
147226,1
147227,0
147229,0
147234,1
147235,0
147237,0
147240,1
147245,0
147248,1
147250,1
147252,1
147255,0
147258,1
147261,0
147265,0
147266,0
147267,0
147268,0
147270,0
147275,1
147277,0
147279,0
147281,1
147283,1
147284,0
147289,1
147293,0
147295,0
147296,1
147309,1
147311,1
147314,0
147317,0
147320,0
147321,1
147322,1
147327,1
147329,0
147331,0
147332,0
147335,0
147337,1
147338,1
147339,1
147345,0
147349,0
147354,0
147358,1
147364,1
147367,0
147371,0
147373,1
147374,0
147378,1
147382,1
147383,0
147384,0
147385,0
147386,1
147388,0
147393,0
147394,0
147396,0
147397,1
147398,1
147402,1
147405,0
147410,1
147412,0
147414,0
147419,1
147422,0
147423,0
147425,0
147428,0
147430,1
147432,0
147434,0
147439,1
147447,0
147450,0
147454,1
147455,0
147456,1
147460,0
147463,0
147465,0
147466,0
147470,0
147473,0
147478,0
147482,1
147486,1
147489,0
147490,1
147493,0
147499,1
147501,1
147502,1
147505,1
147506,1
147510,1
147511,0
147515,1
147516,0
147518,0
147526,0
147527,1
147528,1
147531,1
147532,0
147533,1
147535,0
147536,1
147539,0
147540,0
147542,0
147543,0
147544,0
147545,1
147547,0
147549,0
147552,1
147553,0
147555,0
147557,0
147559,1
147560,1
147561,1
147566,0
147569,1
147570,0
147571,0
147572,0
147573,0
147577,1
147578,0
147579,0
147582,0
147585,0
147587,0
147590,0
147593,0
147598,0
147599,1
147600,0
147601,1
147602,0
147603,1
147604,1
147609,0
147612,0
147614,0
147615,0
147618,1
147620,1
147621,0
147622,1
147623,1
147628,0
147630,0
147632,1
147633,0
147635,1
147636,0
147643,0
147647,0
147649,0
147651,1
147654,1
147656,0
147657,1
147659,1
147661,0
147667,0
147668,1
147669,0
147671,0
147673,0
147677,1
147678,1
147682,1
147684,0
147686,1
147688,0
147698,0
147699,1
147707,1
147708,0
147711,1
147715,0
147716,0
147718,1
147720,0
147721,0
147723,1
147732,0
147734,1
147735,0
147736,0
147738,1
147741,0
147742,0
147743,1
147746,0
147747,0
147753,0
147754,0
147755,1
147758,1
147763,1
147764,0
147766,1
147771,1
147775,0
147776,1
147779,1
147783,0
147786,1
147793,1
147795,0
147807,0
147811,0
147812,0
147813,0
147814,1
147816,0
147819,1
147820,0
147826,1
147828,0
147829,0
147842,1
147845,1
147850,0
147851,1
147853,1
147854,0
147855,1
147856,1
147858,0
147861,0
147866,0
147869,0
147871,0
147874,0
147875,0
147880,0
147881,1
147882,1
147883,1
147888,1
147889,1
147891,1
147892,0
147893,0
147896,1
147897,1
147900,1
147901,1
147904,1
147908,1
147912,1
147916,1
147921,0
147922,1
147923,1
147925,1
147926,1
147929,0
147940,1
147941,0
147948,1
147949,0
147951,1
147953,1
147955,0
147959,1
147961,0
147965,1
147967,1
147968,1
147969,0
147974,0
147977,1
147980,0
147981,0
147984,0
147987,1
147996,1
147997,1
147998,0
148000,0
148001,0
148002,1
148003,1
148004,0
148005,0
148007,0
148008,0
148012,0
148013,1
148016,0
148021,0
148022,1
148023,1
148024,1
148026,0
148028,0
148030,1
148032,0
148033,1
148034,1
148035,1
148037,1
148039,1
148040,0
148041,0
148044,1
148045,1
148049,0
148050,0
148051,1
148053,1
148054,1
148055,0
148056,0
148058,0
148059,0
148060,1
148062,0
148070,0
148076,1
148079,1
148080,0
148081,1
148087,1
148088,0
148089,1
148091,0
148095,0
148096,1
148099,0
148100,1
148104,1
148105,1
148116,1
148118,0
148121,0
148122,1
148124,0
148125,1
148130,1
148131,0
148132,0
148144,1
148145,0
148147,0
148152,1
148154,1
148159,0
148161,1
148162,0
148165,1
148166,0
148171,0
148172,0
148175,0
148176,1
148179,0
148180,0
148181,1
148184,1
148186,0
148187,1
148190,1
148192,1
148196,0
148197,1
148198,1
148199,0
148200,0
148201,1
148203,1
148204,0
148205,1
148207,0
148211,0
148213,0
148215,0
148220,0
148223,0
148229,1
148231,0
148232,0
148233,1
148234,0
148235,0
148237,1
148240,0
148244,1
148246,1
148248,1
148251,0
148254,1
148255,1
148256,0
148257,1
148259,1
148265,1
148268,0
148273,0
148276,0
148277,1
148279,1
148281,0
148282,1
148283,1
148290,1
148291,1
148294,1
148295,1
148296,1
148302,0
148305,1
148308,0
148310,1
148311,1
148312,0
148314,1
148316,0
148318,0
148321,0
148326,1
148327,1
148329,1
148331,0
148333,0
148334,0
148336,0
148339,0
148340,1
148341,0
148342,1
148347,0
148353,0
148355,1
148363,0
148367,1
148369,1
148371,1
148372,0
148375,0
148377,1
148378,0
148379,0
148383,0
148385,1
148386,0
148387,0
148388,0
148395,1
148397,0
148399,1
148401,1
148402,1
148406,0
148408,0
148410,0
148411,1
148416,0
148417,0
148418,0
148422,1
148428,1
148430,1
148435,0
148438,1
148439,0
148441,1
148442,1
148444,1
148450,0
148452,0
148453,0
148455,0
148456,1
148457,1
148458,1
148460,1
148464,1
148465,1
148469,0
148473,0
148475,0
148478,1
148482,1
148483,1
148485,0
148490,1
148491,0
148493,0
148494,1
148496,0
148499,1
148501,1
148504,0
148505,1
148508,1
148510,1
148513,1
148514,1
148515,0
148517,1
148527,0
148535,0
148536,1
148539,1
148540,0
148543,0
148546,1
148547,0
148550,0
148555,0
148557,1
148561,0
148564,0
148572,0
148573,1
148578,0
148582,1
148583,0
148585,0
148586,0
148588,1
148592,0
148593,1
148594,0
148599,1
148600,1
148607,0
148611,1
148612,0
148614,1
148615,0
148618,1
148619,0
148621,0
148623,0
148625,0
148626,1
148630,0
148631,0
148632,1
148633,1
148634,0
148635,1
148637,0
148638,1
148639,0
148642,0
148643,0
148647,1
148650,0
148651,0
148652,0
148655,0
148657,1
148658,1
148660,0
148663,0
148667,1
148672,1
148676,1
148680,0
148682,1
148685,1
148690,1
148692,1
148693,1
148695,0
148698,1
148702,1
148704,1
148705,1
148706,1
148707,1
148710,0
148711,1
148715,0
148717,1
148724,1
148726,1
148730,1
148731,1
148733,1
148740,1
148747,1
148751,0
148752,1
148755,1
148758,1
148765,0
148768,1
148769,0
148772,0
148773,0
148774,1
148776,0
148777,0
148779,0
148780,1
148784,0
148785,1
148786,1
148788,0
148795,0
148799,0
148801,1
148805,0
148809,1
148810,0
148813,0
148816,1
148817,1
148818,1
148820,1
148824,1
148825,0
148826,0
148827,1
148829,0
148830,1
148831,1
148832,0
148835,1
148836,1
148838,1
148840,1
148841,0
148842,1
148843,1
148854,1
148857,0
148862,0
148867,0
148869,1
148870,1
148879,1
148880,1
148882,0
148883,0
148887,0
148894,1
148902,1
148904,1
148905,0
148906,0
148908,1
148909,0
148910,1
148911,0
148912,1
148917,0
148920,1
148921,1
148922,1
148925,1
148926,1
148927,0
148928,0
148929,1
148931,1
148936,1
148938,1
148942,0
148943,0
148945,0
148946,1
148948,1
148949,0
148950,0
148953,0
148954,1
148956,0
148958,0
148961,0
148963,0
148965,0
148966,0
148973,1
148974,0
148975,0
148979,1
148980,1
148981,1
148982,1
148984,0
148987,1
148993,1
148996,1
148997,1
148998,1
149006,1
149010,0
149011,1
149014,1
149015,0
149016,0
149017,1
149018,1
149021,0
149023,0
149026,0
149030,1
149031,1
149033,1
149034,1
149038,1
149039,0
149040,1
149041,0
149046,1
149056,1
149057,1
149058,1
149060,1
149061,1
149062,0
149064,1
149066,1
149067,1
149071,0
149072,1
149073,0
149078,1
149079,1
149083,1
149085,0
149086,1
149088,1
149092,1
149094,1
149100,0
149101,1
149102,0
149106,0
149110,1
149111,1
149112,0
149116,1
149117,1
149118,1
149119,1
149120,0
149122,0
149123,0
149125,1
149129,1
149133,1
149136,0
149144,1
149145,0
149147,0
149148,0
149150,1
149152,1
149156,1
149157,1
149159,1
149165,1
149169,1
149170,1
149172,1
149174,1
149178,0
149179,0
149180,0
149185,1
149187,0
149193,1
149197,0
149200,1
149205,1
149206,1
149212,0
149215,1
149216,1
149218,1
149222,1
149224,1
149232,1
149233,1
149235,0
149236,0
149237,0
149239,1
149240,0
149241,0
149242,1
149250,1
149253,0
149254,0
149256,0
149257,0
149260,1
149262,1
149263,0
149264,1
149265,0
149268,1
149269,0
149270,1
149271,1
149273,1
149277,0
149279,0
149282,0
149289,0
149295,0
149297,1
149299,0
149301,1
149306,0
149313,0
149315,1
149316,1
149317,1
149319,1
149320,1
149321,1
149324,0
149325,0
149326,1
149329,0
149330,1
149332,1
149333,0
149339,1
149340,0
149341,1
149342,1
149347,0
149349,1
149353,0
149356,1
149358,0
149359,0
149360,0
149361,1
149362,0
149365,0
149366,1
149367,1
149368,0
149370,0
149372,0
149373,0
149378,0
149379,0
149382,1
149386,1
149395,1
149405,1
149408,1
149409,0
149412,0
149414,1
149415,0
149420,1
149422,0
149424,1
149425,0
149427,0
149429,0
149433,1
149435,1
149437,0
149438,1
149442,1
149443,0
149446,1
149449,0
149452,0
149455,0
149457,0
149465,0
149466,1
149469,1
149470,0
149473,0
149474,1
149476,0
149478,1
149479,0
149481,0
149482,1
149484,0
149489,0
149490,0
149504,1
149506,0
149507,1
149508,1
149509,0
149513,1
149517,1
149526,0
149531,0
149534,1
149535,0
149537,0
149539,1
149542,1
149544,1
149547,1
149548,1
149550,0
149554,1
149555,1
149562,1
149564,0
149566,0
149571,1
149573,0
149574,1
149575,1
149576,1
149580,0
149585,1
149589,1
149591,1
149599,1
149600,1
149607,0
149609,0
149611,1
149612,0
149614,1
149620,1
149624,0
149627,0
149632,1
149637,0
149638,1
149648,1
149649,1
149653,1
149655,1
149659,1
149660,0
149661,1
149668,1
149672,1
149673,0
149676,0
149677,0
149682,1
149685,1
149686,1
149690,0
149694,0
149696,1
149697,1
149702,1
149703,1
149708,1
149710,1
149713,0
149715,1
149718,1
149719,0
149723,1
149724,0
149726,0
149728,0
149729,0
149732,1
149733,1
149736,0
149738,1
149739,0
149740,0
149742,1
149746,1
149747,0
149750,1
149754,0
149755,0
149756,1
149761,1
149762,1
149767,1
149768,1
149771,1
149773,0
149774,0
149775,0
149776,0
149779,1
149781,1
149784,1
149786,1
149790,1
149794,0
149795,0
149797,1
149799,0
149801,0
149806,0
149811,0
149815,1
149823,0
149827,1
149832,0
149839,1
149840,1
149841,0
149843,0
149844,0
149846,0
149851,0
149856,1
149863,1
149865,1
149869,0
149872,1
149874,1
149876,1
149881,0
149884,1
149888,0
149889,0
149896,0
149897,1
149898,0
149900,0
149902,0
149907,0
149910,0
149912,1
149913,1
149914,1
149916,1
149918,0
149924,0
149929,1
149933,1
149935,1
149938,0
149941,1
149942,1
149945,1
149948,0
149949,1
149950,1
149955,1
149956,0
149961,0
149963,0
149969,0
149970,1
149973,0
149974,1
149975,1
149978,1
149980,1
149987,0
149988,1
149989,1
150001,1
150002,0
150004,0
150007,0
150008,1
150009,0
150012,0
150014,1
150015,1
150016,0
150022,1
150023,1
150024,1
150025,1
150026,1
150027,1
150028,1
150035,1
150038,1
150039,1
150040,1
150044,1
150045,1
150046,1
150047,1
150048,0
150049,1
150053,0
150055,0
150056,0
150060,1
150062,1
150068,0
150069,1
150073,1
150079,0
150080,0
150082,1
150083,1
150089,1
150090,0
150091,0
150092,1
150093,0
150095,1
150096,0
150103,1
150106,0
150109,1
150116,0
150118,1
150119,0
150120,1
150122,0
150124,1
150129,0
150131,1
150135,0
150139,0
150140,1
150141,0
150142,0
150144,1
150145,1
150146,1
150147,1
150148,1
150149,0
150151,0
150152,1
150157,1
150161,1
150164,1
150165,1
150167,1
150168,1
150169,1
150172,1
150174,0
150182,0
150185,1
150189,1
150191,1
150192,0
150193,0
150196,0
150200,0
150201,0
150203,1
150205,0
150210,1
150214,1
150216,0
150218,0
150221,0
150222,0
150224,0
150226,0
150230,0
150231,0
150232,0
150249,0
150250,0
150251,1
150253,0
150255,0
150258,1
150263,0
150266,1
150273,1
150276,0
150277,1
150281,1
150283,0
150285,0
150287,1
150288,1
150289,0
150293,0
150294,0
150295,0
150297,1
150299,1
150300,0
150303,1
150307,0
150316,1
150317,0
150320,1
150324,1
150325,0
150327,0
150328,1
150331,1
150333,1
150336,1
150338,1
150340,0
150341,1
150345,0
150346,0
150347,1
150349,1
150350,1
150351,1
150353,0
150354,0
150355,0
150357,0
150358,0
150370,0
150372,0
150374,1
150375,0
150377,0
150378,1
150383,1
150384,0
150391,0
150393,0
150395,1
150401,1
150402,0
150404,0
150407,0
150408,1
150409,0
150412,1
150414,1
150415,1
150416,1
150417,1
150418,1
150420,1
150421,1
150423,0
150424,1
150425,1
150432,0
150435,0
150442,1
150443,0
150444,1
150445,0
150448,0
150452,0
150453,1
150459,1
150464,1
150466,1
150468,1
150469,1
150472,0
150473,1
150474,1
150475,1
150476,0
150477,1
150487,1
150492,1
150499,1
150505,1
150506,0
150512,1
150513,0
150516,1
150517,1
150520,0
150521,1
150524,0
150531,0
150533,1
150534,1
150539,1
150541,0
150542,0
150544,0
150548,1
150550,1
150555,1
150558,1
150559,0
150563,1
150564,1
150565,1
150571,1
150575,1
150578,1
150582,1
150586,1
150597,0
150599,1
150603,1
150613,1
150616,0
150617,1
150621,1
150622,1
150624,1
150628,0
150629,1
150638,0
150639,0
150640,1
150641,0
150643,1
150645,1
150647,0
150650,1
150651,1
150652,1
150653,0
150657,0
150660,0
150661,0
150663,0
150668,0
150669,0
150674,1
150675,1
150678,1
150680,0
150685,1
150687,1
150689,0
150691,0
150692,0
150693,1
150695,1
150696,1
150698,1
150704,1
150713,0
150716,1
150717,1
150720,1
150721,1
150722,0
150727,0
150728,0
150732,1
150733,0
150737,1
150743,0
150744,0
150746,0
150757,1
150758,1
150763,0
150769,0
150770,1
150772,0
150775,1
150783,0
150787,1
150790,0
150796,0
150799,0
150800,0
150802,1
150805,0
150810,0
150814,1
150815,0
150817,1
150820,0
150821,1
150822,0
150824,0
150828,0
150831,0
150835,1
150836,1
150838,0
150839,0
150842,0
150843,1
150844,0
150845,0
150846,0
150849,1
150851,0
150853,1
150854,0
150858,0
150859,1
150860,0
150862,0
150863,0
150866,0
150867,1
150869,1
150870,1
150871,1
150873,1
150876,0
150877,1
150878,1
150880,0
150882,1
150883,0
150885,0
150886,0
150888,0
150893,0
150896,0
150900,0
150901,1
150902,1
150903,0
150909,0
150911,0
150918,1
150919,0
150922,1
150923,1
150925,1
150928,1
150930,1
150931,1
150932,1
150935,1
150936,0
150938,0
150941,0
150942,0
150943,1
150944,0
150948,0
150949,0
150950,1
150953,0
150954,1
150958,1
150963,0
150966,1
150967,0
150968,0
150969,0
150970,1
150971,1
150972,0
150977,0
150979,1
150981,0
150982,1
150983,0
150986,0
150987,0
150988,0
150989,1
150995,1
151000,0
151001,0
151006,1
151007,0
151010,0
151012,1
151015,1
151019,1
151025,1
151028,0
151030,0
151035,0
151042,1
151044,1
151047,0
151048,0
151052,0
151056,0
151059,0
151061,0
151066,1
151067,0
151072,0
151075,1
151076,1
151077,1
151078,1
151082,0
151086,1
151090,0
151098,1
151099,0
151100,1
151102,0
151105,1
151106,1
151107,0
151108,1
151117,1
151119,0
151122,1
151123,1
151126,1
151127,1
151128,1
151130,0
151132,0
151135,1
151139,1
151140,1
151142,0
151144,1
151145,1
151148,1
151149,1
151150,1
151153,1
151154,1
151155,1
151156,0
151158,0
151159,0
151162,1
151163,1
151164,1
151166,0
151170,0
151172,0
151173,1
151174,0
151183,1
151184,1
151185,0
151191,0
151192,1
151194,1
151197,0
151199,0
151201,0
151202,1
151207,0
151210,1
151212,0
151213,1
151216,0
151217,1
151224,1
151226,1
151230,1
151237,1
151241,1
151243,0
151244,0
151248,0
151251,1
151254,0
151257,0
151261,0
151262,0
151267,0
151270,0
151271,1
151280,1
151282,1
151284,0
151285,0
151286,1
151287,1
151288,1
151290,1
151291,0
151292,0
151293,1
151294,0
151295,1
151296,0
151300,1
151303,0
151306,1
151309,0
151313,0
151320,0
151321,1
151324,1
151328,1
151330,1
151332,1
151333,0
151335,1
151340,0
151342,1
151345,0
151353,1
151358,0
151360,1
151361,1
151363,1
151366,1
151371,1
151376,0
151382,1
151385,1
151386,1
151388,1
151389,1
151391,0
151392,1
151395,0
151396,1
151400,0
151403,1
151410,1
151411,1
151412,1
151413,0
151415,0
151416,1
151418,1
151430,0
151432,0
151436,0
151438,0
151439,0
151440,0
151441,1
151444,1
151445,0
151448,1
151449,0
151453,1
151454,1
151456,1
151457,1
151460,1
151462,0
151465,1
151467,0
151468,1
151473,0
151474,0
151475,0
151478,1
151488,1
151491,0
151496,1
151498,0
151501,0
151502,0
151505,1
151507,0
151508,1
151510,0
151515,1
151518,1
151525,1
151529,1
151532,1
151533,0
151534,1
151537,0
151538,1
151541,1
151543,0
151545,1
151546,0
151549,1
151550,1
151556,1
151559,0
151563,0
151564,0
151577,1
151580,1
151581,1
151586,0
151590,0
151592,1
151593,1
151594,1
151597,1
151599,0
151600,0
151604,1
151605,0
151610,1
151612,0
151614,0
151615,1
151616,1
151618,1
151621,0
151622,0
151626,0
151627,1
151628,1
151634,1
151635,1
151636,0
151637,0
151638,0
151642,0
151643,0
151644,1
151645,1
151646,1
151647,1
151648,1
151649,1
151650,1
151658,0
151663,1
151664,0
151666,1
151670,0
151671,0
151672,0
151674,1
151675,0
151680,0
151681,1
151683,0
151688,0
151689,1
151690,1
151691,0
151693,0
151705,1
151707,0
151710,0
151712,0
151713,1
151717,1
151719,1
151723,1
151724,1
151725,1
151729,0
151731,0
151733,1
151734,0
151741,1
151742,0
151743,0
151744,1
151747,1
151749,0
151754,1
151757,1
151758,1
151761,0
151762,0
151763,0
151765,0
151772,0
151773,1
151774,1
151777,0
151778,0
151779,0
151782,1
151783,1
151785,0
151790,1
151792,1
151794,1
151797,0
151798,0
151801,1
151804,0
151807,1
151808,1
151809,1
151811,1
151813,1
151815,0
151816,1
151817,1
151818,0
151823,1
151826,0
151828,0
151831,1
151833,0
151834,0
151835,0
151839,1
151841,1
151842,0
151843,1
151850,1
151853,0
151855,1
151857,1
151858,0
151860,0
151861,0
151862,1
151863,1
151864,0
151865,1
151866,1
151867,0
151871,1
151872,1
151876,1
151886,0
151887,0
151889,1
151890,1
151893,0
151894,1
151895,0
151896,1
151897,1
151900,1
151903,1
151905,1
151910,0
151915,0
151916,1
151919,1
151922,0
151923,0
151925,1
151928,0
151929,1
151932,1
151933,0
151934,0
151935,1
151936,1
151938,0
151941,1
151942,1
151944,1
151948,1
151949,0
151951,0
151952,1
151954,0
151955,1
151960,0
151961,0
151962,0
151965,0
151970,1
151971,1
151975,1
151978,1
151979,1
151980,0
151981,0
151982,1
151987,0
151991,1
151992,1
151993,0
151994,0
151995,1
151997,1
152000,0
152001,0
152004,0
152012,0
152015,0
152016,0
152019,0
152023,0
152024,0
152025,1
152027,1
152028,1
152039,1
152040,1
152046,1
152047,1
152049,0
152050,0
152053,1
152059,1
152064,1
152069,1
152071,0
152072,0
152074,0
152075,1
152077,1
152080,1
152083,1
152085,0
152087,1
152092,0
152093,1
152098,1
152102,1
152103,1
152104,1
152106,0
152107,0
152110,1
152111,0
152112,1
152114,0
152120,0
152127,0
152128,1
152129,1
152132,0
152133,1
152134,1
152135,0
152139,0
152140,1
152141,0
152142,1
152145,0
152152,0
152154,1
152156,1
152157,0
152159,0
152162,0
152163,0
152164,1
152167,0
152168,1
152172,0
152173,0
152174,0
152175,0
152178,1
152180,1
152183,0
152185,1
152186,0
152193,0
152194,1
152195,0
152197,0
152202,0
152205,0
152206,1
152207,0
152209,1
152211,1
152217,0
152218,0
152220,1
152221,0
152228,0
152230,1
152231,1
152234,0
152235,1
152237,1
152238,1
152239,0
152240,1
152241,0
152246,1
152247,1
152248,1
152249,1
152252,0
152253,1
152257,1
152273,1
152279,1
152280,1
152288,0
152290,0
152291,1
152293,1
152294,0
152295,1
152298,1
152301,1
152305,0
152312,1
152314,0
152315,0
152318,1
152321,1
152322,0
152323,1
152325,0
152326,1
152333,1
152334,1
152340,0
152342,0
152345,1
152351,1
152352,0
152355,0
152357,1
152358,1
152359,1
152360,1
152362,0
152364,0
152366,1
152367,1
152370,0
152373,1
152375,0
152376,1
152378,0
152380,1
152382,0
152388,0
152391,0
152394,1
152396,1
152398,0
152399,1
152400,0
152404,0
152405,0
152407,1
152409,0
152410,1
152412,1
152413,0
152414,1
152415,1
152417,0
152421,0
152426,1
152428,0
152432,0
152433,0
152434,1
152436,0
152437,0
152440,1
152444,0
152451,0
152453,1
152458,0
152459,1
152462,0
152464,0
152465,0
152466,0
152467,0
152475,1
152476,0
152479,0
152480,1
152483,0
152484,1
152486,1
152487,1
152488,1
152490,1
152491,1
152494,1
152495,1
152498,0
152499,1
152503,1
152506,0
152509,0
152510,0
152513,1
152515,1
152516,0
152517,1
152518,0
152520,0
152522,0
152523,1
152525,1
152526,0
152527,0
152529,1
152535,1
152536,1
152537,1
152538,1
152542,1
152545,1
152547,0
152549,0
152551,1
152552,1
152554,0
152555,0
152556,1
152557,0
152558,1
152561,1
152564,1
152566,0
152568,1
152569,1
152570,0
152574,1
152578,0
152580,0
152581,0
152582,0
152584,1
152585,0
152586,1
152588,0
152590,1
152594,0
152596,1
152600,1
152602,0
152605,0
152606,0
152608,0
152611,1
152612,1
152613,0
152614,1
152616,0
152617,0
152619,1
152620,0
152622,0
152623,1
152624,0
152629,0
152630,1
152632,0
152633,1
152637,0
152638,1
152640,1
152642,0
152648,1
152649,1
152652,1
152655,0
152657,1
152659,1
152660,0
152661,1
152662,0
152664,1
152668,0
152669,0
152671,0
152673,1
152675,0
152680,1
152683,0
152688,0
152693,0
152694,0
152697,1
152698,0
152699,1
152700,0
152702,0
152706,0
152707,0
152713,0
152717,0
152718,0
152721,1
152722,0
152724,1
152725,0
152726,1
152729,1
152734,1
152735,0
152736,1
152738,1
152740,1
152741,1
152743,0
152744,0
152745,0
152747,0
152749,1
152752,1
152753,1
152757,0
152758,0
152759,0
152763,1
152766,1
152767,1
152768,1
152770,0
152771,1
152773,0
152774,1
152779,0
152781,0
152782,1
152784,0
152786,1
152788,0
152789,1
152792,1
152793,0
152795,1
152799,0
152800,0
152801,1
152805,1
152806,1
152808,0
152811,1
152812,0
152815,0
152816,0
152817,1
152819,0
152820,0
152824,1
152825,1
152826,0
152829,0
152830,0
152831,0
152832,1
152834,0
152838,0
152840,0
152842,0
152843,1
152844,0
152846,1
152847,0
152849,1
152850,0
152851,0
152852,1
152853,0
152856,0
152858,0
152860,0
152862,0
152863,1
152864,0
152866,1
152868,1
152871,1
152873,1
152876,0
152877,1
152881,0
152882,0
152883,1
152885,0
152887,0
152888,1
152892,1
152894,0
152903,0
152906,0
152907,0
152913,0
152915,0
152918,1
152919,1
152926,1
152928,1
152931,0
152932,0
152935,0
152938,0
152939,0
152943,0
152945,0
152946,1
152947,1
152948,1
152950,0
152952,1
152954,1
152955,0
152957,1
152959,1
152961,0
152963,1
152966,1
152968,1
152969,1
152970,1
152972,0
152975,0
152980,0
152981,0
152987,0
152992,1
152993,0
152994,1
152999,0
153001,1
153010,1
153011,0
153012,0
153013,0
153015,0
153016,0
153020,0
153021,0
153022,1
153023,0
153024,1
153028,1
153034,1
153037,1
153038,0
153039,1
153043,1
153049,0
153050,0
153053,1
153054,1
153055,0
153062,0
153063,0
153070,0
153071,1
153072,0
153073,0
153075,0
153078,1
153080,1
153081,1
153082,0
153088,1
153089,1
153091,0
153092,0
153093,0
153094,1
153095,0
153096,1
153097,0
153101,0
153102,1
153104,0
153106,0
153108,0
153110,1
153113,1
153115,1
153116,1
153119,0
153120,1
153129,0
153130,0
153131,0
153132,1
153138,1
153143,1
153144,1
153145,1
153150,1
153152,1
153154,1
153155,0
153159,0
153161,1
153165,0
153166,0
153169,0
153170,0
153172,1
153173,1
153175,0
153178,1
153180,1
153184,0
153188,1
153190,1
153194,0
153197,1
153200,1
153202,0
153204,0
153205,1
153212,0
153215,0
153220,1
153222,0
153223,0
153226,1
153227,0
153231,0
153233,1
153234,1
153237,1
153239,1
153240,1
153242,0
153245,0
153248,0
153249,1
153254,0
153255,1
153258,0
153259,1
153263,0
153264,1
153266,0
153268,1
153272,1
153274,0
153275,0
153276,1
153281,1
153285,1
153289,1
153290,1
153291,0
153293,1
153295,0
153297,0
153298,0
153299,0
153301,0
153304,1
153306,0
153308,0
153309,1
153311,0
153313,0
153314,0
153315,0
153317,1
153321,1
153323,0
153324,0
153326,0
153330,1
153332,1
153333,0
153339,1
153341,1
153343,0
153346,1
153350,1
153356,1
153359,1
153361,0
153363,0
153369,0
153377,0
153378,1
153380,0
153381,1
153391,0
153392,0
153394,1
153398,0
153402,1
153406,0
153408,1
153409,0
153410,1
153411,1
153412,0
153415,1
153417,0
153422,0
153423,1
153428,1
153432,1
153433,0
153434,1
153438,0
153440,0
153444,0
153448,0
153449,0
153450,1
153452,1
153455,1
153456,1
153466,1
153469,1
153479,1
153480,0
153481,0
153482,0
153483,0
153485,1
153486,1
153488,0
153494,0
153501,0
153503,0
153505,1
153507,1
153509,1
153511,1
153515,1
153519,1
153524,1
153531,1
153533,1
153534,1
153535,0
153536,1
153537,0
153541,0
153548,1
153549,0
153550,0
153551,0
153553,1
153554,1
153558,0
153560,0
153561,0
153563,0
153566,1
153568,0
153570,0
153574,1
153575,1
153578,1
153579,1
153580,1
153583,1
153584,0
153585,0
153586,1
153591,0
153592,0
153593,1
153599,0
153601,0
153604,1
153605,0
153610,0
153612,0
153613,1
153614,1
153624,0
153628,1
153630,0
153631,0
153633,1
153635,1
153641,0
153644,0
153646,1
153649,0
153650,1
153653,1
153657,1
153660,1
153661,1
153670,0
153671,1
153672,1
153675,1
153677,1
153678,0
153685,0
153687,1
153690,0
153693,1
153695,0
153698,0
153700,0
153702,0
153704,0
153705,1
153706,0
153707,1
153710,0
153713,1
153715,1
153721,1
153726,1
153727,1
153728,0
153730,0
153735,1
153736,1
153737,0
153738,0
153741,0
153743,0
153745,1
153746,0
153749,1
153752,1
153766,1
153769,0
153771,1
153774,0
153782,0
153783,1
153786,1
153787,1
153789,1
153791,1
153797,1
153804,1
153814,0
153815,1
153817,0
153818,0
153822,1
153823,0
153825,0
153826,0
153828,1
153829,1
153832,1
153833,0
153838,1
153841,0
153844,0
153846,1
153848,0
153852,0
153853,1
153854,1
153855,1
153859,1
153864,0
153865,1
153869,1
153870,0
153871,1
153873,1
153874,0
153875,0
153877,1
153882,0
153883,1
153885,1
153888,0
153890,0
153891,0
153893,1
153896,0
153905,0
153907,1
153910,0
153912,0
153915,1
153919,1
153922,0
153925,1
153928,0
153929,0
153930,0
153933,1
153934,0
153940,0
153942,1
153944,0
153949,0
153950,0
153951,0
153952,0
153959,1
153962,0
153965,0
153970,0
153971,0
153975,1
153978,0
153980,1
153985,1
153986,0
153989,0
153992,0
153993,1
153996,1
153997,1
154001,1
154005,1
154008,0
154009,0
154011,0
154017,1
154022,1
154024,0
154032,0
154033,0
154035,1
154036,1
154037,0
154042,0
154043,1
154044,0
154045,1
154049,1
154050,0
154053,1
154054,0
154055,0
154056,1
154058,1
154059,0
154065,0
154067,0
154069,0
154073,0
154076,0
154077,0
154079,0
154080,1
154081,1
154082,1
154086,0
154089,1
154091,1
154094,0
154097,1
154098,0
154100,1
154104,1
154115,0
154118,0
154122,1
154123,0
154124,0
154125,1
154126,0
154128,1
154131,0
154133,1
154135,0
154136,0
154137,0
154138,1
154139,0
154141,1
154143,1
154144,1
154145,1
154147,1
154153,1
154159,0
154160,0
154169,0
154174,0
154177,1
154181,1
154182,0
154184,0
154185,1
154187,0
154188,1
154189,1
154190,1
154194,1
154198,0
154200,0
154204,0
154208,1
154210,1
154213,0
154214,0
154223,1
154224,0
154225,1
154226,0
154227,1
154231,0
154232,1
154234,0
154235,1
154236,0
154237,1
154239,0
154245,1
154247,1
154248,1
154251,1
154254,1
154256,0
154258,0
154262,0
154265,1
154267,0
154272,0
154274,1
154277,0
154278,1
154282,0
154283,0
154284,0
154298,1
154301,0
154303,0
154304,0
154307,0
154313,1
154315,0
154317,1
154318,1
154319,0
154320,0
154322,0
154324,0
154325,0
154330,1
154332,0
154337,1
154339,1
154340,1
154342,1
154343,0
154347,0
154349,1
154351,1
154352,1
154358,1
154359,1
154364,1
154365,0
154367,0
154371,1
154374,0
154376,0
154378,1
154379,0
154382,0
154384,0
154385,1
154386,0
154394,0
154397,0
154398,0
154399,1
154404,0
154407,1
154408,1
154409,0
154417,1
154418,0
154421,0
154422,0
154426,1
154427,1
154428,0
154430,1
154431,0
154432,0
154442,0
154445,1
154446,1
154447,0
154448,1
154451,0
154452,0
154453,1
154454,0
154457,0
154458,1
154462,0
154463,0
154464,1
154465,1
154469,1
154470,0
154472,1
154473,1
154475,0
154480,1
154483,0
154485,1
154486,0
154490,0
154493,1
154497,0
154498,1
154500,0
154503,1
154506,0
154509,1
154513,0
154519,0
154522,0
154523,1
154525,0
154529,1
154534,0
154539,1
154540,1
154541,1
154543,1
154544,0
154545,1
154547,0
154548,1
154551,1
154554,0
154555,0
154561,1
154571,0
154575,1
154576,0
154577,0
154579,1
154580,0
154582,1
154586,1
154588,0
154594,0
154599,0
154600,0
154602,1
154603,1
154609,1
154612,1
154614,0
154615,1
154616,1
154620,0
154621,0
154623,1
154624,1
154625,1
154626,1
154627,0
154628,1
154631,1
154632,0
154636,0
154640,1
154641,1
154651,1
154652,0
154655,1
154657,1
154660,1
154662,0
154663,0
154666,0
154668,0
154669,1
154672,0
154673,1
154677,0
154678,0
154679,0
154688,0
154689,1
154690,1
154691,1
154693,1
154696,1
154700,1
154704,0
154706,0
154708,1
154711,1
154712,0
154713,1
154714,0
154715,0
154717,0
154720,0
154728,1
154729,0
154731,1
154736,1
154737,0
154739,1
154740,0
154741,1
154744,0
154745,0
154746,1
154750,1
154752,0
154762,0
154767,0
154769,0
154772,0
154773,0
154775,1
154777,0
154778,1
154781,1
154784,0
154793,1
154794,0
154795,1
154798,0
154803,0
154805,1
154806,1
154807,0
154808,1
154814,1
154815,1
154816,1
154817,1
154831,1
154832,0
154837,0
154838,0
154845,1
154846,0
154847,1
154852,0
154854,1
154856,0
154857,1
154859,1
154861,1
154867,0
154871,0
154876,0
154879,1
154885,1
154888,1
154896,1
154899,0
154900,0
154904,0
154908,1
154909,1
154910,0
154912,0
154915,1
154918,1
154919,0
154921,0
154922,1
154924,1
154926,0
154927,0
154928,0
154934,0
154937,0
154938,0
154940,0
154941,0
154942,1
154943,1
154946,1
154951,0
154952,0
154957,0
154959,0
154966,1
154970,1
154976,1
154977,1
154978,1
154984,0
154986,0
154987,1
154988,0
154989,0
154990,0
154991,0
154992,0
154993,1
155000,0
155002,0
155005,0
155006,0
155008,0
155009,1
155011,0
155019,0
155021,1
155022,0
155027,0
155028,0
155032,1
155033,0
155034,1
155038,1
155040,0
155041,1
155047,0
155050,1
155051,1
155052,0
155055,1
155056,0
155057,1
155060,1
155062,0
155063,0
155065,1
155067,1
155068,1
155069,1
155070,1
155072,0
155073,0
155075,0
155080,0
155083,0
155084,1
155085,1
155089,0
155090,0
155091,1
155092,0
155093,1
155097,0
155099,1
155105,1
155117,1
155118,1
155119,0
155121,1
155134,0
155136,0
155140,1
155142,0
155145,0
155150,0
155153,1
155154,0
155155,1
155157,0
155161,1
155162,1
155163,0
155165,1
155166,0
155167,0
155171,0
155175,1
155176,0
155177,1
155180,0
155181,1
155182,1
155196,1
155199,0
155200,1
155201,0
155203,1
155207,0
155211,1
155214,1
155215,0
155216,1
155219,0
155220,0
155223,0
155224,0
155226,0
155227,1
155228,1
155229,0
155231,1
155232,1
155235,0
155240,0
155244,0
155245,0
155247,1
155248,1
155249,1
155250,1
155254,1
155255,0
155256,1
155259,0
155260,1
155263,1
155269,0
155272,0
155274,1
155277,1
155279,1
155281,0
155287,1
155288,0
155290,1
155294,0
155295,1
155300,0
155303,1
155308,1
155309,0
155310,0
155313,0
155314,1
155315,1
155320,1
155321,0
155323,1
155328,1
155330,0
155331,0
155332,1
155336,1
155338,1
155340,1
155341,1
155342,0
155343,1
155344,1
155345,0
155347,0
155348,0
155349,1
155351,0
155352,1
155354,1
155355,0
155356,1
155357,0
155358,0
155363,0
155365,0
155366,1
155367,0
155371,0
155373,1
155374,1
155375,1
155377,0
155378,0
155380,0
155382,1
155383,1
155384,0
155385,1
155386,0
155391,1
155396,0
155399,0
155401,0
155402,0
155404,1
155406,1
155407,1
155408,0
155410,0
155413,0
155415,0
155421,0
155424,1
155425,1
155428,1
155430,0
155431,0
155433,1
155434,0
155437,1
155439,0
155440,1
155443,0
155444,1
155446,1
155449,1
155450,1
155451,0
155452,0
155453,1
155463,0
155464,0
155465,0
155469,0
155475,0
155480,1
155481,1
155483,0
155486,1
155495,0
155498,0
155499,0
155501,1
155502,1
155504,1
155508,0
155509,1
155513,0
155518,1
155519,1
155522,0
155523,1
155528,0
155529,0
155530,1
155531,1
155533,0
155535,0
155536,0
155540,0
155541,0
155542,1
155543,0
155544,1
155545,0
155546,0
155552,0
155553,0
155554,0
155555,1
155556,0
155558,1
155559,1
155560,0
155563,0
155564,1
155565,1
155566,0
155570,1
155571,1
155572,1
155573,1
155575,1
155578,0
155587,0
155589,1
155590,0
155591,1
155593,1
155595,0
155596,0
155606,1
155608,0
155610,0
155614,0
155615,0
155618,0
155625,0
155627,1
155628,1
155629,0
155630,1
155635,0
155639,0
155643,0
155644,1
155648,0
155651,1
155653,1
155654,0
155655,0
155658,0
155660,0
155666,0
155668,0
155669,1
155670,0
155673,0
155676,0
155678,0
155679,1
155681,1
155684,1
155687,0
155688,0
155689,0
155693,1
155695,1
155702,1
155704,0
155706,0
155709,0
155715,1
155716,0
155717,0
155718,0
155719,0
155723,1
155725,0
155729,1
155731,1
155732,0
155733,1
155735,0
155740,0
155741,0
155752,0
155753,0
155755,0
155758,1
155767,0
155777,1
155779,0
155782,1
155785,1
155788,0
155790,0
155795,1
155797,1
155800,1
155801,0
155805,1
155806,1
155807,1
155812,0
155815,0
155816,0
155817,0
155821,1
155822,0
155824,1
155828,1
155832,1
155833,1
155835,1
155836,0
155837,0
155838,1
155839,1
155844,0
155846,1
155847,1
155850,1
155851,0
155854,0
155858,1
155859,1
155860,1
155861,1
155864,0
155865,0
155868,0
155870,1
155873,1
155877,1
155879,1
155880,1
155881,0
155882,0
155886,0
155887,0
155889,0
155894,0
155898,1
155900,1
155902,0
155906,1
155907,1
155908,0
155909,1
155910,1
155911,0
155912,1
155917,1
155920,0
155921,0
155923,1
155927,0
155934,1
155936,0
155937,1
155938,1
155941,0
155942,1
155945,1
155946,1
155948,1
155952,0
155954,0
155956,1
155958,1
155959,1
155962,1
155963,1
155964,1
155965,1
155970,1
155971,0
155972,0
155977,1
155978,1
155982,0
155984,1
155987,1
155988,1
155991,1
155992,1
155993,0
155994,0
155995,0
155997,1
155998,0
155999,1
156004,1
156005,1
156008,1
156011,1
156017,1
156021,1
156023,0
156026,0
156027,1
156033,0
156036,0
156037,1
156038,0
156041,0
156044,0
156047,0
156051,0
156055,0
156057,1
156059,0
156061,0
156062,0
156066,1
156067,0
156069,0
156071,1
156073,0
156075,1
156076,0
156077,0
156083,1
156086,1
156088,1
156090,0
156092,1
156094,0
156098,0
156099,0
156108,1
156111,1
156122,0
156123,0
156131,1
156134,1
156135,0
156137,0
156148,1
156151,0
156153,1
156154,0
156158,1
156161,1
156164,0
156167,0
156169,0
156171,0
156176,1
156178,1
156180,1
156181,1
156183,0
156185,0
156187,1
156188,0
156189,0
156200,0
156202,0
156204,1
156206,1
156208,1
156209,0
156211,1
156214,0
156217,0
156221,0
156223,1
156226,0
156230,0
156232,1
156235,0
156239,0
156240,0
156242,0
156244,0
156247,1
156249,1
156252,1
156254,1
156255,0
156256,0
156258,1
156260,1
156261,0
156262,0
156264,1
156265,0
156266,1
156267,1
156268,1
156271,1
156272,1
156274,0
156278,1
156280,0
156281,1
156284,1
156287,1
156290,1
156292,1
156293,0
156294,0
156295,1
156303,1
156308,1
156310,0
156311,1
156317,1
156319,1
156320,1
156323,0
156332,0
156335,1
156336,1
156337,0
156338,1
156339,0
156340,0
156341,1
156342,0
156348,1
156350,1
156352,0
156353,1
156356,1
156358,0
156361,1
156362,0
156364,1
156367,1
156369,0
156370,1
156372,0
156377,1
156381,0
156390,0
156392,0
156393,0
156394,0
156399,0
156401,0
156403,1
156405,0
156416,1
156417,1
156420,1
156421,0
156422,1
156423,0
156428,1
156431,1
156432,1
156434,0
156438,1
156440,1
156441,1
156444,1
156447,1
156449,1
156456,0
156460,0
156464,0
156466,1
156468,0
156472,1
156475,1
156477,1
156481,1
156485,0
156486,0
156490,1
156491,1
156494,1
156497,1
156499,0
156502,0
156512,1
156514,0
156515,1
156518,0
156521,1
156526,0
156528,1
156530,1
156535,0
156541,0
156544,1
156551,0
156552,1
156555,1
156556,1
156562,0
156565,1
156566,0
156567,1
156568,1
156574,0
156576,1
156577,1
156579,1
156580,0
156581,0
156582,0
156584,1
156585,0
156586,0
156587,0
156596,0
156597,0
156598,1
156601,1
156604,1
156606,1
156609,1
156610,1
156616,0
156618,0
156619,1
156620,1
156621,0
156623,0
156624,0
156628,1
156630,1
156631,1
156632,1
156638,1
156643,0
156645,1
156648,1
156649,0
156650,1
156653,0
156654,0
156656,0
156659,0
156663,0
156667,0
156668,0
156678,1
156679,0
156689,1
156690,1
156692,0
156693,1
156694,1
156696,1
156698,0
156699,0
156706,1
156709,0
156711,0
156713,1
156721,0
156722,1
156723,1
156731,0
156734,0
156738,0
156739,1
156743,1
156744,1
156746,0
156750,0
156751,0
156752,0
156754,0
156760,1
156769,1
156772,1
156776,1
156778,0
156781,0
156783,1
156784,1
156788,1
156793,1
156795,1
156796,1
156799,0
156801,0
156802,0
156807,1
156808,0
156814,0
156818,0
156819,1
156820,0
156823,1
156824,0
156825,1
156826,0
156830,1
156833,1
156836,0
156837,0
156839,0
156843,0
156845,0
156847,1
156848,1
156859,1
156861,0
156864,1
156865,1
156866,1
156867,1
156868,1
156871,0
156873,0
156874,1
156876,0
156877,1
156883,1
156884,1
156885,1
156893,0
156902,1
156904,1
156905,0
156911,1
156912,1
156915,0
156919,1
156920,1
156922,0
156925,1
156929,0
156931,1
156933,1
156937,1
156939,0
156940,1
156941,0
156947,0
156952,0
156956,0
156961,1
156962,0
156963,1
156966,0
156967,0
156970,0
156972,1
156975,1
156976,1
156978,1
156984,1
156985,0
156986,0
156996,0
157004,0
157006,1
157008,1
157010,1
157012,0
157013,0
157015,0
157016,0
157018,0
157020,1
157027,0
157028,0
157032,0
157036,1
157039,0
157040,1
157041,1
157042,1
157044,1
157046,0
157050,1
157052,0
157054,1
157056,1
157058,0
157060,0
157062,1
157063,0
157064,1
157066,0
157067,0
157069,0
157072,1
157073,1
157076,1
157078,1
157079,1
157081,0
157083,1
157085,1
157088,0
157089,0
157090,1
157093,0
157094,0
157095,1
157103,0
157105,0
157107,1
157110,1
157111,1
157115,1
157116,1
157117,0
157119,0
157122,0
157124,0
157125,0
157126,1
157127,0
157128,0
157130,0
157132,0
157133,1
157135,0
157138,0
157139,1
157142,0
157143,1
157144,1
157147,1
157148,0
157151,0
157154,0
157155,0
157158,0
157160,1
157164,0
157165,1
157168,1
157171,1
157177,0
157183,1
157184,1
157190,0
157194,1
157195,0
157199,0
157201,0
157204,1
157208,1
157209,0
157213,1
157217,0
157224,0
157225,0
157231,0
157235,1
157236,1
157240,0
157242,0
157244,0
157246,1
157250,0
157252,0
157254,0
157257,0
157258,1
157260,0
157265,0
157266,0
157272,1
157274,1
157275,0
157276,1
157278,0
157279,0
157281,0
157283,0
157286,1
157287,1
157288,0
157290,0
157291,1
157295,0
157300,0
157302,1
157306,0
157308,0
157309,0
157311,0
157318,0
157320,1
157323,0
157327,1
157328,1
157330,1
157337,1
157339,0
157340,0
157342,0
157354,0
157355,1
157359,0
157362,1
157368,0
157372,1
157374,1
157377,0
157379,1
157380,1
157388,0
157395,1
157398,0
157399,0
157403,0
157405,1
157406,1
157408,0
157410,1
157414,1
157416,1
157419,1
157421,1
157423,1
157428,1
157429,0
157430,1
157433,1
157440,0
157442,1
157445,1
157446,1
157449,0
157450,1
157451,0
157452,0
157454,1
157455,0
157456,0
157458,1
157462,1
157464,0
157465,1
157466,1
157468,0
157474,1
157478,1
157479,0
157480,0
157484,0
157485,1
157486,1
157490,1
157499,0
157500,0
157501,1
157502,0
157503,1
157505,1
157506,1
157510,0
157512,0
157513,0
157514,1
157517,0
157519,0
157520,1
157521,1
157522,0
157527,1
157528,0
157529,1
157530,0
157531,1
157534,1
157541,1
157542,0
157545,0
157548,0
157550,1
157551,0
157552,0
157553,1
157555,1
157559,0
157561,1
157563,1
157564,1
157566,1
157569,1
157571,1
157572,0
157577,0
157580,0
157583,0
157588,0
157590,1
157592,0
157595,0
157598,1
157600,1
157602,0
157603,1
157604,0
157606,0
157611,0
157613,1
157615,1
157617,0
157618,1
157622,0
157624,1
157628,0
157629,0
157630,1
157631,0
157635,1
157638,0
157642,0
157645,1
157647,0
157650,1
157651,1
157652,0
157658,1
157659,1
157664,1
157666,0
157671,0
157672,1
157673,1
157677,1
157678,1
157681,1
157684,0
157686,0
157687,1
157689,0
157693,1
157696,1
157697,1
157698,1
157700,1
157701,0
157703,1
157705,1
157706,1
157708,0
157710,0
157714,0
157715,0
157719,1
157720,1
157723,1
157727,0
157728,0
157731,1
157732,1
157733,1
157735,0
157736,0
157738,1
157742,1
157744,0
157745,1
157750,1
157752,0
157756,0
157757,0
157758,0
157760,1
157761,1
157768,1
157772,0
157776,1
157777,1
157778,0
157779,0
157780,0
157781,0
157782,0
157783,0
157786,0
157787,0
157794,1
157800,1
157802,0
157803,1
157805,1
157810,1
157811,1
157812,0
157813,0
157820,0
157821,1
157823,1
157825,0
157827,0
157833,0
157838,1
157841,1
157843,0
157844,1
157846,1
157849,0
157851,1
157853,0
157855,1
157857,0
157863,0
157867,0
157868,0
157869,0
157870,1
157873,1
157874,0
157880,1
157881,1
157883,1
157886,0
157887,0
157890,1
157891,1
157892,0
157894,0
157895,1
157896,1
157904,1
157905,1
157907,1
157909,1
157910,0
157912,0
157913,0
157915,1
157919,0
157927,1
157929,0
157936,1
157937,1
157939,1
157941,0
157943,0
157944,1
157946,0
157947,1
157949,1
157961,1
157966,1
157968,1
157983,0
157985,0
157986,0
157989,0
157990,1
157991,1
157992,0
157995,1
157997,1
157999,0
158001,1
158006,1
158008,0
158009,1
158010,1
158011,1
158015,1
158017,1
158023,0
158024,0
158025,1
158026,1
158029,0
158032,1
158033,1
158034,1
158035,1
158039,0
158043,1
158045,0
158053,0
158058,1
158059,0
158060,0
158061,1
158069,1
158073,0
158076,1
158080,1
158081,0
158083,1
158084,0
158086,1
158091,0
158093,0
158096,1
158097,0
158100,1
158102,1
158106,1
158107,1
158111,1
158114,1
158115,0
158116,0
158118,0
158120,1
158121,0
158124,1
158127,0
158133,1
158136,1
158140,1
158141,0
158143,0
158145,1
158147,0
158149,1
158150,0
158151,1
158152,1
158154,1
158158,1
158159,1
158162,1
158164,1
158165,0
158168,1
158169,1
158171,1
158172,0
158173,0
158182,1
158185,0
158188,0
158189,0
158190,1
158192,1
158194,1
158195,1
158197,0
158208,0
158213,1
158222,0
158223,1
158225,0
158226,0
158227,1
158231,1
158234,0
158236,0
158238,0
158239,0
158240,1
158241,0
158245,0
158246,0
158247,0
158248,0
158249,0
158252,1
158257,1
158262,0
158263,1
158264,0
158267,0
158269,0
158271,0
158272,0
158277,0
158280,1
158281,1
158284,1
158286,1
158291,0
158292,1
158297,1
158301,0
158302,1
158303,1
158304,1
158307,1
158313,0
158319,1
158321,1
158324,1
158327,0
158328,1
158336,1
158337,1
158340,0
158343,1
158344,0
158345,0
158346,1
158351,0
158352,0
158353,1
158358,0
158359,0
158365,1
158366,0
158367,0
158368,1
158369,1
158370,0
158371,1
158372,1
158377,0
158379,0
158380,1
158383,1
158387,0
158389,1
158392,0
158393,0
158394,0
158396,0
158400,1
158403,1
158406,1
158407,0
158408,0
158409,0
158415,0
158417,0
158419,1
158420,0
158422,1
158423,1
158429,1
158432,0
158439,0
158441,1
158442,0
158443,0
158448,1
158450,0
158453,0
158455,1
158456,0
158458,0
158460,0
158461,1
158462,0
158464,1
158468,0
158470,1
158471,1
158472,0
158479,0
158481,1
158483,0
158487,1
158489,0
158491,1
158495,0
158496,0
158497,0
158499,1
158501,1
158502,0
158504,0
158506,0
158512,0
158513,0
158515,0
158517,0
158519,1
158521,0
158522,1
158523,0
158524,1
158528,1
158531,0
158533,1
158537,0
158542,1
158553,1
158558,0
158559,0
158562,0
158563,0
158564,0
158573,1
158578,0
158579,1
158580,1
158581,1
158584,1
158586,0
158588,0
158590,1
158591,1
158593,1
158594,0
158598,1
158599,0
158609,0
158612,0
158613,0
158614,1
158617,0
158623,1
158625,0
158626,0
158628,0
158629,0
158632,1
158633,1
158634,1
158641,1
158642,0
158645,0
158646,0
158647,1
158649,1
158650,0
158654,1
158655,1
158658,1
158660,0
158665,0
158666,0
158667,1
158673,1
158676,0
158678,0
158679,1
158680,0
158681,1
158690,1
158691,0
158692,0
158695,0
158696,0
158698,0
158699,1
158701,0
158706,0
158707,1
158708,1
158710,1
158711,0
158715,0
158716,1
158718,0
158720,1
158721,0
158722,1
158724,1
158726,1
158728,1
158729,1
158730,1
158731,0
158732,0
158734,1
158736,0
158737,1
158738,0
158741,1
158745,0
158748,1
158749,0
158750,0
158751,1
158755,0
158758,0
158760,0
158763,0
158769,0
158770,0
158771,0
158772,0
158777,1
158780,1
158784,1
158785,0
158786,0
158792,0
158793,1
158794,1
158796,1
158798,0
158799,1
158800,0
158802,1
158803,0
158808,1
158813,0
158814,0
158815,0
158816,1
158817,1
158819,0
158822,1
158826,1
158831,0
158839,0
158842,1
158843,1
158845,1
158846,1
158847,0
158848,1
158850,0
158853,0
158854,0
158857,1
158861,0
158862,0
158863,1
158866,0
158867,1
158869,0
158870,0
158873,0
158879,1
158880,1
158882,0
158883,1
158886,0
158887,1
158888,1
158889,0
158891,1
158892,1
158894,0
158895,1
158898,1
158905,0
158907,1
158909,0
158912,0
158914,0
158915,1
158916,0
158918,0
158919,1
158920,1
158922,0
158926,0
158928,1
158929,1
158931,1
158935,1
158939,1
158941,1
158942,1
158946,0
158948,0
158949,1
158951,0
158953,1
158955,0
158957,1
158959,1
158962,0
158963,0
158965,0
158969,0
158972,0
158974,0
158976,0
158980,1
158982,0
158983,1
158988,1
158989,1
158990,0
158992,1
158993,0
158994,1
158995,1
158996,1
158997,1
158998,1
159003,1
159005,0
159006,0
159007,1
159008,0
159013,0
159020,0
159022,0
159023,0
159024,0
159025,0
159026,0
159031,0
159033,0
159034,1
159035,0
159037,1
159039,0
159040,1
159041,1
159042,1
159047,0
159049,0
159050,1
159052,0
159054,1
159055,0
159059,0
159060,0
159061,0
159062,1
159063,1
159065,0
159068,1
159069,0
159078,1
159084,0
159090,1
159094,1
159095,1
159096,0
159098,0
159099,1
159100,0
159102,0
159103,1
159110,0
159111,1
159112,1
159115,1
159121,1
159124,0
159126,1
159130,1
159135,1
159136,0
159141,0
159144,1
159145,1
159147,0
159151,1
159159,0
159161,0
159165,1
159167,0
159168,0
159170,1
159172,1
159173,0
159174,1
159177,1
159179,1
159181,1
159182,0
159183,1
159184,0
159187,1
159191,1
159195,0
159201,0
159205,0
159206,0
159207,0
159213,1
159216,1
159223,0
159227,0
159228,1
159229,0
159230,1
159233,1
159234,1
159236,1
159237,0
159238,0
159240,0
159241,1
159242,0
159243,1
159244,1
159245,1
159246,0
159249,1
159251,0
159253,0
159254,0
159257,0
159258,0
159263,0
159265,0
159267,1
159269,0
159270,1
159271,1
159272,0
159275,0
159276,1
159277,0
159280,1
159287,0
159289,0
159290,0
159293,1
159294,1
159295,1
159296,1
159299,0
159305,0
159307,1
159309,1
159310,1
159313,1
159315,1
159316,1
159320,1
159323,1
159326,0
159327,1
159331,0
159333,0
159334,0
159335,0
159338,0
159340,1
159341,0
159342,0
159343,0
159346,1
159347,1
159350,0
159353,1
159358,0
159360,1
159361,1
159364,1
159365,0
159368,1
159369,0
159371,1
159372,1
159375,0
159376,1
159379,0
159381,0
159382,0
159386,0
159389,1
159391,1
159392,1
159393,0
159394,0
159396,1
159399,1
159400,1
159403,1
159406,0
159409,0
159410,1
159412,0
159413,0
159414,1
159416,0
159418,1
159419,0
159421,1
159422,0
159429,0
159430,1
159431,0
159432,1
159433,0
159434,0
159435,0
159438,0
159440,1
159448,0
159450,1
159451,1
159452,1
159454,0
159455,0
159462,0
159463,0
159464,0
159465,0
159466,1
159469,1
159470,0
159471,0
159473,0
159474,0
159477,0
159480,0
159482,1
159483,0
159484,1
159485,1
159488,0
159493,1
159495,1
159497,0
159503,0
159504,0
159506,0
159507,1
159509,0
159512,1
159513,1
159516,0
159518,0
159519,0
159520,1
159521,1
159526,1
159527,0
159531,0
159532,0
159533,0
159534,0
159535,1
159537,0
159540,1
159541,0
159543,1
159550,0
159551,0
159552,0
159555,0
159566,0
159568,0
159569,1
159573,0
159574,1
159575,1
159580,1
159581,1
159582,0
159588,0
159589,1
159590,0
159591,0
159597,0
159600,1
159602,0
159603,1
159604,0
159610,1
159613,0
159617,1
159621,0
159627,0
159629,0
159632,1
159635,1
159637,1
159638,1
159640,1
159642,1
159643,0
159645,0
159646,0
159648,1
159649,0
159650,1
159652,1
159655,1
159657,1
159661,1
159670,0
159672,0
159675,1
159676,0
159679,0
159680,0
159682,0
159683,0
159684,0
159687,1
159689,1
159691,0
159694,0
159696,1
159700,1
159702,1
159705,0
159706,0
159708,0
159709,0
159713,0
159716,1
159717,0
159721,0
159722,0
159730,0
159731,1
159732,0
159734,1
159745,0
159746,1
159747,0
159756,1
159757,0
159758,0
159759,0
159768,0
159770,1
159773,1
159775,0
159777,0
159778,1
159781,1
159782,0
159783,0
159785,1
159787,0
159790,0
159792,1
159793,0
159795,1
159799,1
159800,0
159803,0
159807,0
159809,0
159810,0
159811,0
159812,1
159815,0
159819,0
159820,0
159823,0
159824,1
159827,1
159835,1
159841,1
159842,0
159843,1
159848,0
159849,1
159851,0
159854,0
159860,0
159861,0
159867,1
159872,0
159876,0
159877,1
159882,0
159883,1
159885,0
159886,0
159887,0
159888,1
159892,0
159893,0
159894,0
159895,1
159896,0
159897,1
159900,0
159901,1
159904,1
159905,1
159906,1
159908,0
159910,0
159913,1
159915,0
159917,0
159918,0
159922,1
159923,0
159924,1
159927,1
159933,0
159934,0
159935,1
159937,0
159938,0
159939,1
159940,0
159941,0
159944,0
159953,0
159955,0
159956,1
159958,1
159960,1
159962,0
159964,1
159966,1
159970,1
159971,0
159972,0
159973,0
159974,1
159976,0
159979,1
159980,0
159982,1
159983,0
159984,0
159985,0
159987,0
159988,0
159991,0
159992,0
159993,1
159998,0
160001,0
160003,0
160007,1
160014,1
160016,0
160022,1
160024,0
160027,0
160030,1
160032,1
160036,1
160037,1
160042,0
160047,1
160048,0
160050,0
160056,0
160061,1
160062,0
160063,1
160066,1
160067,0
160069,0
160070,0
160072,1
160073,0
160074,0
160075,0
160078,1
160085,0
160086,0
160087,0
160088,1
160090,0
160091,1
160092,1
160096,1
160097,0
160099,1
160101,0
160102,0
160110,1
160111,1
160120,0
160123,0
160126,0
160127,0
160131,0
160132,1
160136,1
160137,1
160142,0
160146,1
160147,1
160148,0
160149,0
160150,1
160153,0
160154,1
160155,1
160156,1
160157,0
160158,1
160159,0
160161,0
160163,0
160164,0
160165,0
160167,0
160169,0
160170,0
160172,0
160176,0
160180,1
160181,1
160185,0
160186,1
160187,1
160188,0
160189,0
160191,1
160194,0
160202,0
160203,0
160205,0
160206,0
160208,1
160210,0
160211,0
160212,0
160213,1
160215,1
160217,0
160220,0
160222,1
160223,1
160224,1
160225,0
160226,1
160227,0
160228,0
160230,0
160235,0
160236,0
160237,1
160239,0
160243,0
160245,1
160249,0
160250,1
160256,0
160262,0
160264,1
160267,0
160272,1
160278,1
160279,0
160280,0
160282,0
160283,1
160284,1
160285,0
160288,1
160289,0
160290,0
160292,1
160298,0
160299,1
160301,0
160304,0
160310,0
160311,1
160313,0
160314,1
160316,0
160317,0
160318,1
160319,1
160320,1
160325,1
160329,0
160331,1
160332,0
160334,1
160339,0
160341,0
160342,1
160344,1
160348,1
160352,1
160353,1
160360,1
160362,0
160363,0
160364,0
160365,1
160368,0
160371,0
160372,0
160374,0
160375,1
160378,1
160380,0
160384,0
160385,0
160388,1
160389,0
160390,0
160392,1
160393,1
160395,1
160399,0
160400,0
160402,0
160403,1
160404,1
160405,1
160406,1
160409,1
160416,1
160417,1
160419,0
160420,0
160422,1
160423,0
160424,0
160425,1
160426,0
160429,1
160437,1
160438,0
160440,1
160442,1
160443,0
160444,1
160445,1
160447,1
160448,0
160450,0
160463,1
160464,0
160465,0
160470,1
160471,0
160476,1
160478,1
160480,1
160481,0
160482,0
160484,0
160486,0
160491,1
160495,0
160497,1
160500,1
160501,0
160502,0
160514,1
160516,1
160519,1
160522,1
160526,0
160528,0
160530,0
160531,0
160532,0
160535,0
160537,0
160539,1
160541,1
160542,0
160546,1
160549,0
160552,0
160557,1
160561,0
160565,0
160566,1
160569,1
160574,0
160575,1
160582,1
160585,1
160587,0
160591,1
160592,1
160593,0
160600,1
160601,1
160602,0
160606,1
160609,1
160616,1
160619,0
160625,1
160626,1
160628,0
160629,0
160634,0
160636,0
160637,1
160639,0
160640,0
160641,1
160645,1
160649,1
160652,0
160653,1
160655,0
160661,1
160665,0
160666,0
160668,1
160670,1
160671,0
160679,1
160680,1
160685,0
160688,0
160689,1
160691,0
160693,0
160695,1
160697,1
160698,1
160699,1
160700,1
160703,0
160705,0
160706,1
160710,1
160713,1
160714,0
160715,0
160717,1
160726,1
160728,1
160731,0
160733,0
160734,0
160736,1
160739,0
160740,1
160747,0
160748,1
160749,1
160751,0
160752,0
160753,1
160757,0
160761,1
160764,1
160766,0
160768,0
160770,1
160771,1
160772,1
160773,1
160776,0
160778,1
160779,0
160781,0
160784,1
160785,0
160787,1
160789,1
160794,0
160795,1
160796,0
160798,1
160800,1
160805,0
160810,0
160811,0
160812,0
160817,1
160820,1
160823,0
160824,1
160830,1
160835,1
160839,0
160843,0
160845,0
160846,1
160848,1
160849,1
160850,1
160853,0
160861,1
160863,0
160865,0
160869,1
160871,1
160874,1
160878,1
160879,1
160880,1
160881,0
160882,0
160883,1
160884,0
160888,0
160890,1
160893,1
160899,0
160900,0
160906,1
160907,0
160914,0
160916,1
160917,1
160920,0
160923,0
160925,0
160926,1
160934,0
160942,1
160948,1
160950,0
160951,1
160954,0
160958,0
160959,0
160963,1
160964,0
160966,0
160967,1
160968,0
160969,1
160971,1
160972,0
160977,0
160978,0
160979,1
160986,0
160989,1
160990,1
160996,0
160998,1
161002,0
161003,0
161005,1
161006,1
161012,1
161013,1
161014,1
161017,1
161018,0
161028,1
161033,1
161035,0
161036,1
161037,0
161038,0
161039,0
161046,1
161051,1
161054,0
161055,1
161056,0
161057,0
161058,0
161063,0
161066,1
161067,1
161069,1
161070,1
161071,0
161073,1
161076,0
161079,0
161080,0
161083,1
161085,1
161086,1
161103,1
161111,0
161112,0
161114,0
161115,0
161120,0
161124,0
161129,0
161130,0
161133,0
161135,1
161136,1
161137,1
161139,0
161140,1
161141,0
161144,0
161148,0
161151,0
161153,0
161155,1
161159,1
161160,0
161161,0
161162,0
161163,0
161164,1
161165,1
161169,0
161171,0
161172,0
161176,0
161181,0
161184,1
161186,0
161191,1
161193,1
161195,1
161199,0
161200,1
161201,0
161202,1
161206,0
161211,1
161212,0
161213,1
161216,1
161217,0
161222,0
161224,0
161233,1
161234,0
161238,1
161241,1
161242,0
161246,0
161248,1
161250,0
161252,0
161254,0
161255,1
161256,1
161257,1
161262,0
161263,1
161265,1
161266,0
161270,0
161271,0
161272,1
161273,0
161276,0
161278,1
161279,1
161281,1
161283,0
161293,1
161294,0
161296,1
161297,1
161299,1
161301,1
161302,0
161308,1
161315,0
161318,0
161321,1
161322,1
161323,0
161328,0
161329,0
161331,0
161333,1
161337,1
161346,1
161348,0
161359,1
161360,0
161361,1
161362,0
161365,0
161366,1
161367,1
161368,1
161371,0
161373,0
161374,1
161377,0
161378,0
161382,1
161383,1
161384,1
161386,0
161388,0
161394,1
161395,0
161396,1
161397,1
161401,0
161404,0
161405,0
161408,1
161409,0
161410,0
161413,1
161417,1
161418,1
161419,0
161422,1
161424,0
161426,1
161429,1
161430,0
161437,0
161442,0
161443,0
161447,1
161450,0
161451,1
161452,0
161455,1
161456,1
161459,1
161461,1
161463,1
161469,0
161471,0
161475,0
161477,0
161478,0
161479,0
161481,0
161482,1
161483,1
161484,0
161485,0
161486,0
161487,0
161488,0
161491,1
161494,0
161496,1
161497,0
161499,1
161500,1
161501,0
161507,0
161511,0
161512,0
161514,0
161515,0
161516,0
161517,0
161520,0
161524,0
161528,1
161529,0
161530,0
161532,0
161535,1
161537,1
161540,1
161543,1
161545,1
161547,1
161551,1
161553,1
161554,0
161555,0
161556,0
161558,0
161560,1
161562,0
161563,0
161564,0
161565,0
161567,1
161571,0
161572,0
161576,0
161577,0
161581,1
161582,1
161583,0
161584,0
161586,1
161589,0
161590,1
161596,1
161599,1
161600,0
161603,0
161606,1
161608,0
161618,0
161619,0
161625,1
161627,0
161630,0
161631,1
161635,0
161636,0
161637,0
161639,1
161645,0
161648,1
161652,1
161653,1
161657,1
161658,0
161659,0
161662,1
161667,0
161668,1
161669,0
161670,0
161671,0
161674,0
161675,0
161676,0
161680,1
161681,1
161683,1
161689,1
161693,1
161694,1
161696,1
161697,0
161699,1
161700,1
161701,0
161702,1
161703,1
161704,1
161710,1
161711,0
161714,1
161715,1
161721,0
161725,0
161726,0
161731,0
161732,1
161734,1
161738,1
161742,0
161744,1
161748,0
161749,1
161750,1
161754,1
161758,0
161760,1
161761,0
161763,0
161764,0
161766,0
161770,0
161775,0
161777,1
161781,1
161782,0
161783,0
161786,1
161787,0
161794,1
161797,1
161800,0
161803,0
161805,1
161806,1
161807,0
161809,0
161810,1
161817,1
161819,1
161821,1
161822,1
161824,1
161825,0
161826,0
161828,1
161836,0
161838,1
161839,0
161841,0
161845,0
161846,1
161851,1
161853,0
161854,1
161856,1
161857,1
161858,0
161860,1
161862,1
161864,1
161867,0
161870,0
161878,1
161879,0
161880,1
161882,0
161883,0
161884,1
161888,1
161891,0
161893,1
161897,0
161899,0
161902,0
161903,1
161904,1
161906,0
161908,1
161909,0
161910,1
161913,0
161914,0
161916,1
161918,1
161920,1
161921,1
161922,1
161924,1
161925,0
161928,0
161929,0
161934,0
161935,0
161937,0
161941,0
161942,1
161943,0
161944,1
161947,0
161951,0
161952,0
161956,0
161961,1
161965,1
161966,0
161967,0
161970,0
161972,0
161973,1
161977,1
161978,0
161979,1
161982,1
161983,1
161989,0
161992,1
161994,1
161997,1
161998,0
161999,0
162007,0
162008,0
162009,1
162010,1
162011,1
162012,0
162015,1
162016,1
162019,0
162022,0
162028,0
162033,1
162038,1
162042,0
162044,0
162045,1
162046,1
162047,1
162048,0
162049,1
162051,0
162053,0
162054,0
162056,0
162057,0
162058,1
162059,1
162063,0
162064,0
162065,0
162066,0
162068,0
162071,0
162075,0
162077,1
162079,1
162082,1
162084,1
162090,1
162092,0
162093,0
162095,0
162096,0
162097,1
162099,0
162100,1
162106,1
162107,0
162108,1
162109,0
162110,1
162113,1
162114,0
162116,1
162117,0
162120,0
162124,0
162127,0
162129,0
162131,1
162134,0
162137,0
162139,0
162144,1
162145,0
162146,0
162150,1
162152,1
162160,0
162162,0
162169,1
162172,1
162173,0
162174,0
162184,1
162189,1
162191,1
162192,0
162196,0
162198,0
162199,0
162201,1
162202,0
162203,1
162206,0
162207,0
162208,0
162211,1
162214,1
162216,0
162217,0
162220,1
162223,0
162227,1
162229,1
162230,0
162231,0
162232,0
162234,1
162238,1
162242,0
162244,0
162245,0
162247,0
162248,1
162250,0
162251,1
162253,0
162255,1
162257,0
162259,1
162260,1
162264,0
162265,1
162266,0
162270,0
162274,0
162277,1
162278,0
162281,0
162283,0
162286,1
162287,0
162289,1
162290,0
162292,0
162293,1
162294,0
162295,1
162296,0
162298,0
162301,1
162302,0
162303,0
162304,1
162305,1
162307,1
162308,1
162309,1
162311,0
162312,0
162317,1
162318,0
162323,1
162325,0
162327,1
162328,1
162330,1
162337,0
162338,1
162339,1
162340,0
162341,1
162343,1
162346,0
162348,0
162349,0
162350,1
162351,1
162352,0
162353,0
162354,0
162358,0
162360,0
162362,0
162364,0
162366,1
162367,1
162376,1
162377,0
162384,0
162385,1
162386,0
162387,1
162394,1
162395,0
162398,0
162399,0
162400,1
162403,0
162405,1
162416,0
162417,1
162419,1
162420,1
162421,1
162422,0
162424,0
162425,0
162427,1
162429,1
162430,1
162431,0
162433,1
162435,0
162436,0
162438,1
162440,1
162442,1
162445,0
162448,1
162451,1
162454,1
162455,0
162458,0
162460,0
162461,0
162462,0
162466,0
162469,1
162472,0
162476,0
162479,0
162480,0
162482,1
162483,0
162484,0
162486,0
162488,1
162490,0
162491,0
162494,0
162497,1
162501,1
162503,1
162505,0
162510,1
162511,1
162512,1
162514,1
162519,1
162521,0
162532,0
162534,0
162540,1
162543,0
162544,0
162546,0
162549,0
162556,1
162558,1
162561,0
162563,1
162568,0
162570,1
162576,1
162578,1
162579,1
162580,1
162581,1
162591,1
162592,0
162595,1
162598,0
162601,1
162602,0
162603,1
162605,0
162615,1
162616,0
162619,1
162620,1
162624,0
162629,0
162632,1
162635,1
162636,0
162640,1
162644,1
162645,1
162647,1
162651,0
162652,0
162654,0
162659,1
162661,1
162664,1
162667,0
162669,0
162674,0
162675,0
162676,0
162679,1
162681,1
162684,1
162687,0
162690,0
162692,0
162696,0
162698,1
162701,1
162707,1
162709,0
162716,0
162718,0
162726,0
162727,0
162729,1
162734,1
162742,1
162743,0
162747,0
162748,1
162755,1
162758,1
162764,0
162765,0
162772,0
162773,1
162775,1
162776,1
162781,1
162787,0
162788,1
162792,1
162795,1
162798,1
162801,1
162803,0
162805,1
162806,0
162809,0
162812,0
162813,1
162814,1
162815,1
162817,0
162818,0
162819,1
162820,0
162821,1
162824,0
162825,0
162826,1
162827,0
162831,1
162832,0
162836,1
162840,0
162841,0
162842,1
162843,0
162844,1
162845,1
162846,1
162851,1
162852,1
162853,1
162854,1
162855,0
162856,0
162862,1
162866,1
162867,0
162870,0
162875,0
162885,1
162891,0
162892,1
162897,1
162900,0
162905,0
162909,1
162912,0
162913,1
162915,1
162916,0
162917,1
162924,1
162927,1
162928,1
162933,0
162937,1
162940,0
162942,0
162943,1
162946,1
162947,1
162951,0
162952,1
162953,1
162954,1
162958,0
162960,1
162962,1
162963,1
162966,1
162969,0
162970,0
162971,0
162972,1
162974,0
162981,1
162982,1
162986,0
162987,1
162989,1
162990,0
162992,0
162994,1
162995,0
162996,1
162997,1
162999,1
163006,1
163007,1
163010,0
163012,0
163014,0
163018,1
163019,0
163020,1
163021,1
163024,1
163025,1
163027,1
163028,1
163029,1
163030,1
163033,0
163034,0
163037,0
163042,1
163043,1
163044,0
163047,0
163049,1
163055,0
163058,1
163059,1
163062,0
163063,1
163066,0
163070,1
163074,0
163080,0
163081,0
163082,0
163083,0
163085,1
163097,1
163098,0
163100,0
163102,0
163103,1
163104,1
163105,1
163106,0
163109,1
163114,0
163115,1
163116,0
163118,1
163119,1
163127,0
163129,1
163134,1
163136,0
163141,1
163143,0
163145,0
163149,1
163153,1
163156,0
163161,1
163164,0
163165,0
163166,0
163170,0
163171,1
163175,0
163178,1
163185,0
163186,0
163192,0
163194,0
163199,0
163201,1
163202,1
163205,1
163207,1
163208,0
163209,0
163210,1
163213,1
163216,1
163217,0
163220,1
163222,1
163223,0
163224,1
163225,0
163231,0
163233,0
163234,1
163235,1
163237,0
163238,0
163244,0
163247,0
163250,1
163253,0
163255,1
163256,1
163257,0
163259,0
163260,0
163262,0
163263,0
163265,0
163266,1
163268,1
163270,0
163271,0
163281,0
163283,0
163284,0
163285,1
163290,0
163293,0
163294,1
163300,1
163301,1
163304,0
163305,1
163308,0
163310,0
163311,0
163315,1
163316,1
163317,1
163318,1
163320,1
163323,0
163326,1
163328,0
163330,0
163334,0
163335,0
163340,0
163342,0
163345,0
163347,0
163349,1
163350,1
163351,1
163353,1
163355,0
163360,1
163365,0
163366,1
163368,1
163373,0
163375,0
163381,0
163382,1
163383,1
163384,1
163386,1
163388,0
163391,0
163394,0
163396,1
163398,1
163399,1
163401,0
163404,0
163408,1
163415,0
163416,0
163417,1
163418,1
163419,1
163422,1
163424,0
163429,0
163432,1
163433,1
163439,0
163440,1
163445,1
163446,1
163447,0
163450,0
163451,1
163455,1
163462,0
163463,1
163465,1
163471,1
163474,0
163475,1
163479,0
163482,1
163483,0
163490,1
163491,1
163494,0
163495,1
163496,1
163499,1
163500,0
163501,0
163504,0
163505,1
163506,0
163507,0
163509,1
163510,0
163511,0
163516,0
163518,0
163520,0
163521,1
163524,0
163528,0
163531,1
163535,0
163536,1
163541,1
163543,1
163546,0
163549,0
163550,1
163551,1
163552,1
163554,0
163555,0
163556,1
163557,0
163558,1
163560,1
163561,0
163563,1
163564,0
163565,0
163568,1
163569,1
163571,0
163572,1
163576,0
163578,1
163583,0
163587,1
163594,0
163600,1
163601,0
163603,1
163606,1
163607,0
163608,1
163611,0
163615,0
163616,0
163621,0
163622,0
163626,0
163628,0
163633,1
163635,0
163637,1
163639,0
163643,0
163644,1
163646,1
163649,1
163651,0
163652,0
163657,0
163659,0
163662,1
163663,0
163665,1
163666,1
163671,1
163673,0
163677,0
163678,1
163681,0
163682,0
163683,1
163687,1
163693,0
163695,0
163696,0
163697,0
163698,0
163700,1
163701,0
163702,1
163703,0
163704,1
163706,1
163708,0
163709,0
163711,1
163713,0
163716,1
163719,0
163720,0
163722,0
163725,0
163726,0
163730,0
163736,0
163749,1
163750,0
163751,1
163752,0
163754,0
163758,0
163760,1
163761,1
163763,1
163766,0
163767,0
163768,1
163769,0
163770,0
163771,1
163772,1
163778,0
163785,1
163790,0
163791,0
163792,1
163794,0
163795,1
163798,1
163800,1
163803,1
163805,1
163806,0
163807,0
163808,1
163812,0
163814,0
163815,1
163816,1
163818,0
163824,0
163825,1
163828,0
163829,1
163836,1
163837,0
163841,1
163843,0
163846,1
163848,0
163849,1
163855,1
163858,1
163860,1
163865,1
163870,0
163871,0
163872,1
163873,1
163875,0
163881,0
163882,1
163888,0
163889,1
163890,1
163894,1
163899,1
163901,0
163902,0
163904,0
163905,1
163908,1
163911,0
163912,0
163913,1
163914,0
163919,1
163923,0
163924,1
163925,0
163926,0
163927,1
163928,0
163930,1
163935,1
163936,0
163937,1
163938,0
163940,0
163942,0
163944,1
163946,1
163948,1
163949,0
163953,0
163955,0
163958,1
163962,0
163967,0
163972,0
163974,1
163976,0
163978,1
163987,1
163990,0
163992,0
163993,1
164001,0
164002,0
164004,1
164005,0
164006,1
164007,0
164009,1
164013,0
164018,1
164019,0
164021,0
164022,1
164023,0
164028,0
164030,0
164031,1
164033,0
164036,1
164037,0
164039,1
164040,0
164047,0
164048,1
164050,1
164051,1
164053,1
164054,1
164056,0
164057,0
164060,0
164062,1
164063,0
164064,1
164068,1
164071,1
164074,0
164077,1
164079,1
164084,0
164087,1
164088,1
164090,1
164095,0
164097,1
164099,1
164100,1
164101,0
164103,1
164106,1
164107,0
164108,1
164111,1
164112,1
164114,0
164115,1
164116,1
164119,0
164121,1
164127,0
164128,0
164129,0
164132,0
164134,0
164135,1
164137,0
164138,1
164142,1
164145,1
164146,0
164147,0
164149,0
164151,0
164153,0
164154,0
164159,1
164161,1
164162,0
164167,0
164168,1
164171,0
164177,1
164178,0
164179,1
164180,1
164181,1
164185,0
164186,1
164187,0
164188,0
164191,1
164195,1
164196,0
164197,0
164198,0
164202,0
164203,1
164206,0
164207,1
164208,1
164210,1
164212,0
164213,1
164217,0
164218,0
164219,0
164220,0
164224,1
164225,1
164226,0
164227,1
164231,1
164234,0
164235,1
164236,0
164240,0
164242,0
164243,0
164245,1
164246,0
164247,1
164249,1
164257,1
164259,1
164262,1
164263,1
164265,1
164266,0
164269,1
164270,1
164271,1
164273,0
164276,1
164278,1
164281,0
164285,1
164289,1
164290,0
164292,1
164293,0
164294,1
164295,0
164297,1
164302,1
164309,0
164310,1
164311,0
164313,1
164314,1
164316,0
164319,0
164322,1
164323,0
164324,0
164326,1
164327,1
164338,0
164339,0
164343,0
164345,1
164347,0
164349,1
164350,1
164351,0
164353,0
164357,1
164358,1
164359,1
164363,1
164364,1
164366,1
164367,1
164368,0
164370,0
164372,0
164374,1
164375,1
164376,1
164379,1
164382,1
164384,0
164385,1
164393,0
164400,0
164401,1
164403,0
164404,0
164405,0
164406,1
164407,1
164410,1
164411,0
164415,0
164418,1
164419,0
164422,0
164427,1
164428,1
164433,1
164436,0
164437,1
164438,1
164441,1
164449,1
164450,0
164451,1
164453,0
164454,1
164456,1
164457,0
164460,0
164461,0
164463,0
164464,0
164466,0
164467,0
164469,0
164470,0
164474,0
164476,0
164479,0
164481,1
164482,1
164485,1
164487,1
164490,0
164495,1
164496,1
164498,1
164499,0
164500,1
164504,0
164509,1
164511,1
164517,1
164521,1
164522,0
164526,0
164527,1
164528,1
164529,1
164535,1
164536,1
164539,1
164540,1
164543,1
164546,1
164547,1
164549,0
164550,1
164552,0
164555,1
164556,1
164558,0
164559,1
164562,1
164563,0
164564,0
164566,0
164571,1
164572,1
164576,1
164577,1
164578,1
164579,1
164583,0
164584,0
164586,0
164587,0
164588,0
164592,0
164595,1
164596,0
164598,0
164602,1
164606,0
164608,0
164609,1
164611,0
164613,0
164615,0
164617,1
164618,1
164619,0
164622,1
164624,0
164625,0
164626,0
164631,1
164634,0
164638,1
164639,0
164640,0
164641,1
164644,1
164648,0
164652,0
164653,0
164654,0
164656,0
164660,1
164661,0
164669,1
164671,1
164674,0
164675,1
164677,1
164680,0
164688,0
164690,0
164691,0
164695,1
164697,1
164699,1
164707,1
164710,1
164711,0
164712,0
164715,0
164717,0
164720,0
164721,1
164724,0
164725,1
164729,1
164732,1
164733,1
164735,1
164736,0
164738,0
164739,1
164746,0
164750,1
164751,0
164752,0
164754,0
164755,1
164756,1
164759,0
164762,0
164764,0
164765,1
164766,0
164767,0
164771,1
164776,1
164777,0
164784,0
164788,1
164795,1
164796,1
164798,1
164801,0
164802,1
164803,1
164805,1
164812,1
164814,1
164818,1
164819,0
164820,0
164821,1
164822,0
164823,0
164826,1
164829,0
164830,0
164832,0
164835,1
164836,1
164845,0
164847,1
164848,0
164849,1
164850,0
164852,1
164853,0
164854,1
164858,0
164860,1
164862,0
164864,0
164865,0
164866,1
164874,0
164880,0
164881,1
164882,1
164883,1
164885,0
164886,1
164887,0
164888,1
164889,1
164890,1
164891,1
164894,1
164899,0
164900,1
164902,1
164904,0
164906,0
164907,0
164908,0
164910,0
164912,1
164914,1
164915,1
164920,1
164931,1
164932,0
164938,1
164940,0
164941,1
164944,0
164946,1
164948,0
164950,0
164951,1
164953,1
164954,0
164956,1
164960,1
164961,0
164963,1
164965,0
164967,0
164969,0
164970,0
164973,1
164977,1
164981,1
164983,1
164985,1
164987,0
164989,1
164996,0
165001,1
165003,1
165008,0
165010,0
165012,1
165013,0
165014,0
165015,1
165018,1
165024,1
165025,1
165027,1
165030,0
165032,1
165033,1
165034,0
165035,1
165036,0
165037,1
165039,1
165041,1
165042,1
165043,0
165044,0
165045,1
165047,0
165048,1
165050,0
165053,1
165054,0
165056,0
165057,1
165059,0
165060,0
165062,1
165063,1
165064,1
165066,0
165067,0
165069,0
165073,0
165074,1
165077,0
165083,1
165084,1
165085,1
165088,0
165090,1
165093,0
165094,0
165095,0
165099,1
165100,0
165101,1
165103,0
165105,0
165114,1
165115,0
165118,1
165120,1
165121,0
165122,0
165123,0
165124,1
165125,0
165128,1
165129,1
165132,0
165135,1
165142,0
165145,1
165146,1
165148,0
165150,0
165153,1
165154,0
165155,0
165160,0
165164,0
165167,1
165169,0
165171,1
165176,0
165177,0
165179,1
165186,1
165189,0
165190,0
165192,1
165193,1
165196,1
165197,0
165198,1
165202,1
165205,1
165207,1
165209,1
165212,1
165213,0
165217,0
165220,0
165223,0
165226,0
165228,0
165232,1
165233,0
165235,1
165240,0
165243,0
165245,0
165246,1
165248,0
165250,0
165251,0
165252,1
165253,0
165257,1
165259,0
165260,0
165262,0
165264,0
165266,1
165267,1
165268,0
165272,1
165273,0
165275,1
165279,0
165281,1
165282,1
165284,0
165286,0
165287,1
165288,1
165301,0
165303,1
165305,1
165307,1
165309,1
165312,1
165313,0
165315,1
165316,0
165319,0
165321,1
165322,0
165327,0
165330,0
165332,0
165333,0
165338,0
165339,0
165344,1
165349,0
165352,0
165354,1
165355,1
165356,0
165365,0
165366,1
165376,1
165378,0
165379,0
165388,1
165395,1
165397,1
165398,1
165400,1
165401,1
165406,1
165407,0
165412,0
165413,1
165419,1
165423,0
165425,1
165426,1
165428,0
165429,0
165433,1
165436,1
165439,1
165441,1
165442,1
165443,1
165444,0
165445,1
165450,0
165456,1
165461,1
165462,0
165463,0
165468,1
165470,0
165480,1
165481,1
165482,0
165484,0
165488,0
165489,1
165490,0
165494,1
165497,1
165500,0
165501,0
165502,0
165503,1
165504,1
165506,1
165508,0
165515,0
165519,0
165520,0
165522,0
165527,0
165531,1
165534,1
165535,1
165538,1
165539,0
165541,1
165543,0
165545,1
165546,0
165547,0
165550,1
165551,0
165556,0
165557,1
165559,0
165560,1
165561,1
165562,0
165563,1
165565,0
165566,0
165568,1
165570,0
165572,0
165574,0
165576,0
165577,1
165578,0
165579,0
165585,1
165586,0
165592,0
165594,0
165597,0
165598,0
165602,1
165603,1
165605,1
165609,0
165615,1
165618,0
165621,1
165623,0
165624,0
165626,0
165631,0
165633,1
165635,0
165636,0
165637,0
165639,1
165640,0
165645,0
165646,0
165648,1
165649,0
165655,0
165658,0
165659,1
165660,1
165662,0
165663,0
165664,1
165671,1
165672,0
165673,0
165674,1
165678,1
165679,1
165680,1
165683,0
165684,1
165693,0
165694,0
165698,0
165699,0
165703,1
165704,0
165708,0
165711,0
165712,1
165713,0
165714,0
165725,0
165729,0
165732,0
165735,1
165736,0
165738,1
165744,0
165745,1
165746,1
165747,1
165751,1
165753,1
165754,1
165756,0
165760,1
165762,0
165764,0
165778,1
165779,1
165780,1
165782,0
165784,0
165788,0
165789,1
165791,0
165792,0
165794,1
165797,1
165799,1
165800,0
165804,1
165810,0
165813,0
165814,0
165821,1
165823,1
165835,0
165838,0
165840,0
165841,1
165842,0
165845,0
165850,0
165852,0
165853,0
165858,1
165859,0
165860,0
165864,0
165865,0
165868,1
165870,0
165871,0
165873,1
165875,0
165877,0
165878,1
165880,1
165881,0
165882,1
165883,0
165885,0
165889,1
165890,0
165893,0
165898,1
165899,0
165901,0
165902,1
165903,0
165907,0
165908,1
165914,1
165917,0
165922,0
165924,1
165929,1
165930,0
165931,0
165935,1
165939,0
165941,0
165942,1
165945,1
165946,0
165947,0
165948,0
165954,1
165958,0
165959,0
165964,0
165972,0
165976,0
165977,0
165978,1
165980,0
165982,1
165984,0
165986,1
165989,1
165992,1
165993,0
165994,1
165997,1
165999,0
166000,0
166002,0
166004,0
166007,0
166008,1
166009,0
166010,1
166011,1
166012,0
166016,1
166017,0
166020,0
166023,1
166024,1
166025,0
166026,1
166027,0
166029,0
166030,0
166034,0
166036,1
166037,0
166038,0
166043,1
166045,1
166046,1
166047,1
166052,1
166055,0
166057,0
166060,0
166063,1
166064,0
166066,1
166067,1
166068,0
166072,0
166075,0
166076,0
166077,1
166082,0
166084,0
166085,0
166088,1
166089,0
166091,0
166092,1
166094,1
166096,0
166102,1
166104,0
166105,0
166107,0
166111,1
166115,1
166121,1
166124,0
166125,1
166128,0
166137,1
166139,1
166140,1
166141,0
166143,1
166151,1
166154,1
166155,1
166157,0
166159,0
166163,1
166165,1
166168,1
166170,1
166174,1
166176,1
166177,1
166178,0
166180,0
166181,0
166182,0
166185,1
166191,1
166192,0
166193,1
166196,0
166197,0
166198,0
166201,0
166202,0
166207,1
166208,0
166209,1
166212,1
166213,0
166214,1
166217,0
166218,1
166220,0
166223,1
166225,1
166231,0
166234,1
166248,1
166253,0
166258,1
166260,0
166263,1
166269,1
166271,1
166272,1
166273,0
166275,1
166277,1
166282,1
166283,1
166285,1
166287,0
166288,1
166299,1
166300,0
166301,1
166302,1
166303,1
166305,1
166308,1
166312,0
166317,0
166318,1
166320,1
166321,0
166322,1
166323,0
166324,0
166326,0
166328,1
166331,0
166335,0
166336,1
166338,1
166340,0
166341,0
166342,0
166343,1
166345,0
166347,1
166348,0
166351,1
166357,1
166358,0
166360,1
166363,1
166364,1
166365,1
166371,0
166374,1
166376,0
166377,1
166378,0
166381,0
166382,1
166383,0
166385,0
166387,0
166391,0
166394,0
166403,0
166404,0
166406,1
166407,0
166408,1
166411,0
166412,0
166414,0
166415,1
166420,0
166428,0
166429,1
166432,0
166434,1
166436,1
166441,1
166442,1
166446,0
166447,1
166448,0
166450,1
166451,1
166453,1
166457,0
166461,0
166463,0
166471,1
166472,1
166473,1
166476,0
166479,1
166485,0
166487,1
166488,0
166489,1
166494,0
166495,1
166499,1
166501,0
166502,1
166505,1
166509,1
166512,0
166516,1
166517,1
166519,1
166520,1
166521,0
166523,1
166525,0
166526,1
166535,1
166538,1
166539,0
166546,1
166548,0
166550,1
166553,0
166555,0
166560,0
166562,1
166564,0
166569,1
166572,1
166573,0
166580,0
166585,0
166586,0
166588,1
166593,1
166596,0
166603,1
166613,0
166620,1
166625,0
166627,0
166629,0
166631,0
166632,0
166635,1
166637,1
166638,0
166639,1
166642,1
166647,1
166649,1
166650,1
166651,0
166652,0
166653,0
166654,1
166655,0
166656,1
166659,1
166661,1
166663,0
166664,0
166665,1
166669,1
166671,1
166672,1
166673,1
166675,1
166678,1
166683,1
166684,0
166685,0
166689,0
166691,0
166693,1
166698,1
166699,0
166700,0
166703,1
166704,1
166705,1
166708,0
166709,1
166710,0
166711,1
166712,0
166714,1
166715,1
166717,1
166721,0
166723,0
166729,1
166732,1
166733,0
166735,0
166741,0
166742,1
166746,0
166747,1
166748,1
166754,1
166755,0
166756,1
166757,0
166761,1
166762,0
166763,0
166767,0
166771,1
166780,0
166782,0
166786,1
166788,1
166789,0
166790,1
166796,0
166798,0
166802,0
166807,0
166811,0
166812,0
166814,0
166816,0
166817,1
166819,1
166822,0
166823,0
166825,1
166827,1
166835,0
166840,0
166842,0
166843,0
166844,1
166845,0
166846,1
166847,0
166848,1
166850,1
166853,1
166854,1
166860,1
166862,1
166867,1
166869,0
166870,0
166874,1
166875,1
166876,1
166879,1
166883,1
166884,1
166887,1
166888,1
166889,0
166893,1
166895,0
166900,1
166902,0
166903,0
166906,0
166910,0
166914,0
166915,1
166917,1
166918,0
166919,1
166921,0
166924,0
166926,1
166927,1
166929,0
166930,1
166932,0
166933,1
166944,1
166947,0
166951,1
166952,0
166953,1
166959,1
166961,0
166966,0
166967,1
166975,0
166976,0
166979,0
166980,0
166981,0
166986,0
166987,1
166988,0
166994,1
166996,0
166997,0
167004,0
167008,1
167009,0
167010,1
167011,0
167013,1
167016,0
167017,0
167018,1
167020,1
167021,1
167022,0
167024,1
167025,1
167026,1
167027,1
167029,0
167030,0
167032,0
167033,1
167038,0
167041,0
167042,1
167043,1
167045,0
167046,1
167048,1
167054,1
167058,0
167059,1
167062,1
167064,0
167065,0
167066,0
167072,1
167073,1
167080,0
167085,0
167088,0
167090,1
167093,1
167094,1
167095,0
167096,1
167100,0
167101,1
167107,1
167108,0
167110,1
167111,0
167113,0
167117,1
167121,0
167122,1
167127,1
167129,1
167130,1
167132,0
167134,1
167136,1
167140,1
167141,1
167143,1
167148,1
167151,1
167155,0
167156,1
167158,1
167161,1
167162,0
167167,1
167170,1
167174,1
167177,1
167182,1
167184,0
167186,1
167188,1
167191,1
167193,0
167196,1
167198,1
167200,1
167201,0
167202,1
167205,1
167206,0
167207,0
167210,0
167212,1
167215,1
167218,0
167225,0
167226,1
167227,1
167232,1
167234,1
167236,0
167237,1
167240,0
167241,1
167251,1
167252,1
167255,0
167259,0
167260,1
167264,0
167268,1
167271,1
167274,1
167275,1
167277,0
167278,1
167284,0
167286,0
167289,0
167290,0
167291,1
167294,0
167299,1
167300,1
167302,1
167304,1
167307,0
167308,1
167310,1
167311,0
167312,0
167315,1
167316,1
167319,1
167321,1
167322,1
167325,0
167326,0
167329,1
167330,1
167331,1
167332,0
167337,1
167338,0
167339,1
167340,0
167343,1
167348,1
167349,0
167351,1
167355,1
167359,0
167361,0
167368,0
167369,0
167371,1
167375,1
167377,1
167381,1
167382,1
167386,1
167390,1
167391,1
167395,1
167396,0
167398,1
167400,0
167406,1
167410,1
167412,1
167414,1
167415,0
167418,1
167419,1
167421,0
167422,0
167423,0
167427,0
167430,1
167431,1
167432,1
167434,0
167441,1
167442,1
167444,1
167445,1
167451,1
167452,1
167453,1
167454,1
167455,0
167458,0
167460,1
167463,0
167464,1
167466,1
167470,1
167474,1
167478,1
167481,0
167483,1
167484,0
167486,1
167488,0
167489,1
167493,0
167499,0
167500,0
167501,0
167505,0
167507,0
167513,0
167514,0
167515,0
167517,1
167519,1
167520,0
167521,0
167522,1
167526,0
167527,1
167528,0
167531,1
167533,0
167534,0
167539,0
167540,0
167543,1
167544,0
167545,0
167547,0
167548,1
167549,1
167552,1
167558,1
167559,1
167561,0
167562,0
167563,0
167564,0
167568,0
167577,0
167579,1
167580,0
167583,0
167584,1
167585,0
167587,1
167589,0
167591,0
167595,0
167596,0
167597,1
167599,0
167600,0
167601,0
167603,0
167604,1
167605,0
167609,0
167611,1
167613,1
167614,0
167615,1
167616,0
167617,1
167620,0
167622,0
167623,1
167624,1
167630,1
167632,0
167638,1
167642,0
167643,0
167648,1
167650,0
167651,0
167653,0
167658,0
167659,0
167660,1
167666,0
167669,1
167676,1
167682,1
167683,0
167685,1
167686,0
167689,1
167691,0
167693,1
167695,1
167696,0
167698,0
167700,1
167701,0
167703,1
167704,1
167705,0
167714,0
167715,1
167717,1
167718,0
167719,1
167720,1
167722,1
167728,0
167732,1
167737,1
167739,0
167741,1
167742,1
167743,0
167746,0
167749,0
167751,0
167752,1
167756,0
167757,0
167758,1
167759,0
167761,1
167767,0
167768,1
167771,0
167772,0
167773,0
167780,0
167781,1
167790,0
167795,1
167796,1
167797,1
167801,0
167802,0
167807,0
167815,0
167817,1
167818,1
167820,1
167831,0
167834,0
167840,1
167842,0
167843,0
167849,0
167850,0
167853,1
167854,0
167855,1
167859,1
167862,1
167863,0
167866,0
167867,1
167868,0
167869,1
167872,0
167875,0
167879,0
167883,1
167884,1
167887,0
167889,1
167890,0
167892,1
167893,1
167897,0
167901,1
167902,0
167904,1
167906,0
167907,1
167911,1
167917,0
167918,0
167920,1
167923,0
167927,0
167928,1
167929,1
167932,1
167936,1
167939,1
167943,0
167944,0
167945,0
167948,1
167950,1
167952,0
167953,1
167954,1
167955,0
167959,1
167967,0
167969,1
167971,0
167972,1
167973,0
167983,0
167985,0
167986,0
167990,0
167993,1
167996,1
167998,1
168002,1
168004,0
168006,0
168011,1
168019,0
168021,1
168022,0
168024,0
168026,1
168027,0
168030,0
168035,0
168036,1
168040,0
168046,0
168049,0
168053,0
168056,0
168058,0
168061,0
168063,1
168067,0
168068,0
168070,0
168071,1
168073,0
168074,0
168076,1
168079,0
168084,0
168085,1
168086,0
168087,1
168088,1
168091,0
168093,0
168098,1
168104,0
168107,1
168109,1
168110,1
168116,1
168118,1
168119,0
168123,1
168126,0
168127,1
168128,1
168129,0
168130,0
168132,0
168134,0
168138,1
168141,1
168144,0
168145,1
168146,1
168152,0
168154,1
168158,0
168159,0
168161,0
168162,0
168173,0
168179,1
168182,0
168184,0
168192,1
168193,0
168198,1
168199,1
168202,0
168205,0
168206,0
168207,1
168210,0
168211,0
168212,0
168215,1
168216,1
168217,1
168218,0
168219,1
168220,1
168221,0
168223,1
168225,0
168230,0
168232,0
168233,1
168239,0
168244,1
168245,0
168246,0
168248,1
168253,1
168255,1
168257,1
168258,0
168260,0
168263,1
168264,0
168271,0
168275,0
168276,0
168279,0
168280,1
168281,1
168283,0
168286,0
168287,1
168288,0
168292,1
168298,0
168300,0
168301,1
168304,1
168305,0
168307,1
168309,1
168313,1
168319,1
168320,0
168322,1
168323,0
168324,1
168326,1
168329,1
168330,0
168332,0
168333,1
168334,0
168337,0
168341,1
168342,0
168343,0
168349,1
168351,1
168353,0
168354,0
168355,1
168358,0
168359,0
168362,0
168366,1
168373,0
168374,0
168375,0
168377,0
168380,0
168382,1
168388,0
168389,1
168391,0
168392,1
168393,1
168399,0
168400,0
168405,0
168410,1
168414,0
168415,1
168416,1
168418,1
168420,1
168423,1
168425,0
168426,0
168429,0
168430,1
168431,0
168437,0
168438,1
168439,1
168440,1
168443,1
168444,0
168446,1
168447,0
168452,0
168454,1
168455,0
168456,0
168457,0
168461,0
168464,1
168466,0
168467,1
168472,0
168475,0
168477,1
168479,0
168485,1
168488,0
168489,0
168492,0
168494,1
168495,0
168497,1
168501,0
168504,1
168512,1
168515,1
168520,0
168522,1
168523,0
168525,0
168526,1
168533,1
168534,0
168539,0
168540,1
168544,0
168545,1
168547,1
168549,0
168555,1
168556,1
168559,0
168561,0
168562,0
168567,0
168568,0
168573,0
168579,1
168583,0
168585,0
168586,1
168593,1
168594,1
168597,0
168599,1
168600,0
168601,1
168604,1
168605,0
168609,1
168613,1
168614,0
168616,1
168617,0
168620,0
168621,1
168626,0
168629,0
168630,1
168632,0
168636,1
168637,1
168640,0
168644,1
168646,0
168648,1
168651,0
168653,1
168654,1
168655,0
168658,1
168663,0
168664,0
168665,0
168667,0
168672,1
168677,0
168683,0
168687,0
168688,0
168691,1
168696,0
168697,0
168698,0
168700,0
168702,0
168703,0
168708,0
168709,0
168711,1
168713,0
168715,1
168723,0
168730,0
168734,0
168735,0
168736,0
168737,0
168739,0
168740,1
168741,0
168742,0
168744,1
168746,0
168747,1
168748,1
168751,0
168752,1
168753,0
168754,0
168755,1
168758,0
168760,1
168762,1
168764,1
168765,0
168768,1
168773,0
168774,1
168775,0
168777,1
168779,0
168783,0
168785,1
168787,0
168788,0
168790,0
168793,1
168795,0
168804,0
168808,0
168809,1
168815,1
168816,1
168817,0
168819,1
168820,1
168822,1
168823,1
168824,1
168827,1
168832,1
168834,1
168840,0
168841,0
168842,0
168847,1
168849,0
168853,1
168855,1
168857,1
168860,0
168863,0
168868,0
168869,0
168874,0
168875,1
168878,1
168880,0
168882,1
168887,0
168891,0
168893,1
168894,1
168898,1
168899,0
168901,1
168905,1
168908,1
168909,1
168911,0
168912,1
168916,0
168918,0
168921,0
168924,1
168932,0
168933,0
168937,1
168938,0
168939,0
168942,0
168943,1
168946,0
168948,0
168949,1
168955,0
168956,1
168958,1
168964,0
168969,1
168971,1
168973,0
168975,0
168976,1
168977,0
168978,1
168982,0
168987,1
168989,0
168990,1
168991,1
168992,0
168996,0
168998,1
169000,1
169001,0
169004,1
169005,0
169006,0
169007,0
169009,1
169011,0
169013,0
169017,1
169021,0
169023,1
169026,0
169027,1
169032,1
169034,1
169036,1
169037,0
169038,1
169042,1
169043,0
169044,1
169046,1
169049,1
169051,1
169057,1
169059,0
169066,1
169067,1
169068,0
169075,0
169076,1
169077,0
169078,0
169079,1
169083,1
169088,1
169091,1
169092,1
169094,0
169095,0
169098,1
169099,1
169101,1
169103,1
169105,1
169107,0
169108,0
169109,1
169112,0
169113,1
169119,0
169126,0
169127,1
169128,0
169130,0
169132,1
169133,0
169136,0
169140,1
169145,1
169146,0
169149,0
169151,0
169152,1
169154,0
169158,1
169165,1
169170,1
169172,1
169173,1
169174,1
169175,1
169181,1
169182,1
169188,0
169189,0
169190,0
169191,0
169196,0
169198,1
169202,1
169204,1
169207,0
169211,1
169213,0
169216,0
169225,0
169226,1
169230,1
169231,1
169234,1
169235,1
169237,0
169246,1
169248,1
169251,1
169252,1
169253,1
169255,0
169256,0
169258,1
169260,0
169262,0
169263,1
169266,1
169270,0
169272,1
169274,1
169275,1
169279,0
169280,0
169283,0
169287,1
169288,0
169290,1
169291,0
169292,1
169295,0
169297,1
169302,1
169306,1
169308,0
169309,1
169311,1
169313,1
169317,1
169324,1
169328,1
169330,0
169332,1
169336,0
169338,0
169339,0
169340,0
169341,0
169342,0
169343,0
169344,0
169346,0
169349,1
169357,1
169359,1
169361,0
169364,1
169366,0
169372,0
169373,1
169374,1
169375,0
169377,1
169381,0
169382,0
169385,0
169386,0
169387,0
169391,1
169393,1
169394,0
169395,1
169398,1
169399,0
169401,0
169402,0
169406,1
169408,1
169411,0
169412,0
169415,0
169418,0
169423,0
169424,0
169426,1
169427,1
169430,1
169431,0
169432,0
169433,1
169434,1
169437,0
169438,1
169445,0
169446,0
169447,0
169448,1
169450,1
169454,1
169455,1
169459,1
169461,0
169462,0
169464,0
169465,0
169469,0
169470,1
169475,1
169476,0
169477,1
169478,1
169482,0
169485,0
169486,0
169488,1
169497,0
169500,1
169502,0
169506,0
169507,1
169509,0
169510,1
169514,1
169518,1
169519,1
169525,1
169528,0
169529,0
169532,1
169535,0
169540,0
169542,1
169544,1
169545,0
169547,1
169548,0
169552,0
169553,0
169554,1
169555,0
169556,1
169560,1
169562,1
169564,0
169565,0
169568,1
169573,0
169574,1
169575,1
169577,1
169580,0
169581,1
169584,1
169589,0
169591,1
169592,0
169593,0
169595,1
169598,0
169604,0
169607,1
169608,1
169615,0
169619,0
169620,0
169622,1
169623,0
169625,1
169627,0
169631,0
169632,0
169633,0
169652,1
169653,0
169654,0
169655,0
169659,1
169661,1
169662,0
169663,0
169664,0
169665,0
169667,1
169669,1
169675,0
169677,0
169679,1
169681,1
169687,0
169688,0
169689,0
169691,1
169692,0
169698,1
169699,0
169700,1
169705,0
169707,1
169710,1
169715,1
169723,1
169724,0
169728,0
169729,0
169730,1
169735,1
169743,0
169744,1
169747,1
169748,1
169749,0
169750,1
169752,1
169762,1
169763,1
169765,1
169766,0
169768,1
169777,0
169778,0
169783,1
169786,1
169789,0
169791,1
169793,0
169794,1
169797,0
169801,1
169806,1
169807,1
169808,1
169811,1
169815,1
169817,0
169820,1
169824,1
169825,0
169831,0
169833,0
169834,1
169838,1
169840,1
169843,1
169847,1
169848,0
169849,0
169851,0
169852,1
169854,1
169860,1
169861,1
169865,0
169866,0
169867,0
169877,1
169880,1
169884,0
169887,1
169890,0
169891,0
169894,1
169897,1
169898,0
169899,1
169903,0
169906,0
169908,0
169909,0
169911,1
169912,0
169914,0
169915,0
169917,1
169925,0
169926,0
169930,0
169932,1
169934,0
169935,1
169939,1
169941,0
169942,1
169943,0
169944,0
169945,1
169947,0
169948,1
169951,1
169953,1
169958,0
169959,1
169965,1
169967,0
169970,0
169974,0
169975,1
169978,0
169979,1
169981,0
169982,0
169984,1
169986,1
169988,1
169989,1
169990,1
169991,0
169992,0
169997,1
169998,0
170001,1
170006,0
170015,1
170019,0
170020,1
170022,0
170023,1
170025,1
170027,1
170028,0
170031,0
170035,0
170039,0
170041,0
170044,0
170045,1
170047,0
170049,0
170052,1
170055,1
170057,1
170060,1
170061,0
170063,1
170065,0
170072,0
170073,0
170074,1
170076,0
170077,0
170078,1
170079,0
170085,0
170088,0
170089,1
170092,0
170095,1
170096,1
170097,1
170098,1
170101,0
170102,1
170103,0
170108,1
170116,0
170119,0
170120,1
170122,0
170124,1
170128,1
170134,0
170135,1
170136,1
170140,1
170144,0
170147,1
170149,0
170151,1
170152,0
170155,1
170158,1
170160,0
170166,0
170167,0
170168,0
170171,0
170173,1
170175,1
170176,1
170177,1
170178,1
170179,0
170182,1
170183,0
170185,0
170188,1
170192,1
170194,0
170197,1
170198,1
170200,0
170201,1
170203,1
170206,0
170210,0
170211,0
170217,1
170219,0
170221,0
170222,1
170227,0
170228,0
170230,0
170232,0
170233,1
170234,1
170235,1
170236,1
170237,0
170239,0
170242,1
170245,0
170246,1
170247,0
170250,0
170254,1
170256,1
170258,1
170261,1
170263,0
170266,1
170275,1
170277,0
170280,0
170282,1
170283,1
170290,0
170295,0
170297,0
170299,0
170304,0
170305,1
170309,1
170310,0
170312,1
170315,1
170317,1
170318,1
170319,1
170320,0
170321,1
170323,0
170327,1
170334,0
170335,0
170336,0
170339,0
170348,0
170351,0
170363,0
170367,1
170370,1
170373,0
170380,1
170385,0
170388,0
170390,0
170391,1
170395,0
170396,0
170397,0
170398,1
170402,0
170404,0
170405,1
170406,1
170407,1
170408,1
170411,0
170412,0
170415,1
170416,0
170417,0
170419,0
170420,1
170421,1
170426,0
170428,1
170429,0
170436,0
170437,1
170445,1
170447,1
170448,1
170450,0
170451,1
170452,0
170453,0
170454,0
170455,0
170456,0
170459,1
170460,0
170462,1
170463,0
170465,1
170469,0
170471,0
170472,0
170478,0
170479,0
170483,1
170484,1
170486,0
170488,0
170493,1
170494,1
170495,0
170498,1
170504,0
170506,0
170508,1
170509,0
170513,1
170515,0
170517,0
170519,0
170522,0
170524,0
170526,0
170527,1
170528,0
170533,0
170535,1
170536,0
170539,0
170544,1
170545,1
170547,1
170548,0
170552,1
170553,0
170554,1
170556,0
170557,0
170560,0
170563,0
170564,0
170567,1
170568,1
170569,0
170578,1
170580,1
170581,1
170583,1
170584,0
170591,0
170592,1
170594,0
170599,1
170600,0
170603,1
170604,0
170606,0
170608,0
170609,0
170611,1
170612,1
170613,0
170620,0
170621,1
170622,1
170626,1
170631,1
170632,1
170633,0
170641,0
170642,0
170643,0
170646,0
170647,0
170650,1
170651,1
170654,1
170655,1
170657,1
170658,1
170659,1
170660,0
170662,0
170667,1
170673,0
170674,1
170675,0
170676,1
170677,1
170679,0
170680,1
170682,1
170684,1
170685,0
170687,0
170688,0
170690,1
170693,0
170701,1
170704,1
170705,0
170709,0
170711,0
170713,1
170718,0
170725,1
170727,1
170728,1
170731,1
170732,0
170733,1
170737,1
170741,1
170742,1
170745,1
170746,1
170750,1
170752,0
170753,1
170757,1
170759,0
170760,0
170766,0
170769,1
170770,0
170776,1
170778,1
170779,1
170780,1
170782,1
170784,1
170786,0
170787,0
170788,0
170790,0
170791,1
170793,1
170795,1
170799,0
170805,0
170807,0
170810,0
170811,0
170816,0
170817,0
170818,0
170823,1
170828,1
170829,0
170835,0
170836,1
170839,1
170842,0
170843,0
170845,0
170846,0
170847,0
170848,0
170861,1
170863,0
170868,1
170870,1
170871,1
170873,1
170879,0
170882,0
170889,0
170891,1
170894,0
170899,0
170900,0
170901,0
170902,0
170913,1
170915,0
170916,0
170918,1
170921,1
170923,1
170924,0
170927,0
170928,0
170929,0
170932,0
170934,1
170936,1
170940,0
170941,0
170943,0
170947,0
170948,0
170949,1
170950,1
170953,1
170955,0
170957,1
170962,0
170965,0
170970,0
170971,1
170973,0
170974,1
170975,0
170976,0
170979,1
170980,1
170983,0
170987,1
170989,1
170990,0
170993,0
170994,1
170995,1
171000,0
171001,0
171006,0
171009,0
171012,0
171014,0
171016,1
171017,0
171019,1
171022,0
171023,1
171024,1
171027,1
171029,1
171030,0
171035,0
171036,0
171038,1
171039,0
171040,1
171041,0
171042,0
171043,0
171044,1
171048,1
171056,1
171057,0
171059,1
171060,1
171062,0
171066,0
171067,1
171069,1
171075,1
171082,1
171084,0
171086,0
171087,1
171091,0
171092,1
171093,1
171094,0
171096,0
171098,1
171099,1
171101,1
171102,1
171107,0
171108,0
171113,1
171115,1
171116,0
171122,0
171123,0
171127,0
171129,1
171130,1
171132,1
171133,0
171136,1
171140,0
171142,0
171143,0
171144,1
171145,0
171148,0
171149,0
171150,1
171158,1
171160,1
171163,0
171165,0
171173,0
171174,1
171178,0
171182,0
171184,1
171185,1
171186,1
171199,1
171201,1
171202,0
171207,0
171210,0
171212,0
171213,1
171214,1
171216,0
171217,0
171220,0
171221,1
171222,0
171224,1
171225,0
171233,1
171234,1
171237,0
171241,0
171242,0
171243,0
171246,1
171248,1
171249,1
171250,1
171253,1
171255,1
171256,1
171262,0
171264,0
171267,1
171270,1
171272,0
171273,0
171274,1
171275,0
171276,0
171277,0
171278,0
171279,1
171280,0
171283,0
171285,1
171289,0
171290,1
171292,0
171294,0
171296,1
171300,1
171302,1
171303,1
171310,0
171311,0
171312,1
171314,1
171316,0
171319,0
171320,1
171324,1
171327,1
171331,0
171332,1
171333,1
171334,0
171336,0
171337,0
171338,0
171339,1
171341,1
171343,0
171345,0
171347,1
171349,1
171350,0
171354,0
171356,1
171357,0
171358,1
171359,1
171360,1
171361,1
171363,0
171364,0
171366,0
171370,0
171371,1
171374,1
171375,0
171376,1
171377,0
171382,1
171388,1
171392,0
171394,0
171396,0
171397,1
171399,1
171402,0
171405,0
171411,1
171415,0
171418,1
171419,0
171421,0
171422,0
171426,0
171428,1
171429,0
171430,0
171440,1
171441,0
171443,0
171445,1
171451,0
171456,1
171457,0
171467,1
171468,0
171469,0
171470,0
171473,1
171475,0
171479,1
171480,0
171482,1
171483,1
171484,1
171492,0
171494,1
171497,1
171500,1
171503,1
171504,1
171507,0
171509,1
171516,1
171518,0
171520,1
171522,1
171523,0
171528,1
171535,1
171537,1
171538,0
171539,1
171546,0
171547,1
171548,0
171550,1
171552,1
171554,0
171556,0
171557,0
171558,1
171559,0
171560,0
171562,1
171565,1
171567,1
171568,1
171569,1
171570,1
171571,1
171573,1
171576,0
171584,0
171585,1
171589,0
171591,0
171601,1
171606,0
171608,1
171611,1
171614,0
171617,0
171627,0
171628,1
171632,0
171639,0
171640,1
171642,1
171647,1
171648,0
171650,0
171652,0
171653,1
171657,1
171658,0
171659,0
171661,0
171663,0
171669,1
171672,0
171673,1
171676,0
171679,1
171689,0
171690,0
171691,1
171697,0
171698,1
171703,1
171708,0
171709,1
171716,1
171718,0
171719,1
171731,0
171732,0
171738,1
171739,1
171740,1
171741,0
171742,0
171745,1
171746,0
171747,1
171748,1
171749,0
171752,1
171755,0
171756,0
171759,0
171760,1
171761,1
171762,0
171766,1
171771,0
171774,0
171776,1
171777,1
171780,0
171781,0
171782,0
171784,1
171785,1
171786,0
171791,0
171793,0
171794,1
171795,1
171799,1
171802,1
171807,1
171808,0
171809,0
171810,0
171811,0
171814,0
171815,0
171816,1
171818,1
171819,1
171821,1
171822,1
171825,0
171826,0
171827,1
171828,0
171829,0
171832,1
171833,0
171837,0
171838,1
171840,0
171842,1
171843,1
171844,1
171845,1
171846,0
171847,1
171848,0
171852,1
171853,0
171855,0
171858,1
171864,1
171865,1
171866,1
171868,1
171874,0
171876,1
171877,1
171879,0
171880,0
171881,1
171882,0
171888,0
171890,1
171892,1
171893,0
171900,1
171901,1
171902,0
171903,0
171907,0
171911,1
171912,1
171914,1
171915,1
171916,0
171918,1
171919,0
171922,0
171929,1
171934,1
171935,0
171937,0
171938,0
171939,1
171943,1
171944,1
171946,0
171947,1
171948,0
171950,1
171951,1
171960,1
171961,0
171962,1
171967,0
171976,1
171977,0
171979,1
171981,0
171985,0
171989,0
171990,0
171992,0
171998,0
172001,1
172002,0
172004,0
172005,0
172007,0
172011,1
172012,1
172015,1
172016,0
172017,1
172019,0
172021,0
172024,0
172025,0
172026,0
172027,0
172031,0
172033,0
172034,1
172035,0
172038,1
172039,1
172040,0
172042,1
172043,1
172048,0
172049,1
172050,0
172053,0
172055,1
172056,0
172059,0
172060,1
172061,0
172062,0
172065,1
172066,0
172069,1
172070,0
172075,0
172080,1
172081,0
172082,0
172084,0
172086,0
172094,1
172095,0
172096,1
172098,1
172099,0
172103,0
172107,0
172109,0
172116,0
172117,0
172120,0
172125,0
172130,1
172135,1
172142,1
172144,0
172146,0
172149,0
172152,1
172160,1
172161,1
172162,0
172164,1
172165,1
172167,1
172168,0
172171,0
172174,0
172175,0
172179,0
172180,1
172181,1
172182,1
172185,0
172189,0
172194,1
172197,0
172198,0
172207,0
172208,0
172212,1
172215,0
172216,0
172225,1
172226,0
172227,0
172228,1
172229,1
172231,1
172233,0
172234,0
172235,0
172236,1
172239,1
172240,1
172241,1
172243,0
172244,1
172245,0
172249,1
172250,0
172254,0
172256,1
172261,0
172263,0
172264,0
172272,1
172275,1
172276,0
172277,1
172278,0
172281,0
172285,0
172288,0
172293,0
172294,1
172299,0
172300,1
172305,0
172307,1
172308,0
172310,0
172319,0
172322,1
172328,1
172330,1
172332,1
172337,1
172339,0
172341,1
172349,1
172353,1
172358,0
172359,0
172360,1
172363,1
172364,0
172368,0
172369,1
172370,1
172376,1
172379,0
172382,0
172383,0
172388,1
172389,0
172392,1
172394,1
172400,1
172402,0
172404,1
172406,1
172408,0
172409,1
172412,0
172415,1
172416,0
172418,1
172419,0
172421,0
172423,0
172425,1
172427,0
172428,0
172430,0
172432,0
172434,0
172435,0
172436,0
172447,1
172449,0
172450,0
172454,0
172455,0
172456,1
172459,0
172460,0
172462,1
172464,0
172467,0
172468,0
172469,1
172470,0
172472,0
172475,1
172476,1
172480,0
172481,1
172482,1
172483,0
172484,1
172486,1
172487,0
172488,1
172489,1
172493,1
172495,0
172503,0
172504,0
172505,1
172506,0
172507,1
172510,0
172513,0
172514,1
172515,1
172520,1
172523,1
172526,1
172527,1
172528,0
172536,1
172537,0
172542,0
172543,0
172544,1
172545,1
172552,1
172553,0
172554,1
172555,0
172557,1
172560,0
172561,1
172562,0
172563,0
172565,0
172568,0
172570,0
172576,0
172577,1
172598,1
172600,0
172602,0
172603,1
172605,0
172608,1
172609,0
172610,1
172612,0
172613,0
172615,1
172616,1
172620,1
172624,1
172626,0
172628,0
172629,1
172630,1
172633,0
172635,1
172637,0
172640,1
172641,0
172642,1
172643,0
172644,1
172649,1
172651,0
172655,0
172656,0
172658,1
172661,0
172663,1
172665,1
172669,0
172672,1
172673,1
172681,0
172682,0
172686,0
172687,1
172688,1
172690,0
172692,0
172693,1
172696,0
172697,0
172704,0
172709,0
172710,0
172713,0
172714,0
172715,0
172717,1
172720,1
172722,1
172727,1
172728,1
172729,1
172732,1
172733,0
172737,0
172741,0
172742,0
172744,0
172745,0
172748,0
172751,1
172758,0
172763,1
172764,0
172766,1
172768,1
172771,0
172773,0
172774,1
172780,1
172782,0
172785,0
172786,0
172788,1
172791,0
172793,0
172795,0
172796,0
172798,1
172802,0
172804,1
172806,0
172808,0
172815,1
172820,0
172821,1
172827,1
172830,0
172831,0
172835,1
172837,0
172840,1
172841,1
172846,1
172847,0
172848,0
172851,0
172852,1
172854,0
172855,0
172856,0
172862,1
172863,1
172865,1
172868,1
172871,1
172875,0
172877,0
172880,0
172881,0
172883,1
172884,1
172886,0
172887,1
172889,0
172890,0
172891,1
172894,0
172896,1
172897,1
172898,1
172901,1
172904,0
172908,0
172911,0
172912,1
172914,0
172915,1
172917,0
172920,0
172922,1
172923,0
172924,0
172925,1
172927,1
172930,0
172935,0
172937,1
172939,1
172942,0
172947,1
172949,0
172950,1
172951,0
172952,1
172953,1
172955,0
172958,1
172969,1
172972,0
172973,1
172974,0
172977,1
172984,0
172986,1
172988,0
172991,1
172992,1
172995,1
172998,0
173000,0
173002,0
173003,1
173004,1
173006,0
173010,0
173011,1
173013,1
173018,1
173019,0
173020,1
173021,0
173023,0
173026,0
173027,0
173033,1
173039,1
173040,1
173043,0
173045,1
173048,0
173052,0
173054,1
173055,1
173056,0
173057,1
173058,1
173059,1
173060,1
173062,0
173065,1
173066,0
173067,0
173069,0
173070,1
173074,0
173076,0
173080,0
173081,1
173087,0
173088,1
173091,0
173092,0
173093,1
173094,1
173097,1
173099,0
173102,1
173103,1
173105,0
173109,0
173111,1
173113,0
173119,1
173122,0
173123,1
173124,1
173128,1
173131,0
173133,0
173134,0
173135,0
173136,0
173137,1
173140,0
173141,1
173144,1
173147,0
173149,1
173152,1
173160,0
173161,0
173165,1
173166,1
173167,0
173172,1
173176,1
173178,1
173180,0
173184,1
173188,1
173189,0
173193,0
173197,0
173200,0
173201,1
173202,1
173216,1
173222,1
173224,1
173226,0
173231,0
173232,0
173233,0
173235,1
173237,1
173238,1
173243,0
173245,1
173246,0
173249,1
173259,1
173261,0
173263,0
173270,0
173271,1
173277,1
173280,1
173282,1
173284,1
173291,0
173294,0
173296,0
173301,0
173302,0
173304,1
173306,1
173307,0
173308,0
173312,1
173314,1
173315,0
173317,1
173318,0
173320,0
173321,0
173323,0
173328,1
173329,1
173330,1
173335,1
173338,1
173340,1
173345,1
173350,0
173354,1
173358,0
173359,0
173362,1
173363,1
173364,1
173367,1
173370,0
173373,0
173375,1
173377,0
173378,0
173380,0
173381,1
173385,0
173386,0
173389,1
173391,1
173392,0
173393,1
173399,1
173402,0
173403,0
173404,0
173407,0
173408,0
173413,0
173415,1
173421,0
173422,1
173425,0
173430,0
173431,1
173437,0
173438,0
173445,0
173448,0
173450,0
173451,0
173453,1
173457,0
173472,0
173474,0
173475,0
173482,1
173490,1
173492,1
173493,0
173495,0
173498,0
173500,1
173502,1
173509,0
173511,1
173515,0
173518,1
173520,1
173521,1
173523,1
173527,1
173533,1
173534,1
173535,0
173536,1
173542,1
173543,1
173545,0
173551,1
173555,0
173559,0
173567,0
173568,1
173569,1
173570,1
173573,0
173574,1
173577,0
173579,0
173581,1
173584,1
173585,0
173589,0
173590,1
173592,1
173593,1
173598,0
173599,0
173601,0
173604,1
173606,1
173608,1
173610,0
173611,0
173614,1
173617,0
173618,1
173619,1
173623,0
173624,1
173625,0
173628,1
173629,1
173630,0
173631,1
173632,0
173636,0
173638,1
173640,1
173641,1
173642,1
173644,1
173648,0
173649,1
173650,1
173653,1
173654,1
173658,1
173659,1
173663,0
173671,0
173672,1
173674,1
173675,1
173680,1
173681,0
173682,1
173684,1
173685,0
173692,1
173693,1
173696,0
173699,0
173700,1
173704,1
173705,0
173706,0
173709,0
173713,0
173715,0
173718,0
173720,1
173725,0
173726,0
173728,1
173729,0
173734,0
173735,0
173736,0
173737,1
173741,0
173742,0
173746,1
173747,1
173752,0
173756,0
173757,0
173758,0
173759,0
173762,0
173766,0
173769,1
173770,0
173775,0
173779,1
173788,1
173789,1
173790,0
173791,0
173793,0
173794,0
173796,0
173800,1
173805,1
173806,0
173807,0
173815,0
173820,0
173821,0
173824,0
173827,0
173829,0
173832,1
173833,1
173836,1
173837,0
173839,0
173847,0
173849,1
173850,1
173853,0
173856,1
173859,1
173862,0
173865,1
173870,1
173871,1
173873,1
173876,1
173880,1
173881,1
173882,1
173883,0
173888,0
173890,1
173891,0
173896,0
173897,0
173899,0
173900,0
173904,1
173905,0
173916,0
173922,1
173925,1
173926,1
173928,1
173929,0
173930,0
173932,0
173934,1
173940,0
173941,0
173951,1
173956,0
173957,0
173958,1
173960,0
173962,0
173963,1
173965,0
173966,1
173967,0
173968,0
173971,1
173975,0
173976,0
173977,1
173978,1
173980,0
173986,1
173987,0
173993,1
173995,0
173996,1
174000,1
174002,0
174003,1
174007,1
174009,1
174011,0
174014,1
174015,0
174019,1
174020,0
174021,0
174026,0
174033,0
174035,0
174036,1
174037,1
174039,0
174043,0
174050,1
174055,1
174061,1
174067,0
174068,0
174069,0
174072,0
174075,1
174080,1
174086,1
174090,0
174091,0
174093,1
174094,0
174095,0
174096,1
174104,1
174106,1
174107,0
174111,1
174116,1
174118,1
174119,0
174122,0
174127,0
174131,1
174133,1
174137,0
174138,1
174141,0
174144,1
174145,1
174149,1
174153,1
174154,1
174155,1
174156,0
174165,0
174166,0
174167,1
174177,1
174179,0
174187,0
174189,1
174193,1
174197,1
174198,1
174199,0
174200,1
174203,0
174204,0
174208,0
174217,1
174219,1
174220,1
174224,0
174227,1
174230,1
174234,0
174235,0
174240,0
174241,1
174245,0
174248,1
174250,0
174251,1
174255,0
174256,0
174257,1
174259,1
174261,1
174262,0
174264,0
174265,1
174266,1
174274,0
174275,0
174276,1
174280,0
174281,0
174282,0
174283,1
174284,1
174285,1
174287,0
174288,0
174289,0
174294,1
174298,0
174304,1
174306,0
174316,0
174317,0
174319,1
174322,1
174327,0
174329,0
174332,1
174334,0
174337,1
174340,0
174346,1
174350,1
174352,0
174353,1
174355,1
174358,1
174362,0
174363,0
174367,1
174368,0
174374,0
174375,1
174378,0
174380,0
174388,0
174391,0
174392,1
174395,1
174396,0
174399,1
174400,0
174401,1
174402,1
174405,1
174414,1
174426,0
174427,0
174431,0
174432,0
174433,0
174438,0
174439,0
174444,0
174445,1
174447,0
174449,0
174452,0
174454,1
174455,0
174457,0
174458,1
174460,0
174461,0
174467,0
174468,0
174469,1
174470,0
174475,1
174476,1
174478,1
174481,0
174483,1
174485,0
174486,1
174488,0
174492,0
174495,0
174496,0
174497,0
174500,0
174505,1
174506,1
174507,1
174508,1
174509,1
174511,1
174512,1
174514,1
174516,0
174517,1
174521,0
174523,0
174524,0
174527,0
174528,0
174529,0
174533,1
174534,1
174537,1
174538,1
174540,0
174541,1
174543,1
174544,1
174545,1
174546,1
174550,0
174551,1
174553,0
174555,0
174563,1
174564,1
174566,0
174568,0
174571,1
174572,0
174573,0
174580,1
174584,0
174587,0
174588,1
174591,1
174598,0
174600,1
174601,1
174602,0
174604,0
174606,0
174611,0
174614,1
174615,1
174620,1
174622,0
174628,0
174630,0
174632,0
174635,1
174636,1
174637,1
174639,0
174641,0
174642,1
174643,1
174645,0
174646,1
174647,0
174650,1
174652,1
174655,0
174658,0
174661,1
174671,1
174672,1
174674,0
174676,1
174678,1
174679,1
174683,1
174688,0
174692,1
174693,0
174695,0
174697,0
174700,1
174706,1
174708,0
174709,0
174710,0
174711,1
174712,0
174714,0
174715,0
174716,1
174723,0
174725,1
174726,0
174728,1
174729,1
174732,0
174733,0
174735,1
174741,1
174744,1
174747,1
174751,0
174753,1
174758,1
174759,1
174761,1
174762,0
174764,0
174765,0
174768,0
174769,1
174770,1
174771,0
174775,0
174778,1
174779,0
174783,1
174786,1
174788,0
174789,0
174790,0
174793,0
174797,1
174800,0
174804,0
174806,1
174809,1
174811,0
174814,0
174815,1
174816,0
174817,1
174819,0
174820,0
174822,1
174823,1
174826,0
174827,0
174828,0
174831,0
174832,1
174834,0
174836,1
174837,0
174838,0
174840,0
174843,0
174844,1
174846,1
174847,1
174848,0
174850,1
174852,0
174854,1
174855,1
174857,1
174858,0
174860,1
174863,0
174864,0
174866,1
174870,1
174873,1
174880,1
174881,0
174885,1
174889,1
174899,0
174901,0
174902,0
174903,1
174904,1
174907,0
174908,0
174909,1
174914,0
174916,1
174919,1
174920,0
174921,1
174922,0
174925,0
174926,0
174930,1
174937,0
174940,0
174941,1
174943,1
174944,1
174945,1
174946,1
174949,0
174952,0
174953,0
174954,1
174956,0
174957,0
174959,1
174960,1
174962,1
174964,1
174966,1
174967,0
174968,0
174969,1
174972,0
174975,1
174976,0
174977,1
174981,1
174983,1
174984,1
174991,0
174992,1
174993,0
174994,0
174995,1
174997,0
174998,0
174999,1
175000,0
175002,0
175005,1
175006,0
175009,1
175010,0
175012,0
175013,1
175016,1
175019,1
175021,0
175024,0
175025,1
175027,0
175032,0
175034,0
175035,1
175036,0
175037,1
175038,1
175039,1
175040,1
175046,0
175047,1
175050,0
175051,1
175052,1
175056,1
175058,0
175062,1
175067,1
175069,0
175070,0
175071,1
175072,1
175074,0
175075,0
175079,1
175080,1
175081,0
175082,0
175085,0
175086,1
175088,1
175089,0
175093,0
175095,1
175096,0
175098,1
175100,1
175101,1
175103,1
175108,0
175114,1
175115,0
175116,0
175118,1
175119,1
175120,0
175121,1
175127,0
175128,0
175129,1
175131,1
175132,0
175136,1
175139,1
175140,0
175145,1
175146,0
175147,0
175149,0
175151,0
175153,1
175154,0
175157,1
175162,1
175163,1
175167,1
175168,1
175172,1
175173,1
175174,1
175175,1
175177,1
175178,0
175189,0
175190,0
175191,0
175192,1
175195,0
175201,1
175203,0
175207,0
175211,0
175213,0
175214,1
175215,1
175216,0
175217,0
175218,1
175223,1
175232,0
175235,1
175236,0
175237,0
175238,1
175239,1
175241,1
175244,1
175245,0
175246,1
175247,0
175250,1
175254,1
175258,0
175262,0
175263,1
175264,0
175267,0
175269,0
175275,1
175277,0
175282,1
175283,0
175284,1
175290,1
175302,1
175304,0
175306,0
175307,1
175308,0
175310,1
175313,1
175316,0
175318,1
175319,1
175320,1
175323,1
175324,0
175327,1
175330,0
175331,0
175332,1
175333,1
175335,0
175340,1
175347,0
175349,0
175351,0
175355,0
175356,0
175360,1
175364,1
175366,0
175367,1
175369,0
175372,1
175374,1
175375,1
175376,0
175378,1
175379,0
175381,1
175382,0
175384,0
175385,0
175386,0
175391,1
175393,0
175398,1
175402,0
175405,0
175408,0
175409,0
175417,0
175418,0
175420,0
175425,1
175426,1
175427,0
175428,1
175431,0
175441,0
175446,1
175447,0
175448,0
175449,0
175450,1
175456,1
175458,0
175465,0
175467,0
175468,0
175470,1
175471,0
175472,1
175473,0
175475,0
175480,0
175487,0
175488,1
175489,0
175490,0
175491,0
175492,1
175494,1
175499,0
175501,1
175504,0
175510,1
175513,1
175514,0
175521,0
175525,1
175529,0
175531,1
175532,0
175533,0
175535,1
175538,1
175539,1
175545,1
175546,0
175548,0
175550,0
175554,1
175558,0
175559,0
175562,0
175563,0
175565,0
175568,0
175572,0
175574,1
175575,1
175576,0
175579,0
175582,0
175583,1
175584,1
175585,0
175587,1
175588,1
175589,0
175590,1
175591,1
175593,1
175595,0
175596,0
175598,1
175605,0
175608,1
175610,1
175612,1
175614,1
175618,1
175620,1
175621,1
175622,0
175625,1
175628,0
175630,0
175634,1
175635,0
175636,1
175637,1
175641,1
175643,1
175644,1
175645,1
175649,0
175651,0
175652,1
175653,1
175656,0
175658,0
175659,1
175661,0
175663,1
175664,1
175666,0
175667,0
175669,0
175670,0
175671,0
175672,0
175679,0
175683,0
175687,1
175690,1
175692,0
175698,1
175699,1
175703,0
175704,0
175708,0
175711,1
175712,0
175716,1
175717,0
175718,0
175719,1
175721,1
175722,0
175723,0
175724,0
175727,1
175728,0
175729,1
175734,0
175740,1
175742,1
175744,1
175746,1
175749,1
175750,1
175752,0
175753,0
175754,0
175755,0
175757,1
175758,0
175759,0
175763,0
175764,0
175770,0
175771,1
175772,1
175774,0
175775,0
175777,0
175780,0
175783,1
175784,0
175788,0
175794,0
175795,1
175797,0
175798,0
175799,0
175801,0
175804,1
175805,0
175811,0
175813,1
175818,1
175822,0
175825,0
175827,0
175830,0
175831,1
175835,0
175836,0
175837,1
175838,0
175839,1
175840,0
175842,1
175843,1
175845,0
175852,0
175856,1
175862,0
175863,0
175864,0
175865,0
175866,0
175867,1
175869,0
175871,0
175876,1
175878,1
175879,0
175881,0
175883,0
175885,1
175888,0
175889,0
175893,1
175894,1
175897,0
175898,1
175900,1
175906,0
175911,1
175918,1
175919,0
175922,1
175923,0
175929,1
175931,0
175937,1
175939,0
175940,0
175946,1
175947,1
175948,0
175950,1
175952,1
175953,1
175955,1
175961,0
175962,1
175967,0
175968,1
175974,0
175977,0
175978,1
175982,1
175986,1
175987,0
175990,0
175992,1
175995,0
175996,0
175997,1
176004,1
176007,1
176008,1
176010,1
176011,1
176012,1
176015,0
176016,0
176017,0
176018,0
176021,1
176026,1
176027,0
176030,0
176033,1
176035,1
176036,1
176037,0
176042,1
176043,0
176044,0
176045,0
176046,0
176048,0
176049,0
176062,0
176063,1
176065,0
176069,1
176072,1
176077,1
176078,0
176080,1
176083,0
176084,1
176087,0
176091,1
176092,0
176093,0
176094,0
176095,1
176096,1
176099,1
176101,0
176103,0
176108,0
176115,0
176117,0
176119,1
176120,0
176121,0
176122,0
176125,0
176126,0
176128,0
176129,0
176130,1
176132,1
176134,1
176138,1
176143,0
176144,1
176145,0
176147,0
176149,1
176150,0
176151,1
176153,1
176159,1
176160,0
176162,0
176163,0
176166,1
176170,0
176171,0
176173,0
176176,0
176177,0
176178,1
176180,0
176181,0
176182,0
176184,0
176185,0
176186,1
176187,0
176188,0
176189,1
176190,0
176192,0
176196,1
176198,1
176199,0
176205,0
176206,1
176207,1
176208,0
176209,1
176210,0
176213,1
176217,1
176220,0
176223,0
176226,1
176227,0
176228,1
176231,1
176232,1
176233,0
176235,1
176236,1
176243,0
176247,1
176250,1
176252,0
176257,1
176259,1
176261,1
176262,0
176264,0
176265,0
176266,1
176268,1
176271,1
176278,0
176280,0
176281,0
176283,1
176286,0
176289,1
176290,0
176292,0
176293,0
176296,1
176298,1
176299,1
176303,1
176304,1
176308,1
176310,1
176311,0
176312,1
176314,1
176315,0
176316,0
176317,0
176324,0
176327,0
176328,1
176329,1
176330,0
176331,0
176338,1
176340,1
176343,1
176349,1
176351,1
176356,1
176358,0
176359,1
176360,1
176362,0
176364,1
176365,1
176369,0
176370,1
176371,0
176372,1
176373,0
176374,1
176378,1
176380,0
176387,1
176388,0
176389,1
176390,0
176391,0
176399,1
176402,0
176406,1
176410,0
176413,1
176414,1
176417,1
176419,1
176421,0
176424,0
176425,1
176428,1
176429,1
176430,1
176432,1
176433,0
176435,0
176436,1
176438,0
176440,0
176442,0
176444,1
176450,1
176454,1
176456,0
176462,0
176464,0
176467,1
176469,1
176470,1
176472,1
176474,0
176477,1
176479,1
176485,0
176486,0
176489,1
176490,0
176493,1
176494,0
176495,1
176497,0
176500,1
176502,0
176504,0
176505,0
176507,0
176510,1
176512,0
176514,0
176515,0
176516,1
176517,0
176518,0
176519,1
176526,1
176527,0
176529,0
176531,0
176533,1
176536,0
176540,1
176546,0
176547,0
176557,0
176558,0
176559,1
176560,1
176562,0
176566,1
176568,1
176570,0
176576,1
176583,1
176584,0
176591,0
176593,1
176595,0
176596,0
176597,0
176602,0
176603,1
176604,1
176606,0
176609,1
176611,0
176612,0
176614,1
176625,0
176627,1
176628,1
176633,1
176636,0
176638,0
176639,1
176649,0
176652,1
176654,1
176656,1
176657,1
176659,0
176660,1
176663,0
176664,0
176665,1
176667,1
176671,1
176673,1
176676,0
176677,1
176678,0
176680,0
176688,0
176689,1
176691,1
176692,1
176693,0
176694,0
176695,1
176699,0
176704,1
176706,0
176709,1
176713,0
176714,0
176716,1
176717,1
176718,0
176721,1
176722,0
176724,1
176725,1
176726,1
176728,0
176731,0
176734,1
176735,1
176736,0
176737,1
176742,0
176749,0
176752,0
176754,1
176757,0
176759,0
176765,0
176769,1
176773,1
176774,0
176775,1
176779,0
176783,1
176784,1
176785,1
176786,1
176787,0
176791,0
176792,0
176796,0
176797,1
176802,1
176803,0
176808,1
176811,0
176812,0
176814,0
176817,0
176818,1
176821,1
176822,0
176824,1
176826,1
176829,1
176830,1
176832,1
176838,0
176840,0
176841,1
176844,0
176845,0
176847,0
176848,1
176849,1
176856,1
176857,1
176858,1
176860,1
176861,1
176863,1
176865,1
176868,0
176870,0
176873,0
176875,0
176883,0
176885,0
176886,1
176887,0
176891,0
176893,0
176895,0
176896,0
176901,0
176902,1
176905,1
176906,0
176909,0
176910,1
176913,0
176917,0
176918,0
176930,0
176934,1
176935,0
176936,1
176937,0
176938,1
176940,0
176942,0
176945,0
176946,1
176948,1
176951,1
176952,0
176955,1
176956,0
176959,1
176960,0
176964,0
176966,1
176974,1
176977,0
176978,0
176983,0
176985,0
176986,1
176987,0
176988,0
176991,0
176996,0
176998,1
177000,1
177003,1
177005,1
177006,1
177007,0
177009,1
177010,1
177016,0
177021,0
177026,0
177031,0
177034,1
177035,1
177038,1
177041,0
177042,1
177051,0
177052,0
177054,0
177056,0
177057,1
177058,1
177059,1
177060,1
177062,0
177066,0
177067,0
177076,0
177080,1
177081,0
177086,1
177088,1
177089,1
177090,0
177100,1
177103,0
177105,0
177108,0
177109,1
177110,0
177113,0
177114,1
177116,1
177117,0
177119,0
177126,0
177128,1
177129,0
177130,0
177131,1
177134,0
177135,0
177137,0
177138,0
177139,1
177140,1
177141,0
177142,1
177143,0
177144,1
177149,1
177150,0
177151,0
177152,0
177153,0
177156,0
177157,0
177160,1
177162,0
177163,0
177165,1
177171,0
177172,0
177173,1
177174,1
177177,1
177186,1
177188,1
177194,0
177195,1
177201,0
177205,1
177207,0
177208,0
177210,0
177211,1
177212,1
177214,0
177217,0
177221,0
177222,1
177225,0
177228,1
177229,1
177230,1
177237,0
177238,0
177242,0
177248,1
177249,1
177251,1
177252,1
177259,1
177263,1
177266,0
177268,1
177270,0
177272,1
177274,1
177277,1
177278,1
177281,0
177286,1
177290,1
177293,0
177295,0
177297,1
177299,1
177302,0
177304,0
177305,1
177308,1
177312,1
177313,0
177317,0
177320,0
177324,1
177331,1
177332,1
177336,1
177339,0
177342,0
177345,1
177347,0
177349,1
177352,1
177354,1
177355,1
177356,0
177357,0
177358,0
177361,1
177364,0
177368,1
177369,0
177374,1
177379,1
177380,0
177386,0
177387,0
177389,1
177390,0
177391,0
177392,1
177393,1
177394,0
177397,1
177399,1
177405,0
177409,0
177410,1
177411,0
177412,0
177413,1
177416,0
177421,0
177423,1
177426,1
177429,1
177432,0
177434,1
177440,1
177443,0
177444,1
177449,1
177450,1
177452,1
177453,1
177455,1
177456,1
177460,0
177461,0
177462,0
177465,1
177470,1
177477,0
177483,1
177484,1
177486,1
177488,1
177491,0
177492,0
177495,1
177497,0
177500,0
177501,0
177503,1
177505,1
177509,0
177510,1
177511,0
177516,0
177520,1
177521,1
177524,1
177529,0
177530,1
177531,1
177533,1
177535,1
177536,1
177538,0
177541,1
177542,0
177546,0
177549,1
177550,0
177552,0
177554,0
177562,1
177563,0
177564,0
177569,0
177573,1
177575,0
177577,1
177580,1
177581,0
177584,0
177586,1
177589,1
177592,1
177594,0
177595,0
177603,0
177604,0
177605,1
177607,0
177608,0
177610,1
177611,0
177612,0
177618,0
177619,0
177621,1
177627,0
177629,1
177633,1
177634,0
177637,1
177639,0
177642,1
177643,0
177645,1
177646,1
177648,1
177652,1
177653,1
177655,1
177665,1
177666,0
177667,1
177675,0
177680,1
177681,0
177683,0
177684,0
177687,0
177693,1
177696,0
177699,0
177706,1
177707,0
177709,1
177712,1
177713,1
177714,0
177715,1
177719,0
177720,1
177723,0
177725,1
177726,1
177728,0
177731,1
177733,1
177734,1
177735,1
177736,0
177742,0
177743,0
177748,1
177749,1
177752,0
177753,0
177755,0
177757,0
177764,0
177765,1
177767,1
177770,1
177773,0
177780,1
177781,0
177788,0
177789,0
177791,1
177792,1
177793,1
177795,1
177797,0
177798,0
177800,0
177801,0
177807,1
177808,0
177809,1
177814,1
177815,0
177819,0
177824,1
177829,0
177831,0
177832,0
177834,0
177837,0
177845,0
177846,0
177848,1
177852,1
177853,1
177858,1
177859,0
177860,0
177862,0
177863,1
177864,1
177866,1
177867,1
177868,1
177871,1
177873,1
177886,0
177888,0
177890,1
177891,1
177892,1
177897,1
177898,1
177900,1
177902,0
177905,0
177907,1
177908,1
177909,0
177914,0
177915,1
177919,0
177922,1
177926,0
177928,1
177937,0
177941,1
177943,0
177945,1
177946,0
177947,0
177948,0
177950,1
177951,0
177952,1
177954,1
177955,0
177959,0
177960,1
177961,1
177970,1
177971,0
177974,1
177976,0
177978,0
177979,0
177980,0
177983,1
177988,0
177989,0
177990,0
177992,1
177993,1
177994,0
177996,1
177997,0
177998,0
178001,0
178005,0
178008,1
178013,1
178015,1
178016,1
178019,0
178023,0
178024,1
178025,1
178026,0
178027,1
178029,1
178032,0
178035,0
178036,1
178040,0
178046,0
178052,1
178062,1
178064,1
178067,1
178068,0
178070,0
178073,1
178080,1
178083,0
178084,0
178085,0
178086,0
178087,0
178088,1
178089,0
178092,1
178094,0
178096,1
178097,1
178102,0
178104,1
178106,0
178107,1
178108,0
178112,0
178113,1
178117,1
178119,0
178120,1
178122,0
178126,0
178128,1
178133,0
178135,0
178136,0
178137,1
178139,0
178141,0
178143,0
178144,1
178145,0
178146,1
178147,1
178148,0
178153,1
178159,0
178163,0
178164,0
178165,1
178166,0
178167,0
178170,0
178173,1
178177,1
178179,0
178180,0
178182,1
178189,1
178191,0
178192,1
178193,1
178195,1
178196,0
178199,1
178200,0
178204,1
178208,0
178210,1
178211,1
178215,0
178218,0
178222,0
178224,1
178225,0
178228,0
178230,1
178234,1
178239,1
178240,1
178241,1
178243,1
178245,1
178247,1
178248,1
178250,0
178251,1
178253,0
178254,1
178255,0
178256,1
178257,1
178261,1
178263,1
178267,1
178268,1
178270,0
178274,0
178275,1
178276,1
178278,1
178280,0
178284,0
178286,1
178287,1
178289,1
178290,0
178293,0
178294,0
178300,1
178301,0
178310,1
178311,0
178319,0
178320,0
178327,1
178328,1
178332,1
178337,0
178339,0
178342,1
178346,0
178347,0
178348,1
178350,0
178351,0
178352,0
178357,1
178358,1
178361,1
178362,1
178365,1
178369,1
178370,0
178371,0
178372,1
178376,0
178379,1
178380,1
178381,0
178382,1
178385,1
178387,1
178389,0
178392,1
178394,1
178396,1
178397,0
178399,1
178400,0
178401,0
178404,0
178405,1
178408,0
178409,0
178410,0
178411,1
178417,1
178419,0
178421,0
178423,1
178424,1
178426,1
178435,1
178437,0
178446,0
178449,1
178451,0
178452,1
178453,0
178454,1
178457,1
178461,0
178464,1
178466,1
178468,0
178470,1
178471,0
178472,0
178475,1
178476,0
178479,1
178481,0
178482,0
178483,0
178484,0
178486,0
178487,1
178488,1
178490,0
178491,0
178492,0
178493,0
178495,0
178497,0
178498,0
178499,0
178500,0
178501,1
178509,0
178511,0
178513,0
178515,0
178516,0
178517,0
178522,1
178523,0
178526,1
178529,1
178531,0
178533,1
178534,1
178535,0
178538,0
178542,1
178546,1
178550,0
178559,1
178560,0
178561,1
178562,1
178563,0
178565,1
178568,1
178571,1
178576,0
178577,1
178579,0
178583,0
178584,0
178586,0
178587,0
178588,1
178590,0
178591,1
178593,0
178594,0
178595,1
178597,1
178598,1
178602,0
178607,0
178608,0
178613,0
178614,1
178615,1
178616,0
178619,0
178621,1
178624,0
178628,1
178630,1
178631,1
178632,1
178634,0
178641,0
178642,1
178644,0
178645,0
178647,0
178648,0
178649,1
178650,0
178651,1
178657,0
178663,1
178664,1
178666,1
178667,1
178672,1
178675,0
178681,0
178687,1
178688,0
178689,0
178691,0
178694,1
178695,1
178699,0
178700,0
178703,1
178704,1
178705,0
178709,1
178712,0
178715,1
178716,1
178721,1
178724,0
178739,0
178740,1
178743,1
178744,1
178746,1
178747,1
178753,1
178754,1
178755,0
178757,0
178759,0
178760,0
178761,1
178766,1
178767,1
178771,0
178778,1
178779,0
178790,0
178791,1
178792,1
178793,1
178797,1
178799,0
178800,1
178802,1
178806,1
178807,1
178810,0
178814,0
178821,0
178824,0
178826,0
178831,0
178834,0
178836,0
178838,0
178839,1
178843,1
178844,1
178849,0
178853,1
178856,0
178857,0
178858,0
178859,0
178860,1
178864,1
178865,0
178870,1
178871,0
178872,1
178875,1
178881,0
178886,0
178890,0
178894,0
178901,1
178903,0
178904,0
178907,0
178910,1
178912,0
178913,0
178917,0
178919,1
178920,0
178921,0
178923,1
178925,0
178926,1
178927,1
178931,1
178937,1
178943,0
178944,0
178950,0
178951,1
178953,0
178954,0
178955,0
178958,0
178959,0
178960,0
178962,1
178963,0
178965,0
178968,1
178971,0
178972,1
178976,0
178978,1
178981,0
178983,1
178984,1
178985,0
178986,0
178987,0
178988,0
178989,0
178990,1
178992,0
178993,1
178994,1
178996,1
178998,1
178999,1
179000,1
179001,0
179005,1
179007,0
179008,0
179011,1
179019,1
179022,0
179026,0
179028,1
179031,1
179036,0
179041,0
179042,0
179044,1
179052,0
179054,0
179059,0
179060,0
179061,0
179062,1
179068,0
179071,0
179073,1
179075,1
179076,1
179081,1
179084,1
179086,1
179091,1
179096,1
179098,1
179100,1
179101,0
179102,0
179103,1
179107,0
179109,0
179110,0
179112,0
179114,1
179116,0
179118,0
179119,0
179121,0
179126,1
179138,1
179141,1
179143,1
179153,1
179155,1
179160,1
179161,1
179164,0
179165,1
179166,0
179167,1
179168,1
179170,1
179171,0
179172,1
179173,1
179174,0
179176,1
179177,0
179178,0
179180,1
179182,0
179184,0
179185,0
179186,1
179189,0
179191,1
179196,0
179198,1
179201,0
179202,1
179205,1
179210,0
179211,1
179214,0
179216,0
179218,0
179221,0
179222,0
179226,1
179227,1
179228,1
179229,1
179230,0
179235,0
179239,1
179240,1
179241,0
179242,1
179247,1
179249,1
179252,1
179253,0
179259,1
179260,1
179261,1
179262,0
179265,1
179266,1
179271,1
179272,1
179274,0
179275,1
179276,0
179279,1
179280,1
179285,1
179287,1
179288,0
179289,1
179290,1
179291,1
179294,1
179298,0
179302,0
179306,1
179308,1
179309,1
179313,1
179318,0
179320,0
179322,0
179327,1
179329,1
179334,1
179335,0
179337,1
179340,0
179341,0
179342,1
179343,1
179348,1
179352,1
179358,0
179359,1
179361,0
179362,0
179363,0
179365,0
179368,0
179370,1
179371,0
179375,1
179378,0
179381,1
179382,0
179383,1
179384,1
179388,1
179389,1
179390,1
179394,1
179395,1
179396,0
179403,1
179404,1
179406,1
179407,1
179408,1
179410,1
179411,0
179412,1
179413,1
179414,1
179415,1
179418,0
179419,0
179421,0
179423,0
179425,1
179429,1
179431,0
179434,1
179437,1
179438,1
179443,1
179444,0
179445,1
179447,0
179450,0
179453,1
179456,0
179459,0
179460,1
179461,1
179469,1
179475,1
179476,1
179482,1
179483,1
179484,1
179485,0
179486,0
179488,1
179491,1
179492,1
179494,0
179496,1
179499,0
179500,1
179503,1
179504,0
179505,1
179514,1
179517,0
179519,0
179520,1
179522,1
179528,1
179536,0
179541,1
179544,0
179551,1
179553,1
179554,0
179555,0
179557,0
179560,1
179561,1
179564,1
179571,1
179572,0
179575,0
179578,0
179591,0
179598,1
179602,0
179603,1
179610,1
179611,1
179613,0
179614,0
179616,1
179620,1
179621,1
179623,0
179624,0
179625,1
179629,1
179630,0
179632,0
179633,0
179634,1
179635,1
179637,0
179638,1
179642,1
179643,0
179644,0
179647,0
179649,0
179664,1
179668,0
179670,0
179671,1
179672,0
179675,0
179676,1
179677,0
179679,0
179681,1
179684,1
179690,0
179698,0
179701,1
179705,0
179708,0
179713,0
179715,0
179719,0
179724,1
179726,0
179730,0
179737,1
179740,1
179741,0
179742,0
179743,1
179745,0
179747,1
179750,1
179751,0
179755,0
179756,1
179757,1
179758,0
179760,1
179761,0
179763,0
179764,1
179765,1
179769,1
179773,1
179776,1
179780,0
179784,1
179787,1
179788,1
179790,0
179791,0
179792,1
179793,1
179794,1
179796,0
179799,1
179802,1
179806,0
179807,1
179808,0
179809,1
179811,1
179813,1
179815,1
179820,0
179822,1
179825,0
179826,0
179833,0
179835,1
179838,0
179840,0
179841,0
179842,1
179844,0
179846,1
179857,0
179860,1
179862,1
179863,0
179865,1
179867,1
179868,1
179873,0
179874,1
179875,1
179877,0
179879,1
179880,0
179882,1
179887,1
179891,0
179892,1
179894,0
179896,1
179899,1
179901,1
179902,1
179904,1
179912,0
179915,0
179917,1
179918,0
179925,1
179926,1
179934,1
179935,0
179941,1
179942,1
179945,0
179950,0
179951,0
179955,1
179956,1
179959,0
179961,1
179962,1
179963,0
179964,1
179967,0
179970,0
179974,0
179984,1
179986,1
179987,1
179988,1
179990,0
179991,0
179998,0
179999,0
180000,0
180002,1
180007,0
180010,1
180011,1
180014,0
180016,1
180020,0
180024,1
180025,0
180027,1
180030,0
180032,0
180034,0
180035,1
180037,1
180038,0
180040,1
180041,1
180043,1
180049,0
180051,0
180055,1
180058,1
180060,1
180063,0
180065,0
180066,0
180071,1
180073,1
180074,1
180077,0
180080,0
180082,1
180086,0
180090,1
180093,1
180096,1
180100,0
180104,0
180106,1
180111,1
180114,1
180115,0
180116,1
180118,0
180120,1
180121,1
180123,0
180124,0
180127,1
180128,1
180129,1
180132,1
180133,0
180135,0
180138,0
180139,0
180140,0
180143,0
180144,0
180147,1
180152,0
180155,1
180156,0
180157,0
180158,0
180159,0
180161,1
180162,1
180163,1
180164,1
180165,1
180166,1
180168,1
180170,1
180172,0
180173,1
180177,1
180179,0
180181,0
180183,0
180185,0
180187,0
180191,1
180193,1
180197,0
180198,0
180199,0
180200,0
180205,1
180206,0
180208,1
180209,1
180210,0
180213,0
180214,0
180220,1
180224,1
180225,1
180227,1
180228,0
180231,1
180233,0
180237,1
180240,0
180241,0
180244,0
180247,1
180251,0
180254,1
180258,0
180259,0
180263,0
180269,1
180272,0
180273,1
180274,0
180276,1
180277,0
180278,0
180280,1
180285,0
180289,0
180291,0
180293,0
180298,1
180305,1
180308,0
180310,0
180311,0
180320,0
180322,1
180324,1
180327,1
180328,1
180333,0
180335,0
180336,0
180340,1
180345,0
180347,1
180348,0
180350,0
180353,1
180355,0
180356,1
180357,0
180358,0
180360,1
180361,0
180365,1
180366,0
180367,1
180369,0
180377,0
180389,0
180394,0
180397,1
180398,0
180399,1
180400,0
180402,1
180403,0
180404,0
180405,1
180407,1
180411,0
180419,0
180423,0
180424,1
180433,1
180434,1
180441,1
180442,1
180444,0
180445,1
180456,1
180460,0
180462,1
180463,1
180465,0
180466,1
180470,0
180480,1
180485,1
180486,0
180487,0
180490,0
180493,0
180495,0
180507,0
180508,0
180509,1
180512,0
180513,1
180520,0
180522,0
180523,1
180525,0
180526,1
180527,0
180533,0
180543,0
180544,1
180546,0
180553,1
180555,1
180557,0
180558,1
180562,1
180564,1
180570,0
180573,0
180574,1
180580,1
180587,1
180590,0
180592,1
180594,0
180600,1
180603,0
180606,1
180608,0
180610,0
180611,1
180613,0
180615,0
180617,1
180625,1
180631,1
180632,1
180633,0
180634,1
180635,0
180636,0
180637,0
180639,1
180640,1
180643,1
180645,1
180647,1
180649,0
180651,0
180655,1
180658,0
180663,0
180664,1
180668,0
180669,0
180671,0
180672,0
180673,1
180674,0
180679,1
180686,1
180689,0
180691,1
180698,1
180699,1
180703,1
180707,1
180708,1
180709,0
180711,1
180718,0
180721,1
180722,1
180725,1
180730,1
180735,1
180737,0
180741,1
180744,0
180746,0
180747,1
180748,1
180752,0
180753,0
180754,0
180755,1
180759,0
180762,1
180769,1
180770,1
180771,1
180773,1
180778,1
180779,0
180780,0
180781,0
180783,1
180785,1
180787,1
180790,1
180791,1
180792,0
180793,1
180794,1
180798,1
180800,1
180802,1
180804,1
180805,1
180808,1
180809,1
180810,0
180811,0
180813,1
180818,1
180821,0
180824,1
180825,1
180826,1
180828,0
180829,1
180830,1
180838,0
180839,1
180845,0
180846,1
180847,1
180855,1
180857,1
180862,1
180865,0
180867,0
180869,0
180872,1
180873,1
180874,1
180882,0
180886,1
180889,1
180890,1
180891,0
180910,0
180915,0
180917,1
180919,1
180922,0
180923,0
180925,0
180927,1
180929,1
180930,0
180932,0
180935,0
180936,1
180937,1
180945,1
180946,1
180948,0
180952,0
180953,1
180961,1
180966,0
180967,0
180968,0
180973,1
180975,1
180979,0
180982,1
180984,1
180987,0
180989,0
180991,1
180992,0
180994,0
180995,1
180996,1
180997,1
180998,1
181001,1
181002,0
181004,0
181011,1
181012,0
181015,1
181016,0
181018,0
181020,0
181021,0
181023,0
181025,0
181027,1
181030,0
181033,0
181034,0
181035,0
181036,1
181039,0
181040,0
181041,1
181043,0
181045,0
181046,0
181047,0
181048,0
181049,1
181050,0
181052,0
181056,1
181057,1
181059,0
181067,1
181070,1
181074,1
181076,1
181078,0
181080,0
181084,1
181085,0
181088,1
181090,0
181095,1
181099,1
181100,0
181101,0
181104,1
181111,1
181114,0
181117,1
181121,0
181122,1
181124,0
181125,0
181129,1
181130,1
181131,1
181132,0
181133,1
181134,1
181135,1
181136,0
181137,1
181139,0
181141,0
181142,1
181143,1
181146,1
181147,0
181148,0
181152,0
181153,0
181155,0
181156,0
181157,0
181164,1
181165,1
181166,0
181168,0
181172,0
181173,0
181177,1
181179,0
181184,1
181185,1
181186,0
181191,1
181192,0
181194,0
181196,1
181197,0
181199,1
181203,0
181206,0
181208,0
181210,0
181213,0
181214,0
181216,1
181217,0
181220,1
181221,0
181222,1
181223,0
181224,0
181225,1
181226,0
181228,0
181231,0
181233,0
181234,0
181238,1
181240,0
181241,0
181242,1
181243,0
181247,0
181249,0
181250,0
181252,0
181253,0
181262,0
181264,1
181267,1
181269,1
181270,0
181271,0
181275,1
181278,0
181280,0
181287,0
181294,0
181297,0
181298,0
181299,0
181303,1
181304,1
181307,0
181308,0
181310,0
181311,1
181312,1
181314,0
181320,1
181324,0
181325,0
181331,1
181334,0
181336,0
181339,1
181342,0
181343,0
181345,0
181348,0
181349,1
181351,0
181352,1
181353,0
181356,0
181358,0
181360,0
181364,1
181367,1
181368,1
181369,1
181370,0
181372,0
181373,0
181378,0
181379,0
181381,1
181385,0
181388,1
181390,0
181391,1
181393,0
181395,0
181396,1
181400,0
181404,0
181405,1
181406,1
181408,0
181409,0
181414,0
181415,1
181419,0
181421,1
181422,0
181423,1
181424,1
181431,0
181433,0
181435,0
181438,1
181439,0
181440,0
181442,0
181443,1
181446,0
181447,0
181451,0
181452,1
181456,1
181457,0
181458,1
181459,1
181461,0
181464,1
181467,1
181469,0
181470,0
181471,0
181472,0
181475,0
181476,1
181477,0
181478,0
181479,0
181482,1
181483,0
181484,1
181486,1
181494,1
181495,0
181497,1
181499,0
181502,0
181505,1
181514,1
181518,0
181519,1
181520,1
181521,1
181522,0
181524,1
181526,0
181528,0
181530,1
181532,1
181534,1
181535,1
181536,1
181538,0
181541,0
181543,1
181544,1
181545,0
181549,1
181552,1
181560,0
181563,0
181568,0
181576,1
181581,0
181583,1
181585,1
181586,0
181588,0
181589,0
181595,0
181596,0
181597,1
181598,0
181599,1
181600,0
181601,0
181602,0
181604,0
181607,0
181608,0
181611,1
181612,0
181615,0
181617,0
181621,1
181625,1
181626,0
181627,1
181628,0
181632,0
181633,0
181635,1
181638,1
181639,0
181641,1
181642,0
181645,0
181646,1
181647,1
181650,1
181651,1
181653,1
181654,0
181656,0
181658,1
181660,1
181662,1
181663,0
181666,0
181667,1
181668,1
181674,1
181681,1
181682,0
181683,0
181684,0
181691,0
181693,1
181695,1
181696,0
181697,0
181700,1
181703,0
181705,0
181708,0
181710,1
181712,1
181714,1
181715,0
181719,0
181720,1
181723,0
181724,0
181725,0
181727,0
181729,0
181731,1
181732,0
181734,1
181739,0
181744,1
181745,0
181750,0
181759,0
181762,0
181778,0
181783,1
181785,1
181786,0
181790,0
181791,0
181793,1
181794,1
181798,0
181799,1
181801,0
181804,0
181806,1
181817,0
181819,1
181823,0
181828,1
181840,1
181846,0
181849,0
181856,1
181858,0
181860,0
181862,1
181869,1
181870,0
181873,1
181880,0
181881,1
181885,0
181886,1
181889,0
181890,1
181891,0
181893,1
181895,0
181896,1
181897,0
181902,1
181906,0
181908,1
181909,0
181911,1
181917,1
181920,0
181922,0
181923,1
181924,0
181925,0
181928,0
181929,1
181931,0
181933,0
181934,0
181935,0
181936,0
181937,0
181941,1
181945,0
181947,0
181948,0
181950,0
181952,1
181953,0
181955,0
181956,1
181957,1
181960,0
181961,1
181967,0
181969,0
181970,1
181971,0
181973,1
181976,0
181979,0
181980,0
181981,1
181982,0
181992,0
181995,0
181997,1
181998,1
182003,0
182007,1
182014,1
182016,1
182022,1
182023,1
182030,1
182031,1
182034,0
182035,1
182039,1
182040,0
182044,0
182045,0
182047,1
182050,0
182052,0
182053,0
182054,0
182061,0
182063,0
182064,1
182067,1
182070,1
182075,1
182076,0
182078,0
182085,1
182087,0
182088,0
182097,1
182101,1
182104,0
182105,0
182106,1
182107,1
182108,1
182109,1
182110,1
182111,1
182113,0
182116,0
182117,1
182119,1
182121,1
182124,1
182127,0
182128,1
182129,1
182130,1
182135,1
182140,0
182143,1
182144,0
182145,1
182147,1
182148,1
182149,0
182150,0
182152,0
182156,1
182158,1
182160,0
182162,0
182168,0
182169,1
182170,1
182174,0
182180,1
182182,1
182186,0
182188,0
182190,1
182191,0
182192,0
182193,0
182194,0
182195,0
182196,1
182201,0
182203,1
182205,1
182206,1
182210,0
182211,1
182213,0
182215,1
182218,1
182219,0
182220,0
182225,1
182226,0
182228,1
182229,0
182230,1
182231,0
182234,1
182235,0
182238,1
182240,0
182241,1
182242,1
182246,1
182247,0
182248,0
182252,1
182255,0
182256,0
182257,0
182265,1
182267,1
182268,1
182270,0
182272,0
182274,0
182278,1
182279,0
182281,1
182282,0
182285,1
182289,1
182290,1
182291,1
182295,1
182296,1
182297,0
182299,1
182300,0
182301,0
182302,0
182304,0
182306,1
182307,1
182309,1
182313,0
182314,1
182317,0
182319,1
182321,1
182322,1
182323,1
182324,1
182330,1
182332,1
182333,1
182335,0
182345,0
182346,0
182356,1
182359,1
182361,0
182366,1
182369,0
182371,0
182374,1
182377,0
182385,0
182387,1
182390,1
182393,0
182396,0
182397,0
182398,1
182399,0
182401,1
182402,1
182407,1
182409,1
182417,0
182421,1
182422,0
182425,0
182427,1
182433,0
182435,0
182437,1
182441,0
182444,0
182445,0
182446,0
182449,0
182450,0
182455,0
182456,0
182458,0
182461,1
182465,1
182470,1
182471,0
182479,1
182480,0
182481,0
182482,1
182485,0
182486,0
182489,0
182490,1
182494,0
182495,1
182496,1
182498,0
182504,0
182506,1
182507,1
182508,1
182512,0
182513,0
182516,0
182518,1
182519,1
182521,1
182525,1
182527,0
182534,0
182535,0
182536,0
182539,0
182540,0
182542,0
182544,1
182549,0
182551,0
182556,0
182559,0
182561,1
182568,1
182570,0
182576,0
182580,0
182582,0
182583,1
182584,0
182585,0
182586,1
182589,1
182590,0
182594,1
182595,0
182598,0
182600,0
182602,0
182603,1
182605,1
182608,0
182612,1
182613,0
182617,0
182618,0
182619,0
182620,1
182621,1
182625,0
182626,0
182628,0
182629,1
182633,0
182634,1
182635,1
182637,0
182638,1
182641,0
182642,1
182643,0
182644,1
182645,1
182646,0
182647,1
182649,0
182656,1
182659,1
182664,1
182667,0
182668,1
182676,0
182681,0
182686,1
182688,1
182689,0
182690,0
182694,0
182695,0
182699,0
182703,0
182706,1
182711,1
182717,0
182718,1
182719,1
182722,1
182724,0
182726,1
182727,0
182729,0
182731,1
182734,0
182738,1
182739,1
182742,1
182743,1
182749,1
182751,0
182752,1
182753,1
182759,1
182760,0
182762,0
182764,0
182767,1
182770,1
182771,0
182772,0
182774,1
182783,0
182784,1
182785,1
182786,0
182792,0
182793,0
182796,1
182804,0
182805,0
182807,0
182809,0
182811,1
182813,0
182814,0
182816,0
182819,1
182821,0
182822,1
182823,0
182826,1
182828,0
182832,0
182833,0
182842,0
182844,1
182845,0
182848,0
182849,1
182851,1
182854,0
182855,1
182856,0
182857,1
182862,1
182864,1
182868,0
182869,1
182870,1
182876,0
182878,0
182879,0
182880,0
182883,0
182884,0
182885,0
182887,1
182893,0
182895,0
182898,0
182899,1
182900,0
182901,0
182903,1
182905,0
182910,1
182912,1
182913,1
182917,1
182920,0
182921,1
182922,1
182924,0
182925,0
182928,1
182930,1
182933,0
182935,0
182938,1
182940,0
182941,1
182943,0
182949,0
182951,0
182952,1
182954,1
182955,0
182957,1
182958,0
182959,1
182962,1
182965,1
182966,1
182968,1
182979,1
182984,1
182989,1
182990,0
182993,1
182996,1
183007,0
183008,1
183011,0
183020,1
183021,1
183022,1
183024,0
183026,0
183027,0
183029,1
183033,1
183035,0
183038,1
183042,1
183044,0
183046,0
183050,1
183052,1
183054,1
183056,0
183057,1
183058,0
183062,0
183063,1
183064,1
183065,1
183067,1
183068,1
183071,1
183074,0
183077,0
183080,0
183081,0
183082,1
183083,0
183087,1
183089,1
183091,1
183093,0
183094,1
183098,1
183099,1
183102,1
183103,1
183106,0
183108,1
183114,1
183115,1
183116,0
183121,1
183124,1
183125,1
183127,0
183129,0
183131,1
183132,1
183133,1
183138,1
183140,1
183144,1
183146,1
183149,0
183152,0
183153,0
183154,0
183159,1
183160,0
183161,0
183163,0
183165,0
183166,1
183167,0
183171,0
183173,1
183174,1
183177,1
183179,1
183180,0
183185,1
183191,0
183192,1
183195,0
183197,0
183198,1
183200,1
183201,0
183203,0
183204,0
183211,1
183214,1
183218,1
183223,1
183226,1
183227,0
183228,1
183229,0
183230,0
183235,0
183236,0
183237,1
183238,1
183239,1
183246,0
183248,0
183250,0
183252,0
183254,1
183256,0
183257,1
183259,0
183262,1
183263,1
183265,0
183267,0
183273,0
183277,1
183279,1
183280,1
183285,1
183291,0
183294,0
183296,0
183298,1
183301,1
183308,1
183309,0
183313,0
183315,1
183317,1
183319,1
183320,1
183324,1
183325,1
183330,1
183335,1
183338,1
183339,1
183340,1
183341,1
183342,1
183344,1
183346,1
183351,0
183353,1
183356,1
183357,1
183361,1
183362,1
183363,1
183365,1
183366,0
183367,0
183376,0
183377,0
183380,0
183382,1
183384,1
183386,0
183389,1
183390,1
183396,1
183397,0
183399,0
183400,0
183403,0
183404,1
183406,1
183407,1
183413,1
183416,1
183419,1
183422,1
183423,1
183424,1
183429,1
183431,0
183433,1
183434,0
183435,0
183436,0
183437,0
183438,0
183446,0
183448,1
183450,1
183454,1
183456,0
183457,1
183459,0
183460,0
183461,0
183466,1
183469,1
183472,0
183475,1
183478,1
183484,1
183486,0
183488,0
183489,1
183490,0
183491,0
183493,1
183497,1
183499,1
183500,1
183505,1
183507,0
183509,1
183510,1
183511,0
183513,0
183514,0
183516,1
183520,0
183521,0
183522,0
183525,0
183529,0
183530,0
183535,1
183536,0
183537,1
183538,1
183539,0
183540,0
183541,1
183543,1
183545,0
183546,1
183549,1
183553,1
183558,1
183567,1
183570,0
183572,1
183573,1
183587,1
183588,1
183589,1
183591,0
183593,1
183596,1
183597,0
183598,1
183600,1
183601,0
183603,1
183607,0
183608,1
183610,1
183613,0
183618,0
183621,0
183622,0
183623,1
183626,1
183628,1
183631,1
183633,0
183635,1
183639,1
183640,1
183641,1
183642,0
183644,1
183651,0
183654,1
183655,0
183658,0
183659,1
183664,1
183667,1
183668,1
183669,0
183670,1
183672,1
183676,1
183677,1
183678,0
183679,1
183680,0
183681,1
183684,0
183685,1
183687,1
183691,1
183693,0
183696,0
183700,0
183702,1
183705,1
183710,0
183711,1
183713,0
183718,1
183719,1
183726,1
183728,0
183736,1
183737,1
183738,1
183741,1
183744,0
183746,1
183749,1
183755,0
183759,0
183760,0
183761,1
183763,0
183764,0
183767,1
183770,0
183773,0
183774,1
183775,1
183776,0
183777,1
183780,1
183783,0
183787,0
183788,1
183795,1
183799,1
183804,1
183807,1
183809,0
183811,1
183812,0
183814,1
183815,1
183816,1
183817,0
183820,1
183823,1
183824,1
183826,0
183827,0
183829,1
183831,1
183832,0
183834,1
183840,0
183841,0
183843,1
183845,0
183847,1
183848,0
183853,1
183862,0
183864,0
183865,0
183866,0
183868,1
183874,1
183882,1
183883,0
183886,0
183887,0
183888,0
183889,1
183892,1
183894,1
183895,1
183897,1
183900,1
183901,0
183905,0
183906,1
183907,0
183908,1
183913,1
183915,1
183916,1
183921,1
183923,0
183924,1
183926,0
183927,1
183928,1
183939,0
183940,0
183943,1
183946,1
183947,1
183948,1
183950,0
183951,1
183952,1
183953,0
183954,0
183956,0
183962,0
183966,1
183968,1
183970,1
183973,1
183974,0
183975,0
183976,0
183980,1
183981,1
183984,1
183985,0
183987,1
183992,1
183993,0
183998,1
183999,0
184000,0
184001,1
184002,0
184005,0
184006,0
184008,0
184010,1
184011,1
184012,1
184016,0
184017,0
184019,0
184021,1
184023,1
184028,0
184030,1
184034,1
184036,1
184040,1
184041,0
184044,0
184051,0
184052,0
184056,0
184058,0
184059,0
184061,0
184063,0
184065,1
184068,1
184069,1
184070,1
184071,0
184072,1
184073,0
184075,0
184077,0
184079,0
184080,1
184083,0
184084,0
184088,1
184092,1
184094,1
184096,0
184099,0
184100,0
184101,0
184104,0
184108,1
184113,1
184121,0
184122,0
184131,0
184133,0
184134,0
184137,0
184139,0
184140,1
184141,1
184148,1
184149,1
184150,1
184151,0
184152,1
184153,0
184154,0
184156,0
184162,1
184163,1
184165,0
184166,0
184171,0
184173,1
184176,1
184177,0
184181,1
184188,0
184193,0
184194,1
184197,1
184198,0
184200,1
184201,0
184205,0
184207,1
184209,1
184213,0
184214,0
184215,1
184217,0
184220,1
184221,1
184224,1
184225,1
184229,0
184232,0
184234,1
184238,1
184239,0
184240,1
184243,0
184244,0
184248,0
184249,1
184252,1
184253,0
184256,1
184260,1
184261,1
184263,0
184265,1
184267,0
184269,0
184274,0
184279,0
184280,1
184281,0
184284,0
184286,1
184288,0
184291,0
184292,0
184293,1
184294,0
184296,1
184297,1
184299,1
184304,0
184308,1
184309,0
184312,0
184315,0
184316,0
184319,0
184320,1
184324,1
184326,0
184330,1
184331,0
184332,1
184333,1
184337,0
184339,0
184340,1
184344,1
184345,1
184353,0
184356,1
184357,1
184358,1
184362,0
184364,0
184365,0
184367,0
184370,1
184378,1
184380,1
184384,1
184385,0
184386,0
184388,0
184389,1
184390,0
184391,0
184393,1
184394,1
184395,1
184402,1
184404,1
184406,0
184407,0
184408,1
184410,1
184411,1
184412,0
184414,0
184415,0
184417,1
184418,0
184419,0
184421,1
184422,1
184426,1
184427,1
184430,1
184431,0
184432,1
184434,1
184436,1
184438,1
184441,1
184442,1
184443,0
184446,0
184447,0
184451,0
184455,1
184456,1
184457,0
184463,0
184467,1
184471,1
184475,1
184478,0
184480,0
184481,0
184486,1
184487,0
184489,0
184490,0
184493,1
184494,1
184500,1
184501,0
184502,1
184503,0
184504,0
184507,0
184510,0
184512,1
184515,0
184516,0
184520,1
184524,1
184525,0
184529,1
184533,1
184535,1
184536,1
184539,1
184541,1
184544,1
184545,1
184546,0
184551,1
184552,1
184557,1
184558,1
184559,0
184562,0
184563,0
184567,0
184568,1
184569,1
184571,1
184572,0
184575,0
184577,1
184580,0
184581,1
184583,0
184585,1
184587,0
184589,0
184590,0
184592,0
184593,0
184594,0
184597,0
184599,1
184602,1
184603,1
184605,0
184606,1
184609,0
184610,1
184611,1
184613,0
184614,0
184616,0
184618,1
184619,1
184632,0
184634,1
184636,0
184638,0
184639,1
184641,0
184642,0
184643,0
184644,1
184645,0
184648,1
184650,0
184651,0
184652,0
184653,0
184654,0
184655,1
184656,1
184659,1
184661,1
184663,1
184666,1
184667,1
184669,0
184670,1
184674,1
184678,0
184680,1
184684,1
184687,0
184690,1
184692,0
184693,1
184694,0
184699,0
184704,1
184708,0
184710,0
184714,0
184719,1
184720,1
184721,1
184726,0
184728,1
184732,0
184733,0
184734,1
184736,0
184737,1
184738,0
184742,1
184743,1
184747,0
184750,0
184751,1
184752,1
184753,1
184754,0
184759,0
184766,0
184767,1
184771,1
184774,1
184775,1
184778,1
184782,1
184783,1
184784,1
184788,0
184789,0
184790,1
184792,0
184793,1
184801,0
184804,1
184805,0
184806,0
184807,0
184808,0
184810,1
184812,1
184813,1
184819,0
184826,0
184827,1
184830,1
184832,1
184834,0
184838,0
184839,0
184842,0
184844,1
184851,0
184852,0
184854,1
184855,1
184856,1
184857,0
184859,1
184860,1
184862,0
184863,0
184864,1
184865,1
184866,0
184867,0
184868,0
184871,1
184872,0
184875,1
184877,1
184879,1
184881,1
184882,0
184886,0
184887,0
184891,1
184892,0
184893,1
184896,1
184897,0
184899,0
184900,1
184904,0
184905,1
184909,0
184911,0
184914,0
184922,1
184923,1
184928,0
184929,1
184930,0
184933,1
184935,1
184936,0
184937,0
184938,0
184943,0
184944,0
184947,0
184948,1
184950,0
184952,1
184953,0
184955,1
184956,0
184957,0
184962,0
184965,0
184967,1
184969,1
184971,1
184977,1
184978,1
184981,0
184984,0
184985,0
184990,1
184991,0
184992,1
184994,1
184995,1
184996,1
184998,0
185001,1
185005,1
185008,0
185009,1
185011,1
185013,0
185016,1
185020,1
185023,0
185024,1
185025,1
185026,0
185027,1
185029,1
185033,0
185034,0
185035,0
185038,1
185039,1
185045,1
185047,0
185048,0
185053,1
185054,0
185055,0
185057,1
185058,1
185059,0
185062,0
185063,0
185065,0
185076,1
185077,1
185081,1
185086,1
185089,1
185092,0
185094,1
185096,0
185099,1
185105,1
185106,1
185110,0
185111,0
185112,1
185113,0
185115,0
185118,0
185119,0
185122,1
185123,1
185126,1
185127,0
185128,1
185130,1
185134,1
185135,0
185136,0
185139,1
185142,1
185145,0
185148,1
185151,0
185152,0
185156,0
185157,0
185159,1
185161,1
185162,1
185163,0
185166,1
185167,0
185170,1
185172,1
185173,1
185177,1
185179,1
185181,0
185183,1
185185,0
185186,0
185187,0
185188,1
185190,0
185193,1
185197,1
185200,1
185201,1
185202,0
185203,1
185205,0
185206,0
185208,1
185210,1
185213,0
185214,0
185217,1
185218,0
185221,1
185222,1
185224,1
185226,0
185229,1
185230,1
185234,1
185236,0
185237,1
185239,1
185242,0
185245,1
185246,1
185249,0
185255,1
185257,0
185266,1
185268,0
185270,0
185272,1
185273,1
185275,0
185282,1
185284,0
185285,1
185286,1
185287,1
185289,0
185291,0
185292,0
185293,0
185295,1
185296,0
185297,1
185298,0
185299,0
185300,1
185302,1
185303,1
185305,1
185308,1
185310,1
185311,1
185313,1
185320,1
185322,1
185324,0
185327,0
185328,0
185329,1
185331,1
185333,0
185334,1
185335,1
185339,0
185340,0
185341,0
185342,1
185345,1
185347,0
185348,0
185349,1
185350,0
185351,1
185352,0
185353,1
185357,0
185358,0
185359,1
185361,0
185363,1
185364,0
185365,0
185367,1
185368,0
185371,1
185378,0
185379,1
185380,1
185381,0
185385,1
185391,0
185394,0
185395,0
185396,0
185397,0
185398,0
185399,1
185401,1
185404,0
185406,0
185411,0
185415,1
185417,0
185419,0
185421,1
185425,1
185430,0
185431,0
185432,1
185435,1
185438,1
185442,0
185445,0
185447,1
185449,1
185450,1
185454,0
185455,0
185456,0
185462,0
185465,0
185466,0
185468,0
185472,0
185473,0
185474,1
185476,1
185482,1
185484,0
185492,0
185494,0
185495,1
185497,1
185498,1
185507,0
185508,0
185509,0
185513,1
185516,1
185517,0
185518,0
185521,0
185522,0
185523,1
185524,0
185525,1
185526,1
185529,0
185530,0
185532,0
185535,1
185537,1
185541,1
185545,0
185547,0
185550,0
185552,0
185555,1
185557,1
185559,1
185563,0
185568,0
185569,1
185570,0
185571,1
185575,1
185581,1
185582,1
185583,0
185585,1
185587,0
185596,0
185597,0
185598,0
185600,1
185601,0
185609,1
185610,1
185620,1
185621,1
185623,0
185625,0
185626,1
185628,0
185630,1
185633,0
185638,0
185640,0
185641,1
185647,0
185649,1
185651,1
185658,1
185663,0
185668,1
185671,0
185672,0
185673,0
185677,1
185679,0
185680,0
185681,1
185682,1
185683,0
185685,0
185687,0
185689,1
185690,0
185692,0
185693,1
185694,1
185696,1
185698,1
185699,1
185704,0
185707,1
185708,1
185710,0
185713,1
185714,1
185715,0
185719,1
185724,0
185725,0
185726,0
185727,0
185731,0
185732,1
185734,1
185735,0
185743,1
185746,0
185752,0
185755,1
185756,1
185757,1
185758,1
185759,0
185762,1
185765,0
185770,0
185772,1
185776,1
185778,1
185781,0
185784,0
185785,1
185786,0
185789,1
185791,1
185794,0
185796,0
185797,0
185798,0
185801,1
185805,0
185806,1
185813,1
185814,1
185819,1
185820,1
185821,1
185823,1
185825,0
185828,1
185831,1
185834,0
185836,0
185841,0
185842,1
185844,1
185846,1
185847,0
185848,1
185850,1
185852,0
185854,0
185855,1
185856,0
185859,0
185863,1
185868,1
185870,0
185871,0
185872,1
185875,1
185876,0
185878,1
185880,0
185881,0
185887,1
185890,1
185891,0
185892,0
185899,0
185902,1
185906,1
185910,1
185912,0
185915,1
185917,0
185918,1
185919,1
185927,1
185935,0
185936,0
185944,1
185945,0
185946,1
185949,1
185954,0
185955,0
185957,1
185958,1
185963,1
185971,1
185972,0
185974,1
185975,0
185976,0
185978,0
185982,0
185983,0
185984,0
185991,1
185993,0
185994,1
185996,1
185999,1
186000,1
186001,1
186004,1
186005,1
186009,0
186012,1
186013,0
186018,0
186020,0
186023,1
186024,0
186026,0
186027,1
186029,0
186034,0
186036,0
186038,0
186039,1
186040,0
186043,1
186044,0
186046,1
186053,1
186055,1
186058,0
186062,0
186069,0
186075,0
186076,1
186078,0
186083,0
186084,0
186088,0
186089,0
186090,1
186092,1
186095,1
186098,1
186102,0
186104,1
186106,0
186108,1
186109,0
186113,0
186116,0
186118,1
186119,0
186123,0
186125,0
186130,1
186135,1
186136,1
186137,1
186138,1
186139,0
186142,1
186143,1
186144,0
186145,0
186146,0
186147,0
186148,0
186149,0
186150,0
186152,0
186155,1
186157,0
186159,0
186161,0
186166,1
186167,1
186168,1
186172,1
186173,0
186175,1
186176,0
186180,0
186181,0
186182,0
186183,0
186188,0
186193,0
186194,0
186195,1
186196,1
186199,1
186200,0
186204,0
186205,0
186207,0
186209,0
186212,0
186214,1
186215,0
186217,1
186218,1
186219,0
186222,0
186225,0
186227,0
186230,1
186235,1
186237,0
186242,0
186243,0
186246,0
186247,1
186249,0
186251,0
186259,0
186261,0
186265,0
186268,1
186272,1
186275,1
186278,1
186279,1
186282,1
186284,0
186286,0
186291,0
186292,0
186294,1
186300,0
186302,1
186303,0
186305,0
186306,0
186308,1
186309,1
186310,1
186312,0
186314,1
186315,1
186316,0
186317,0
186318,0
186320,1
186326,0
186327,1
186328,0
186329,1
186333,1
186334,1
186339,1
186340,0
186342,1
186347,0
186348,0
186349,1
186353,0
186354,0
186356,0
186357,1
186364,0
186366,1
186369,0
186370,0
186376,0
186381,1
186383,0
186385,0
186389,0
186390,0
186393,0
186396,1
186397,1
186398,1
186399,1
186400,1
186404,1
186406,1
186408,1
186410,0
186411,0
186414,1
186419,1
186420,0
186422,0
186431,0
186434,1
186436,1
186442,1
186444,1
186445,1
186449,1
186451,0
186455,0
186459,1
186464,0
186465,1
186470,0
186471,1
186473,0
186475,0
186480,0
186481,1
186484,1
186485,0
186486,1
186488,1
186494,0
186495,0
186496,0
186498,0
186501,0
186505,1
186506,0
186507,1
186508,0
186509,1
186511,0
186512,0
186513,0
186514,0
186516,0
186518,1
186519,1
186530,1
186532,0
186533,0
186536,1
186542,1
186544,1
186548,1
186550,0
186553,1
186560,0
186566,1
186569,0
186571,0
186577,0
186578,0
186580,0
186581,1
186584,0
186586,0
186588,1
186590,0
186591,0
186592,0
186594,1
186595,0
186597,0
186598,1
186600,0
186601,1
186602,1
186607,0
186609,0
186611,1
186613,0
186614,1
186619,1
186621,0
186627,0
186629,1
186630,0
186640,1
186643,1
186645,1
186646,1
186647,1
186648,0
186649,0
186653,0
186655,0
186657,1
186658,1
186660,0
186663,1
186665,1
186670,0
186673,1
186678,0
186679,1
186682,0
186684,1
186685,0
186698,0
186702,1
186703,0
186705,1
186707,1
186709,0
186710,1
186712,0
186713,0
186716,1
186718,1
186719,1
186722,1
186723,0
186730,1
186734,1
186735,1
186736,0
186737,1
186740,0
186741,0
186745,0
186746,0
186747,0
186749,1
186750,0
186751,1
186755,1
186756,1
186758,0
186759,1
186760,1
186762,0
186763,1
186765,0
186772,1
186773,1
186774,1
186775,1
186776,0
186783,0
186784,0
186787,1
186788,0
186791,1
186792,1
186794,1
186796,0
186797,1
186798,1
186802,1
186803,1
186804,1
186807,0
186809,0
186812,0
186813,0
186815,1
186818,0
186819,0
186820,0
186824,1
186825,1
186826,0
186829,1
186833,0
186837,1
186841,1
186843,0
186844,0
186846,0
186847,1
186852,1
186854,0
186858,0
186859,0
186860,1
186865,0
186867,1
186868,0
186873,1
186874,0
186878,1
186879,1
186882,1
186883,1
186885,0
186886,0
186892,1
186893,0
186894,0
186896,1
186898,0
186899,0
186902,1
186904,1
186905,1
186906,0
186909,0
186911,0
186912,1
186913,0
186914,0
186916,1
186917,0
186918,1
186921,1
186922,0
186925,1
186926,1
186932,1
186937,0
186948,1
186951,0
186953,1
186954,1
186955,0
186957,1
186958,1
186966,1
186969,0
186970,0
186972,0
186975,1
186978,0
186980,0
186981,0
186982,1
186985,1
186986,0
186989,1
186991,0
186992,1
186995,1
186996,0
186997,1
186999,0
187001,0
187007,1
187008,1
187010,1
187012,0
187014,0
187018,0
187020,1
187023,0
187029,1
187031,1
187032,1
187035,0
187038,1
187039,0
187040,1
187041,1
187042,0
187044,0
187045,0
187047,1
187049,1
187051,1
187054,0
187056,0
187058,1
187060,0
187064,0
187068,1
187069,0
187073,1
187075,0
187076,1
187077,0
187080,1
187085,0
187087,0
187092,1
187093,1
187094,1
187095,1
187097,1
187099,1
187100,1
187103,0
187104,1
187105,1
187106,0
187107,1
187108,1
187109,1
187110,0
187111,0
187112,0
187113,1
187114,0
187117,1
187118,1
187119,1
187123,1
187125,1
187126,0
187128,0
187131,0
187132,1
187133,1
187135,1
187140,0
187141,0
187142,0
187143,0
187144,1
187146,1
187151,0
187163,0
187165,1
187166,0
187169,0
187171,0
187173,1
187176,0
187177,0
187178,0
187184,1
187185,1
187188,1
187189,0
187192,0
187194,1
187195,1
187199,0
187200,1
187201,0
187202,1
187203,1
187204,0
187205,0
187211,0
187214,1
187216,1
187218,1
187219,1
187220,1
187223,0
187225,1
187229,0
187232,0
187238,1
187242,1
187243,1
187244,1
187247,1
187252,1
187253,0
187254,1
187255,0
187256,1
187259,1
187261,1
187262,0
187268,1
187273,1
187278,1
187280,0
187283,0
187286,1
187287,1
187292,1
187293,1
187295,0
187298,1
187300,0
187302,0
187306,1
187308,1
187311,1
187313,1
187317,1
187318,0
187319,0
187320,0
187321,0
187322,1
187323,0
187329,0
187330,0
187336,0
187338,1
187343,0
187344,0
187345,0
187346,0
187348,0
187356,0
187357,0
187358,1
187361,0
187363,1
187364,1
187369,1
187376,1
187382,1
187387,1
187388,0
187389,1
187394,0
187398,1
187399,1
187401,1
187403,1
187406,0
187407,0
187408,1
187409,0
187415,1
187423,1
187430,1
187436,0
187437,1
187439,1
187445,1
187448,0
187449,1
187452,1
187453,1
187454,0
187457,1
187458,0
187461,1
187462,1
187463,0
187464,1
187465,0
187467,0
187470,1
187471,1
187474,1
187477,1
187479,1
187482,0
187483,0
187484,0
187488,1
187489,0
187491,1
187492,1
187493,1
187494,1
187496,1
187499,1
187501,1
187502,1
187505,1
187510,1
187513,0
187515,0
187517,1
187520,1
187521,0
187522,1
187523,0
187529,0
187530,1
187534,1
187535,1
187537,1
187540,1
187542,1
187545,0
187547,1
187549,0
187552,0
187557,0
187563,0
187564,0
187565,0
187567,0
187569,1
187573,1
187574,1
187577,0
187578,0
187579,1
187584,0
187586,1
187587,1
187590,0
187592,0
187595,0
187596,0
187598,1
187601,0
187605,1
187608,0
187609,0
187610,1
187614,0
187615,0
187616,0
187619,1
187620,0
187621,1
187628,1
187633,1
187640,1
187643,1
187648,1
187649,1
187650,0
187651,1
187658,0
187659,0
187661,1
187663,0
187664,0
187665,1
187666,1
187667,1
187668,0
187669,1
187670,0
187672,1
187674,0
187675,0
187677,0
187678,0
187680,1
187681,0
187682,0
187683,0
187684,0
187685,1
187686,0
187687,0
187690,0
187695,1
187698,1
187699,1
187700,1
187701,1
187702,0
187703,1
187704,0
187705,1
187709,0
187712,0
187714,1
187718,0
187720,1
187721,0
187731,1
187732,0
187734,1
187735,0
187736,0
187737,0
187742,1
187744,1
187746,0
187748,1
187749,1
187752,0
187757,0
187759,0
187760,0
187765,0
187768,1
187770,1
187771,0
187773,0
187774,1
187778,0
187780,1
187781,1
187786,0
187788,0
187790,1
187791,1
187797,1
187802,1
187804,0
187805,1
187808,1
187809,0
187811,0
187812,1
187813,1
187814,1
187817,0
187819,0
187822,0
187833,0
187834,0
187837,0
187840,0
187841,0
187842,0
187845,1
187846,0
187847,0
187848,0
187849,1
187850,0
187851,0
187854,1
187855,1
187857,0
187861,0
187862,0
187868,0
187871,1
187872,1
187873,0
187875,0
187876,1
187877,0
187879,1
187880,1
187882,1
187884,0
187885,1
187892,0
187894,1
187895,1
187897,0
187901,0
187904,1
187905,0
187907,0
187908,1
187915,1
187917,0
187918,1
187921,1
187923,0
187929,0
187931,0
187933,0
187935,1
187936,1
187939,1
187942,1
187944,1
187946,0
187947,1
187950,0
187952,1
187955,0
187957,1
187959,0
187960,0
187961,0
187966,0
187967,0
187972,0
187974,1
187975,1
187983,0
187984,1
187987,0
187989,0
187994,0
187995,1
187996,1
187997,1
187999,0
188001,1
188002,0
188003,1
188004,0
188007,0
188008,1
188009,1
188012,1
188017,1
188019,0
188022,1
188026,1
188028,0
188031,1
188033,1
188035,1
188039,1
188040,1
188041,1
188043,0
188049,0
188052,1
188055,0
188067,1
188069,0
188071,1
188073,0
188074,0
188076,1
188077,1
188078,1
188080,0
188081,1
188085,1
188086,1
188089,0
188096,0
188097,0
188098,0
188109,1
188111,1
188113,1
188118,1
188120,0
188122,1
188124,1
188127,0
188128,0
188130,1
188135,0
188140,0
188143,0
188145,1
188146,0
188148,1
188149,1
188152,0
188157,1
188163,0
188165,1
188166,0
188167,1
188170,1
188182,0
188186,0
188188,0
188189,0
188192,1
188194,1
188195,0
188196,0
188198,0
188202,0
188206,1
188209,0
188212,1
188216,1
188218,0
188221,1
188223,0
188224,1
188225,1
188229,1
188230,0
188231,1
188238,1
188240,1
188241,0
188242,0
188243,0
188245,1
188246,1
188247,1
188248,1
188250,1
188252,0
188253,1
188255,0
188257,0
188258,0
188260,0
188264,1
188265,0
188268,1
188270,0
188278,0
188281,0
188283,1
188284,0
188285,0
188286,1
188289,1
188290,0
188291,1
188294,0
188297,0
188298,1
188302,1
188304,0
188305,1
188306,0
188307,1
188311,0
188312,0
188313,0
188314,1
188315,0
188317,0
188318,1
188327,1
188328,0
188330,1
188334,0
188335,1
188338,0
188339,1
188344,1
188346,0
188347,1
188348,0
188350,0
188351,0
188352,0
188356,0
188357,0
188358,0
188359,0
188361,1
188362,1
188364,0
188366,1
188368,0
188369,1
188370,1
188371,1
188372,1
188373,1
188376,0
188379,0
188380,0
188382,1
188384,0
188385,1
188386,1
188390,0
188394,1
188396,0
188398,1
188401,1
188402,0
188406,1
188410,1
188411,0
188415,1
188418,0
188420,0
188425,0
188427,1
188430,0
188432,1
188436,0
188437,0
188438,0
188439,1
188442,0
188443,1
188444,1
188447,1
188448,1
188450,0
188452,1
188457,1
188458,0
188459,1
188460,0
188461,0
188467,0
188468,0
188472,1
188478,1
188479,0
188480,1
188482,1
188483,0
188485,1
188489,1
188490,0
188494,0
188495,1
188500,1
188503,0
188504,0
188505,1
188507,1
188508,1
188512,0
188514,0
188517,0
188521,1
188524,1
188525,0
188526,1
188527,1
188528,1
188532,0
188536,1
188537,1
188539,0
188540,0
188541,1
188542,0
188544,1
188546,1
188548,1
188549,1
188552,1
188554,0
188559,1
188563,0
188564,1
188565,0
188567,0
188568,1
188572,1
188573,0
188575,0
188576,0
188580,0
188581,1
188582,0
188586,0
188593,1
188594,0
188597,0
188598,0
188599,1
188601,0
188604,0
188605,0
188607,1
188608,0
188609,0
188610,0
188611,1
188612,1
188614,0
188619,0
188621,0
188624,0
188628,0
188629,1
188632,0
188634,1
188635,1
188637,1
188642,1
188645,1
188646,0
188648,1
188654,1
188657,0
188663,0
188666,0
188668,1
188669,1
188670,1
188674,1
188678,1
188681,0
188682,1
188683,1
188684,0
188688,0
188689,1
188690,1
188694,1
188696,0
188697,1
188698,0
188699,0
188700,1
188702,0
188703,0
188712,0
188713,1
188715,1
188717,0
188721,0
188722,1
188723,1
188725,0
188726,1
188733,0
188734,0
188735,1
188736,1
188737,0
188739,0
188741,1
188742,0
188743,1
188747,1
188748,1
188750,1
188752,0
188755,1
188756,0
188757,0
188759,0
188761,0
188762,1
188765,0
188766,0
188771,0
188772,1
188773,0
188775,1
188777,1
188781,1
188783,0
188786,1
188792,1
188795,1
188798,0
188799,1
188802,0
188805,1
188806,0
188811,1
188814,0
188817,1
188820,1
188821,0
188823,1
188825,0
188826,1
188827,0
188829,1
188831,0
188832,0
188833,1
188836,1
188837,1
188838,0
188839,1
188841,0
188845,0
188850,0
188851,0
188855,0
188858,0
188859,1
188861,1
188862,1
188863,0
188866,1
188869,0
188871,0
188877,1
188881,0
188883,0
188886,1
188887,1
188889,0
188890,1
188895,0
188897,1
188905,1
188906,0
188907,1
188908,1
188909,0
188910,1
188911,0
188916,0
188918,0
188921,1
188922,0
188923,1
188924,0
188926,1
188927,0
188929,1
188930,1
188935,0
188937,1
188938,0
188940,0
188944,1
188945,0
188946,1
188947,1
188948,1
188950,1
188954,0
188956,0
188958,1
188960,1
188965,0
188970,0
188971,0
188972,0
188973,0
188979,0
188980,1
188983,0
188984,0
188986,1
188988,1
188989,0
188992,0
188995,0
188996,0
189005,1
189009,0
189010,1
189012,0
189017,0
189018,1
189020,1
189021,0
189022,1
189023,1
189025,0
189027,1
189028,0
189029,1
189030,1
189032,0
189034,1
189035,0
189038,0
189040,0
189041,0
189043,0
189044,1
189047,1
189049,1
189052,0
189053,0
189055,0
189059,1
189060,0
189062,1
189064,1
189065,0
189066,1
189067,1
189068,1
189069,1
189071,1
189077,1
189085,0
189086,0
189087,1
189091,0
189094,1
189098,1
189099,0
189101,1
189104,1
189106,0
189107,0
189108,0
189109,1
189110,1
189112,0
189117,0
189118,1
189120,0
189121,1
189124,0
189126,1
189131,0
189132,0
189133,1
189138,1
189141,1
189142,1
189143,1
189144,1
189147,0
189154,1
189155,1
189158,1
189159,1
189162,1
189164,1
189166,1
189172,1
189182,1
189186,0
189187,0
189191,0
189194,0
189197,1
189202,1
189207,1
189209,1
189210,1
189211,1
189212,0
189213,0
189215,0
189216,1
189220,0
189223,0
189224,1
189228,0
189231,0
189237,0
189238,1
189240,1
189242,1
189245,0
189249,0
189252,0
189254,1
189256,0
189258,1
189261,0
189262,1
189265,1
189271,1
189275,0
189276,0
189279,0
189280,0
189282,0
189284,1
189285,0
189289,1
189290,0
189291,1
189294,1
189297,0
189300,0
189301,1
189303,0
189310,1
189311,1
189313,0
189315,0
189317,1
189319,1
189332,1
189333,1
189334,0
189336,0
189339,1
189340,0
189343,0
189345,0
189346,0
189351,0
189352,0
189353,0
189357,0
189358,0
189360,1
189371,0
189372,1
189374,1
189376,0
189377,1
189378,0
189382,1
189384,0
189389,1
189392,1
189393,1
189397,1
189398,1
189399,1
189400,0
189406,0
189407,1
189408,1
189411,0
189416,1
189418,1
189419,1
189422,0
189424,0
189426,0
189428,1
189434,1
189437,1
189444,0
189446,0
189451,1
189453,0
189454,0
189455,0
189458,0
189460,0
189463,0
189464,0
189465,0
189466,0
189467,1
189471,0
189474,0
189475,1
189476,0
189477,1
189478,1
189487,1
189489,1
189493,0
189494,1
189497,1
189504,0
189507,1
189510,0
189513,1
189514,0
189515,1
189525,0
189526,0
189527,0
189530,0
189535,1
189536,0
189537,0
189538,0
189543,1
189545,0
189546,0
189547,0
189548,0
189549,1
189550,1
189557,0
189562,1
189565,1
189566,1
189567,1
189571,1
189572,1
189575,0
189577,0
189585,0
189586,0
189589,0
189590,0
189596,0
189599,0
189603,0
189614,0
189615,0
189616,1
189622,0
189625,0
189627,1
189628,0
189630,1
189633,0
189635,1
189636,1
189638,0
189642,0
189643,0
189644,0
189645,0
189646,1
189647,1
189648,1
189653,1
189654,1
189656,0
189657,0
189659,0
189661,1
189662,0
189663,0
189664,0
189676,1
189677,0
189678,0
189682,0
189683,1
189686,1
189698,1
189699,1
189701,1
189707,1
189708,0
189712,0
189719,0
189720,1
189721,0
189726,0
189728,1
189729,0
189730,1
189731,1
189736,1
189738,0
189742,1
189745,1
189747,0
189750,0
189751,1
189752,1
189754,0
189759,0
189762,1
189763,0
189766,0
189767,0
189769,1
189770,0
189771,1
189772,1
189773,1
189774,1
189777,0
189778,1
189779,1
189780,0
189781,1
189783,0
189784,1
189786,0
189788,0
189789,1
189791,0
189792,0
189793,1
189794,1
189798,1
189803,1
189804,1
189805,1
189806,0
189808,0
189809,0
189810,0
189815,1
189821,1
189822,1
189827,1
189828,1
189829,0
189830,0
189831,0
189833,1
189834,0
189835,0
189838,0
189846,0
189849,1
189851,0
189853,1
189856,0
189859,1
189861,1
189864,1
189866,1
189868,1
189871,1
189876,1
189877,1
189881,0
189882,0
189883,1
189886,1
189888,1
189901,1
189902,0
189904,0
189908,1
189911,0
189914,1
189915,0
189923,0
189924,1
189925,0
189928,1
189931,1
189934,1
189937,0
189939,1
189940,0
189944,0
189947,0
189948,0
189951,1
189955,1
189956,1
189957,1
189958,1
189959,1
189960,1
189964,1
189968,1
189974,0
189975,0
189978,0
189983,1
189988,0
189990,1
189998,1
189999,1
190000,0
190001,0
190004,1
190005,0
190006,1
190011,1
190013,1
190026,0
190029,0
190034,1
190038,0
190040,0
190045,1
190047,1
190055,0
190063,1
190067,1
190070,0
190072,1
190075,0
190076,1
190078,1
190079,1
190081,1
190082,1
190085,0
190088,0
190091,0
190092,0
190093,0
190096,1
190100,1
190102,0
190104,1
190106,0
190109,1
190114,0
190117,1
190118,0
190121,0
190122,0
190123,1
190125,1
190126,1
190128,1
190133,1
190134,1
190135,1
190136,0
190139,1
190143,1
190145,1
190146,0
190148,0
190150,1
190151,1
190152,0
190159,1
190161,0
190162,0
190164,0
190170,0
190171,1
190173,0
190174,1
190178,1
190183,0
190186,1
190187,0
190190,1
190192,1
190194,1
190195,1
190200,0
190202,1
190204,0
190206,0
190210,0
190211,1
190212,1
190214,0
190215,1
190217,1
190220,0
190223,0
190228,1
190229,0
190239,1
190241,1
190242,1
190246,0
190247,0
190251,0
190252,0
190253,1
190257,1
190258,1
190260,1
190261,0
190266,0
190267,0
190269,0
190272,0
190274,1
190280,1
190281,1
190282,0
190284,1
190286,0
190293,1
190295,0
190296,1
190297,0
190298,1
190301,1
190303,0
190306,1
190307,1
190312,0
190313,0
190316,0
190319,0
190325,1
190330,0
190333,0
190337,0
190338,1
190342,1
190345,1
190346,0
190349,1
190352,1
190354,0
190359,0
190360,1
190361,0
190366,1
190367,0
190368,0
190370,1
190373,1
190379,1
190382,0
190386,1
190391,0
190392,0
190393,1
190395,1
190397,1
190400,0
190403,1
190407,1
190409,1
190410,0
190413,1
190414,0
190415,0
190416,1
190425,1
190426,1
190428,1
190430,1
190434,0
190435,1
190436,1
190438,1
190439,1
190445,1
190448,1
190451,1
190457,0
190458,0
190461,1
190462,0
190467,0
190468,1
190469,0
190474,0
190476,1
190486,1
190487,1
190490,1
190491,0
190492,0
190493,1
190499,0
190503,1
190506,0
190508,1
190509,0
190512,0
190517,1
190521,1
190529,1
190533,1
190534,1
190535,1
190536,0
190537,1
190539,0
190541,1
190542,0
190545,1
190546,1
190548,1
190549,0
190550,1
190551,0
190552,1
190554,0
190558,1
190561,1
190562,1
190563,1
190567,0
190568,0
190571,0
190576,1
190578,1
190579,1
190580,0
190582,0
190583,0
190584,0
190585,1
190591,1
190593,1
190596,1
190599,1
190601,1
190605,0
190608,1
190609,0
190610,0
190613,0
190614,0
190623,0
190624,1
190626,0
190629,1
190630,0
190631,1
190632,1
190635,0
190639,0
190640,0
190641,1
190642,0
190643,0
190645,1
190652,1
190657,0
190664,1
190682,1
190683,1
190684,1
190685,0
190686,1
190689,0
190690,1
190691,1
190693,0
190696,1
190697,0
190699,1
190700,1
190702,0
190704,0
190707,0
190710,0
190711,1
190713,0
190717,0
190720,1
190723,1
190724,0
190725,0
190727,0
190729,0
190730,0
190732,1
190733,0
190739,1
190742,1
190745,0
190746,1
190748,1
190750,1
190751,1
190754,0
190755,0
190756,1
190762,1
190764,1
190766,1
190767,0
190770,1
190771,1
190773,1
190774,0
190775,1
190779,0
190781,0
190787,0
190794,1
190795,0
190801,1
190802,1
190803,1
190805,0
190808,0
190809,0
190810,0
190815,1
190817,1
190818,1
190819,1
190824,1
190826,0
190827,1
190828,1
190829,0
190838,0
190839,1
190841,0
190842,1
190843,1
190844,1
190845,1
190847,1
190850,1
190853,1
190854,0
190855,1
190856,0
190858,0
190859,0
190860,0
190862,1
190869,0
190874,1
190880,0
190885,0
190889,1
190895,0
190896,1
190897,0
190898,0
190899,1
190902,0
190904,0
190905,0
190912,1
190914,0
190918,0
190919,0
190920,1
190921,1
190925,0
190928,1
190933,0
190939,1
190941,0
190942,0
190944,0
190945,0
190953,1
190954,1
190955,0
190956,1
190957,0
190962,0
190970,0
190971,0
190972,0
190974,1
190978,1
190979,1
190980,0
190981,0
190982,0
190983,0
190987,0
190989,0
190991,0
190994,1
190995,0
190998,1
190999,1
191000,1
191001,0
191005,1
191007,1
191008,1
191010,0
191011,0
191012,0
191020,1
191021,1
191022,0
191024,0
191025,0
191026,0
191028,0
191033,0
191038,1
191039,1
191041,0
191043,0
191045,0
191046,0
191047,0
191048,1
191049,0
191050,0
191052,1
191053,0
191056,1
191059,1
191061,1
191064,1
191068,0
191073,1
191074,1
191088,0
191093,1
191095,0
191096,1
191100,0
191101,1
191102,1
191103,0
191104,0
191108,0
191110,1
191112,0
191114,1
191115,1
191118,0
191119,0
191120,1
191121,0
191122,1
191124,0
191127,0
191128,1
191129,0
191132,0
191133,0
191135,0
191136,1
191137,1
191138,0
191140,1
191142,1
191147,1
191148,1
191149,0
191153,0
191161,1
191165,0
191166,0
191167,0
191171,1
191172,0
191174,0
191176,0
191179,0
191182,0
191187,1
191188,1
191192,0
191194,1
191195,1
191197,0
191199,0
191200,1
191208,1
191212,0
191214,0
191216,1
191217,0
191219,0
191220,1
191222,0
191224,0
191228,0
191229,0
191230,0
191233,0
191235,0
191236,1
191239,0
191241,0
191243,1
191244,0
191245,1
191249,0
191252,1
191256,1
191260,0
191261,0
191263,0
191264,0
191269,0
191279,1
191283,0
191287,1
191288,1
191291,1
191295,0
191297,1
191299,0
191300,1
191304,0
191307,1
191309,0
191310,1
191312,0
191314,1
191316,0
191319,1
191321,1
191325,1
191327,1
191337,1
191338,0
191339,1
191341,1
191342,0
191344,1
191345,1
191347,0
191348,0
191351,0
191354,0
191356,0
191358,1
191362,0
191364,1
191368,0
191370,0
191372,1
191374,1
191375,0
191380,0
191382,0
191383,1
191387,1
191388,1
191389,0
191393,0
191400,1
191402,1
191403,0
191404,1
191405,0
191406,1
191410,1
191411,0
191412,1
191415,1
191416,0
191418,0
191422,0
191423,0
191432,1
191435,0
191438,0
191439,0
191442,0
191443,0
191446,0
191447,0
191450,0
191451,0
191452,1
191453,0
191459,0
191461,1
191463,1
191464,0
191465,1
191466,1
191467,1
191470,0
191471,1
191472,0
191474,1
191477,0
191479,0
191480,0
191484,1
191487,1
191488,1
191489,0
191491,0
191494,1
191495,1
191496,0
191500,0
191502,0
191503,0
191504,0
191506,1
191515,1
191523,1
191524,1
191526,0
191527,1
191528,0
191529,0
191530,1
191533,0
191537,1
191538,0
191541,0
191542,0
191543,0
191560,1
191562,0
191564,0
191568,1
191572,1
191578,0
191583,1
191586,1
191588,1
191589,1
191591,1
191592,0
191594,0
191600,0
191603,1
191605,1
191610,1
191612,1
191616,1
191619,0
191620,0
191622,1
191624,1
191625,1
191628,0
191630,0
191634,0
191637,0
191642,1
191644,1
191645,1
191646,1
191650,0
191652,0
191653,1
191654,0
191655,0
191657,0
191659,1
191664,0
191668,0
191671,1
191674,1
191678,1
191680,1
191683,0
191684,1
191685,1
191686,1
191688,0
191689,0
191694,1
191695,0
191700,1
191708,1
191709,1
191710,1
191714,1
191716,0
191717,0
191719,0
191720,0
191721,1
191727,1
191728,0
191730,0
191735,1
191736,0
191738,1
191740,0
191745,1
191746,0
191747,0
191748,0
191752,0
191753,0
191755,1
191759,1
191764,1
191765,1
191766,1
191768,0
191772,1
191774,0
191779,1
191781,0
191782,0
191783,0
191784,1
191785,1
191790,1
191792,0
191797,1
191801,1
191803,0
191808,0
191809,0
191810,0
191812,0
191816,0
191817,0
191819,0
191821,0
191822,0
191823,0
191825,0
191827,0
191828,0
191830,0
191833,0
191835,0
191843,0
191845,0
191847,0
191848,0
191851,1
191852,1
191853,1
191854,1
191855,0
191860,0
191862,1
191863,1
191865,1
191866,1
191869,1
191871,0
191879,1
191882,1
191883,1
191885,1
191887,0
191892,1
191893,1
191894,0
191899,0
191900,1
191901,0
191903,0
191912,0
191914,1
191916,0
191921,0
191922,1
191923,1
191924,1
191932,0
191934,1
191941,1
191943,1
191946,0
191947,1
191948,0
191950,1
191954,0
191955,1
191957,1
191958,1
191959,1
191960,0
191962,1
191968,1
191972,1
191975,0
191979,1
191980,0
191982,0
191983,1
191989,1
191995,0
191997,0
191998,1
192002,1
192004,0
192005,0
192008,1
192009,1
192018,0
192020,1
192023,1
192025,1
192026,0
192027,0
192028,0
192029,0
192035,1
192039,1
192041,1
192045,1
192047,1
192049,1
192050,1
192057,0
192060,1
192064,0
192071,0
192072,1
192075,0
192079,1
192080,1
192083,1
192084,1
192087,1
192088,1
192095,0
192096,0
192098,1
192105,1
192110,0
192111,0
192113,0
192117,0
192121,0
192123,1
192128,1
192130,1
192131,1
192132,0
192133,0
192138,1
192140,0
192142,1
192144,1
192146,0
192147,1
192150,1
192151,0
192152,0
192154,1
192156,0
192161,0
192162,1
192163,0
192164,1
192165,0
192166,0
192167,1
192168,0
192169,0
192170,0
192177,1
192178,1
192179,0
192183,1
192187,1
192188,0
192190,1
192191,0
192192,1
192195,0
192198,1
192199,1
192202,1
192203,0
192206,1
192209,0
192211,1
192214,1
192215,0
192216,0
192218,1
192219,0
192222,1
192225,1
192227,0
192228,1
192229,0
192233,0
192234,0
192236,1
192239,1
192241,1
192242,0
192246,1
192247,0
192250,0
192252,1
192253,0
192259,0
192260,1
192263,1
192264,1
192265,1
192266,0
192268,0
192272,1
192273,1
192276,0
192277,1
192282,1
192285,1
192289,0
192290,1
192291,0
192292,1
192293,1
192295,1
192300,0
192302,1
192304,1
192306,0
192308,1
192309,1
192311,1
192313,0
192317,0
192320,1
192323,1
192324,0
192325,1
192327,1
192329,1
192330,0
192331,0
192332,0
192333,1
192334,1
192337,1
192338,0
192339,1
192341,0
192342,1
192343,0
192348,1
192349,0
192351,1
192352,0
192353,0
192362,0
192364,1
192365,0
192367,0
192369,1
192371,1
192373,0
192376,0
192377,1
192381,0
192384,0
192385,1
192388,1
192392,0
192395,1
192396,1
192397,1
192401,1
192403,0
192404,1
192407,1
192411,1
192415,0
192418,1
192419,1
192421,0
192424,0
192425,0
192427,0
192431,0
192433,0
192436,1
192439,0
192440,1
192442,1
192445,0
192446,0
192448,1
192449,1
192451,0
192454,1
192456,1
192457,1
192459,1
192461,0
192463,1
192464,1
192467,0
192476,0
192477,1
192479,1
192480,1
192488,0
192492,1
192493,1
192496,1
192497,1
192498,1
192500,1
192502,1
192505,0
192509,0
192510,1
192511,0
192516,0
192517,0
192518,1
192520,1
192521,0
192524,0
192525,0
192530,1
192531,0
192533,0
192536,1
192537,0
192538,0
192539,1
192540,1
192545,1
192546,1
192548,1
192549,1
192554,0
192555,1
192556,0
192558,0
192559,0
192561,0
192563,1
192565,0
192566,1
192567,0
192570,0
192571,0
192573,0
192576,0
192577,0
192578,0
192579,0
192581,1
192584,1
192586,0
192587,1
192588,0
192591,1
192596,1
192599,1
192600,0
192601,0
192603,1
192606,0
192607,0
192608,0
192612,1
192615,0
192616,1
192617,0
192618,0
192620,1
192623,1
192624,0
192625,0
192633,0
192635,1
192636,1
192642,1
192644,0
192652,1
192655,0
192656,1
192661,0
192662,0
192663,1
192666,1
192668,1
192672,1
192673,0
192674,1
192675,0
192690,1
192691,1
192692,1
192698,1
192700,1
192706,0
192709,0
192714,0
192716,1
192719,0
192720,1
192724,0
192727,0
192730,1
192733,0
192735,0
192738,0
192740,0
192741,0
192743,0
192745,0
192748,0
192751,0
192753,1
192754,1
192756,1
192757,1
192760,1
192762,1
192763,1
192764,0
192765,0
192766,0
192767,1
192768,1
192770,1
192773,1
192774,1
192778,0
192779,1
192780,0
192784,0
192785,1
192786,0
192789,1
192790,0
192792,0
192793,1
192795,0
192797,0
192798,1
192802,0
192806,1
192807,0
192809,0
192813,1
192814,0
192817,1
192820,0
192825,0
192826,1
192831,1
192833,0
192840,0
192842,0
192844,1
192845,1
192848,0
192852,0
192856,0
192858,1
192859,1
192860,1
192866,0
192868,0
192869,1
192876,0
192877,1
192879,1
192880,1
192886,0
192890,0
192891,1
192893,1
192898,0
192900,1
192902,1
192904,1
192905,0
192908,0
192909,0
192911,0
192912,0
192913,0
192915,1
192920,0
192922,0
192923,1
192934,1
192938,0
192939,0
192946,1
192949,0
192950,1
192951,1
192953,1
192956,0
192961,0
192963,0
192964,1
192965,0
192966,1
192973,0
192974,0
192982,0
192990,0
192992,1
192993,1
192994,1
192995,0
192997,0
193004,1
193005,0
193008,1
193012,0
193014,1
193019,1
193022,0
193023,1
193024,0
193025,1
193030,0
193033,0
193034,1
193035,1
193037,0
193038,0
193039,1
193040,1
193045,1
193046,1
193049,0
193050,1
193051,0
193056,1
193058,1
193060,0
193062,0
193063,0
193064,0
193065,0
193070,0
193071,0
193072,0
193075,1
193076,1
193077,1
193080,0
193084,1
193086,0
193089,0
193091,1
193096,0
193099,0
193103,0
193106,0
193109,1
193113,1
193116,0
193117,0
193121,1
193125,1
193126,1
193127,1
193128,0
193132,0
193136,1
193137,0
193144,0
193146,0
193147,0
193148,0
193151,0
193152,0
193154,1
193155,0
193156,1
193158,1
193159,0
193161,0
193162,1
193163,1
193165,1
193174,0
193175,0
193178,1
193181,0
193185,0
193186,1
193187,1
193188,1
193191,1
193193,0
193195,0
193198,1
193199,1
193206,1
193208,1
193209,1
193210,0
193212,1
193213,0
193214,1
193224,1
193227,0
193228,0
193229,0
193245,0
193246,1
193247,0
193249,1
193251,1
193254,0
193255,0
193258,1
193259,1
193260,1
193263,1
193264,1
193271,0
193272,0
193273,1
193277,1
193280,1
193283,1
193286,0
193287,0
193293,0
193299,0
193300,1
193303,0
193306,1
193309,0
193316,1
193319,0
193323,0
193324,0
193327,0
193328,0
193332,1
193336,1
193337,0
193339,1
193342,0
193344,0
193346,1
193348,1
193351,1
193352,1
193356,0
193357,0
193358,1
193359,1
193361,1
193365,0
193370,0
193372,1
193374,0
193375,0
193377,0
193380,0
193382,0
193384,0
193385,1
193390,1
193393,0
193396,0
193397,0
193398,0
193401,1
193410,0
193411,0
193413,0
193416,0
193417,1
193418,0
193420,0
193428,1
193432,0
193434,0
193435,1
193437,0
193442,0
193444,0
193446,1
193447,0
193452,1
193453,1
193454,1
193457,1
193458,0
193461,1
193464,1
193465,0
193467,0
193470,0
193472,1
193473,0
193480,1
193481,0
193485,1
193486,1
193490,0
193495,0
193497,1
193499,1
193500,0
193502,0
193509,0
193515,1
193518,0
193519,0
193520,0
193521,1
193528,0
193530,0
193531,0
193535,1
193537,0
193538,0
193540,1
193542,0
193543,0
193544,0
193548,0
193549,1
193551,1
193552,1
193559,1
193560,0
193566,0
193568,1
193570,0
193575,1
193577,0
193579,0
193582,1
193583,0
193585,0
193592,1
193595,1
193598,1
193599,0
193600,1
193601,0
193605,1
193606,0
193607,1
193609,0
193611,0
193613,1
193614,0
193615,0
193619,1
193621,0
193623,1
193626,1
193631,1
193632,1
193633,0
193634,1
193638,1
193640,1
193641,1
193648,0
193650,0
193655,1
193656,1
193658,0
193659,1
193661,0
193665,0
193666,1
193671,0
193673,1
193678,1
193680,0
193681,1
193686,0
193692,0
193693,1
193694,0
193695,0
193700,1
193705,0
193710,0
193711,1
193712,1
193713,0
193718,0
193720,0
193723,1
193730,0
193737,1
193739,0
193740,0
193748,0
193750,0
193754,1
193756,0
193759,0
193760,0
193761,1
193762,0
193767,0
193769,1
193773,1
193774,0
193775,0
193777,1
193779,0
193780,0
193787,0
193789,1
193793,0
193797,1
193800,1
193801,1
193804,1
193807,1
193811,1
193814,1
193819,1
193821,0
193827,0
193832,0
193834,0
193837,0
193841,1
193844,0
193845,1
193848,1
193850,1
193854,0
193857,0
193860,0
193861,0
193864,1
193867,0
193868,0
193869,0
193876,0
193878,1
193879,1
193881,1
193882,1
193884,1
193885,0
193886,1
193889,0
193895,1
193899,0
193905,0
193906,1
193908,1
193910,1
193911,1
193915,0
193922,0
193924,1
193925,1
193934,1
193937,0
193940,0
193942,1
193945,0
193946,0
193948,0
193950,1
193951,1
193952,0
193953,0
193954,1
193956,1
193959,0
193960,0
193964,1
193968,1
193970,1
193971,0
193978,0
193988,0
193990,1
193992,1
193996,0
193997,1
194001,1
194004,0
194005,0
194009,0
194013,0
194014,1
194016,1
194023,0
194024,1
194025,1
194026,0
194027,0
194029,1
194031,1
194034,0
194040,1
194043,1
194046,1
194047,0
194052,0
194057,0
194061,0
194062,0
194069,1
194070,1
194071,1
194074,0
194075,1
194076,1
194079,0
194083,1
194084,0
194086,0
194087,1
194089,1
194090,1
194091,0
194092,1
194094,1
194095,0
194098,1
194099,0
194102,1
194105,1
194106,0
194112,1
194115,0
194116,1
194120,1
194123,0
194126,1
194131,0
194134,0
194137,0
194138,1
194139,0
194145,1
194146,1
194149,1
194152,0
194153,0
194154,0
194156,1
194161,1
194167,1
194168,1
194174,1
194175,0
194177,1
194178,1
194179,0
194180,1
194183,1
194188,0
194189,0
194192,0
194193,1
194195,0
194197,1
194203,1
194204,1
194206,1
194207,0
194208,1
194216,1
194219,1
194220,1
194224,0
194225,1
194226,1
194228,0
194229,1
194230,1
194232,0
194233,1
194234,1
194235,0
194239,1
194250,0
194252,0
194254,0
194255,1
194258,0
194259,1
194262,1
194263,1
194265,0
194269,0
194273,1
194275,0
194279,1
194283,0
194287,1
194288,1
194289,1
194298,0
194299,1
194301,0
194302,1
194303,1
194305,1
194307,0
194309,0
194312,0
194313,0
194316,1
194321,0
194323,1
194327,0
194328,1
194329,0
194330,0
194334,1
194336,0
194337,1
194338,0
194340,0
194347,1
194350,1
194352,1
194353,0
194354,0
194357,0
194358,0
194361,1
194362,0
194365,1
194366,1
194370,0
194374,0
194376,1
194379,1
194380,0
194381,1
194382,1
194384,1
194385,0
194388,0
194389,0
194390,0
194392,1
194393,0
194394,1
194398,1
194401,0
194404,1
194407,1
194411,1
194412,0
194416,1
194423,1
194426,1
194433,0
194435,0
194436,1
194437,0
194439,1
194440,1
194445,1
194446,0
194448,1
194449,0
194452,1
194453,1
194455,1
194458,1
194460,1
194462,0
194463,0
194464,1
194467,0
194468,0
194469,0
194471,1
194472,1
194473,1
194477,0
194479,1
194486,0
194487,0
194491,1
194495,1
194496,1
194498,0
194502,0
194506,1
194509,1
194510,1
194514,1
194516,0
194519,1
194520,1
194522,1
194523,0
194524,1
194527,0
194533,0
194536,0
194537,0
194549,1
194551,0
194552,0
194554,0
194557,0
194559,1
194560,1
194563,1
194570,1
194575,1
194577,0
194578,0
194584,1
194585,1
194588,1
194592,0
194595,0
194596,1
194598,0
194599,1
194601,1
194603,0
194604,0
194608,1
194618,0
194619,1
194620,1
194622,1
194623,0
194628,1
194630,1
194631,0
194632,1
194633,0
194635,1
194636,1
194638,0
194639,1
194641,1
194643,0
194644,1
194645,1
194646,0
194647,0
194650,1
194655,0
194656,0
194657,1
194658,0
194668,1
194669,1
194671,0
194672,1
194674,1
194675,1
194677,1
194679,0
194684,1
194685,1
194692,0
194693,1
194698,0
194701,1
194702,1
194703,1
194705,1
194712,0
194714,1
194715,1
194720,1
194721,1
194723,0
194727,1
194730,1
194733,1
194734,1
194741,1
194742,0
194744,1
194746,0
194748,0
194751,0
194752,0
194753,1
194758,0
194759,1
194762,0
194764,1
194770,1
194771,0
194772,1
194775,1
194778,0
194784,1
194786,0
194788,0
194790,0
194797,0
194803,1
194805,0
194807,1
194810,1
194817,0
194818,0
194820,1
194825,1
194826,0
194827,1
194828,1
194834,0
194835,0
194838,0
194841,1
194845,1
194849,0
194856,0
194857,0
194859,1
194860,0
194861,0
194862,1
194863,1
194866,1
194867,1
194870,0
194871,0
194872,1
194873,1
194875,0
194876,0
194877,1
194879,1
194880,1
194885,1
194888,0
194889,0
194890,1
194893,1
194895,0
194896,0
194897,0
194900,1
194906,1
194908,0
194909,0
194915,0
194919,0
194922,0
194923,1
194924,1
194928,1
194929,1
194931,1
194932,1
194934,0
194937,1
194941,1
194942,0
194944,0
194946,1
194951,1
194956,0
194957,1
194963,0
194965,0
194969,0
194973,1
194983,0
194985,0
194988,1
194990,1
194992,0
194994,1
194995,1
194996,1
194999,0
195000,0
195005,0
195006,0
195007,0
195010,1
195019,0
195020,1
195021,1
195024,1
195027,0
195031,1
195036,0
195043,0
195048,1
195052,0
195055,0
195057,1
195058,1
195059,0
195060,1
195062,1
195063,0
195072,1
195076,1
195080,0
195081,1
195082,0
195090,1
195095,1
195096,0
195097,1
195098,1
195099,0
195100,1
195101,0
195107,1
195113,0
195114,0
195115,1
195118,0
195119,1
195123,0
195124,0
195128,0
195131,0
195135,1
195136,0
195137,1
195140,1
195143,1
195145,1
195146,0
195155,0
195157,1
195158,0
195159,1
195163,0
195167,1
195168,0
195171,1
195172,0
195173,0
195174,1
195179,1
195182,0
195185,1
195187,1
195193,0
195196,1
195203,1
195204,1
195207,0
195211,0
195214,1
195218,1
195221,1
195228,0
195231,1
195232,1
195235,1
195237,1
195238,0
195239,0
195242,1
195249,1
195250,1
195254,1
195255,1
195258,1
195260,0
195263,0
195266,1
195268,1
195269,0
195271,0
195272,0
195274,1
195276,1
195277,1
195278,1
195281,0
195283,1
195285,1
195287,0
195296,0
195299,0
195300,0
195302,0
195303,0
195306,0
195307,0
195308,1
195310,0
195311,1
195313,0
195321,1
195322,0
195325,1
195326,1
195328,0
195330,0
195331,1
195336,0
195337,0
195338,0
195340,0
195346,1
195349,0
195351,0
195357,0
195358,0
195359,0
195362,0
195363,0
195364,1
195365,1
195366,0
195368,0
195371,1
195376,0
195380,1
195381,1
195386,0
195390,0
195393,0
195395,0
195396,1
195397,1
195398,0
195400,1
195402,1
195403,1
195404,1
195405,0
195411,0
195412,1
195414,0
195417,1
195418,0
195420,1
195423,1
195424,0
195426,0
195430,0
195431,1
195432,0
195436,1
195437,0
195440,0
195444,0
195445,0
195448,1
195449,1
195450,0
195452,1
195453,1
195454,1
195458,0
195460,0
195466,1
195469,0
195470,1
195471,1
195472,0
195475,0
195481,1
195489,1
195490,0
195492,0
195494,0
195495,1
195498,1
195500,0
195502,0
195505,0
195506,1
195507,1
195508,0
195510,1
195514,0
195515,1
195516,0
195518,0
195519,0
195521,0
195522,0
195523,0
195525,1
195526,0
195528,1
195529,1
195531,0
195533,1
195534,0
195537,0
195539,1
195540,0
195542,0
195543,1
195545,1
195546,0
195547,0
195553,1
195554,0
195556,1
195557,1
195559,0
195561,1
195562,1
195566,1
195570,1
195571,1
195572,1
195573,0
195577,1
195585,1
195587,0
195588,0
195590,0
195593,0
195596,0
195597,1
195600,1
195601,1
195602,0
195604,0
195605,1
195606,0
195609,0
195611,1
195614,1
195616,0
195621,0
195622,0
195623,0
195624,1
195625,0
195628,1
195629,0
195630,0
195633,1
195637,0
195638,0
195639,0
195640,0
195642,0
195643,0
195652,1
195653,0
195655,1
195657,0
195660,1
195666,0
195668,1
195669,1
195671,0
195674,0
195678,1
195680,0
195683,1
195684,1
195685,0
195688,0
195694,0
195696,1
195701,0
195702,0
195704,1
195705,1
195707,1
195708,1
195709,0
195713,0
195717,1
195718,0
195721,1
195723,0
195724,1
195728,1
195731,0
195734,0
195737,0
195739,1
195740,0
195743,1
195744,1
195745,1
195746,0
195754,0
195756,1
195760,0
195762,0
195765,1
195766,1
195767,0
195770,0
195774,1
195775,1
195780,1
195783,0
195784,0
195788,1
195796,1
195797,0
195798,1
195801,0
195803,0
195804,0
195805,0
195808,1
195809,1
195812,0
195818,1
195819,1
195821,1
195822,1
195828,0
195830,1
195832,1
195833,0
195835,1
195836,0
195840,1
195844,1
195849,0
195851,0
195852,0
195855,1
195858,0
195860,1
195863,1
195869,1
195874,1
195877,1
195878,1
195880,1
195887,0
195888,0
195889,1
195891,0
195893,1
195894,1
195897,0
195899,0
195900,0
195906,0
195911,1
195913,0
195915,0
195917,0
195919,1
195920,1
195921,0
195923,1
195925,0
195927,1
195931,0
195935,1
195938,1
195939,0
195942,1
195944,0
195949,1
195950,0
195951,1
195954,1
195957,1
195961,0
195965,1
195966,0
195970,1
195971,1
195973,0
195975,1
195977,0
195978,1
195982,1
195983,0
195997,1
196004,0
196005,1
196012,1
196013,1
196020,0
196022,0
196024,0
196026,0
196027,0
196028,0
196029,0
196031,1
196033,1
196034,0
196038,0
196041,0
196043,0
196044,1
196047,0
196052,0
196056,0
196061,1
196064,1
196065,0
196066,1
196068,1
196073,1
196074,1
196075,0
196077,0
196079,0
196080,0
196084,0
196086,1
196087,0
196090,1
196092,0
196095,0
196097,1
196098,0
196099,0
196101,1
196103,1
196105,0
196108,0
196109,1
196110,0
196111,1
196113,0
196114,1
196115,1
196124,0
196126,1
196129,0
196130,1
196134,0
196137,1
196138,0
196139,0
196141,0
196145,1
196148,1
196150,0
196153,0
196155,0
196157,0
196158,0
196159,0
196161,0
196162,0
196163,1
196165,1
196166,1
196173,0
196175,1
196183,0
196186,1
196187,1
196192,1
196193,0
196194,0
196195,1
196198,0
196200,1
196203,0
196206,0
196207,0
196210,0
196211,0
196212,0
196215,1
196216,0
196217,1
196228,1
196231,1
196232,1
196233,0
196235,1
196238,1
196239,1
196242,0
196244,1
196246,0
196247,0
196251,0
196253,0
196255,0
196256,0
196259,0
196264,0
196266,0
196267,1
196270,1
196271,1
196272,0
196273,1
196274,0
196279,1
196281,0
196283,1
196284,0
196287,1
196294,0
196295,1
196298,1
196299,1
196305,0
196306,0
196308,0
196312,0
196315,1
196316,1
196317,1
196322,1
196326,1
196327,1
196329,1
196333,1
196336,1
196341,0
196344,1
196345,1
196351,0
196352,1
196354,1
196358,0
196359,0
196362,0
196367,1
196372,1
196373,0
196375,0
196376,0
196379,0
196381,1
196383,0
196384,0
196388,0
196390,0
196392,1
196395,0
196396,1
196398,0
196401,1
196402,1
196403,0
196404,0
196405,1
196406,0
196407,1
196408,0
196413,0
196414,1
196416,0
196418,1
196419,0
196423,0
196427,1
196429,1
196430,0
196435,1
196439,0
196440,0
196442,1
196443,1
196449,1
196451,1
196452,0
196453,1
196456,1
196457,1
196464,1
196466,1
196467,1
196468,1
196469,0
196470,0
196472,1
196473,0
196474,0
196475,1
196484,0
196485,1
196486,1
196487,0
196489,0
196490,1
196492,1
196493,1
196495,1
196497,1
196499,1
196501,1
196506,0
196508,0
196510,0
196516,0
196520,1
196521,1
196526,0
196527,0
196529,0
196534,0
196540,1
196548,0
196552,0
196553,1
196556,1
196557,0
196560,0
196564,1
196565,0
196568,1
196570,1
196571,1
196573,1
196576,0
196577,0
196580,1
196583,0
196590,1
196591,1
196592,0
196595,0
196596,0
196597,1
196598,1
196599,1
196601,1
196604,0
196607,0
196608,1
196610,1
196616,1
196621,0
196624,0
196627,0
196628,1
196629,1
196630,1
196635,1
196638,0
196639,1
196640,1
196648,0
196649,1
196650,1
196652,0
196654,0
196656,0
196657,1
196661,1
196667,0
196671,1
196674,0
196675,1
196678,1
196684,0
196685,1
196688,0
196689,1
196692,0
196693,0
196694,1
196695,1
196696,1
196697,0
196704,0
196705,1
196706,1
196707,0
196714,0
196719,0
196721,0
196723,0
196724,0
196726,1
196727,0
196733,1
196735,0
196736,1
196737,1
196740,0
196743,0
196745,1
196746,0
196748,1
196749,0
196755,1
196756,1
196761,0
196765,0
196766,0
196777,0
196781,1
196786,1
196787,1
196788,0
196790,0
196794,1
196796,1
196799,1
196801,1
196803,1
196806,0
196807,1
196809,0
196810,1
196816,1
196821,0
196822,0
196823,1
196832,1
196833,0
196834,0
196835,0
196838,0
196846,0
196851,1
196852,1
196855,0
196859,1
196866,0
196873,1
196874,1
196877,1
196880,1
196881,1
196882,0
196887,1
196891,1
196893,1
196894,0
196900,0
196901,1
196905,1
196906,0
196908,0
196911,0
196914,0
196915,0
196917,0
196918,0
196920,1
196921,1
196923,0
196924,1
196926,1
196927,0
196928,0
196929,0
196933,0
196939,0
196941,1
196945,0
196946,0
196947,1
196948,0
196949,0
196951,1
196952,1
196955,1
196958,0
196959,0
196960,0
196961,1
196962,0
196963,1
196968,0
196969,0
196971,1
196972,0
196973,1
196976,1
196987,1
196994,0
197001,0
197002,1
197006,0
197008,0
197009,0
197011,1
197012,0
197015,0
197024,1
197027,1
197033,1
197041,0
197042,0
197045,1
197049,0
197055,1
197061,1
197064,1
197066,0
197067,1
197068,1
197069,0
197072,0
197073,1
197078,1
197080,0
197085,0
197089,0
197094,0
197096,0
197097,1
197101,0
197103,0
197104,1
197107,1
197109,1
197111,0
197114,0
197118,0
197119,0
197120,0
197121,1
197123,0
197124,0
197131,1
197133,0
197135,1
197139,0
197142,0
197148,1
197151,1
197155,0
197156,1
197157,1
197158,0
197161,1
197164,0
197165,0
197167,1
197169,0
197172,0
197173,1
197181,1
197183,0
197185,1
197187,0
197188,1
197189,1
197192,0
197194,0
197195,1
197197,1
197198,1
197199,1
197208,1
197211,0
197212,1
197213,0
197214,1
197215,0
197216,0
197217,0
197218,0
197220,0
197223,0
197225,1
197227,0
197228,0
197229,0
197232,1
197233,0
197234,1
197235,1
197238,1
197239,1
197240,0
197242,0
197243,0
197244,0
197246,0
197248,1
197249,0
197252,1
197253,0
197254,0
197262,0
197263,0
197264,0
197267,0
197269,0
197270,0
197271,0
197272,1
197273,1
197274,0
197275,1
197276,0
197278,0
197279,0
197284,1
197288,1
197289,0
197294,0
197295,0
197297,0
197298,0
197303,1
197307,1
197308,1
197309,0
197310,0
197311,1
197312,0
197314,0
197316,1
197318,1
197319,0
197323,0
197325,0
197326,0
197328,0
197329,0
197331,1
197333,1
197334,0
197335,1
197336,0
197337,1
197338,0
197340,0
197343,0
197344,1
197345,0
197346,0
197348,1
197354,0
197356,0
197357,0
197359,1
197360,1
197365,1
197366,0
197375,1
197377,0
197379,1
197380,0
197384,0
197388,0
197389,0
197392,1
197393,1
197396,0
197397,0
197398,1
197399,1
197402,1
197404,0
197411,1
197414,0
197419,0
197424,1
197426,0
197427,0
197428,0
197429,0
197431,0
197433,1
197434,0
197435,1
197436,1
197438,0
197440,1
197443,1
197444,1
197446,1
197447,0
197449,1
197450,0
197451,0
197452,0
197453,1
197455,0
197467,0
197475,1
197478,0
197481,0
197482,1
197483,1
197486,1
197490,0
197492,0
197494,1
197495,0
197497,0
197501,0
197503,1
197504,0
197506,1
197509,0
197510,0
197512,0
197514,0
197518,0
197521,0
197522,1
197525,1
197527,0
197528,0
197529,0
197530,1
197539,0
197541,0
197542,1
197543,1
197545,0
197546,1
197551,1
197552,1
197554,0
197555,1
197558,0
197563,0
197564,1
197565,1
197568,0
197569,1
197571,0
197574,1
197579,0
197580,0
197582,1
197584,1
197586,0
197593,0
197596,0
197597,1
197602,0
197607,0
197612,0
197613,0
197615,1
197618,1
197623,0
197627,1
197630,0
197634,1
197635,0
197636,1
197638,1
197640,1
197641,0
197642,0
197645,1
197648,1
197650,0
197651,0
197657,0
197659,1
197660,0
197661,0
197663,0
197664,0
197667,0
197668,0
197673,0
197674,1
197676,0
197678,1
197679,1
197680,1
197682,0
197683,0
197688,1
197689,1
197690,0
197694,0
197700,1
197706,1
197707,0
197708,0
197710,0
197711,1
197716,1
197718,1
197719,1
197720,1
197721,0
197722,0
197726,1
197728,0
197730,1
197731,0
197732,1
197733,0
197735,1
197736,1
197745,1
197747,1
197748,0
197749,0
197750,1
197754,0
197755,1
197757,0
197759,0
197762,1
197765,0
197766,1
197767,0
197771,0
197772,1
197773,1
197774,0
197775,1
197777,1
197778,0
197784,0
197785,0
197787,0
197789,0
197794,0
197798,1
197800,1
197803,0
197808,1
197809,1
197814,0
197816,1
197817,0
197820,1
197826,1
197828,0
197829,1
197835,0
197836,1
197837,0
197844,0
197849,1
197852,0
197855,1
197864,0
197867,1
197868,0
197871,1
197874,1
197878,0
197879,0
197883,0
197884,1
197886,0
197890,1
197891,1
197894,1
197901,1
197902,1
197903,1
197904,0
197909,1
197914,1
197915,1
197919,1
197922,0
197924,1
197926,1
197930,0
197935,1
197936,1
197938,0
197939,1
197945,0
197946,1
197948,0
197949,1
197954,0
197955,0
197956,1
197967,1
197971,1
197974,1
197975,0
197978,0
197979,0
197981,1
197985,0
197987,0
197989,0
197991,0
198000,0
198002,0
198005,1
198008,1
198011,1
198013,0
198018,1
198022,1
198024,1
198028,1
198029,0
198030,0
198031,0
198034,0
198035,1
198037,1
198038,1
198042,0
198043,0
198044,1
198045,0
198049,0
198051,0
198052,1
198054,0
198056,1
198057,1
198058,0
198059,0
198061,0
198063,1
198064,1
198065,0
198066,1
198067,1
198068,1
198069,1
198070,0
198071,1
198073,0
198076,0
198078,0
198082,0
198084,1
198085,0
198086,1
198087,1
198088,1
198091,0
198095,0
198103,0
198105,0
198106,1
198108,0
198110,0
198113,1
198115,0
198116,0
198118,1
198121,1
198125,1
198127,1
198130,0
198132,1
198136,1
198137,1
198140,1
198141,0
198142,1
198145,1
198146,0
198151,0
198154,1
198155,0
198158,1
198160,0
198164,0
198166,0
198167,1
198168,1
198172,0
198174,0
198175,1
198177,0
198178,0
198182,1
198186,1
198187,0
198192,0
198193,1
198194,1
198195,1
198196,0
198199,1
198203,1
198204,1
198205,0
198206,0
198209,0
198213,1
198214,1
198217,0
198219,0
198221,1
198222,0
198224,1
198225,1
198227,0
198229,1
198230,1
198232,1
198233,1
198234,0
198235,0
198236,1
198239,1
198242,0
198247,1
198248,0
198251,0
198252,0
198253,1
198254,1
198255,0
198256,1
198259,1
198262,1
198264,0
198265,1
198267,0
198271,1
198273,1
198275,1
198276,1
198277,0
198288,0
198291,1
198294,0
198296,0
198300,1
198302,0
198308,1
198309,0
198311,1
198319,1
198323,1
198324,0
198326,1
198327,1
198331,0
198333,1
198337,1
198339,0
198341,1
198343,1
198344,0
198346,0
198349,1
198350,0
198351,0
198352,1
198353,0
198356,0
198357,0
198359,0
198361,0
198365,0
198366,1
198367,0
198374,1
198376,1
198379,0
198382,0
198383,1
198385,0
198387,0
198388,0
198395,1
198397,1
198405,0
198406,1
198408,0
198409,1
198411,0
198414,1
198416,0
198417,0
198420,1
198424,0
198428,0
198431,1
198434,0
198435,1
198436,1
198437,1
198439,1
198440,1
198441,0
198442,1
198445,1
198446,0
198453,1
198454,1
198456,0
198458,0
198464,1
198465,1
198467,1
198469,0
198473,1
198475,1
198481,1
198482,0
198483,1
198486,1
198487,0
198489,1
198491,0
198493,1
198497,0
198503,0
198504,1
198506,0
198512,0
198518,0
198521,1
198524,1
198525,0
198528,1
198529,1
198530,0
198534,0
198535,0
198538,0
198539,1
198543,1
198547,1
198550,1
198552,1
198556,0
198557,0
198558,0
198559,1
198560,0
198561,1
198567,1
198568,1
198569,1
198575,1
198576,0
198577,0
198582,0
198583,1
198585,1
198588,1
198592,0
198593,0
198595,1
198596,1
198597,0
198603,0
198606,1
198607,1
198608,1
198610,0
198613,0
198614,1
198616,0
198620,0
198622,0
198629,1
198630,1
198632,1
198635,1
198636,0
198639,1
198641,0
198643,1
198644,1
198645,0
198646,0
198652,0
198658,1
198660,0
198662,0
198664,0
198665,0
198666,0
198667,1
198669,1
198670,0
198672,1
198674,1
198676,0
198682,0
198683,1
198685,0
198686,0
198689,1
198692,1
198695,1
198696,1
198698,0
198704,0
198705,0
198706,0
198707,1
198708,0
198711,1
198713,0
198715,1
198716,1
198717,0
198719,1
198721,0
198723,1
198724,1
198725,0
198726,1
198727,1
198728,0
198729,1
198730,0
198731,1
198732,1
198734,1
198736,0
198738,1
198739,0
198742,1
198743,0
198744,0
198745,0
198748,0
198751,1
198756,0
198758,1
198762,0
198766,1
198769,1
198772,1
198775,0
198776,1
198779,0
198780,0
198783,1
198784,0
198785,1
198786,1
198787,1
198789,0
198794,0
198798,1
198804,1
198805,0
198806,0
198809,1
198814,1
198816,1
198818,1
198820,0
198822,0
198825,1
198835,1
198836,1
198839,1
198843,1
198844,0
198846,0
198847,1
198848,1
198851,0
198855,1
198861,1
198864,0
198865,1
198866,0
198867,1
198868,1
198871,1
198872,0
198874,1
198875,1
198880,1
198886,1
198888,0
198900,0
198901,1
198905,0
198906,0
198908,0
198910,0
198911,1
198912,1
198914,1
198918,1
198921,0
198923,0
198924,0
198927,1
198930,1
198935,0
198941,1
198944,1
198947,1
198950,0
198955,0
198958,1
198961,1
198963,0
198964,1
198965,0
198971,1
198974,1
198976,0
198977,1
198980,1
198981,0
198983,1
198984,0
198985,1
198988,0
198994,0
198997,1
198999,1
199000,1
199001,1
199009,0
199013,1
199014,0
199016,0
199017,1
199020,1
199025,1
199028,1
199030,1
199031,1
199038,1
199041,1
199046,0
199047,1
199048,0
199051,1
199053,0
199054,1
199056,1
199058,0
199062,1
199063,1
199064,0
199071,1
199072,1
199073,0
199074,0
199079,0
199080,1
199087,0
199089,1
199090,1
199091,0
199095,1
199102,1
199103,0
199105,1
199106,1
199112,0
199115,0
199117,1
199119,1
199121,1
199123,1
199124,1
199126,1
199128,0
199129,0
199131,1
199132,1
199137,0
199138,0
199142,1
199144,0
199150,1
199152,0
199153,0
199155,1
199156,0
199157,1
199160,0
199161,0
199164,0
199165,1
199166,1
199171,1
199172,1
199173,1
199175,0
199176,1
199179,0
199183,1
199189,1
199191,1
199192,0
199195,1
199196,0
199200,0
199203,0
199207,1
199209,1
199211,1
199214,1
199216,0
199217,0
199218,1
199219,1
199220,1
199228,0
199230,1
199238,0
199240,0
199241,0
199243,0
199244,0
199245,1
199247,1
199250,0
199252,1
199255,0
199256,0
199257,0
199258,1
199264,1
199265,0
199274,1
199277,1
199281,0
199282,1
199283,1
199285,0
199286,1
199293,1
199295,1
199302,1
199311,1
199314,1
199319,0
199323,0
199324,0
199327,1
199328,0
199329,1
199330,1
199331,0
199338,1
199341,1
199342,1
199344,1
199351,1
199352,0
199356,0
199357,1
199359,0
199360,0
199365,1
199366,0
199367,1
199370,0
199371,0
199372,1
199374,0
199375,0
199376,1
199377,0
199378,1
199382,0
199384,1
199388,1
199392,1
199393,1
199394,0
199396,0
199397,0
199398,0
199404,0
199406,0
199410,1
199411,1
199415,0
199417,1
199419,1
199422,0
199426,1
199427,1
199429,1
199431,0
199434,0
199436,1
199437,1
199440,0
199441,0
199442,1
199447,0
199449,1
199453,0
199454,0
199459,0
199466,0
199469,0
199476,0
199477,1
199479,1
199480,1
199483,0
199484,1
199487,0
199489,0
199490,1
199491,1
199492,1
199494,0
199495,0
199502,0
199506,1
199509,0
199512,1
199515,1
199516,1
199519,1
199523,0
199524,0
199528,1
199529,0
199530,0
199531,0
199532,0
199535,0
199536,0
199543,1
199549,0
199551,0
199559,1
199561,1
199562,1
199564,0
199567,1
199569,0
199571,0
199579,1
199580,1
199581,1
199588,0
199589,0
199590,1
199591,1
199595,1
199597,0
199600,1
199601,0
199603,0
199604,0
199605,0
199606,1
199607,0
199608,0
199609,1
199610,1
199611,0
199615,0
199617,1
199618,0
199620,0
199621,1
199622,1
199624,1
199625,1
199626,0
199628,0
199630,1
199634,1
199635,0
199643,0
199647,1
199654,0
199659,1
199661,0
199662,1
199667,1
199671,1
199672,1
199675,1
199677,0
199679,0
199680,0
199682,0
199688,1
199690,0
199691,0
199693,0
199705,1
199706,0
199709,0
199710,0
199711,0
199713,1
199714,1
199715,1
199717,0
199718,0
199720,0
199724,1
199725,1
199726,0
199727,1
199730,0
199731,1
199732,1
199733,1
199735,1
199738,0
199740,0
199741,1
199742,1
199743,1
199745,1
199746,1
199747,1
199749,1
199752,1
199755,0
199756,0
199758,0
199761,1
199765,1
199766,1
199767,0
199768,1
199773,0
199778,1
199783,1
199784,1
199785,0
199786,1
199787,0
199788,1
199792,1
199794,0
199796,0
199800,0
199802,0
199806,1
199807,1
199808,0
199809,1
199811,1
199813,1
199815,0
199819,1
199820,1
199823,0
199825,1
199826,1
199828,0
199829,1
199830,1
199838,1
199840,0
199848,0
199856,0
199858,0
199862,1
199863,0
199864,0
199865,1
199868,0
199875,0
199876,1
199877,0
199879,1
199880,1
199884,1
199885,0
199886,0
199887,0
199888,1
199890,0
199891,1
199898,0
199900,1
199903,0
199907,0
199911,0
199913,0
199916,1
199917,1
199918,1
199922,1
199926,1
199930,0
199935,0
199936,0
199938,1
199939,1
199942,1
199947,1
199948,1
199950,0
199955,1
199957,1
199958,1
199961,0
199964,1
199965,0
199967,1
199968,1
199970,1
199971,1
199972,0
199973,0
199977,0
199978,0
199979,1
199981,0
199982,1
199983,0
199985,1
199986,0
199987,1
199991,1
199995,0
199996,1
199997,0
199998,1
199999,0
200000,1
200002,0
200003,1
200005,1
200008,1
200009,1
200010,0
200016,1
200021,0
200024,0
200025,0
200027,0
200030,0
200034,0
200036,1
200038,1
200040,0
200041,1
200045,1
200047,1
200049,1
200050,1
200052,1
200053,0
200054,0
200055,1
200056,1
200057,0
200058,1
200059,0
200067,0
200068,1
200077,1
200078,0
200079,1
200083,0
200085,0
200092,1
200093,1
200097,0
200099,1
200102,0
200104,1
200105,0
200106,0
200107,1
200108,0
200109,1
200112,1
200113,1
200115,1
200116,1
200118,1
200125,0
200126,1
200131,1
200132,1
200133,1
200134,1
200137,1
200139,1
200140,1
200142,1
200144,1
200145,1
200147,1
200148,0
200149,1
200150,1
200151,0
200154,1
200156,1
200161,0
200163,0
200166,1
200167,1
200169,1
200170,0
200171,0
200172,1
200174,1
200176,0
200178,1
200181,0
200183,0
200184,0
200185,1
200187,0
200190,0
200193,0
200194,1
200195,1
200198,1
200200,0
200202,0
200203,0
200204,1
200207,1
200208,1
200209,1
200210,1
200212,1
200214,0
200217,1
200218,1
200222,0
200223,1
200226,1
200227,1
200228,0
200230,1
200232,1
200233,1
200235,0
200236,1
200242,0
200243,0
200244,0
200245,0
200246,1
200250,1
200252,1
200255,1
200257,1
200258,0
200259,1
200261,1
200264,1
200265,0
200266,0
200268,1
200269,0
200270,0
200272,1
200274,1
200276,1
200278,1
200282,0
200285,0
200287,0
200294,0
200300,0
200301,1
200306,0
200308,1
200310,0
200311,0
200313,1
200319,0
200320,1
200322,1
200323,1
200325,1
200326,0
200331,0
200332,0
200338,0
200342,1
200343,0
200346,1
200351,1
200354,1
200356,0
200362,1
200365,1
200366,1
200372,0
200376,0
200379,1
200380,1
200382,1
200383,1
200387,1
200389,1
200390,1
200391,0
200392,1
200393,1
200394,0
200396,0
200397,0
200400,0
200405,0
200410,0
200416,0
200417,0
200419,1
200421,1
200423,1
200426,1
200430,1
200431,0
200432,1
200434,0
200435,0
200438,0
200440,0
200441,0
200442,0
200444,1
200445,0
200446,1
200450,0
200451,0
200453,0
200456,1
200458,1
200459,1
200460,0
200461,1
200465,0
200466,1
200469,0
200473,0
200474,0
200475,1
200479,1
200481,1
200486,0
200492,1
200502,0
200503,1
200504,0
200506,0
200508,1
200510,1
200512,0
200513,0
200514,1
200516,1
200523,0
200524,0
200526,1
200527,0
200529,1
200532,1
200533,1
200534,0
200536,0
200540,1
200541,0
200544,1
200546,1
200551,1
200553,0
200558,1
200559,1
200563,0
200566,0
200568,0
200571,1
200572,1
200573,0
200576,1
200579,1
200581,1
200582,1
200585,0
200586,1
200590,1
200594,1
200596,0
200598,0
200601,1
200603,1
200607,1
200608,1
200609,1
200611,1
200614,1
200617,0
200618,0
200622,1
200623,0
200632,1
200633,1
200634,0
200636,1
200642,1
200643,1
200645,0
200647,0
200648,1
200649,0
200656,0
200657,1
200663,1
200669,0
200670,1
200671,0
200678,0
200679,1
200682,1
200683,1
200685,0
200686,0
200688,1
200690,0
200691,1
200692,1
200695,1
200696,1
200698,0
200699,1
200700,1
200707,1
200708,1
200710,1
200714,0
200716,1
200718,1
200720,0
200723,0
200727,1
200735,0
200738,1
200745,1
200746,1
200747,1
200748,1
200751,0
200755,0
200757,0
200758,0
200761,0
200765,1
200766,1
200768,1
200769,0
200770,1
200771,0
200772,0
200773,1
200774,1
200776,0
200777,0
200778,0
200779,1
200781,1
200782,1
200783,0
200784,0
200785,0
200788,0
200793,1
200794,1
200796,1
200801,1
200806,0
200808,1
200812,0
200814,1
200815,0
200819,1
200820,0
200821,0
200822,1
200824,0
200827,1
200828,1
200829,1
200832,1
200835,1
200840,0
200841,0
200843,1
200845,1
200847,1
200849,0
200850,0
200851,0
200852,1
200854,1
200856,0
200861,0
200862,0
200863,1
200869,1
200870,1
200871,0
200872,1
200873,0
200874,1
200878,0
200879,0
200882,0
200883,0
200886,1
200887,0
200889,0
200893,0
200895,1
200897,1
200898,0
200899,1
200902,0
200903,0
200905,0
200907,1
200908,1
200910,1
200913,1
200915,0
200916,0
200918,0
200920,1
200922,1
200923,0
200927,0
200930,0
200931,0
200933,1
200936,1
200939,0
200940,1
200941,0
200944,1
200945,1
200947,1
200948,0
200950,0
200951,1
200959,1
200961,1
200962,0
200967,1
200969,0
200970,0
200971,1
200973,0
200975,0
200979,1
200981,0
200982,1
200984,0
200987,1
200988,1
200990,1
200994,0
201001,0
201002,1
201006,1
201007,0
201008,1
201009,1
201015,0
201016,1
201017,0
201020,1
201023,1
201025,0
201027,0
201030,0
201031,0
201036,0
201037,1
201040,0
201042,1
201045,0
201046,1
201047,1
201049,0
201050,0
201052,1
201054,1
201056,1
201064,1
201065,0
201067,0
201070,1
201071,0
201074,0
201075,0
201077,0
201078,1
201082,0
201085,0
201088,1
201093,1
201100,1
201101,1
201104,0
201105,1
201110,0
201112,1
201114,1
201118,1
201121,1
201123,1
201124,0
201126,1
201135,0
201136,1
201137,0
201140,0
201143,0
201147,1
201149,1
201156,0
201157,0
201158,0
201159,0
201161,0
201163,1
201166,0
201168,1
201170,0
201171,1
201172,1
201173,0
201175,1
201176,1
201177,0
201178,1
201185,1
201190,1
201192,0
201193,0
201194,0
201195,0
201196,1
201198,1
201201,0
201206,1
201209,0
201214,1
201217,0
201218,0
201219,0
201220,0
201222,1
201227,1
201230,0
201232,0
201236,0
201238,1
201240,0
201241,0
201249,1
201250,1
201252,0
201253,1
201255,1
201256,1
201258,1
201259,0
201261,1
201265,1
201266,0
201267,1
201269,1
201272,0
201274,1
201276,0
201277,0
201279,1
201280,1
201282,0
201285,1
201297,0
201298,1
201300,1
201301,0
201303,1
201304,0
201305,1
201309,0
201310,1
201311,0
201315,1
201316,1
201317,0
201319,0
201320,1
201321,0
201322,0
201325,1
201326,1
201329,0
201331,0
201334,1
201335,1
201336,1
201337,0
201338,0
201340,0
201342,0
201344,1
201350,0
201352,1
201353,0
201356,1
201359,1
201361,1
201363,0
201365,1
201368,0
201369,0
201371,1
201373,0
201375,0
201384,0
201385,0
201386,1
201387,1
201393,1
201396,0
201398,0
201399,1
201401,0
201407,0
201409,1
201410,0
201414,0
201416,0
201418,1
201420,1
201422,1
201427,0
201428,0
201429,1
201430,0
201435,0
201436,0
201437,0
201438,1
201442,0
201443,0
201446,0
201447,0
201453,1
201457,1
201458,0
201459,0
201462,1
201463,0
201465,0
201466,1
201468,1
201469,0
201473,1
201474,0
201475,1
201477,1
201479,0
201480,1
201482,1
201483,0
201484,1
201488,0
201490,1
201493,1
201495,0
201496,0
201499,0
201501,0
201505,0
201506,0
201507,1
201509,0
201510,1
201516,0
201522,0
201523,0
201524,1
201527,1
201529,0
201530,0
201532,0
201534,1
201541,0
201542,0
201543,1
201545,0
201546,0
201549,0
201550,0
201551,0
201555,0
201556,0
201564,0
201565,1
201566,0
201567,0
201570,0
201572,0
201573,1
201575,0
201579,0
201581,0
201583,0
201585,0
201596,0
201597,0
201600,1
201602,0
201603,0
201605,1
201608,0
201609,1
201613,1
201614,0
201615,1
201618,0
201619,0
201624,1
201626,0
201629,0
201630,1
201631,0
201632,0
201633,0
201640,1
201643,0
201644,1
201646,1
201655,1
201656,1
201657,0
201658,0
201660,0
201661,1
201662,0
201664,0
201666,0
201668,0
201669,1
201670,1
201671,1
201674,0
201681,1
201685,1
201686,0
201687,0
201689,1
201690,0
201691,1
201696,1
201697,0
201699,0
201700,0
201704,0
201705,1
201712,0
201713,0
201714,0
201717,0
201718,1
201720,1
201724,0
201725,0
201726,0
201727,1
201728,0
201729,1
201734,0
201735,0
201740,0
201741,1
201743,1
201749,0
201751,1
201752,0
201756,1
201759,1
201760,1
201763,1
201767,0
201775,0
201776,0
201777,1
201778,0
201781,0
201783,1
201784,0
201788,1
201789,1
201791,1
201798,1
201803,1
201804,1
201805,0
201808,1
201811,0
201815,1
201816,0
201817,0
201820,1
201821,1
201823,0
201824,0
201828,1
201830,1
201834,0
201835,0
201836,0
201838,1
201842,0
201843,0
201844,1
201849,1
201850,0
201855,0
201857,1
201868,0
201869,0
201870,1
201873,0
201875,1
201879,0
201880,1
201882,0
201889,1
201890,0
201891,0
201894,0
201896,1
201897,1
201905,1
201908,0
201911,1
201912,0
201915,0
201916,1
201917,0
201927,1
201934,0
201935,1
201936,1
201941,1
201942,0
201944,0
201945,1
201950,1
201952,1
201953,1
201957,1
201959,1
201962,0
201963,0
201965,0
201967,1
201970,0
201974,1
201977,0
201979,0
201980,1
201982,0
201983,1
201986,1
201989,1
201993,1
201994,0
201995,0
201999,0
202002,1
202005,0
202007,0
202008,1
202012,1
202013,0
202019,1
202020,0
202025,1
202026,1
202028,1
202029,0
202042,1
202043,0
202045,0
202047,1
202049,0
202057,0
202058,1
202064,0
202067,1
202070,1
202072,1
202075,0
202078,0
202079,0
202083,1
202084,1
202086,1
202087,0
202089,1
202095,1
202097,1
202099,1
202101,0
202106,1
202108,1
202109,1
202114,0
202115,0
202116,0
202119,1
202121,1
202123,0
202126,1
202128,1
202133,0
202134,0
202138,0
202140,1
202144,1
202145,1
202149,1
202159,1
202160,1
202161,0
202162,1
202165,1
202166,0
202167,1
202175,1
202189,0
202197,1
202198,0
202199,0
202201,1
202203,1
202204,1
202206,0
202214,0
202215,1
202217,1
202218,0
202222,1
202223,1
202224,0
202225,1
202226,0
202227,1
202229,0
202235,1
202236,1
202239,0
202244,1
202247,1
202248,1
202251,1
202252,1
202254,0
202257,0
202259,1
202261,0
202264,0
202266,1
202269,1
202270,1
202274,0
202277,0
202282,1
202283,1
202287,0
202289,0
202290,1
202292,0
202293,1
202297,0
202299,0
202300,0
202303,1
202304,1
202305,1
202306,1
202308,0
202309,0
202311,0
202312,0
202313,0
202314,0
202317,0
202318,1
202319,1
202326,0
202328,1
202331,1
202332,0
202335,0
202342,1
202343,1
202348,0
202349,1
202350,1
202351,0
202352,1
202356,1
202362,1
202364,0
202366,0
202367,0
202375,0
202378,0
202379,0
202381,1
202385,0
202386,0
202390,0
202392,1
202393,0
202394,0
202397,1
202399,1
202403,0
202406,1
202407,1
202413,0
202417,1
202423,0
202426,1
202427,1
202431,0
202433,1
202436,0
202437,1
202441,1
202442,1
202444,0
202446,0
202451,0
202454,0
202458,1
202459,0
202464,0
202469,1
202470,1
202473,1
202475,1
202482,0
202483,1
202489,1
202490,0
202491,0
202493,0
202494,0
202495,1
202499,0
202501,0
202503,0
202505,0
202507,1
202508,1
202511,1
202512,1
202514,1
202515,1
202516,1
202518,1
202521,0
202522,0
202523,1
202525,1
202526,0
202527,1
202529,1
202531,1
202534,0
202536,0
202538,1
202540,1
202542,0
202543,1
202546,1
202547,0
202548,0
202549,1
202552,0
202554,1
202561,0
202562,1
202563,0
202564,0
202568,0
202571,0
202572,0
202573,0
202574,1
202575,0
202576,1
202579,1
202584,0
202587,1
202588,0
202589,1
202592,0
202595,0
202599,1
202606,0
202607,1
202608,1
202610,0
202611,0
202612,1
202613,0
202622,0
202624,1
202625,0
202629,0
202633,0
202634,0
202642,0
202643,0
202645,0
202646,0
202647,0
202648,1
202650,1
202653,1
202656,0
202657,1
202659,1
202660,1
202661,1
202662,1
202664,1
202665,0
202668,1
202670,0
202673,1
202676,0
202679,1
202683,1
202684,0
202685,0
202692,0
202705,0
202711,0
202713,1
202716,0
202718,0
202721,1
202729,0
202731,1
202734,1
202735,0
202737,0
202739,0
202741,1
202742,0
202743,1
202744,1
202746,0
202749,1
202755,1
202756,1
202758,1
202760,1
202761,0
202763,1
202765,1
202766,0
202768,0
202770,0
202774,0
202775,0
202778,0
202780,0
202781,1
202786,0
202790,1
202791,1
202793,0
202797,1
202801,1
202803,1
202808,1
202813,0
202814,1
202815,0
202820,1
202824,0
202825,0
202827,0
202829,1
202832,1
202833,1
202834,1
202842,0
202846,0
202847,1
202848,1
202850,1
202854,1
202859,1
202860,0
202863,0
202865,1
202869,0
202870,1
202878,1
202882,1
202883,1
202884,1
202885,0
202886,0
202887,0
202888,1
202890,0
202894,1
202895,1
202896,0
202899,0
202901,0
202902,1
202907,0
202908,0
202909,0
202915,0
202917,1
202918,0
202919,1
202921,1
202923,1
202924,1
202926,0
202930,1
202933,1
202934,1
202939,1
202942,1
202943,1
202949,1
202950,1
202952,1
202953,1
202955,1
202956,1
202957,1
202958,0
202963,1
202967,1
202968,1
202970,1
202973,0
202974,1
202975,1
202981,1
202982,0
202987,0
202988,0
202993,0
202997,0
203000,0
203004,0
203006,0
203007,1
203009,0
203013,0
203015,1
203016,0
203017,1
203020,1
203027,1
203028,0
203029,1
203030,1
203032,0
203035,1
203036,1
203038,1
203039,0
203040,0
203046,1
203048,0
203051,1
203053,0
203057,0
203058,1
203060,0
203063,0
203064,1
203065,1
203066,0
203071,0
203073,0
203074,0
203077,1
203078,1
203081,1
203082,0
203084,1
203085,0
203087,1
203088,1
203089,1
203091,0
203094,1
203100,0
203103,1
203104,1
203105,0
203106,1
203107,1
203114,0
203115,1
203117,1
203122,1
203123,0
203125,1
203127,0
203131,1
203133,1
203137,0
203141,0
203142,0
203145,1
203148,0
203152,1
203153,0
203154,0
203155,1
203156,1
203160,0
203161,0
203163,0
203164,0
203165,1
203168,1
203170,1
203172,0
203173,0
203174,1
203175,0
203178,1
203180,0
203181,0
203185,0
203186,0
203187,0
203192,1
203195,1
203196,0
203198,1
203199,1
203200,1
203208,0
203209,0
203212,1
203215,0
203218,1
203220,0
203221,0
203225,1
203231,1
203232,0
203240,1
203241,0
203242,1
203243,0
203245,1
203249,0
203253,1
203254,0
203255,1
203259,0
203268,0
203270,1
203274,0
203275,0
203276,1
203279,1
203281,0
203283,0
203285,0
203287,1
203290,1
203293,1
203294,1
203297,1
203299,1
203300,0
203302,1
203304,0
203309,0
203311,0
203312,0
203314,0
203315,0
203316,0
203319,1
203320,1
203321,0
203323,0
203326,0
203327,1
203329,1
203334,1
203337,0
203340,0
203341,0
203348,0
203352,0
203353,0
203360,1
203362,1
203363,1
203365,0
203366,1
203369,1
203370,0
203371,0
203375,0
203378,0
203382,1
203386,1
203387,1
203388,0
203395,1
203397,0
203398,0
203400,0
203408,1
203413,1
203414,0
203416,0
203417,1
203420,0
203422,0
203424,0
203425,0
203428,1
203431,1
203434,1
203437,0
203439,0
203442,0
203444,1
203449,0
203450,0
203452,0
203458,0
203461,0
203464,1
203468,0
203469,1
203475,0
203478,1
203479,0
203480,1
203485,1
203488,1
203489,0
203490,0
203491,1
203492,1
203494,0
203498,0
203500,0
203504,1
203505,0
203507,0
203511,1
203512,1
203514,1
203518,1
203519,0
203524,0
203529,1
203531,0
203532,1
203541,0
203544,0
203545,1
203547,0
203548,1
203550,0
203552,0
203553,1
203558,1
203559,0
203560,0
203561,0
203562,1
203564,1
203566,1
203571,0
203572,0
203573,0
203574,1
203577,0
203580,1
203581,0
203583,1
203585,0
203587,0
203591,1
203592,1
203593,0
203594,0
203596,0
203598,0
203600,0
203601,1
203613,0
203614,1
203617,0
203623,0
203624,0
203625,0
203632,1
203638,0
203640,1
203643,0
203647,1
203648,1
203649,1
203650,0
203651,1
203654,1
203656,0
203661,1
203662,1
203665,1
203666,0
203672,1
203674,0
203677,0
203678,1
203680,0
203687,0
203689,0
203692,0
203695,0
203699,1
203701,1
203702,1
203711,0
203712,1
203715,1
203718,1
203720,0
203721,0
203726,1
203727,1
203728,0
203729,1
203733,1
203734,0
203735,1
203736,0
203737,1
203739,1
203741,0
203746,0
203749,0
203752,0
203753,0
203755,1
203757,1
203758,0
203762,1
203765,1
203766,1
203767,0
203769,1
203776,0
203788,1
203789,1
203790,1
203791,1
203795,1
203799,0
203800,1
203803,0
203806,1
203813,0
203818,1
203819,0
203826,1
203830,0
203831,1
203833,0
203834,0
203835,1
203837,0
203842,0
203843,0
203844,0
203847,0
203850,0
203851,0
203852,1
203855,0
203858,1
203859,0
203860,0
203861,0
203862,1
203863,1
203868,1
203870,1
203871,0
203872,1
203873,1
203875,0
203876,1
203877,0
203878,0
203879,1
203880,1
203882,0
203886,0
203887,1
203889,1
203892,1
203895,0
203896,0
203897,1
203899,0
203901,1
203903,0
203907,1
203910,1
203911,1
203912,0
203913,1
203914,0
203917,0
203920,0
203922,1
203923,1
203924,0
203930,0
203931,0
203936,0
203937,0
203938,0
203939,0
203942,1
203944,1
203946,0
203950,0
203952,1
203954,1
203962,0
203964,0
203965,1
203968,0
203969,0
203972,1
203973,1
203974,0
203977,1
203978,1
203981,0
203984,1
203991,1
203992,1
203995,0
203996,1
203997,0
204001,0
204007,0
204011,0
204013,0
204015,1
204016,0
204017,0
204019,1
204022,0
204023,1
204024,0
204031,1
204034,1
204036,0
204039,1
204041,1
204043,0
204044,1
204045,0
204050,1
204051,1
204053,0
204063,1
204065,1
204066,0
204067,1
204068,0
204072,1
204076,0
204078,0
204079,0
204083,1
204084,0
204085,0
204087,1
204088,1
204091,0
204094,1
204095,0
204096,1
204098,0
204105,1
204106,1
204109,0
204114,0
204120,0
204123,1
204125,1
204128,1
204129,0
204130,1
204136,1
204137,0
204138,0
204142,0
204143,0
204145,1
204148,1
204149,0
204150,0
204152,1
204153,0
204155,1
204159,1
204160,0
204161,0
204163,1
204166,0
204171,0
204173,0
204176,1
204180,0
204181,0
204183,0
204184,0
204192,1
204193,0
204196,0
204198,0
204203,1
204204,0
204205,1
204206,1
204210,1
204212,1
204219,0
204220,1
204221,1
204224,0
204225,1
204227,1
204228,1
204231,0
204232,1
204233,1
204234,1
204239,0
204240,1
204241,0
204243,1
204246,1
204247,0
204249,1
204251,0
204252,1
204258,0
204259,0
204262,0
204263,0
204266,0
204268,0
204271,0
204274,0
204276,0
204278,1
204280,0
204281,1
204284,1
204288,0
204292,0
204294,0
204295,1
204299,0
204300,0
204301,0
204303,1
204312,0
204316,0
204319,1
204324,0
204325,0
204328,0
204329,0
204332,0
204337,0
204338,0
204339,0
204340,0
204341,0
204343,1
204346,1
204347,1
204349,0
204351,0
204353,1
204356,0
204358,1
204361,1
204364,0
204371,1
204372,0
204374,1
204376,0
204377,1
204379,0
204382,0
204383,0
204385,0
204388,1
204389,1
204390,1
204392,1
204395,1
204396,1
204397,0
204398,0
204399,0
204401,1
204403,1
204407,1
204412,0
204414,1
204419,0
204420,0
204422,1
204426,1
204427,1
204428,1
204430,0
204433,0
204436,0
204438,0
204440,1
204441,1
204445,1
204446,0
204451,1
204457,1
204459,1
204465,0
204468,1
204469,1
204471,0
204475,1
204476,0
204480,1
204481,0
204482,0
204483,0
204485,0
204487,1
204489,1
204493,1
204495,0
204496,1
204498,0
204501,1
204504,1
204507,0
204509,0
204513,0
204514,1
204515,1
204520,0
204522,1
204524,1
204526,0
204527,0
204529,0
204530,0
204532,0
204535,1
204536,1
204537,0
204538,1
204543,1
204544,0
204546,0
204553,1
204555,1
204559,0
204561,0
204564,0
204565,0
204567,0
204568,1
204573,0
204580,0
204585,0
204592,1
204598,0
204600,1
204601,1
204602,1
204604,0
204605,0
204606,0
204607,0
204608,1
204612,0
204614,1
204616,1
204619,1
204620,1
204624,1
204626,0
204627,1
204628,1
204630,0
204631,1
204635,0
204640,0
204641,1
204645,0
204647,0
204650,0
204652,1
204654,1
204655,0
204663,1
204665,1
204666,1
204672,1
204675,1
204679,0
204681,0
204687,1
204689,0
204690,1
204691,0
204694,1
204695,0
204696,0
204699,0
204705,0
204709,0
204713,1
204717,1
204720,0
204722,1
204730,1
204731,1
204732,0
204734,1
204736,0
204737,1
204738,1
204743,0
204745,0
204746,1
204748,1
204749,1
204756,1
204758,0
204763,0
204766,1
204767,0
204772,1
204775,1
204777,0
204778,0
204784,1
204785,1
204789,1
204790,1
204792,1
204795,1
204797,0
204798,1
204807,1
204808,1
204809,1
204811,1
204812,0
204813,0
204814,0
204816,1
204818,0
204820,0
204822,0
204824,1
204825,0
204827,0
204830,0
204831,1
204832,1
204833,1
204836,1
204837,0
204838,1
204839,0
204840,1
204842,0
204850,0
204851,0
204857,1
204860,0
204866,1
204868,0
204881,1
204885,0
204888,1
204892,0
204893,1
204897,1
204900,0
204902,1
204904,0
204906,1
204909,1
204911,0
204914,1
204916,1
204921,0
204922,1
204928,1
204935,0
204938,0
204944,1
204945,1
204946,1
204949,0
204953,0
204955,1
204956,1
204957,0
204958,1
204960,0
204961,1
204962,1
204963,0
204964,0
204965,0
204966,0
204969,1
204970,0
204974,1
204976,1
204978,1
204982,1
204985,0
204991,1
204992,1
204993,0
204994,1
204995,0
204998,1
204999,0
205000,1
205001,1
205005,0
205006,1
205011,1
205012,0
205014,1
205015,1
205019,0
205020,0
205024,0
205029,1
205031,0
205034,1
205040,0
205042,0
205043,0
205046,0
205047,0
205051,1
205053,0
205056,0
205057,1
205059,1
205060,1
205061,0
205062,0
205064,1
205066,1
205068,1
205069,1
205070,0
205075,0
205077,0
205083,1
205085,0
205087,1
205089,1
205092,1
205093,0
205096,0
205098,1
205099,0
205103,1
205104,1
205106,0
205108,1
205109,0
205114,1
205115,0
205120,1
205121,1
205123,0
205124,1
205133,1
205135,0
205142,1
205144,1
205147,1
205150,1
205151,1
205157,0
205161,1
205162,1
205166,0
205167,0
205168,0
205170,0
205172,1
205173,0
205174,0
205175,0
205177,0
205178,0
205182,1
205184,1
205187,1
205190,1
205192,1
205194,0
205196,1
205203,1
205204,0
205205,0
205206,1
205210,1
205212,0
205216,0
205218,1
205221,1
205222,1
205225,1
205232,1
205234,0
205242,0
205245,0
205246,0
205248,0
205249,1
205252,1
205263,1
205271,1
205272,1
205274,0
205275,1
205276,1
205277,1
205278,0
205282,0
205286,1
205287,1
205291,0
205293,1
205296,0
205298,1
205301,1
205302,1
205303,1
205306,0
205307,1
205310,0
205311,1
205314,1
205325,0
205327,0
205341,1
205342,1
205344,0
205347,0
205349,1
205351,0
205357,0
205358,0
205359,0
205360,1
205361,0
205363,0
205365,0
205367,1
205369,1
205374,0
205375,1
205377,0
205378,1
205379,0
205382,0
205384,1
205385,1
205386,0
205387,1
205389,1
205393,1
205395,1
205398,1
205402,1
205403,1
205404,0
205405,1
205406,1
205408,1
205409,1
205413,0
205414,0
205416,0
205418,1
205425,0
205426,0
205428,0
205433,1
205435,0
205436,1
205438,1
205440,0
205441,1
205443,1
205444,0
205445,1
205449,1
205450,1
205451,0
205454,1
205455,0
205457,1
205462,1
205464,1
205467,1
205470,1
205473,1
205475,0
205477,1
205478,1
205485,1
205487,1
205489,0
205490,1
205492,0
205495,0
205497,0
205500,1
205502,0
205503,1
205508,0
205509,0
205510,0
205512,1
205519,0
205520,1
205521,1
205523,1
205524,0
205526,0
205527,1
205529,1
205531,0
205532,1
205535,1
205536,1
205538,0
205539,1
205540,0
205541,0
205542,1
205543,0
205544,0
205548,0
205549,1
205550,1
205553,0
205556,0
205557,0
205558,0
205560,0
205561,0
205562,1
205568,1
205570,0
205572,1
205574,0
205578,0
205580,0
205584,1
205590,0
205591,0
205592,0
205595,0
205596,1
205597,1
205598,0
205601,0
205603,1
205605,1
205609,1
205611,1
205617,1
205620,1
205625,1
205626,1
205627,1
205628,1
205629,1
205632,0
205633,1
205634,1
205636,0
205640,0
205641,0
205647,0
205653,1
205654,1
205655,0
205656,0
205659,0
205660,1
205662,0
205664,1
205665,0
205667,0
205670,1
205672,1
205676,0
205677,0
205682,0
205684,0
205688,0
205689,1
205694,1
205695,0
205698,1
205700,1
205706,1
205710,1
205712,1
205715,1
205718,0
205719,0
205722,0
205723,0
205724,1
205727,0
205728,1
205737,0
205742,0
205744,1
205745,0
205747,0
205756,1
205761,1
205764,0
205766,1
205769,1
205771,1
205772,1
205775,0
205777,0
205782,0
205783,1
205784,1
205785,1
205786,0
205788,0
205790,0
205791,1
205794,1
205795,1
205799,0
205800,1
205802,1
205805,1
205807,0
205811,1
205815,1
205816,0
205817,0
205818,1
205821,0
205822,1
205823,0
205825,1
205829,0
205833,0
205834,1
205838,1
205841,1
205842,1
205843,1
205851,1
205853,0
205854,0
205857,1
205858,1
205861,0
205862,0
205863,0
205868,0
205871,1
205872,1
205878,1
205879,1
205880,1
205882,0
205886,0
205892,0
205903,1
205906,0
205907,0
205909,1
205910,0
205911,0
205913,1
205914,1
205915,0
205916,1
205918,0
205919,0
205920,1
205921,0
205923,0
205927,0
205928,0
205930,1
205931,1
205935,1
205936,1
205938,1
205941,1
205942,0
205944,0
205945,1
205946,1
205947,0
205950,0
205954,0
205956,0
205957,1
205960,0
205961,1
205962,0
205969,0
205971,0
205973,1
205975,0
205979,0
205982,1
205983,0
205985,1
205986,0
205987,1
205988,1
205989,0
205990,1
205991,0
205992,1
205995,1
205997,0
205999,0
206004,1
206015,1
206020,1
206027,0
206031,0
206032,1
206033,1
206034,1
206036,1
206037,0
206039,1
206043,1
206045,1
206050,0
206051,0
206053,1
206056,1
206057,0
206058,1
206059,1
206061,0
206062,0
206063,0
206064,1
206065,1
206066,1
206069,0
206074,1
206077,0
206080,0
206082,0
206085,0
206090,1
206092,1
206093,1
206094,1
206097,1
206098,1
206099,0
206102,0
206103,1
206104,1
206106,0
206107,1
206116,0
206120,0
206123,0
206127,0
206128,1
206129,1
206133,1
206139,1
206140,1
206143,0
206149,1
206151,0
206156,1
206157,1
206160,0
206165,0
206168,0
206175,0
206177,1
206178,0
206180,1
206182,0
206183,0
206186,1
206187,1
206195,1
206196,0
206198,0
206202,0
206203,0
206204,0
206205,0
206206,0
206207,1
206212,0
206216,0
206222,1
206224,1
206226,1
206228,1
206229,0
206230,1
206233,1
206234,1
206235,1
206237,0
206238,0
206240,0
206245,1
206247,1
206248,1
206250,0
206252,0
206254,1
206259,1
206260,1
206262,1
206264,0
206265,0
206267,1
206268,1
206270,0
206271,1
206272,0
206274,1
206276,0
206277,0
206279,1
206280,0
206282,0
206284,0
206286,0
206287,0
206290,0
206291,1
206292,1
206293,1
206296,0
206297,1
206302,0
206303,0
206306,0
206308,0
206309,1
206310,1
206311,0
206312,1
206314,1
206315,1
206319,0
206321,0
206322,1
206323,0
206324,1
206325,1
206328,0
206329,1
206330,0
206332,0
206334,1
206335,0
206336,1
206349,1
206352,1
206355,1
206356,0
206357,1
206361,1
206362,0
206363,1
206367,0
206371,1
206372,1
206373,0
206375,1
206377,1
206379,1
206384,1
206385,0
206386,1
206388,1
206392,0
206393,0
206394,1
206396,0
206397,1
206399,1
206400,1
206402,1
206403,0
206404,1
206405,0
206406,0
206407,0
206408,1
206409,0
206410,0
206423,1
206424,1
206431,0
206432,1
206433,1
206439,0
206447,0
206448,1
206452,0
206453,1
206455,0
206456,1
206458,0
206460,0
206462,0
206464,0
206467,1
206470,1
206471,0
206474,0
206476,1
206477,1
206479,1
206481,0
206482,0
206486,0
206487,0
206489,0
206490,1
206492,0
206496,0
206504,1
206506,1
206507,0
206510,1
206512,0
206515,1
206516,0
206518,0
206523,1
206526,1
206539,0
206542,1
206544,0
206547,0
206548,1
206551,1
206552,0
206553,0
206555,1
206556,1
206561,0
206567,1
206569,0
206570,0
206572,1
206573,0
206576,0
206577,0
206580,1
206582,1
206584,0
206587,0
206590,1
206591,0
206592,1
206595,0
206596,0
206597,1
206598,0
206599,0
206600,1
206602,1
206606,0
206608,1
206610,0
206611,0
206612,1
206613,1
206617,0
206618,0
206619,0
206620,1
206625,1
206628,0
206629,1
206632,1
206633,0
206634,0
206635,1
206638,1
206642,1
206644,1
206650,1
206652,0
206654,0
206655,1
206656,1
206661,1
206665,1
206667,0
206669,0
206670,1
206671,1
206678,0
206680,0
206681,1
206682,1
206687,0
206688,0
206689,0
206692,1
206695,0
206698,0
206700,0
206704,1
206705,0
206708,1
206709,1
206710,1
206711,0
206712,1
206713,1
206716,1
206726,0
206727,0
206730,0
206732,1
206736,0
206737,0
206738,1
206739,1
206742,0
206744,1
206745,1
206747,1
206750,1
206754,0
206755,1
206757,0
206759,1
206761,1
206762,0
206765,1
206767,0
206774,0
206775,1
206776,1
206777,0
206780,1
206785,1
206792,0
206793,0
206798,1
206800,0
206802,0
206807,0
206810,0
206813,1
206816,1
206825,0
206831,1
206832,1
206834,1
206840,0
206845,0
206846,1
206847,0
206848,1
206856,0
206857,0
206860,0
206861,1
206862,1
206863,1
206864,1
206866,0
206868,0
206871,0
206875,0
206876,0
206878,1
206879,0
206880,1
206882,0
206884,0
206886,0
206887,0
206888,0
206890,1
206891,0
206897,1
206901,1
206902,0
206907,1
206908,0
206913,0
206914,1
206917,0
206921,1
206925,0
206929,1
206933,1
206934,1
206936,0
206937,1
206940,0
206943,1
206947,0
206950,0
206954,1
206955,0
206957,1
206959,0
206962,0
206967,0
206968,0
206972,1
206973,1
206977,0
206978,0
206979,1
206980,1
206981,0
206982,0
206986,1
206987,1
206988,0
206991,1
206992,0
206994,1
206995,1
206996,1
206999,1
207000,1
207002,0
207006,0
207014,0
207016,0
207018,1
207020,1
207021,0
207026,1
207028,0
207029,1
207031,0
207035,0
207040,0
207041,0
207042,0
207044,1
207047,1
207048,1
207049,0
207050,1
207053,0
207054,0
207055,1
207058,0
207059,0
207060,1
207064,1
207067,1
207068,0
207069,1
207073,1
207076,0
207077,1
207079,1
207082,1
207083,1
207085,1
207086,0
207088,0
207089,0
207090,0
207091,0
207095,0
207096,0
207099,1
207102,0
207103,0
207104,1
207106,1
207107,1
207109,1
207113,0
207117,0
207119,1
207120,1
207123,0
207124,1
207126,0
207127,1
207128,0
207131,1
207132,0
207133,0
207136,1
207139,1
207140,1
207144,0
207149,1
207150,0
207158,1
207160,0
207161,1
207163,0
207165,0
207166,0
207167,0
207170,1
207171,0
207172,0
207173,0
207175,1
207176,0
207179,1
207180,1
207182,0
207184,0
207190,1
207195,0
207196,0
207198,1
207205,1
207206,0
207210,1
207211,1
207213,0
207215,1
207216,1
207217,0
207220,0
207221,0
207223,1
207228,0
207232,1
207233,1
207235,1
207244,0
207245,0
207246,1
207247,0
207249,1
207250,0
207254,0
207255,1
207260,1
207261,0
207263,0
207264,0
207265,0
207267,0
207271,1
207275,1
207276,1
207277,1
207278,1
207279,1
207284,0
207285,1
207289,1
207297,0
207308,0
207310,1
207312,1
207313,1
207316,0
207320,1
207325,0
207326,0
207328,0
207333,1
207335,0
207337,1
207339,1
207341,1
207342,0
207344,0
207346,1
207347,1
207348,0
207349,1
207350,1
207351,0
207352,1
207355,0
207356,0
207357,1
207360,1
207363,0
207365,0
207366,0
207368,0
207370,1
207371,1
207373,0
207374,0
207375,0
207376,0
207377,0
207379,0
207381,1
207383,1
207384,1
207385,0
207386,0
207395,1
207396,0
207397,1
207401,1
207403,1
207411,1
207417,1
207418,0
207421,0
207425,1
207426,1
207428,0
207429,1
207430,1
207432,1
207439,0
207441,0
207442,1
207444,1
207447,0
207448,1
207449,1
207451,1
207453,1
207458,1
207459,1
207461,1
207462,1
207465,1
207474,1
207479,1
207481,1
207483,1
207486,1
207488,0
207489,0
207491,1
207493,0
207497,0
207500,0
207504,0
207506,1
207510,1
207511,0
207512,0
207517,0
207521,0
207524,0
207527,0
207528,1
207545,0
207546,1
207549,0
207550,0
207551,0
207552,0
207553,1
207554,1
207555,1
207556,1
207560,0
207563,1
207565,1
207566,0
207567,0
207572,1
207573,1
207577,1
207584,1
207586,0
207587,0
207588,1
207589,0
207592,1
207594,0
207598,1
207599,0
207601,0
207605,1
207607,1
207608,1
207614,1
207615,0
207616,1
207621,1
207628,0
207629,0
207635,0
207637,1
207638,1
207639,1
207640,1
207642,1
207645,1
207646,1
207648,1
207649,1
207652,1
207658,0
207664,0
207666,0
207668,0
207671,1
207672,1
207678,1
207680,0
207681,1
207683,0
207685,0
207686,0
207688,0
207690,1
207691,1
207693,1
207694,0
207695,1
207699,1
207700,1
207703,0
207710,1
207713,0
207717,0
207722,1
207726,1
207728,0
207730,1
207734,1
207739,0
207740,0
207742,1
207744,1
207747,1
207749,1
207750,1
207753,1
207755,0
207756,0
207757,0
207758,0
207759,0
207760,0
207762,0
207763,0
207764,0
207766,0
207771,1
207774,1
207776,0
207777,0
207778,0
207781,0
207788,1
207789,1
207790,1
207791,1
207793,0
207794,0
207795,1
207797,1
207800,1
207801,1
207803,0
207804,0
207805,0
207808,0
207810,1
207813,0
207814,1
207816,1
207820,1
207823,0
207824,0
207827,1
207828,1
207832,1
207835,0
207836,0
207837,1
207838,1
207842,0
207847,0
207849,1
207854,1
207855,0
207856,0
207858,0
207866,0
207867,1
207868,1
207869,0
207871,0
207873,1
207875,1
207881,1
207883,0
207887,1
207889,0
207895,0
207896,0
207899,1
207900,0
207902,1
207904,0
207905,1
207906,0
207909,1
207912,1
207924,1
207925,0
207928,0
207929,0
207930,1
207933,0
207934,0
207935,0
207937,0
207938,0
207939,1
207941,0
207942,0
207943,0
207946,1
207947,1
207948,0
207956,0
207959,0
207960,0
207962,0
207966,0
207968,0
207969,1
207970,0
207971,0
207972,1
207975,1
207976,0
207978,0
207979,0
207982,0
207983,1
207984,1
207985,0
207986,0
207988,1
207995,1
207996,1
207997,0
207998,1
208000,0
208001,1
208002,1
208003,1
208007,0
208010,1
208012,1
208015,1
208016,0
208017,0
208020,0
208023,0
208025,0
208033,1
208034,0
208036,0
208039,0
208040,0
208041,1
208043,0
208046,0
208048,1
208049,0
208054,1
208056,1
208062,0
208063,0
208065,1
208066,0
208067,1
208069,1
208073,0
208076,0
208077,1
208079,1
208083,1
208091,1
208094,0
208097,0
208101,1
208105,0
208108,1
208109,0
208110,1
208114,0
208121,1
208122,0
208123,1
208126,0
208127,0
208131,1
208132,1
208134,1
208135,1
208141,1
208144,0
208145,0
208148,0
208149,0
208151,1
208153,0
208154,1
208156,0
208160,1
208161,1
208163,0
208166,0
208167,1
208173,1
208176,1
208179,0
208180,0
208181,1
208182,0
208183,0
208186,0
208192,1
208193,0
208194,0
208196,0
208197,0
208198,0
208199,0
208201,0
208205,1
208211,1
208217,0
208218,1
208220,1
208222,0
208223,0
208226,1
208227,1
208232,1
208234,0
208236,0
208237,0
208239,0
208241,0
208243,1
208246,1
208251,1
208254,1
208264,0
208266,0
208271,1
208273,1
208274,0
208277,0
208278,0
208280,1
208281,1
208284,0
208286,0
208288,1
208293,1
208294,0
208296,1
208303,0
208304,0
208307,1
208308,0
208309,0
208312,0
208313,0
208314,1
208318,1
208319,0
208321,1
208323,1
208324,0
208325,0
208328,0
208329,0
208331,1
208332,1
208333,0
208334,1
208338,1
208339,0
208340,1
208341,0
208342,0
208344,1
208349,0
208351,0
208353,1
208354,1
208360,0
208363,1
208369,0
208374,1
208377,1
208380,1
208381,1
208388,1
208389,0
208390,0
208396,0
208398,1
208399,0
208402,1
208405,0
208409,1
208413,1
208415,1
208418,1
208423,1
208424,1
208432,1
208433,1
208437,1
208440,0
208441,1
208442,0
208444,1
208445,0
208450,1
208451,0
208453,1
208454,1
208455,1
208456,0
208457,0
208458,0
208460,0
208462,1
208463,1
208464,1
208465,1
208468,1
208470,0
208473,0
208475,1
208477,0
208478,1
208479,0
208482,0
208487,0
208488,1
208489,1
208493,0
208494,1
208496,0
208500,1
208509,0
208511,0
208513,1
208515,1
208518,1
208521,1
208524,0
208525,0
208527,0
208529,1
208532,1
208545,0
208546,0
208549,1
208553,0
208554,1
208555,0
208557,0
208558,0
208560,1
208566,0
208568,1
208570,0
208577,1
208580,1
208581,0
208582,0
208583,0
208584,0
208586,0
208591,0
208592,0
208593,1
208596,1
208598,1
208600,0
208602,0
208605,1
208606,1
208607,1
208611,0
208612,1
208613,0
208617,0
208618,1
208619,1
208620,1
208623,0
208625,1
208626,0
208628,1
208630,1
208633,1
208634,0
208636,1
208637,0
208639,0
208641,0
208647,0
208649,0
208654,0
208656,0
208657,0
208658,0
208659,1
208661,1
208662,1
208670,0
208671,0
208672,0
208675,1
208676,0
208677,1
208680,1
208683,0
208685,0
208687,0
208688,0
208690,1
208692,0
208694,1
208695,0
208697,0
208698,0
208699,1
208701,0
208708,1
208710,0
208711,0
208718,1
208725,0
208726,0
208727,0
208728,0
208731,1
208737,1
208738,0
208739,1
208741,1
208743,1
208744,1
208745,1
208753,1
208755,1
208757,0
208758,1
208761,0
208762,1
208767,0
208768,1
208770,1
208772,0
208776,1
208777,1
208781,1
208783,0
208787,0
208788,0
208789,0
208791,0
208795,0
208798,1
208800,1
208801,1
208803,1
208808,0
208815,0
208817,0
208818,0
208825,1
208826,0
208827,0
208828,1
208830,0
208831,0
208833,0
208834,0
208836,0
208837,0
208838,0
208839,0
208842,0
208846,0
208847,1
208848,1
208850,1
208851,0
208853,0
208854,1
208855,0
208858,1
208861,1
208862,1
208863,1
208864,1
208866,0
208868,0
208871,1
208873,1
208875,0
208878,0
208879,1
208880,1
208882,1
208885,0
208888,0
208889,1
208891,0
208894,0
208895,1
208897,1
208898,0
208899,0
208901,0
208902,1
208903,0
208904,1
208905,0
208909,1
208911,0
208914,1
208917,1
208920,0
208924,1
208926,1
208927,1
208930,1
208931,1
208935,1
208936,0
208937,0
208939,1
208943,1
208946,1
208950,0
208952,1
208955,1
208958,0
208959,0
208963,0
208972,0
208974,1
208976,1
208979,1
208982,1
208983,0
208984,1
208986,0
208987,1
208989,1
208990,0
208992,0
208998,0
208999,0
209004,1
209005,0
209006,0
209008,0
209010,1
209012,0
209014,0
209015,1
209016,0
209017,1
209022,0
209031,1
209035,0
209038,0
209041,0
209042,0
209043,0
209047,1
209048,1
209049,0
209053,0
209054,0
209055,1
209062,1
209063,0
209065,1
209067,1
209068,1
209071,0
209072,0
209073,1
209074,1
209075,1
209087,1
209089,1
209090,0
209091,1
209092,0
209096,1
209097,0
209100,1
209101,1
209108,0
209110,0
209112,1
209113,1
209114,1
209117,1
209118,0
209120,0
209122,1
209123,0
209127,0
209130,0
209131,0
209136,1
209142,1
209145,0
209148,1
209149,1
209151,1
209155,1
209156,1
209162,0
209163,1
209164,0
209166,0
209168,1
209171,0
209174,1
209175,1
209178,0
209180,1
209181,1
209182,1
209184,0
209186,1
209190,1
209192,0
209194,0
209195,0
209197,0
209198,1
209201,1
209202,1
209204,1
209205,1
209208,1
209215,1
209216,0
209217,1
209218,1
209220,0
209221,1
209223,1
209226,0
209230,0
209232,0
209234,1
209237,1
209238,0
209242,1
209243,0
209245,1
209246,0
209247,1
209249,0
209253,1
209256,1
209257,0
209258,1
209260,0
209261,1
209263,1
209271,1
209272,1
209274,1
209275,1
209280,0
209281,1
209285,0
209287,1
209289,1
209291,1
209294,1
209300,0
209301,0
209303,0
209304,1
209305,1
209306,1
209308,0
209309,1
209313,0
209314,1
209315,1
209316,0
209321,0
209325,0
209327,0
209328,1
209329,1
209330,0
209331,0
209336,0
209337,0
209340,1
209341,0
209345,1
209348,0
209349,0
209351,1
209352,0
209354,0
209355,1
209356,1
209358,1
209360,0
209361,1
209362,1
209370,0
209373,1
209374,1
209375,0
209376,1
209378,0
209380,1
209381,1
209385,1
209389,0
209390,1
209393,1
209394,0
209398,0
209400,0
209401,1
209403,1
209405,1
209413,1
209418,1
209420,0
209426,1
209427,1
209428,1
209429,0
209431,0
209434,0
209439,0
209443,0
209444,1
209445,1
209448,0
209450,1
209453,1
209454,1
209457,1
209460,1
209463,1
209468,0
209473,0
209474,1
209478,0
209480,1
209481,0
209483,0
209485,0
209489,0
209491,0
209495,0
209497,1
209498,1
209499,0
209500,1
209502,1
209504,1
209505,1
209508,0
209515,0
209517,0
209519,1
209520,0
209526,1
209530,1
209531,0
209532,0
209533,0
209536,0
209540,1
209541,1
209543,1
209544,1
209546,1
209548,0
209549,0
209551,1
209560,1
209564,0
209565,0
209568,1
209569,0
209571,1
209575,1
209577,1
209579,1
209580,0
209581,0
209582,1
209585,1
209586,1
209589,1
209590,1
209591,1
209592,0
209593,1
209597,1
209598,1
209599,1
209600,1
209601,0
209609,1
209614,1
209617,0
209618,0
209619,1
209620,0
209623,0
209624,0
209625,1
209629,1
209631,0
209633,0
209640,1
209641,0
209644,1
209645,1
209646,1
209649,0
209650,0
209651,1
209652,1
209653,0
209657,1
209659,0
209665,0
209668,1
209669,0
209674,0
209676,1
209677,1
209682,1
209683,1
209686,0
209689,1
209690,1
209691,1
209695,0
209698,1
209701,1
209703,0
209705,1
209708,0
209709,0
209713,1
209715,0
209719,1
209720,1
209724,1
209727,1
209733,1
209736,1
209738,1
209740,1
209743,0
209745,0
209748,0
209753,0
209754,1
209755,0
209760,1
209764,1
209765,0
209766,1
209768,1
209769,1
209778,1
209782,0
209784,0
209785,0
209787,1
209789,0
209791,1
209793,0
209800,0
209801,1
209802,0
209803,1
209807,0
209810,0
209814,1
209824,0
209827,1
209830,0
209831,1
209832,1
209836,1
209841,1
209845,1
209849,0
209855,1
209856,0
209860,1
209861,1
209865,0
209866,1
209870,1
209871,0
209873,1
209874,1
209876,0
209878,1
209880,1
209881,1
209882,0
209885,1
209889,1
209892,1
209893,1
209894,0
209895,0
209899,0
209906,0
209907,1
209912,0
209916,0
209917,1
209918,0
209919,1
209920,0
209921,1
209923,0
209924,0
209927,0
209928,1
209932,0
209933,0
209941,0
209942,1
209943,0
209945,0
209946,1
209947,0
209948,1
209949,0
209953,1
209954,1
209955,1
209957,0
209963,1
209965,0
209967,0
209968,1
209969,0
209970,1
209971,0
209973,1
209974,1
209978,0
209979,1
209982,1
209984,1
209987,1
209988,0
209989,1
209992,1
209995,1
210000,0
210001,1
210003,0
210008,0
210009,1
210010,0
210012,0
210015,1
210019,0
210022,1
210023,0
210025,0
210028,0
210029,0
210031,0
210033,1
210041,1
210043,1
210045,1
210048,1
210049,0
210050,0
210051,0
210052,1
210055,1
210058,0
210060,0
210064,1
210072,0
210075,0
210076,0
210078,0
210080,1
210087,1
210091,0
210095,0
210099,1
210100,0
210103,1
210104,0
210106,0
210107,0
210110,1
210111,0
210113,0
210114,0
210115,1
210116,1
210120,1
210124,0
210126,0
210131,1
210136,1
210137,1
210141,0
210142,0
210145,0
210150,0
210151,0
210153,1
210155,0
210156,0
210157,0
210158,0
210159,0
210162,1
210163,0
210167,0
210170,0
210171,1
210172,0
210175,0
210177,0
210179,0
210182,0
210184,0
210185,0
210188,0
210190,1
210191,1
210192,0
210193,0
210198,1
210206,0
210207,0
210208,0
210210,1
210211,0
210214,1
210215,1
210217,1
210218,0
210219,1
210222,1
210223,1
210224,1
210225,0
210230,0
210234,0
210235,0
210237,1
210241,1
210247,0
210248,1
210250,1
210251,1
210253,0
210257,1
210258,0
210262,0
210263,0
210264,1
210268,1
210270,0
210272,1
210273,0
210279,1
210280,1
210284,0
210285,0
210287,1
210292,1
210296,1
210297,1
210301,1
210303,1
210312,0
210313,0
210317,0
210319,0
210327,1
210329,0
210330,1
210331,1
210332,0
210334,1
210337,1
210338,1
210339,0
210341,1
210344,0
210348,1
210349,1
210350,1
210352,1
210353,1
210355,0
210364,0
210365,0
210367,0
210374,1
210376,1
210379,0
210382,0
210383,1
210386,0
210390,0
210394,0
210395,1
210397,0
210398,1
210399,0
210402,0
210403,1
210416,1
210417,1
210418,1
210420,1
210421,0
210422,1
210423,0
210424,0
210425,1
210426,0
210430,1
210434,0
210435,0
210437,0
210439,0
210440,0
210442,0
210443,1
210445,0
210446,0
210452,1
210457,0
210461,0
210464,0
210466,1
210469,1
210472,1
210475,1
210481,1
210484,0
210485,0
210487,0
210489,0
210490,0
210497,0
210499,0
210501,0
210504,1
210506,1
210508,0
210513,1
210517,0
210519,0
210520,0
210523,0
210524,1
210529,1
210532,0
210534,0
210535,0
210539,0
210541,0
210542,0
210543,0
210547,0
210549,1
210554,1
210555,1
210560,1
210561,1
210563,0
210564,1
210565,0
210566,0
210570,0
210575,1
210576,1
210579,0
210583,0
210586,1
210587,1
210588,1
210589,1
210592,1
210597,0
210600,0
210604,0
210605,1
210606,1
210607,0
210611,1
210613,0
210617,0
210622,1
210623,1
210624,1
210625,0
210627,0
210628,0
210632,0
210635,0
210638,0
210640,0
210642,0
210645,1
210646,0
210649,0
210652,0
210653,0
210654,0
210655,0
210656,0
210657,0
210659,1
210660,1
210662,1
210665,1
210667,1
210673,0
210677,1
210678,1
210679,1
210680,0
210681,1
210683,1
210684,1
210686,0
210687,1
210689,0
210693,1
210694,0
210696,1
210697,1
210698,0
210700,0
210701,0
210702,1
210705,0
210706,1
210711,0
210718,0
210719,1
210720,1
210721,1
210722,1
210725,0
210728,0
210731,0
210732,1
210733,0
210735,0
210736,1
210741,0
210743,1
210748,1
210751,0
210755,1
210756,0
210758,1
210759,0
210764,0
210768,0
210769,1
210776,1
210779,1
210780,1
210784,1
210787,1
210789,1
210796,1
210797,0
210798,1
210800,0
210801,1
210802,1
210808,1
210812,0
210814,0
210815,1
210819,0
210823,1
210824,0
210825,0
210826,0
210828,0
210830,0
210831,0
210832,0
210834,1
210844,0
210845,0
210846,1
210847,0
210848,0
210852,0
210853,1
210854,0
210856,1
210858,0
210860,1
210861,0
210864,0
210867,1
210870,0
210871,0
210874,0
210875,0
210879,1
210880,1
210882,0
210883,0
210884,1
210885,1
210888,1
210889,1
210891,1
210894,1
210896,1
210897,1
210903,1
210905,0
210906,0
210907,1
210910,1
210913,1
210915,0
210916,1
210918,1
210920,1
210922,1
210923,0
210929,1
210930,0
210932,1
210935,1
210938,0
210940,0
210941,0
210942,0
210945,0
210946,1
210947,0
210952,0
210954,0
210961,0
210964,0
210968,1
210969,1
210974,0
210976,1
210978,0
210979,1
210982,0
210983,0
210984,0
210986,0
210997,0
210999,0
211006,1
211016,0
211018,0
211019,0
211021,0
211025,1
211026,0
211033,0
211035,1
211038,0
211039,1
211044,1
211046,0
211047,1
211048,0
211054,1
211056,0
211058,0
211059,1
211061,0
211066,1
211068,1
211069,1
211071,1
211076,1
211087,0
211089,1
211091,0
211092,0
211094,1
211095,0
211100,0
211101,0
211103,0
211106,1
211107,0
211108,0
211110,0
211115,0
211116,0
211117,0
211118,0
211126,0
211131,1
211132,0
211133,1
211136,0
211137,0
211138,1
211142,0
211145,1
211146,0
211149,0
211152,0
211153,0
211155,0
211156,0
211161,0
211163,1
211164,0
211166,1
211168,0
211172,0
211181,0
211184,1
211186,0
211189,0
211190,0
211191,0
211193,1
211194,1
211195,0
211196,0
211198,0
211201,0
211204,1
211206,0
211212,0
211214,1
211217,0
211218,0
211219,0
211221,1
211225,1
211226,1
211228,0
211229,1
211232,0
211235,0
211239,1
211240,1
211246,0
211249,0
211250,0
211252,0
211254,0
211256,0
211261,1
211265,0
211267,0
211268,0
211271,1
211278,1
211282,1
211284,0
211285,1
211286,1
211288,0
211289,0
211293,1
211296,0
211304,1
211305,1
211306,0
211307,0
211310,0
211311,0
211314,0
211315,1
211316,1
211317,0
211318,1
211321,0
211322,1
211327,1
211333,0
211335,1
211337,0
211338,0
211339,0
211340,0
211347,1
211349,0
211350,1
211351,1
211353,0
211357,0
211358,1
211360,1
211363,1
211368,0
211370,0
211374,0
211375,0
211377,0
211380,0
211383,0
211384,0
211385,1
211387,0
211390,1
211392,1
211394,1
211395,0
211402,1
211403,1
211406,0
211407,1
211408,1
211409,0
211410,0
211420,0
211421,0
211423,0
211424,1
211425,1
211429,1
211430,0
211433,0
211437,0
211441,1
211443,1
211444,1
211445,1
211449,0
211450,0
211452,1
211454,1
211455,1
211464,0
211468,1
211469,0
211473,0
211475,1
211480,0
211483,0
211484,1
211486,0
211487,0
211488,1
211489,1
211493,1
211495,1
211496,1
211498,1
211500,1
211502,0
211507,1
211508,0
211511,0
211512,0
211513,1
211516,1
211525,0
211528,1
211529,1
211535,1
211538,1
211540,1
211542,1
211543,0
211544,0
211548,1
211551,0
211554,0
211556,1
211557,1
211559,1
211560,1
211564,0
211568,1
211570,1
211575,1
211576,0
211583,0
211595,1
211597,0
211598,0
211599,0
211600,1
211604,1
211605,1
211606,1
211607,1
211611,1
211615,0
211618,0
211621,0
211623,0
211625,1
211626,1
211627,1
211629,1
211634,1
211639,1
211643,0
211644,1
211647,1
211648,1
211652,1
211655,0
211657,1
211665,1
211666,1
211669,1
211676,1
211677,0
211680,1
211686,1
211687,1
211688,1
211690,0
211691,0
211694,1
211698,1
211699,0
211703,1
211705,0
211707,0
211708,1
211709,0
211712,1
211713,1
211717,1
211719,1
211720,0
211724,0
211725,1
211728,0
211732,1
211736,1
211738,1
211742,1
211747,0
211749,0
211753,0
211757,0
211758,1
211760,1
211763,1
211766,1
211770,1
211771,0
211773,1
211774,0
211775,1
211776,1
211779,1
211780,1
211781,1
211785,0
211786,0
211789,1
211791,1
211794,0
211795,0
211797,1
211799,0
211800,1
211804,1
211807,1
211809,1
211813,1
211818,0
211819,1
211821,1
211824,1
211825,1
211826,1
211831,1
211834,0
211839,0
211841,1
211842,0
211843,0
211848,1
211852,1
211854,0
211860,1
211868,1
211871,1
211872,1
211874,1
211875,1
211878,1
211879,1
211884,0
211888,0
211889,0
211891,1
211892,0
211895,0
211899,1
211901,1
211902,1
211904,1
211906,0
211914,0
211916,1
211921,1
211922,0
211924,1
211925,1
211926,0
211927,1
211930,0
211932,0
211934,1
211935,0
211936,0
211938,0
211940,1
211941,0
211942,0
211943,0
211946,0
211947,0
211948,0
211949,1
211952,0
211953,0
211954,0
211955,0
211962,0
211963,0
211965,1
211966,0
211968,0
211972,1
211973,0
211974,1
211978,0
211979,0
211981,0
211982,1
211985,0
211986,1
211987,1
211992,1
211999,1
212000,1
212003,1
212004,0
212012,0
212013,0
212015,0
212027,0
212028,0
212029,1
212032,1
212036,1
212037,1
212040,0
212042,0
212047,0
212051,0
212053,1
212056,1
212061,1
212062,1
212063,1
212064,1
212065,0
212067,1
212070,1
212071,0
212073,1
212074,1
212075,1
212076,0
212079,1
212080,1
212081,1
212085,1
212088,1
212092,1
212093,1
212095,0
212096,1
212098,1
212099,1
212100,1
212102,0
212108,0
212110,0
212115,1
212117,0
212121,0
212124,1
212125,1
212127,0
212128,1
212130,0
212131,0
212132,1
212135,0
212138,1
212147,1
212150,1
212151,0
212153,1
212155,0
212157,0
212159,1
212160,1
212161,1
212162,1
212167,0
212169,1
212172,1
212173,1
212175,0
212177,1
212181,1
212182,1
212188,1
212189,0
212193,1
212194,0
212197,1
212198,1
212201,1
212205,0
212206,1
212209,0
212215,0
212216,0
212218,0
212219,0
212225,1
212227,0
212231,0
212232,0
212233,1
212234,1
212235,1
212238,0
212239,0
212240,1
212242,1
212244,1
212246,0
212253,1
212254,0
212255,0
212256,0
212263,0
212271,0
212272,0
212274,1
212275,1
212276,0
212279,1
212281,1
212285,0
212287,0
212289,0
212294,0
212296,1
212298,1
212300,1
212301,1
212305,0
212307,0
212309,0
212315,1
212322,1
212326,0
212327,1
212330,1
212332,0
212338,1
212341,1
212345,0
212348,1
212351,0
212357,1
212361,0
212362,1
212368,1
212370,0
212371,0
212372,0
212374,0
212375,0
212378,1
212385,1
212388,0
212390,0
212392,0
212395,0
212396,1
212397,0
212399,0
212400,1
212403,1
212404,0
212405,0
212406,0
212408,1
212411,1
212412,0
212416,1
212417,0
212419,1
212426,1
212428,0
212430,0
212432,0
212437,0
212442,1
212446,0
212449,1
212452,0
212454,1
212456,0
212458,1
212459,1
212460,0
212461,0
212462,1
212463,0
212465,0
212467,0
212470,0
212471,0
212474,1
212475,1
212476,0
212477,0
212478,1
212480,1
212483,0
212484,0
212485,1
212486,0
212487,0
212489,1
212490,0
212492,1
212495,0
212497,1
212500,1
212504,0
212505,0
212506,0
212509,1
212510,0
212511,0
212512,1
212513,0
212517,1
212518,0
212522,1
212526,1
212530,0
212531,1
212532,0
212536,0
212537,1
212540,1
212541,1
212549,1
212550,0
212551,0
212554,0
212556,0
212557,1
212558,0
212560,0
212565,0
212570,0
212571,1
212572,0
212573,0
212576,0
212579,1
212580,1
212582,0
212583,1
212585,0
212589,0
212593,1
212594,0
212595,1
212596,0
212604,0
212606,0
212608,1
212610,0
212612,1
212613,1
212616,0
212619,0
212623,1
212624,0
212626,0
212629,1
212630,1
212635,0
212636,0
212638,0
212646,0
212647,1
212649,1
212654,0
212655,1
212658,0
212664,0
212665,1
212667,1
212669,0
212671,0
212672,0
212674,0
212675,1
212676,0
212677,1
212678,0
212679,1
212681,1
212682,1
212686,0
212687,1
212690,0
212691,1
212692,0
212702,0
212703,1
212710,0
212711,0
212713,0
212718,1
212719,1
212721,0
212723,0
212724,1
212729,1
212732,1
212733,1
212739,1
212740,0
212747,1
212748,0
212752,0
212755,0
212756,1
212759,1
212761,0
212763,1
212766,0
212767,0
212769,0
212770,0
212773,1
212777,1
212780,1
212783,1
212784,1
212787,1
212790,0
212791,1
212793,1
212797,1
212798,0
212800,0
212805,0
212809,1
212812,1
212813,0
212816,0
212817,0
212819,0
212820,1
212822,1
212824,0
212827,1
212831,0
212832,0
212833,0
212834,0
212835,1
212836,0
212842,1
212843,1
212848,0
212850,1
212851,0
212853,1
212854,1
212861,0
212865,0
212867,0
212873,0
212876,0
212878,1
212879,1
212880,1
212883,1
212884,0
212885,1
212887,0
212888,1
212893,0
212894,0
212898,0
212899,0
212900,0
212903,1
212904,0
212909,1
212912,0
212913,1
212916,1
212917,0
212922,1
212927,0
212928,1
212930,1
212932,0
212933,0
212936,1
212937,0
212938,0
212940,1
212943,1
212944,0
212945,0
212950,0
212955,1
212958,1
212959,1
212961,0
212962,1
212966,1
212969,0
212972,1
212973,1
212974,1
212977,1
212981,0
212985,0
212987,0
212990,0
212991,1
212994,0
212996,0
212997,1
212998,0
213003,1
213007,0
213008,0
213014,0
213019,0
213020,0
213021,0
213023,0
213024,0
213025,0
213026,0
213027,0
213030,0
213034,1
213035,0
213040,1
213041,1
213043,1
213047,0
213048,1
213055,1
213061,1
213062,1
213069,1
213071,1
213072,0
213074,1
213077,0
213079,0
213080,1
213081,1
213082,1
213083,0
213087,0
213094,1
213098,0
213099,1
213104,1
213105,1
213112,1
213116,0
213117,0
213124,0
213128,1
213131,1
213132,0
213134,0
213136,0
213138,1
213139,0
213142,1
213143,1
213145,1
213150,0
213155,1
213160,1
213161,1
213162,0
213165,1
213172,0
213174,0
213178,1
213181,1
213186,1
213188,1
213189,0
213190,1
213194,0
213195,1
213196,1
213197,1
213198,0
213200,1
213204,1
213208,0
213214,0
213218,0
213219,1
213221,0
213224,1
213225,1
213227,0
213229,1
213231,0
213236,0
213237,0
213239,1
213243,0
213244,1
213245,0
213247,0
213249,1
213251,1
213252,1
213254,1
213263,1
213264,0
213265,0
213266,1
213268,1
213270,1
213274,0
213277,0
213282,0
213286,1
213287,0
213290,0
213293,1
213298,1
213299,0
213300,1
213302,0
213305,0
213310,0
213313,0
213317,0
213318,1
213322,0
213325,1
213326,0
213327,1
213328,0
213330,0
213332,1
213339,0
213340,0
213342,1
213343,0
213345,0
213346,0
213347,1
213348,0
213350,0
213352,0
213354,0
213355,0
213357,1
213362,0
213364,1
213365,1
213368,0
213371,1
213372,1
213373,1
213378,0
213379,1
213381,0
213382,1
213384,0
213385,1
213399,1
213400,1
213401,0
213405,1
213406,1
213407,0
213408,1
213409,0
213410,0
213412,0
213422,1
213423,1
213424,1
213425,0
213426,0
213428,0
213432,1
213441,0
213442,0
213445,0
213446,0
213448,1
213451,1
213452,0
213455,0
213461,0
213462,0
213463,1
213464,1
213466,1
213468,0
213469,0
213471,0
213474,0
213476,0
213477,1
213478,0
213479,1
213480,0
213483,1
213484,0
213485,0
213490,0
213492,0
213494,0
213495,1
213498,0
213499,0
213500,0
213501,0
213502,1
213504,0
213505,1
213508,1
213510,0
213514,1
213515,0
213518,0
213520,1
213524,0
213525,1
213528,0
213529,0
213534,1
213535,1
213537,0
213540,1
213542,0
213543,1
213544,1
213547,0
213550,0
213553,0
213554,0
213555,0
213564,1
213565,1
213567,0
213571,0
213572,1
213573,1
213574,1
213575,1
213577,0
213580,1
213581,1
213584,1
213586,0
213587,0
213591,0
213593,0
213596,1
213601,1
213605,1
213606,1
213607,0
213608,1
213614,0
213616,0
213619,0
213621,1
213622,1
213623,0
213625,0
213627,1
213630,1
213633,0
213636,0
213640,0
213642,1
213644,0
213649,0
213650,0
213654,0
213655,1
213656,0
213659,1
213662,0
213664,0
213665,1
213666,0
213667,1
213668,1
213670,1
213671,1
213672,0
213674,1
213675,0
213677,0
213678,0
213679,1
213683,0
213684,0
213685,0
213686,1
213688,1
213689,0
213692,0
213693,0
213694,1
213696,0
213698,0
213702,1
213703,1
213704,0
213705,1
213709,0
213713,0
213715,0
213717,1
213718,1
213719,0
213720,0
213722,0
213724,1
213725,0
213726,0
213727,0
213728,1
213731,0
213738,1
213745,1
213747,1
213749,0
213751,1
213752,0
213759,0
213760,1
213762,0
213763,0
213764,1
213766,1
213769,0
213773,0
213774,0
213775,1
213776,0
213778,0
213783,0
213788,0
213790,1
213791,1
213793,1
213796,1
213799,1
213800,0
213803,1
213806,1
213807,1
213808,1
213810,1
213811,0
213814,1
213815,0
213817,0
213818,0
213819,1
213822,0
213823,0
213825,1
213827,1
213829,0
213831,1
213832,1
213834,1
213836,1
213838,1
213839,0
213844,1
213845,1
213847,1
213848,0
213852,0
213853,0
213855,0
213856,1
213857,1
213859,0
213860,1
213863,0
213864,0
213868,0
213871,1
213872,0
213873,0
213874,0
213880,1
213881,0
213883,0
213884,1
213885,0
213886,1
213888,1
213895,1
213904,1
213908,1
213916,0
213917,0
213920,1
213921,1
213922,0
213925,0
213929,0
213930,0
213933,0
213934,1
213936,1
213937,0
213938,1
213945,0
213948,0
213951,1
213952,0
213955,0
213956,1
213959,1
213960,1
213962,1
213963,0
213964,1
213965,1
213966,1
213967,1
213968,0
213973,0
213974,1
213977,0
213979,1
213981,1
213984,1
213985,1
213988,0
213989,0
213990,1
213991,0
213992,0
213994,1
213999,0
214001,1
214007,1
214009,1
214010,1
214014,0
214016,0
214019,0
214021,0
214024,1
214025,0
214026,0
214028,1
214029,1
214037,0
214040,1
214043,0
214047,1
214051,0
214053,1
214054,0
214055,0
214056,0
214059,0
214061,1
214063,1
214064,1
214066,0
214067,1
214074,1
214076,0
214085,1
214088,1
214089,0
214090,1
214094,0
214102,1
214103,0
214109,1
214110,1
214111,0
214112,1
214113,1
214115,1
214116,0
214120,0
214125,1
214131,1
214134,1
214140,1
214144,1
214151,1
214152,1
214156,1
214157,0
214161,1
214166,0
214167,1
214169,0
214171,1
214172,1
214176,0
214178,1
214179,1
214181,1
214183,0
214184,0
214185,1
214189,0
214194,1
214196,1
214197,1
214201,1
214204,0
214208,0
214211,1
214217,1
214220,1
214221,1
214223,1
214226,1
214227,0
214231,0
214232,1
214237,1
214238,1
214241,0
214248,0
214249,0
214254,1
214255,1
214257,1
214259,0
214262,1
214265,0
214266,1
214270,0
214271,1
214272,1
214273,1
214274,0
214275,0
214280,0
214282,1
214286,1
214287,0
214288,0
214289,1
214292,0
214293,1
214296,1
214299,1
214302,0
214303,1
214306,1
214312,1
214315,0
214318,0
214321,1
214322,0
214323,0
214325,1
214326,1
214327,1
214328,1
214332,1
214334,1
214336,0
214338,0
214343,0
214344,0
214345,1
214347,1
214348,0
214349,0
214350,1
214351,0
214352,1
214353,0
214355,0
214356,0
214360,1
214361,0
214367,1
214368,0
214375,0
214377,0
214383,1
214389,0
214392,1
214395,1
214403,0
214404,0
214406,0
214408,0
214411,0
214412,0
214413,0
214418,0
214420,0
214421,1
214423,1
214427,1
214428,0
214431,0
214436,0
214438,1
214442,1
214444,0
214447,0
214448,0
214456,0
214458,0
214459,1
214463,0
214464,0
214467,0
214469,0
214474,0
214475,1
214478,0
214479,0
214480,0
214483,1
214485,0
214486,1
214489,1
214493,1
214497,0
214498,0
214500,0
214501,1
214503,0
214504,1
214509,0
214510,1
214512,1
214515,0
214517,1
214521,1
214522,1
214527,0
214531,1
214534,1
214535,0
214537,1
214541,0
214544,1
214547,0
214548,1
214555,1
214558,0
214559,0
214563,1
214564,1
214565,0
214566,0
214567,1
214568,0
214571,1
214581,0
214584,1
214587,0
214589,0
214594,1
214598,0
214599,1
214605,1
214607,1
214608,1
214611,0
214613,0
214614,1
214617,1
214621,1
214624,1
214628,0
214630,0
214631,0
214632,1
214634,0
214635,0
214642,1
214648,1
214650,0
214651,0
214652,1
214653,1
214654,0
214655,0
214656,1
214658,1
214667,1
214668,1
214674,1
214676,1
214681,0
214682,0
214684,0
214686,1
214689,1
214690,0
214691,0
214692,1
214698,1
214700,0
214704,1
214705,0
214707,1
214717,1
214718,1
214719,1
214720,1
214721,0
214722,0
214725,0
214726,1
214727,0
214732,1
214738,0
214739,1
214740,0
214742,0
214745,1
214747,1
214749,0
214750,0
214754,1
214755,1
214757,0
214758,0
214759,1
214760,1
214761,1
214764,1
214767,0
214768,0
214770,0
214771,1
214772,1
214774,0
214775,0
214778,0
214781,1
214783,1
214784,1
214789,0
214790,0
214793,0
214797,1
214802,0
214803,0
214808,0
214809,0
214813,0
214823,0
214827,1
214828,0
214829,0
214831,1
214834,1
214835,0
214836,0
214837,1
214840,0
214844,0
214846,0
214850,1
214852,1
214855,0
214856,1
214858,0
214862,1
214867,0
214869,1
214872,0
214876,0
214878,1
214887,0
214888,0
214891,1
214895,0
214896,1
214899,1
214901,1
214903,0
214904,0
214906,1
214908,1
214911,0
214913,1
214915,1
214916,0
214920,0
214924,0
214925,0
214926,0
214927,0
214930,0
214932,0
214936,0
214938,1
214942,0
214943,0
214945,0
214949,1
214950,0
214953,0
214956,0
214958,0
214965,1
214966,1
214967,0
214970,1
214971,1
214975,0
214980,0
214981,0
214982,0
214983,1
214986,1
214987,1
214990,1
214991,0
214992,0
214996,0
214997,1
214998,1
214999,0
215002,0
215003,1
215004,1
215006,1
215009,0
215010,1
215013,0
215019,0
215023,0
215025,0
215026,1
215036,1
215039,0
215042,0
215043,1
215051,1
215053,1
215056,0
215057,0
215062,0
215063,0
215069,0
215075,0
215079,0
215080,0
215081,1
215082,0
215088,0
215089,1
215090,1
215091,1
215103,1
215107,1
215110,1
215113,0
215114,0
215115,1
215117,1
215118,1
215120,0
215126,1
215129,0
215130,1
215132,1
215133,1
215135,1
215137,0
215140,0
215143,1
215145,0
215150,0
215159,1
215161,0
215164,0
215165,1
215167,1
215172,1
215174,1
215178,0
215180,0
215182,0
215183,1
215184,0
215185,1
215187,1
215188,0
215197,1
215199,1
215200,1
215201,0
215206,0
215208,0
215209,0
215210,0
215211,0
215214,0
215215,0
215219,1
215221,1
215223,0
215227,0
215228,0
215229,0
215230,1
215234,0
215235,1
215242,0
215245,1
215252,0
215257,1
215261,0
215268,0
215272,1
215275,0
215280,0
215283,0
215286,1
215287,1
215289,0
215291,0
215292,0
215293,1
215296,0
215298,1
215300,0
215304,0
215305,1
215308,0
215313,1
215315,0
215318,1
215321,0
215323,0
215329,0
215331,0
215335,1
215338,0
215339,1
215342,0
215344,1
215345,0
215348,0
215350,1
215354,1
215355,0
215356,0
215357,0
215358,0
215363,1
215366,0
215371,1
215372,0
215375,0
215384,1
215386,0
215389,0
215391,1
215394,0
215396,0
215399,1
215402,0
215403,0
215407,0
215408,0
215409,1
215410,1
215413,1
215415,1
215417,0
215419,1
215423,0
215424,0
215425,0
215426,0
215427,1
215429,1
215430,1
215431,0
215434,0
215436,0
215439,0
215440,0
215441,0
215442,1
215444,1
215445,0
215446,0
215452,0
215453,1
215456,1
215457,0
215460,1
215461,1
215463,0
215464,0
215465,1
215471,1
215477,1
215481,0
215482,1
215484,1
215486,0
215488,1
215489,1
215490,1
215491,0
215492,1
215493,0
215501,0
215502,1
215504,1
215510,1
215512,1
215513,1
215514,1
215516,1
215518,0
215519,1
215522,0
215524,1
215530,1
215531,1
215534,0
215535,1
215538,0
215539,1
215541,1
215542,1
215545,1
215546,1
215549,1
215550,1
215554,0
215556,0
215558,1
215565,0
215567,0
215571,1
215572,1
215573,1
215579,0
215580,1
215585,1
215586,0
215588,0
215589,1
215593,0
215597,0
215599,0
215605,1
215606,0
215610,1
215612,0
215613,1
215614,1
215617,0
215618,1
215619,0
215622,1
215628,1
215632,1
215636,0
215640,1
215643,1
215645,1
215646,1
215649,1
215651,1
215653,0
215654,0
215656,0
215658,1
215659,0
215661,0
215662,0
215663,1
215664,1
215665,0
215667,0
215669,1
215673,0
215674,0
215681,1
215682,1
215683,0
215694,1
215699,1
215703,0
215704,1
215705,0
215706,1
215707,0
215708,0
215713,0
215715,1
215718,1
215719,1
215724,0
215727,1
215728,1
215729,0
215730,1
215733,1
215737,1
215738,0
215745,1
215747,1
215749,1
215752,0
215757,1
215758,1
215760,0
215761,1
215762,1
215765,0
215766,0
215767,1
215768,1
215775,0
215780,0
215781,0
215785,1
215788,0
215789,1
215792,0
215794,1
215797,0
215803,0
215804,0
215806,0
215808,0
215809,1
215810,0
215811,1
215814,1
215815,1
215816,1
215817,1
215819,1
215820,0
215822,0
215830,1
215831,0
215833,1
215836,1
215837,0
215845,1
215849,1
215852,1
215853,1
215856,1
215857,0
215858,1
215859,1
215862,0
215863,0
215866,0
215868,0
215869,0
215870,0
215871,1
215874,0
215876,1
215877,0
215880,1
215882,1
215883,0
215885,0
215888,1
215889,1
215892,1
215894,1
215895,1
215896,1
215898,0
215903,1
215904,1
215905,0
215907,1
215910,1
215912,0
215915,1
215916,0
215919,0
215920,0
215924,0
215925,1
215927,0
215930,1
215931,1
215933,0
215934,1
215936,0
215937,1
215939,1
215940,1
215942,0
215943,1
215944,0
215951,1
215952,1
215954,0
215956,1
215958,1
215960,0
215962,0
215964,0
215965,1
215966,0
215967,0
215970,1
215971,1
215972,0
215973,1
215977,1
215978,0
215983,1
215990,1
215994,1
215998,0
215999,0
216000,1
216002,1
216003,0
216005,1
216006,0
216007,0
216012,0
216014,1
216018,1
216021,1
216023,1
216029,0
216033,0
216034,1
216037,1
216041,1
216044,0
216045,1
216046,0
216047,0
216048,1
216051,0
216053,0
216056,0
216057,0
216059,0
216060,0
216061,0
216062,1
216066,0
216068,0
216069,0
216070,0
216073,0
216082,1
216094,1
216096,1
216097,1
216100,0
216102,1
216103,1
216104,1
216106,0
216108,0
216110,0
216114,1
216118,0
216122,1
216126,1
216131,1
216133,0
216138,0
216139,0
216141,0
216143,1
216144,0
216146,0
216151,0
216152,0
216154,0
216155,1
216158,0
216159,0
216167,0
216168,0
216171,0
216174,0
216176,1
216183,1
216184,1
216186,0
216191,0
216193,1
216194,0
216199,0
216201,1
216211,1
216212,1
216213,1
216215,0
216216,0
216217,0
216219,1
216222,0
216225,1
216227,1
216232,0
216234,0
216235,0
216237,1
216238,1
216244,0
216245,1
216246,0
216247,1
216248,0
216249,1
216252,0
216255,1
216256,1
216260,0
216264,0
216265,1
216269,1
216274,1
216276,0
216280,0
216281,1
216282,1
216283,0
216287,1
216291,0
216294,1
216300,0
216302,1
216308,1
216309,1
216311,0
216312,1
216313,1
216317,0
216319,0
216322,0
216323,0
216328,1
216333,0
216336,1
216340,1
216343,0
216345,0
216346,1
216348,1
216353,0
216358,1
216359,0
216360,1
216369,1
216371,1
216373,1
216375,0
216378,0
216379,1
216381,1
216382,1
216384,1
216385,0
216386,1
216388,1
216390,1
216391,0
216392,1
216393,1
216395,0
216398,1
216400,0
216401,0
216402,0
216404,1
216405,1
216409,0
216412,0
216413,0
216416,1
216417,1
216418,1
216419,1
216422,1
216424,1
216430,1
216438,0
216440,0
216442,1
216445,0
216447,0
216450,0
216452,1
216455,1
216459,1
216460,0
216463,1
216464,1
216465,1
216466,0
216470,0
216471,0
216472,1
216474,1
216478,0
216479,1
216480,1
216482,0
216486,1
216488,0
216493,1
216494,1
216498,0
216499,1
216500,1
216502,1
216505,0
216512,1
216515,1
216520,1
216522,0
216526,0
216527,0
216531,1
216533,1
216534,0
216536,1
216541,0
216543,0
216544,1
216545,1
216549,0
216550,1
216551,0
216552,0
216560,1
216561,1
216562,1
216563,1
216566,1
216567,0
216569,1
216570,0
216576,1
216579,0
216583,0
216590,0
216594,0
216596,0
216597,1
216599,1
216600,0
216603,0
216605,1
216606,1
216609,1
216610,1
216614,0
216619,0
216625,1
216630,0
216631,1
216632,0
216639,0
216641,0
216644,0
216645,0
216648,0
216649,1
216652,0
216654,1
216655,0
216656,1
216658,1
216659,1
216660,0
216661,0
216662,1
216664,1
216665,0
216667,0
216672,0
216674,0
216676,1
216678,0
216681,0
216683,0
216688,1
216689,0
216690,0
216691,0
216693,1
216696,0
216698,0
216701,1
216706,1
216711,1
216714,0
216717,0
216718,0
216719,0
216723,1
216729,0
216730,0
216731,0
216741,1
216742,1
216745,1
216746,0
216748,1
216750,0
216751,1
216755,0
216756,0
216757,1
216759,0
216760,0
216761,1
216768,1
216770,1
216771,0
216773,0
216774,1
216775,1
216776,1
216777,0
216778,0
216782,1
216788,0
216791,1
216792,0
216794,0
216798,0
216799,0
216800,1
216802,0
216804,0
216806,1
216813,1
216814,1
216818,0
216819,0
216820,1
216827,1
216828,1
216832,0
216833,0
216834,0
216837,0
216838,0
216842,1
216846,1
216848,0
216852,1
216855,0
216860,0
216861,0
216863,0
216866,0
216868,0
216871,1
216873,1
216874,0
216875,0
216880,1
216883,1
216884,1
216900,0
216903,0
216904,0
216905,1
216908,1
216909,0
216911,1
216916,0
216921,0
216922,1
216924,0
216926,0
216927,1
216928,0
216930,0
216932,1
216937,0
216946,0
216947,0
216951,0
216952,0
216960,1
216961,1
216962,1
216964,0
216966,1
216967,1
216971,1
216973,0
216975,0
216976,0
216978,0
216980,1
216985,0
216986,1
216988,1
216989,1
216990,1
216991,0
216996,0
216997,1
217000,0
217001,1
217009,0
217010,0
217012,0
217013,1
217014,0
217019,1
217020,0
217021,1
217022,1
217024,0
217026,0
217027,1
217029,1
217033,0
217034,1
217035,0
217037,0
217041,0
217042,1
217043,1
217048,1
217050,1
217054,0
217056,1
217058,0
217060,0
217061,0
217066,0
217067,0
217069,0
217072,0
217075,0
217079,0
217080,1
217081,0
217084,1
217085,0
217086,0
217087,1
217088,0
217089,0
217094,1
217097,0
217100,0
217101,1
217104,1
217108,1
217113,1
217116,0
217118,0
217119,1
217121,1
217123,0
217128,0
217130,0
217133,0
217134,1
217136,1
217138,0
217139,1
217141,1
217144,0
217147,0
217150,1
217151,0
217152,0
217153,0
217159,0
217162,1
217163,0
217167,1
217169,0
217170,0
217173,0
217175,0
217176,1
217180,0
217182,1
217183,1
217184,1
217186,1
217188,0
217189,1
217190,0
217191,0
217195,0
217197,0
217199,0
217203,0
217204,1
217206,0
217209,0
217211,1
217212,0
217213,1
217214,1
217217,0
217218,1
217222,0
217224,1
217225,0
217226,0
217227,1
217228,0
217230,0
217231,1
217232,1
217234,0
217235,0
217236,0
217240,1
217244,0
217245,1
217248,1
217249,1
217250,0
217251,0
217252,1
217253,0
217258,0
217259,1
217261,1
217265,0
217267,0
217270,0
217272,1
217276,1
217277,1
217278,0
217280,1
217283,0
217284,0
217287,1
217289,1
217292,1
217293,0
217296,1
217303,0
217304,1
217305,1
217307,0
217310,0
217315,0
217316,0
217319,1
217322,1
217323,1
217325,0
217326,1
217327,0
217328,1
217334,1
217336,0
217339,1
217344,0
217345,0
217353,1
217354,0
217355,1
217357,1
217361,1
217364,1
217365,0
217366,0
217369,1
217370,0
217371,0
217372,1
217375,0
217377,0
217382,0
217383,1
217384,1
217389,0
217391,1
217393,1
217395,1
217396,0
217397,0
217398,1
217400,0
217406,0
217407,1
217415,1
217425,1
217426,1
217429,1
217430,1
217431,1
217436,1
217438,1
217439,1
217441,0
217442,1
217444,0
217446,0
217448,1
217449,1
217450,0
217451,1
217452,1
217456,1
217457,0
217460,0
217461,1
217462,1
217465,1
217467,1
217468,1
217473,0
217474,0
217476,1
217480,0
217485,0
217488,0
217490,0
217493,0
217496,1
217504,0
217506,0
217512,1
217513,1
217517,1
217519,0
217523,0
217525,0
217526,1
217528,1
217529,1
217533,1
217534,0
217539,1
217541,1
217542,1
217545,0
217546,1
217549,1
217551,0
217552,0
217556,1
217558,1
217560,1
217568,0
217569,1
217573,1
217576,0
217581,1
217585,0
217586,0
217587,0
217590,0
217592,1
217595,0
217596,1
217598,0
217599,0
217601,0
217607,1
217610,1
217619,0
217620,1
217624,0
217626,0
217630,1
217631,1
217633,1
217634,0
217636,1
217638,0
217641,1
217642,0
217643,0
217645,1
217648,1
217653,1
217655,1
217656,0
217657,1
217659,0
217664,1
217667,1
217671,0
217673,0
217675,1
217676,1
217677,0
217680,0
217681,0
217684,1
217686,0
217690,0
217693,1
217694,0
217695,1
217696,0
217698,1
217701,1
217702,1
217705,0
217708,1
217709,1
217712,0
217716,0
217719,1
217722,0
217723,0
217729,0
217730,1
217731,1
217737,1
217738,0
217743,0
217745,0
217748,0
217749,1
217752,1
217754,1
217759,1
217766,0
217770,1
217772,1
217774,1
217777,0
217778,1
217780,1
217782,0
217784,1
217788,1
217791,1
217793,0
217795,0
217797,0
217800,1
217811,0
217814,0
217819,1
217823,1
217825,0
217827,1
217831,0
217832,1
217834,1
217837,1
217838,0
217839,1
217842,1
217843,1
217845,1
217848,0
217849,0
217853,0
217855,1
217858,0
217859,0
217862,1
217863,0
217867,1
217871,0
217874,1
217879,1
217880,0
217885,0
217886,0
217888,1
217891,0
217898,0
217899,0
217900,0
217905,1
217906,1
217908,1
217909,0
217913,1
217916,1
217917,1
217918,1
217920,0
217924,0
217925,1
217927,1
217929,1
217930,0
217931,0
217932,0
217933,0
217934,1
217936,1
217940,1
217947,1
217948,1
217952,0
217959,0
217960,0
217961,1
217964,0
217965,0
217966,1
217971,1
217973,0
217974,0
217977,1
217978,0
217981,1
217983,1
217985,1
217987,0
217988,1
217992,1
217995,1
217996,0
217998,0
217999,1
218001,1
218002,1
218003,1
218005,1
218009,1
218011,1
218012,1
218013,0
218014,1
218018,1
218022,1
218023,0
218024,1
218025,1
218027,1
218028,1
218031,0
218034,1
218039,0
218042,1
218045,0
218049,1
218053,0
218058,0
218059,0
218062,1
218064,0
218067,0
218069,1
218071,1
218073,0
218075,0
218078,1
218079,0
218080,0
218081,0
218082,1
218083,0
218084,0
218085,0
218086,0
218096,1
218097,1
218098,1
218099,1
218102,1
218103,0
218104,1
218105,1
218107,1
218108,0
218116,1
218120,1
218122,1
218124,0
218129,0
218139,0
218141,1
218143,0
218145,1
218148,0
218153,1
218156,0
218157,1
218160,1
218161,0
218162,0
218163,1
218170,1
218171,0
218172,1
218175,1
218177,0
218178,0
218182,1
218186,1
218187,1
218188,0
218189,1
218192,1
218196,1
218198,1
218199,0
218200,0
218204,1
218205,0
218207,0
218210,1
218212,1
218214,0
218216,1
218217,1
218219,1
218223,0
218225,0
218226,1
218232,1
218239,1
218242,0
218245,0
218247,0
218248,0
218249,0
218250,0
218251,0
218257,0
218260,1
218262,1
218263,1
218264,0
218275,1
218276,1
218278,0
218279,1
218281,0
218285,1
218286,1
218289,0
218291,0
218292,1
218298,1
218299,0
218302,1
218307,1
218308,1
218309,1
218315,0
218320,1
218322,1
218329,0
218330,1
218333,0
218337,1
218338,1
218347,0
218348,1
218349,0
218351,1
218352,0
218356,0
218358,1
218359,0
218360,1
218362,0
218364,1
218365,1
218368,1
218369,1
218370,0
218371,0
218372,0
218376,1
218378,0
218382,0
218384,1
218385,1
218387,1
218389,1
218391,1
218392,0
218395,1
218396,1
218400,1
218401,1
218404,0
218405,1
218406,1
218408,1
218409,1
218410,0
218412,1
218416,1
218418,1
218419,1
218420,0
218422,1
218425,1
218426,1
218427,0
218432,1
218433,0
218435,1
218436,1
218441,1
218444,1
218445,1
218450,1
218451,0
218452,1
218454,1
218455,0
218457,1
218458,0
218460,0
218462,1
218464,1
218469,1
218471,1
218472,1
218473,0
218482,1
218484,1
218488,1
218491,0
218492,1
218498,1
218499,1
218506,0
218511,1
218514,0
218517,0
218520,1
218523,1
218524,0
218526,1
218530,0
218532,0
218536,1
218539,1
218540,1
218544,1
218547,0
218552,1
218553,1
218556,1
218558,1
218559,1
218562,0
218563,0
218564,1
218565,1
218570,1
218573,0
218577,1
218581,0
218582,1
218591,1
218592,1
218595,1
218596,1
218597,0
218598,0
218603,0
218605,0
218610,1
218612,0
218613,1
218615,1
218617,1
218618,0
218619,0
218620,0
218621,0
218622,0
218623,0
218624,0
218625,0
218626,0
218630,1
218631,0
218636,1
218641,1
218645,1
218647,1
218648,0
218649,1
218651,1
218654,1
218659,0
218670,1
218672,0
218674,1
218675,0
218676,1
218678,0
218684,0
218688,1
218689,0
218690,1
218691,0
218697,1
218698,0
218700,1
218703,1
218706,1
218708,1
218711,0
218714,1
218715,1
218720,1
218722,1
218724,1
218725,1
218726,0
218732,1
218737,0
218738,1
218739,1
218744,1
218745,1
218746,1
218747,1
218750,0
218753,1
218754,1
218760,0
218765,0
218766,0
218767,1
218768,1
218772,0
218773,1
218776,0
218779,1
218780,0
218782,0
218787,1
218788,1
218790,1
218791,1
218794,0
218798,1
218799,0
218805,0
218807,1
218809,1
218810,0
218812,0
218814,0
218818,0
218819,0
218831,0
218832,1
218833,1
218834,0
218835,0
218836,0
218839,1
218841,0
218846,0
218847,1
218849,1
218850,1
218855,1
218860,1
218861,1
218875,1
218876,1
218891,0
218892,0
218893,1
218894,0
218896,0
218903,0
218905,1
218915,1
218916,0
218922,1
218923,1
218930,0
218932,1
218935,0
218936,0
218937,1
218940,0
218943,1
218945,0
218950,1
218951,1
218955,1
218956,0
218960,1
218962,0
218963,0
218964,1
218965,1
218966,1
218967,1
218970,1
218971,0
218972,1
218973,0
218974,0
218975,0
218978,0
218979,1
218980,0
218981,1
218983,0
218984,1
218987,1
218993,0
218997,0
219000,0
219002,0
219004,0
219005,1
219011,1
219015,1
219018,0
219020,0
219021,1
219022,1
219025,1
219027,0
219028,0
219029,0
219032,1
219034,1
219036,0
219037,1
219038,1
219039,1
219040,0
219041,0
219042,1
219044,1
219049,1
219050,0
219051,0
219052,1
219054,1
219055,1
219056,0
219060,0
219063,0
219067,0
219068,1
219072,1
219077,1
219078,1
219079,0
219080,0
219081,0
219082,1
219084,1
219086,0
219088,1
219091,0
219092,0
219093,0
219096,0
219099,0
219101,1
219105,0
219106,1
219111,0
219112,0
219113,0
219114,1
219116,1
219117,0
219118,0
219119,1
219121,1
219124,1
219127,0
219128,0
219129,1
219130,1
219131,1
219136,0
219142,1
219143,1
219151,1
219152,0
219153,0
219154,0
219156,0
219157,0
219158,1
219161,0
219163,0
219169,0
219170,0
219174,0
219175,0
219176,0
219179,1
219181,1
219184,0
219185,1
219187,0
219188,0
219191,0
219194,1
219198,0
219199,1
219200,1
219201,1
219203,0
219204,0
219208,0
219211,0
219213,1
219214,1
219218,0
219221,0
219222,1
219224,1
219225,0
219229,0
219231,1
219233,1
219234,1
219235,1
219236,1
219237,1
219239,1
219242,1
219243,0
219244,1
219247,0
219248,1
219251,0
219252,0
219256,0
219260,0
219261,1
219263,1
219265,0
219266,0
219271,1
219272,0
219276,1
219277,0
219278,1
219280,1
219282,0
219284,1
219285,0
219287,1
219294,0
219298,1
219300,0
219301,0
219304,0
219305,0
219309,0
219313,0
219314,1
219316,0
219319,0
219322,1
219323,1
219328,1
219333,1
219334,1
219337,0
219343,1
219348,1
219351,0
219353,0
219355,1
219356,0
219359,1
219360,0
219362,0
219366,0
219371,0
219379,1
219381,1
219382,0
219385,1
219390,0
219394,0
219397,0
219400,1
219404,1
219405,1
219411,1
219413,0
219414,1
219415,1
219416,0
219417,0
219418,1
219422,0
219423,1
219426,1
219427,1
219428,0
219429,1
219431,1
219432,1
219434,0
219435,0
219438,0
219439,0
219442,0
219444,0
219445,1
219447,1
219456,1
219458,0
219459,0
219463,0
219467,1
219468,0
219471,0
219473,1
219474,1
219475,1
219476,0
219477,0
219478,0
219479,0
219480,1
219481,0
219487,0
219494,1
219504,0
219506,1
219511,1
219513,1
219517,0
219518,0
219519,1
219520,0
219521,1
219525,1
219526,0
219527,0
219528,1
219529,1
219530,0
219532,0
219534,0
219536,1
219538,1
219543,1
219553,1
219556,0
219557,0
219558,0
219563,1
219565,1
219568,1
219571,0
219573,1
219578,1
219579,0
219580,0
219584,0
219585,0
219586,1
219591,1
219594,1
219596,0
219598,0
219599,0
219600,0
219601,1
219603,0
219604,0
219606,0
219608,1
219609,0
219610,1
219612,1
219614,0
219620,0
219621,0
219625,1
219626,0
219630,1
219631,0
219637,0
219639,0
219640,0
219642,1
219643,1
219645,1
219646,0
219648,1
219650,1
219653,0
219658,1
219659,0
219660,0
219661,0
219662,0
219663,1
219675,1
219677,1
219678,1
219680,0
219681,0
219682,1
219686,0
219688,1
219690,1
219693,1
219696,0
219697,0
219699,1
219702,0
219709,1
219716,1
219717,1
219720,1
219722,0
219723,0
219724,0
219726,0
219729,1
219736,0
219739,0
219741,1
219744,0
219749,0
219755,0
219756,0
219757,0
219760,0
219762,0
219763,1
219767,0
219770,1
219771,0
219773,1
219774,0
219775,1
219776,0
219783,0
219785,0
219786,0
219788,1
219789,1
219794,0
219795,1
219796,1
219800,1
219802,0
219805,1
219811,0
219813,1
219827,0
219829,0
219830,0
219832,1
219833,0
219835,0
219836,1
219838,0
219844,0
219850,1
219854,0
219856,1
219861,0
219862,1
219865,0
219868,1
219872,0
219874,0
219875,0
219876,0
219877,1
219879,1
219882,0
219886,1
219894,1
219895,1
219896,1
219897,0
219899,0
219900,0
219904,0
219907,1
219909,1
219913,0
219914,1
219915,0
219917,1
219918,0
219922,1
219924,0
219925,1
219928,1
219929,1
219931,1
219933,1
219935,1
219937,0
219938,0
219940,1
219942,0
219943,0
219944,1
219945,1
219948,0
219950,0
219955,1
219958,1
219964,1
219967,0
219968,0
219969,1
219970,1
219972,0
219976,1
219981,1
219982,0
219985,0
219989,0
219990,0
219993,0
219996,1
219997,1
219999,0
220000,0
220003,0
220005,1
220008,1
220011,0
220012,0
220016,0
220018,0
220020,0
220023,1
220025,0
220028,1
220029,1
220031,0
220034,0
220036,1
220043,0
220047,0
220048,1
220051,0
220054,0
220063,1
220066,0
220067,0
220068,0
220074,1
220079,1
220081,0
220083,1
220085,0
220086,1
220087,1
220093,1
220094,1
220095,0
220098,0
220099,1
220102,0
220103,1
220108,1
220109,0
220113,1
220114,1
220116,0
220118,1
220119,1
220120,0
220124,0
220126,1
220129,1
220141,0
220142,0
220143,0
220145,1
220149,0
220152,1
220154,0
220157,1
220159,0
220160,1
220172,0
220174,1
220177,0
220178,1
220181,1
220182,0
220183,0
220185,0
220187,0
220189,0
220192,1
220195,1
220197,0
220201,0
220202,1
220205,0
220212,0
220218,0
220219,1
220222,1
220223,0
220224,0
220230,1
220233,1
220234,0
220237,0
220241,1
220243,1
220245,0
220247,0
220249,0
220250,0
220251,0
220253,1
220254,0
220255,1
220257,0
220258,1
220259,0
220260,0
220261,0
220263,1
220267,1
220269,1
220272,1
220282,1
220284,1
220290,0
220291,0
220293,1
220295,1
220296,0
220299,1
220301,0
220302,1
220307,0
220309,0
220311,1
220326,1
220327,1
220328,1
220330,0
220333,1
220334,1
220341,0
220342,1
220343,1
220355,1
220356,0
220357,0
220361,1
220366,1
220367,0
220372,0
220375,0
220378,1
220380,0
220385,0
220387,0
220389,0
220390,0
220393,1
220398,0
220402,0
220404,0
220407,1
220413,0
220414,1
220415,0
220417,0
220421,1
220422,1
220427,0
220430,0
220435,1
220438,1
220439,1
220444,1
220448,0
220450,1
220453,1
220455,0
220456,1
220458,0
220459,0
220463,0
220469,0
220470,0
220471,1
220478,1
220483,1
220485,0
220488,0
220489,1
220491,0
220495,0
220496,0
220497,0
220498,0
220499,0
220500,1
220504,1
220506,1
220508,1
220509,1
220510,0
220511,0
220512,1
220514,0
220515,0
220516,0
220520,0
220521,0
220523,1
220528,1
220530,0
220531,0
220532,0
220533,0
220534,1
220538,0
220539,1
220542,0
220544,0
220547,0
220550,1
220555,0
220556,1
220558,0
220559,0
220563,0
220567,1
220568,1
220569,1
220571,1
220573,0
220574,0
220576,0
220577,0
220580,0
220582,1
220594,0
220596,1
220597,0
220598,1
220599,1
220602,0
220603,1
220605,1
220609,1
220614,0
220625,1
220626,1
220630,0
220631,1
220642,0
220643,0
220645,0
220646,0
220657,0
220659,1
220661,0
220662,1
220664,1
220665,0
220671,0
220672,1
220676,1
220677,1
220678,0
220681,0
220682,1
220686,1
220687,1
220692,1
220694,1
220695,1
220698,0
220699,0
220700,0
220701,0
220704,0
220706,1
220709,0
220713,0
220715,0
220719,1
220723,0
220724,1
220732,1
220733,1
220740,0
220744,0
220748,1
220750,1
220753,1
220755,1
220756,1
220760,1
220765,0
220766,0
220768,0
220770,1
220771,0
220772,1
220774,0
220775,0
220780,0
220782,1
220783,1
220786,1
220790,1
220791,1
220793,1
220794,1
220799,1
220800,0
220804,1
220805,1
220807,0
220809,1
220810,1
220816,1
220818,1
220820,0
220821,0
220830,1
220831,1
220833,0
220840,1
220841,1
220842,1
220843,1
220844,0
220846,1
220847,1
220851,0
220852,1
220855,0
220856,0
220857,1
220865,0
220866,1
220874,0
220875,1
220876,1
220881,0
220884,1
220885,1
220893,1
220894,0
220896,0
220899,1
220901,0
220902,0
220908,0
220910,1
220913,0
220914,1
220916,1
220920,1
220923,0
220927,1
220928,1
220934,1
220938,0
220939,0
220941,1
220942,0
220951,1
220955,0
220960,0
220961,0
220973,1
220974,1
220976,0
220980,0
220982,0
220983,0
220990,1
220991,1
220992,0
220993,1
220994,0
220995,0
220998,0
221000,1
221001,1
221003,0
221006,0
221007,0
221008,0
221010,1
221021,0
221022,1
221025,1
221029,0
221030,1
221031,0
221032,1
221035,0
221039,1
221044,1
221045,1
221047,0
221048,0
221049,0
221053,1
221055,0
221056,0
221058,1
221061,1
221063,0
221064,1
221066,1
221067,1
221068,0
221071,1
221073,0
221074,0
221075,1
221078,0
221080,1
221086,0
221087,0
221090,1
221093,0
221098,1
221099,0
221101,1
221105,1
221106,0
221108,1
221112,1
221113,1
221114,0
221116,0
221119,1
221120,1
221124,1
221125,0
221126,1
221129,0
221133,1
221134,1
221137,0
221138,0
221140,1
221141,0
221142,1
221144,0
221145,1
221146,1
221149,0
221151,0
221153,1
221156,0
221158,0
221159,1
221160,0
221162,1
221163,0
221164,1
221172,0
221175,0
221179,0
221180,1
221184,1
221185,1
221189,1
221191,1
221192,1
221196,1
221197,1
221198,0
221200,0
221202,0
221203,0
221205,1
221206,1
221209,0
221215,1
221217,0
221218,1
221219,0
221221,0
221223,0
221225,0
221227,0
221228,1
221229,1
221230,0
221232,0
221233,0
221235,1
221244,0
221245,0
221246,1
221250,0
221251,0
221252,0
221253,1
221256,0
221259,1
221262,0
221264,1
221265,0
221268,0
221270,0
221271,0
221272,0
221273,0
221275,1
221277,1
221281,0
221287,1
221289,0
221290,1
221291,1
221298,0
221300,0
221302,1
221304,0
221306,1
221313,1
221315,0
221316,1
221317,0
221318,1
221319,0
221320,1
221324,0
221329,1
221330,0
221334,0
221336,0
221337,0
221342,1
221347,0
221348,1
221354,0
221355,0
221359,1
221362,0
221363,0
221364,1
221366,1
221370,1
221371,1
221375,1
221377,1
221378,1
221379,0
221384,1
221385,1
221391,0
221393,1
221394,1
221396,1
221398,1
221399,1
221400,1
221401,1
221406,0
221410,0
221411,1
221413,1
221415,1
221419,0
221422,0
221426,0
221434,1
221435,0
221442,0
221444,0
221453,0
221454,1
221457,1
221459,1
221462,0
221463,0
221468,1
221469,0
221470,1
221477,1
221481,1
221482,0
221483,1
221485,1
221486,0
221489,0
221501,0
221502,1
221505,1
221506,1
221507,1
221508,0
221509,0
221512,0
221516,1
221518,0
221519,1
221523,0
221524,1
221526,1
221533,1
221535,0
221536,1
221538,1
221539,0
221540,0
221541,0
221544,0
221547,1
221548,1
221549,1
221555,1
221556,1
221557,0
221559,1
221560,1
221561,0
221563,1
221564,1
221566,0
221568,1
221570,1
221578,0
221582,0
221584,1
221585,0
221588,0
221589,0
221593,0
221595,0
221596,0
221597,1
221598,0
221600,1
221604,0
221606,0
221608,1
221610,1
221612,0
221615,1
221616,0
221617,1
221618,1
221620,1
221621,0
221627,1
221628,0
221630,0
221632,0
221633,1
221637,1
221639,0
221641,0
221643,0
221644,1
221646,0
221653,0
221654,1
221655,1
221656,1
221659,1
221660,1
221661,1
221671,1
221672,1
221673,1
221681,1
221682,0
221683,1
221684,0
221691,0
221692,0
221693,0
221695,0
221696,0
221699,0
221700,1
221701,0
221702,1
221709,0
221710,1
221714,0
221717,0
221719,1
221721,1
221722,1
221727,1
221729,1
221731,1
221732,1
221734,0
221735,0
221736,0
221738,1
221740,1
221751,0
221755,1
221760,1
221763,0
221764,0
221765,0
221769,0
221771,0
221775,0
221780,1
221781,1
221783,1
221786,0
221791,0
221792,0
221793,1
221795,0
221796,0
221799,1
221801,0
221802,0
221803,0
221807,1
221808,0
221812,1
221816,0
221818,0
221822,1
221827,1
221829,0
221831,0
221833,1
221837,1
221838,1
221840,1
221841,1
221842,1
221850,1
221852,0
221857,1
221858,1
221860,1
221862,1
221863,1
221864,0
221866,1
221867,0
221871,1
221872,1
221873,0
221875,1
221881,1
221882,1
221883,0
221884,1
221889,0
221891,1
221892,0
221895,0
221897,1
221898,1
221899,0
221901,0
221903,1
221904,0
221910,0
221911,1
221912,0
221914,1
221917,0
221921,0
221922,0
221925,0
221934,0
221936,0
221939,1
221940,0
221942,0
221945,1
221947,0
221950,0
221952,0
221953,1
221955,0
221956,0
221957,1
221958,0
221959,1
221962,1
221965,0
221968,0
221969,0
221970,1
221974,0
221977,0
221978,1
221979,1
221981,1
221983,1
221986,0
221990,1
221993,0
221995,1
221996,1
221998,0
221999,1
222002,1
222007,0
222010,0
222012,0
222023,0
222025,0
222031,0
222032,0
222035,0
222036,1
222037,0
222039,1
222040,0
222044,1
222046,1
222047,0
222050,0
222055,0
222056,1
222058,1
222063,0
222064,1
222066,0
222068,1
222069,0
222071,0
222076,0
222078,0
222079,1
222081,1
222087,1
222088,1
222089,0
222095,0
222096,1
222099,0
222100,0
222103,0
222109,0
222111,0
222112,1
222116,0
222118,0
222120,0
222122,1
222123,1
222125,0
222126,0
222129,0
222131,0
222133,1
222135,1
222137,1
222140,0
222141,1
222143,0
222148,0
222150,0
222152,0
222157,1
222158,0
222160,1
222161,0
222162,0
222165,1
222166,0
222169,0
222170,1
222176,0
222179,1
222180,1
222181,1
222183,0
222185,0
222186,1
222187,1
222188,0
222192,1
222194,0
222195,0
222201,0
222204,0
222206,1
222208,0
222211,0
222212,0
222222,0
222223,0
222224,1
222226,1
222229,1
222232,0
222235,1
222236,1
222238,0
222239,0
222241,1
222242,1
222245,1
222246,1
222247,1
222248,1
222250,1
222252,0
222253,0
222255,0
222257,0
222259,0
222261,1
222263,0
222264,1
222265,0
222266,1
222267,1
222270,0
222273,1
222274,0
222275,1
222277,0
222279,1
222286,0
222287,1
222288,0
222292,1
222294,0
222297,1
222298,0
222299,0
222300,1
222305,0
222306,0
222307,1
222310,0
222311,0
222312,0
222314,0
222315,0
222320,0
222322,1
222323,0
222324,1
222325,1
222326,1
222329,1
222330,1
222332,0
222334,0
222337,0
222338,1
222340,1
222342,0
222343,1
222345,1
222353,1
222357,1
222360,1
222361,1
222364,0
222365,1
222366,1
222367,0
222369,0
222370,0
222372,1
222373,0
222377,0
222378,0
222379,1
222381,0
222383,1
222386,1
222389,1
222395,1
222397,0
222399,1
222403,1
222404,0
222406,0
222409,1
222411,1
222415,1
222416,0
222417,1
222420,1
222422,1
222428,1
222432,0
222434,0
222437,1
222441,1
222448,1
222449,0
222455,0
222458,0
222459,1
222460,1
222461,0
222464,1
222469,1
222470,0
222471,0
222476,1
222479,0
222480,0
222482,1
222484,1
222489,0
222490,1
222491,0
222493,1
222495,1
222496,1
222497,0
222498,1
222499,0
222500,1
222501,1
222502,0
222503,1
222507,1
222510,0
222511,0
222512,0
222513,1
222515,0
222516,0
222521,1
222523,1
222524,1
222529,1
222536,1
222537,1
222539,1
222548,0
222550,0
222556,1
222559,1
222563,0
222566,1
222567,0
222570,0
222571,0
222572,0
222573,1
222577,0
222578,0
222582,1
222584,1
222585,0
222586,1
222591,1
222592,1
222593,1
222602,1
222609,0
222610,0
222615,0
222617,0
222619,1
222624,0
222626,0
222629,1
222630,0
222632,0
222633,1
222634,0
222636,1
222638,1
222644,0
222646,0
222651,0
222652,0
222654,1
222656,0
222657,0
222658,0
222660,1
222663,0
222664,1
222665,0
222670,1
222671,0
222672,1
222681,0
222684,1
222685,1
222686,0
222687,0
222689,0
222690,0
222692,1
222693,0
222694,0
222695,1
222697,1
222699,0
222700,0
222704,0
222705,0
222706,0
222707,0
222708,0
222709,0
222710,1
222716,0
222717,0
222718,1
222720,1
222722,0
222723,0
222724,0
222729,0
222732,0
222741,1
222743,0
222746,1
222749,0
222750,0
222754,1
222759,1
222760,0
222762,0
222764,1
222766,0
222773,0
222774,0
222779,0
222780,0
222783,0
222784,0
222789,0
222790,1
222793,0
222794,1
222795,0
222797,1
222798,1
222799,1
222803,0
222809,0
222810,1
222816,0
222817,0
222818,0
222820,1
222821,1
222823,1
222824,0
222826,0
222827,0
222829,1
222830,0
222831,0
222837,1
222849,0
222850,0
222854,0
222861,0
222862,1
222864,1
222867,1
222868,0
222869,1
222870,1
222872,0
222875,1
222877,0
222882,0
222883,0
222886,0
222888,0
222891,1
222892,1
222896,1
222897,0
222909,0
222911,1
222917,0
222918,0
222919,0
222921,0
222926,1
222928,1
222931,0
222933,1
222935,0
222936,1
222938,1
222939,0
222940,1
222942,0
222945,1
222949,1
222951,1
222952,0
222954,1
222961,1
222962,1
222964,0
222966,1
222969,0
222974,0
222977,1
222979,0
222980,1
222981,0
222982,1
222983,0
222984,0
222991,1
222993,0
222995,0
222996,1
223006,0
223009,0
223012,1
223013,0
223014,0
223019,1
223020,0
223023,0
223028,0
223032,1
223033,1
223035,1
223036,1
223038,1
223040,1
223044,1
223046,1
223047,0
223049,0
223050,0
223051,0
223055,0
223057,1
223059,1
223065,1
223066,0
223069,1
223077,0
223079,1
223081,1
223093,0
223094,0
223095,1
223097,0
223099,1
223101,1
223102,0
223103,1
223106,0
223108,0
223112,0
223118,1
223123,1
223124,1
223127,0
223128,0
223129,1
223130,1
223131,0
223134,1
223135,0
223137,0
223139,0
223140,1
223143,0
223144,0
223145,0
223146,1
223149,0
223154,0
223155,0
223157,0
223160,1
223161,0
223162,1
223163,1
223171,0
223172,0
223174,0
223175,1
223176,1
223177,1
223178,1
223185,1
223186,0
223188,1
223190,1
223193,1
223195,1
223198,1
223201,1
223203,1
223204,0
223212,0
223217,0
223220,1
223225,1
223227,0
223228,0
223230,1
223231,0
223235,0
223236,0
223243,0
223245,1
223249,0
223251,0
223252,0
223255,0
223256,1
223258,0
223259,0
223260,0
223262,1
223264,1
223268,1
223270,1
223275,0
223277,1
223278,0
223280,1
223282,0
223283,1
223285,0
223286,0
223292,0
223293,0
223294,1
223295,1
223298,1
223300,0
223301,1
223304,1
223308,1
223310,0
223313,1
223315,1
223319,1
223320,0
223321,0
223326,0
223328,0
223329,0
223330,0
223334,0
223340,0
223341,0
223342,1
223349,0
223350,0
223352,1
223353,1
223355,0
223356,1
223360,1
223362,1
223365,0
223366,0
223367,1
223377,1
223378,0
223381,1
223382,1
223384,1
223386,1
223387,0
223390,0
223392,0
223393,0
223394,1
223395,0
223396,1
223397,0
223398,0
223410,0
223413,1
223414,1
223415,0
223416,1
223418,0
223419,0
223422,1
223424,1
223429,1
223430,1
223436,1
223437,1
223439,1
223440,0
223442,0
223443,1
223446,1
223447,0
223448,0
223453,0
223456,0
223457,0
223459,1
223461,1
223462,0
223463,1
223465,0
223466,1
223467,0
223469,0
223470,1
223471,1
223473,0
223474,1
223475,1
223477,1
223480,0
223481,0
223483,0
223484,0
223486,1
223487,1
223488,1
223489,1
223491,1
223492,0
223498,1
223502,0
223505,1
223513,1
223515,1
223516,0
223522,0
223525,0
223526,1
223528,0
223529,1
223531,0
223532,0
223534,1
223536,0
223540,0
223541,1
223542,0
223543,0
223545,1
223553,0
223555,1
223556,1
223561,1
223562,1
223563,1
223571,1
223573,0
223577,1
223578,1
223579,0
223580,1
223581,0
223582,0
223583,1
223584,0
223585,1
223589,1
223594,1
223595,1
223596,1
223597,0
223598,1
223599,0
223603,0
223605,0
223606,1
223607,0
223609,1
223611,1
223612,0
223615,1
223616,1
223620,0
223624,0
223626,1
223627,1
223633,1
223638,1
223639,0
223640,1
223642,1
223644,0
223648,1
223649,1
223650,0
223651,0
223652,1
223653,1
223659,0
223662,1
223664,0
223666,1
223667,1
223668,0
223669,0
223675,1
223678,0
223679,1
223684,0
223685,0
223687,1
223688,1
223690,1
223691,0
223699,1
223701,1
223704,0
223705,1
223708,0
223716,1
223717,1
223718,0
223719,1
223720,0
223722,1
223723,1
223729,0
223731,1
223738,0
223741,1
223745,1
223751,1
223755,1
223758,0
223760,1
223761,0
223771,1
223774,1
223777,1
223783,0
223785,1
223787,0
223792,0
223795,1
223799,0
223803,1
223806,0
223807,1
223808,0
223809,0
223810,1
223815,1
223820,0
223823,1
223824,1
223826,0
223827,0
223834,1
223838,1
223843,1
223844,0
223847,0
223849,0
223853,0
223855,0
223858,1
223863,0
223871,1
223873,1
223874,1
223875,1
223877,1
223879,0
223881,0
223882,0
223884,1
223885,0
223886,0
223889,0
223890,0
223891,1
223892,0
223893,1
223894,0
223905,1
223908,1
223909,0
223910,0
223911,0
223912,1
223915,1
223917,1
223920,1
223927,0
223930,0
223936,0
223938,0
223940,0
223941,1
223943,1
223946,0
223949,1
223951,0
223953,0
223958,0
223960,1
223963,1
223964,0
223965,0
223967,0
223969,0
223971,0
223976,1
223979,1
223980,0
223981,1
223982,1
223985,0
223986,0
223989,0
223993,1
223995,1
224001,0
224004,1
224005,0
224008,0
224014,0
224018,0
224020,0
224022,1
224024,0
224026,0
224028,1
224031,0
224032,1
224035,0
224039,0
224041,1
224053,0
224054,1
224055,0
224058,0
224059,0
224060,1
224061,1
224064,0
224065,1
224066,1
224069,1
224074,1
224075,0
224076,1
224077,1
224080,0
224085,1
224088,1
224090,1
224091,1
224093,0
224094,1
224095,1
224096,1
224097,1
224098,0
224099,0
224100,0
224102,1
224110,0
224113,0
224115,1
224116,1
224119,1
224120,0
224124,0
224125,0
224128,0
224131,0
224133,0
224134,0
224140,0
224142,0
224144,1
224145,1
224148,0
224150,0
224151,0
224152,0
224153,0
224156,0
224158,1
224161,1
224162,1
224165,1
224171,0
224179,0
224181,1
224186,1
224188,0
224192,0
224194,1
224197,0
224198,0
224199,0
224200,0
224201,0
224205,1
224206,1
224214,0
224216,1
224222,1
224226,1
224229,0
224231,1
224233,1
224234,1
224235,0
224236,1
224237,1
224238,1
224240,0
224241,1
224242,0
224244,1
224245,1
224248,1
224250,0
224252,1
224255,1
224258,1
224262,0
224267,1
224268,1
224270,0
224271,1
224272,1
224274,0
224276,1
224281,0
224282,0
224286,1
224288,0
224289,0
224292,0
224293,0
224298,0
224299,1
224300,1
224301,0
224302,0
224303,1
224306,1
224308,0
224309,1
224310,0
224312,0
224313,1
224314,1
224317,0
224318,0
224320,1
224324,0
224325,0
224327,0
224334,1
224339,0
224342,0
224354,1
224356,0
224363,1
224364,1
224366,0
224367,1
224368,1
224369,0
224370,0
224375,0
224377,0
224378,0
224380,1
224383,0
224388,1
224390,1
224393,1
224399,0
224401,1
224406,0
224407,1
224408,0
224412,0
224416,0
224417,0
224418,0
224420,1
224421,0
224425,1
224435,0
224444,0
224447,1
224450,1
224454,0
224456,1
224457,1
224459,0
224460,0
224463,0
224464,0
224466,1
224468,0
224471,0
224472,1
224476,0
224477,0
224478,0
224481,1
224487,0
224490,0
224495,1
224500,1
224507,1
224511,0
224513,1
224514,0
224520,0
224521,0
224523,1
224524,1
224529,0
224532,0
224534,0
224541,1
224546,1
224556,0
224557,1
224558,1
224559,1
224562,0
224571,0
224572,0
224574,1
224575,1
224576,1
224580,1
224584,1
224585,1
224588,1
224590,1
224591,1
224592,1
224594,1
224599,0
224600,1
224605,1
224608,0
224609,0
224610,0
224613,0
224614,0
224617,0
224619,0
224622,1
224623,1
224626,0
224627,0
224628,0
224630,0
224634,0
224638,0
224644,1
224647,0
224650,0
224651,1
224653,1
224657,1
224661,1
224664,0
224666,0
224670,1
224671,0
224672,0
224674,1
224677,0
224681,1
224687,0
224689,0
224690,1
224693,1
224697,0
224706,1
224707,0
224708,0
224709,0
224714,0
224718,1
224719,0
224721,0
224723,0
224725,0
224727,0
224729,1
224733,0
224735,0
224736,1
224737,1
224738,1
224744,1
224748,1
224749,0
224751,1
224755,1
224756,1
224757,0
224760,0
224761,0
224762,0
224763,0
224766,1
224770,0
224771,1
224772,0
224773,0
224775,1
224777,0
224778,1
224779,0
224780,0
224783,0
224784,0
224786,1
224787,0
224797,1
224798,1
224800,0
224801,1
224802,1
224806,1
224807,1
224811,0
224816,1
224818,1
224820,0
224823,0
224825,0
224828,0
224831,1
224833,0
224835,0
224836,1
224839,0
224841,1
224844,0
224848,1
224856,0
224858,0
224862,0
224867,1
224870,1
224871,0
224873,0
224879,1
224880,1
224881,0
224888,1
224891,1
224895,1
224896,0
224898,0
224899,1
224901,1
224904,0
224909,1
224912,1
224914,0
224919,0
224920,0
224921,0
224928,1
224929,0
224930,0
224933,1
224934,0
224935,0
224937,1
224941,1
224942,1
224945,0
224948,0
224949,1
224954,1
224956,0
224957,1
224958,0
224960,0
224963,1
224973,0
224974,0
224975,1
224978,0
224982,0
224983,0
224984,1
224985,1
224987,1
224989,1
224991,1
224992,0
224993,1
224997,0
225003,1
225004,1
225006,1
225007,1
225009,0
225011,1
225012,0
225013,1
225015,0
225020,0
225022,0
225024,0
225025,1
225026,1
225028,1
225033,1
225035,1
225037,1
225047,1
225048,0
225050,1
225051,1
225052,1
225054,0
225056,0
225058,0
225066,0
225069,1
225071,0
225074,0
225078,1
225081,1
225084,0
225085,0
225086,1
225088,1
225090,1
225098,0
225099,1
225101,0
225106,0
225108,1
225112,1
225113,0
225114,0
225119,0
225122,0
225123,1
225124,1
225126,0
225127,1
225128,1
225131,1
225132,1
225133,1
225136,1
225140,1
225144,1
225148,0
225151,0
225154,0
225155,1
225157,1
225159,1
225160,0
225162,1
225163,1
225165,0
225166,0
225168,1
225169,0
225170,0
225172,1
225174,1
225176,0
225177,0
225178,1
225179,0
225180,0
225181,1
225186,0
225188,0
225190,0
225192,0
225194,1
225195,1
225204,1
225207,0
225209,1
225210,1
225214,0
225223,0
225224,0
225227,0
225228,0
225229,1
225230,0
225231,1
225233,0
225235,1
225237,0
225238,0
225241,1
225242,1
225244,1
225246,1
225248,0
225253,1
225255,0
225258,1
225261,1
225263,1
225269,1
225270,0
225271,0
225275,0
225276,1
225277,0
225279,0
225280,0
225283,1
225285,0
225289,0
225290,1
225294,0
225299,1
225303,0
225304,0
225305,0
225309,0
225311,1
225312,0
225313,1
225315,0
225316,1
225318,1
225321,1
225322,0
225325,0
225326,0
225327,1
225328,1
225330,1
225333,0
225335,0
225336,1
225338,0
225342,0
225343,1
225345,1
225346,0
225347,1
225348,1
225349,1
225352,0
225353,1
225356,1
225357,1
225360,0
225363,0
225367,0
225369,1
225370,0
225371,1
225372,0
225375,0
225377,0
225380,1
225382,0
225387,0
225390,0
225393,0
225397,0
225399,1
225400,1
225401,1
225402,0
225405,0
225408,0
225413,0
225415,0
225425,1
225429,1
225431,0
225434,0
225435,0
225439,0
225440,0
225442,0
225443,1
225444,0
225446,0
225447,1
225450,1
225451,1
225452,1
225454,0
225459,1
225460,0
225461,0
225464,0
225466,0
225469,1
225472,1
225477,0
225478,1
225481,1
225482,1
225483,0
225484,1
225486,1
225493,1
225496,0
225499,0
225500,0
225502,1
225505,0
225507,1
225508,0
225509,1
225510,0
225511,1
225513,0
225515,1
225517,0
225518,0
225519,0
225520,0
225521,1
225522,1
225524,0
225526,0
225532,1
225534,1
225536,1
225537,1
225538,0
225540,0
225541,0
225542,0
225543,0
225546,0
225547,0
225548,1
225550,1
225551,0
225557,1
225558,0
225561,1
225562,1
225563,0
225565,0
225566,0
225568,0
225570,1
225572,0
225576,0
225580,0
225581,0
225582,0
225586,0
225588,1
225589,0
225590,0
225591,1
225592,0
225593,1
225594,0
225596,1
225597,1
225602,1
225603,1
225604,1
225606,1
225610,0
225611,1
225615,0
225618,0
225619,1
225621,0
225623,1
225627,0
225629,1
225630,0
225634,0
225636,0
225641,1
225645,0
225646,1
225647,0
225650,1
225651,1
225656,0
225658,1
225659,0
225660,1
225662,1
225663,1
225670,0
225672,0
225675,1
225676,1
225677,1
225678,0
225683,1
225685,1
225686,1
225688,1
225690,0
225691,1
225697,1
225701,1
225702,1
225703,1
225704,1
225705,1
225706,0
225711,1
225712,0
225713,1
225714,1
225715,0
225717,0
225718,1
225720,0
225722,0
225726,1
225728,0
225729,0
225731,0
225732,1
225733,0
225736,0
225737,0
225738,1
225743,0
225744,0
225746,1
225747,0
225754,0
225756,0
225760,1
225764,0
225766,1
225767,0
225772,0
225774,1
225778,0
225779,1
225780,1
225782,1
225783,1
225788,1
225789,1
225793,0
225796,1
225799,1
225802,1
225812,0
225813,1
225816,1
225817,1
225821,1
225826,0
225831,1
225833,1
225838,1
225840,1
225845,0
225846,1
225850,1
225854,1
225870,1
225875,0
225876,0
225877,0
225881,1
225882,1
225889,0
225891,1
225892,1
225894,0
225895,0
225897,1
225900,1
225901,1
225902,1
225906,1
225908,0
225909,0
225912,0
225916,1
225917,1
225924,1
225925,0
225926,0
225927,0
225928,0
225930,0
225935,0
225937,1
225939,1
225953,0
225954,0
225955,1
225957,0
225964,1
225965,1
225967,0
225969,0
225970,0
225972,1
225974,0
225976,1
225978,1
225981,1
225983,0
225985,0
225988,0
225989,1
225990,1
225991,0
225998,1
226000,0
226002,0
226003,0
226012,1
226016,0
226021,1
226022,1
226024,1
226025,1
226026,0
226029,0
226032,0
226034,0
226040,0
226042,0
226044,0
226050,0
226051,1
226052,0
226056,1
226057,0
226063,1
226064,1
226067,1
226074,0
226079,1
226080,1
226082,1
226084,0
226087,1
226093,0
226097,0
226098,1
226099,1
226100,0
226102,1
226103,0
226105,0
226107,1
226109,0
226110,1
226111,0
226113,1
226115,1
226116,1
226119,0
226120,1
226122,1
226123,0
226126,1
226129,0
226130,0
226131,0
226132,1
226133,0
226135,1
226136,1
226139,1
226141,0
226142,1
226143,1
226146,1
226149,0
226151,0
226154,0
226157,0
226161,0
226162,0
226165,1
226166,1
226168,1
226172,1
226174,1
226175,0
226180,0
226181,0
226183,1
226184,1
226186,1
226188,1
226191,1
226194,0
226203,0
226207,0
226215,1
226217,0
226218,1
226219,1
226220,0
226222,0
226225,1
226231,1
226232,1
226235,1
226237,0
226242,1
226243,0
226244,0
226245,0
226246,0
226247,0
226248,1
226249,1
226250,0
226255,1
226260,0
226261,0
226262,1
226263,0
226264,0
226266,1
226267,0
226270,0
226271,1
226272,0
226274,0
226277,1
226280,0
226282,0
226284,0
226285,1
226286,0
226292,1
226297,1
226301,1
226302,0
226306,1
226308,0
226309,1
226311,1
226313,1
226315,1
226320,0
226321,0
226322,1
226328,0
226329,1
226333,1
226334,0
226335,0
226339,0
226342,1
226350,1
226352,1
226353,0
226354,0
226357,1
226358,0
226360,0
226367,0
226369,0
226373,1
226375,1
226378,1
226379,1
226381,0
226385,0
226389,0
226390,0
226392,1
226394,0
226396,0
226398,0
226399,1
226401,0
226410,0
226411,0
226415,0
226416,1
226418,1
226422,1
226424,1
226426,0
226427,0
226436,1
226437,0
226438,1
226442,0
226443,0
226444,1
226445,1
226446,1
226450,1
226454,1
226456,1
226459,1
226461,1
226462,1
226468,1
226469,1
226470,0
226471,0
226473,0
226475,1
226476,1
226478,1
226481,1
226483,1
226485,1
226488,0
226499,0
226503,0
226506,1
226508,1
226509,1
226515,0
226517,0
226518,0
226519,0
226522,1
226523,0
226525,1
226534,1
226538,1
226541,0
226543,1
226546,0
226548,0
226549,0
226553,1
226561,0
226562,0
226565,1
226567,1
226571,0
226575,1
226580,0
226582,0
226586,1
226587,0
226588,1
226589,1
226591,0
226592,0
226594,0
226597,0
226602,1
226606,1
226610,1
226611,1
226614,0
226615,1
226616,0
226618,1
226619,0
226620,1
226621,1
226623,1
226624,0
226626,1
226627,0
226629,0
226631,0
226633,0
226635,0
226638,1
226640,1
226642,0
226645,0
226650,0
226651,1
226654,1
226658,1
226663,1
226668,1
226672,0
226673,1
226674,1
226676,1
226681,1
226685,0
226686,0
226688,0
226690,0
226692,1
226694,0
226696,1
226697,0
226698,0
226699,1
226700,0
226701,0
226704,1
226705,0
226707,0
226710,1
226714,0
226718,1
226720,0
226724,1
226725,0
226727,0
226729,0
226733,1
226734,1
226735,1
226737,0
226741,0
226744,1
226746,0
226756,1
226757,0
226759,1
226768,1
226769,0
226774,0
226777,0
226778,1
226779,1
226781,0
226789,1
226790,0
226793,1
226794,1
226795,0
226798,1
226801,1
226802,1
226805,0
226807,0
226808,0
226813,0
226816,1
226817,1
226819,0
226822,1
226823,1
226824,0
226825,0
226827,0
226836,0
226837,1
226838,0
226841,0
226844,1
226845,0
226846,1
226847,0
226849,0
226850,1
226851,1
226852,1
226853,0
226863,1
226868,1
226871,0
226872,0
226873,0
226874,0
226877,1
226881,0
226884,0
226885,0
226887,1
226890,1
226892,1
226895,1
226898,0
226900,1
226901,0
226906,0
226909,0
226910,0
226911,1
226914,1
226916,0
226918,1
226919,1
226920,0
226922,0
226923,0
226925,0
226929,1
226933,0
226935,0
226938,0
226941,0
226942,0
226943,1
226946,1
226950,1
226951,1
226952,1
226957,1
226958,0
226959,1
226960,1
226963,0
226964,1
226970,0
226972,1
226973,1
226977,1
226978,1
226981,1
226982,1
226984,0
226986,1
226989,1
226996,1
226997,0
226998,1
227002,0
227004,1
227009,1
227010,1
227012,0
227013,0
227014,0
227015,0
227017,1
227021,0
227025,0
227026,0
227029,0
227031,0
227036,0
227042,0
227044,0
227047,0
227050,0
227052,0
227054,1
227057,0
227058,1
227062,1
227065,0
227066,0
227067,1
227070,1
227072,0
227077,0
227081,1
227082,0
227083,0
227084,0
227088,0
227089,1
227090,1
227091,0
227094,1
227098,0
227099,1
227100,0
227101,0
227102,1
227103,1
227104,1
227113,1
227114,0
227121,0
227123,0
227127,1
227132,0
227134,1
227138,1
227139,0
227141,1
227142,0
227143,0
227144,1
227159,1
227160,0
227161,0
227169,1
227170,0
227172,0
227174,1
227176,1
227177,1
227184,0
227186,0
227194,0
227195,0
227196,0
227198,0
227200,0
227202,1
227204,0
227210,0
227213,1
227215,0
227222,1
227224,0
227227,0
227228,1
227229,0
227230,1
227236,0
227238,0
227240,1
227242,0
227243,1
227244,0
227245,1
227249,1
227251,0
227253,0
227254,0
227255,0
227256,1
227257,0
227258,0
227262,0
227264,1
227269,0
227272,1
227273,0
227274,0
227275,0
227277,1
227287,0
227288,0
227289,0
227294,0
227296,1
227300,1
227308,1
227312,0
227313,0
227319,0
227320,1
227323,1
227325,1
227328,1
227329,1
227331,0
227332,0
227333,1
227334,1
227335,0
227337,0
227338,1
227340,1
227341,1
227346,0
227351,1
227352,1
227353,0
227354,0
227355,1
227356,1
227357,1
227362,1
227364,0
227367,1
227368,1
227369,1
227374,0
227380,1
227381,0
227382,1
227384,0
227387,1
227390,0
227397,1
227398,1
227405,0
227406,0
227411,0
227412,0
227413,0
227414,1
227415,0
227416,0
227420,1
227421,0
227422,1
227424,0
227430,1
227432,1
227435,0
227437,0
227445,0
227449,0
227451,0
227452,0
227457,0
227458,1
227463,0
227466,0
227468,0
227471,0
227472,0
227473,0
227474,0
227478,0
227485,0
227496,0
227499,1
227502,1
227503,0
227505,1
227506,1
227510,1
227511,1
227515,1
227519,0
227521,1
227523,0
227524,1
227525,0
227526,0
227536,0
227539,0
227541,1
227543,1
227550,0
227551,1
227553,0
227556,1
227565,0
227566,1
227570,0
227571,0
227572,1
227573,0
227575,0
227578,0
227579,0
227582,0
227585,0
227588,0
227590,1
227595,0
227596,1
227597,1
227601,0
227602,0
227608,1
227609,1
227610,1
227611,0
227612,0
227613,0
227616,0
227617,0
227619,1
227621,1
227623,0
227627,0
227628,0
227630,1
227631,0
227633,0
227634,0
227641,0
227644,1
227647,0
227656,1
227661,1
227670,1
227675,0
227679,1
227681,0
227685,1
227687,0
227690,1
227692,1
227693,1
227700,1
227701,1
227702,1
227703,1
227707,1
227709,0
227710,0
227711,0
227714,1
227715,0
227720,0
227722,0
227725,0
227731,1
227732,0
227740,1
227742,1
227743,0
227750,0
227755,0
227758,1
227761,0
227763,0
227765,0
227767,0
227768,1
227770,0
227776,0
227778,0
227783,0
227784,0
227787,1
227792,0
227793,1
227796,1
227800,0
227804,0
227805,1
227806,1
227809,1
227813,0
227815,1
227816,0
227820,0
227821,0
227822,0
227823,1
227825,1
227827,0
227830,1
227831,1
227832,1
227835,0
227838,0
227844,0
227845,1
227848,0
227849,1
227857,0
227859,0
227860,1
227863,0
227868,1
227869,1
227873,1
227875,1
227876,1
227882,1
227886,0
227887,1
227889,1
227894,1
227895,0
227898,0
227901,1
227906,0
227907,1
227909,0
227916,0
227918,0
227919,1
227922,0
227923,0
227925,1
227926,0
227928,1
227929,0
227935,0
227936,1
227939,0
227940,1
227943,1
227944,0
227945,1
227946,0
227950,1
227952,1
227959,0
227963,1
227964,1
227967,0
227968,0
227969,1
227975,0
227979,0
227983,1
227988,0
227989,0
227991,0
227993,1
227995,0
227998,0
227999,1
228000,0
228001,1
228003,1
228008,1
228009,0
228010,1
228011,1
228017,1
228023,1
228027,0
228030,1
228032,1
228033,0
228034,0
228040,0
228042,0
228043,0
228044,1
228046,1
228048,1
228055,1
228057,1
228059,0
228066,0
228067,1
228068,0
228070,0
228071,0
228075,1
228079,0
228080,0
228081,0
228082,0
228084,1
228088,1
228090,0
228092,1
228094,0
228095,0
228096,0
228102,1
228103,0
228104,0
228108,0
228112,0
228113,1
228115,0
228118,0
228119,1
228121,1
228122,0
228123,0
228124,1
228125,0
228127,1
228129,0
228132,0
228133,1
228135,0
228136,1
228139,1
228141,1
228142,0
228144,1
228145,1
228146,0
228147,1
228148,1
228150,1
228153,1
228154,1
228159,0
228160,1
228161,0
228162,0
228163,1
228168,0
228171,1
228172,1
228173,0
228176,1
228181,0
228183,0
228184,0
228185,1
228189,1
228192,0
228193,0
228194,0
228197,0
228198,0
228200,1
228201,1
228203,0
228204,0
228207,0
228208,0
228209,1
228210,1
228216,1
228217,1
228220,1
228221,1
228223,0
228224,1
228231,0
228233,1
228236,1
228241,0
228243,1
228244,1
228246,0
228248,1
228250,0
228253,1
228259,0
228260,1
228262,0
228267,0
228271,0
228272,1
228273,0
228275,1
228276,1
228278,1
228280,1
228282,1
228283,0
228284,1
228286,0
228293,1
228295,1
228296,1
228297,1
228299,1
228301,0
228305,0
228307,0
228309,0
228310,0
228312,0
228314,1
228316,0
228318,0
228319,0
228322,0
228326,0
228329,1
228333,1
228334,0
228346,0
228351,0
228353,1
228355,0
228357,1
228358,0
228360,1
228364,0
228366,0
228368,0
228369,0
228371,0
228372,0
228376,1
228379,0
228381,1
228383,1
228384,1
228385,1
228386,0
228387,1
228388,1
228393,1
228396,1
228401,1
228404,1
228406,0
228410,0
228411,1
228415,0
228417,1
228418,0
228419,1
228421,0
228423,1
228428,1
228430,1
228431,1
228434,1
228441,0
228442,1
228447,0
228449,1
228452,1
228454,0
228455,1
228459,1
228460,1
228464,1
228465,0
228466,0
228471,0
228472,1
228475,1
228477,1
228480,1
228481,1
228482,1
228483,0
228485,1
228486,1
228489,0
228493,1
228494,1
228497,1
228498,1
228500,1
228501,0
228508,1
228509,0
228510,1
228511,0
228512,0
228514,0
228516,1
228518,1
228520,1
228528,0
228529,1
228530,0
228532,0
228536,1
228537,0
228538,1
228541,0
228543,0
228547,0
228549,0
228550,1
228552,1
228553,1
228554,0
228558,0
228560,1
228566,0
228567,0
228569,0
228571,0
228577,1
228582,0
228583,0
228589,1
228591,1
228594,0
228595,0
228596,1
228597,0
228598,1
228602,1
228609,1
228610,0
228611,0
228612,0
228613,1
228614,1
228617,0
228620,0
228621,0
228625,1
228629,0
228631,1
228634,1
228643,0
228644,1
228646,1
228650,0
228651,1
228652,1
228653,1
228659,0
228664,0
228668,0
228669,0
228670,1
228671,1
228677,1
228678,1
228683,0
228685,0
228688,1
228690,0
228694,0
228695,0
228696,0
228697,0
228698,0
228699,0
228702,0
228704,0
228706,1
228707,0
228708,0
228710,0
228713,0
228714,1
228715,1
228716,1
228717,0
228718,1
228721,0
228725,0
228727,0
228728,0
228729,1
228736,1
228737,1
228740,1
228748,1
228749,0
228751,0
228758,0
228759,0
228761,0
228762,0
228765,0
228766,0
228767,0
228769,1
228771,0
228775,1
228776,0
228777,0
228778,0
228779,0
228781,1
228782,1
228783,1
228785,0
228789,0
228793,1
228797,1
228798,0
228799,0
228802,1
228806,0
228807,1
228808,0
228809,0
228813,0
228816,1
228817,1
228818,0
228823,0
228825,0
228826,1
228827,0
228828,1
228829,0
228834,0
228835,0
228843,1
228845,1
228846,1
228847,0
228849,0
228850,1
228851,1
228857,1
228858,0
228859,1
228861,0
228863,1
228864,1
228868,0
228871,0
228872,0
228877,1
228880,1
228881,0
228884,1
228885,0
228888,1
228889,0
228890,0
228891,0
228894,1
228899,0
228902,1
228904,1
228906,0
228908,0
228909,1
228910,0
228915,0
228918,1
228920,0
228925,1
228927,0
228930,0
228932,0
228933,0
228940,1
228941,1
228942,1
228950,0
228951,0
228952,1
228956,0
228957,0
228958,1
228962,1
228964,1
228966,1
228967,0
228971,1
228976,1
228978,1
228983,0
228986,1
228988,0
228990,0
228991,0
228993,1
228994,0
228997,1
228998,1
229000,0
229003,1
229006,0
229007,1
229008,1
229010,0
229014,1
229017,0
229018,0
229020,0
229021,0
229025,1
229026,1
229027,0
229028,1
229029,1
229032,1
229033,1
229034,1
229038,0
229039,0
229040,0
229043,0
229047,1
229048,1
229050,1
229056,0
229058,0
229059,0
229062,1
229064,0
229066,0
229067,1
229068,1
229069,0
229072,1
229074,1
229075,1
229081,1
229083,0
229085,1
229086,0
229094,1
229097,0
229098,1
229100,0
229102,0
229104,0
229108,1
229110,1
229115,1
229120,0
229121,1
229127,0
229128,0
229129,1
229134,1
229135,1
229137,1
229138,1
229141,1
229144,1
229146,1
229147,0
229149,0
229152,1
229156,0
229157,0
229158,1
229162,0
229163,1
229166,1
229168,0
229171,0
229172,0
229174,0
229175,1
229176,1
229180,1
229185,1
229186,0
229187,0
229188,1
229190,0
229192,1
229193,0
229195,0
229197,0
229198,1
229200,0
229201,1
229204,1
229209,0
229210,0
229212,1
229218,1
229220,0
229226,0
229227,1
229234,1
229236,1
229238,1
229242,1
229243,1
229245,1
229248,0
229250,0
229254,1
229255,1
229257,1
229259,1
229260,0
229263,1
229264,1
229265,1
229266,0
229268,1
229270,0
229271,1
229276,0
229277,1
229280,0
229282,0
229283,0
229284,1
229285,0
229286,0
229289,1
229291,0
229293,1
229295,0
229296,1
229297,1
229298,0
229301,0
229302,0
229304,0
229306,0
229308,1
229310,0
229312,0
229313,0
229315,0
229318,1
229320,0
229321,1
229326,0
229327,0
229329,0
229330,1
229331,0
229332,1
229333,0
229334,1
229339,0
229340,0
229341,0
229344,1
229345,0
229346,0
229347,0
229349,1
229350,0
229351,0
229352,0
229354,0
229357,1
229358,0
229360,0
229363,1
229364,0
229365,0
229366,0
229375,0
229376,1
229380,1
229381,0
229382,0
229389,0
229394,1
229395,0
229398,1
229401,0
229405,0
229406,0
229409,1
229412,1
229417,1
229418,1
229420,1
229422,1
229432,1
229433,0
229434,1
229437,0
229439,1
229440,0
229442,1
229444,0
229447,0
229448,0
229449,0
229452,1
229453,0
229454,1
229455,1
229457,0
229458,0
229460,0
229463,0
229465,1
229466,0
229467,0
229468,0
229471,1
229473,1
229476,0
229477,0
229478,0
229479,0
229480,0
229481,0
229482,0
229483,0
229484,1
229486,0
229489,1
229491,0
229493,1
229494,1
229495,0
229496,1
229497,0
229500,0
229501,1
229504,0
229505,1
229506,1
229507,0
229509,1
229511,1
229515,0
229520,1
229521,0
229523,0
229525,1
229526,0
229537,0
229538,0
229539,1
229540,1
229541,0
229543,1
229544,1
229547,0
229550,1
229551,1
229552,1
229553,1
229559,1
229560,0
229561,1
229562,0
229564,0
229565,1
229566,0
229567,1
229568,1
229570,1
229571,1
229575,1
229578,0
229581,0
229591,1
229593,0
229596,0
229606,0
229610,1
229611,0
229612,1
229613,1
229616,1
229617,0
229619,1
229621,1
229622,1
229625,1
229628,1
229631,0
229636,1
229643,1
229647,1
229648,1
229649,0
229652,0
229658,0
229660,1
229661,1
229663,1
229666,1
229667,1
229668,0
229671,1
229673,0
229674,1
229676,0
229677,1
229680,1
229682,1
229684,0
229687,0
229692,1
229693,1
229694,1
229696,0
229697,0
229698,0
229699,0
229700,1
229702,0
229703,1
229705,1
229707,0
229708,1
229711,1
229715,0
229717,0
229723,1
229725,0
229734,0
229738,1
229739,0
229741,1
229742,0
229743,1
229747,1
229750,1
229751,0
229752,0
229753,0
229758,0
229760,1
229761,0
229762,1
229766,0
229768,0
229769,0
229771,0
229772,0
229773,0
229775,0
229777,1
229780,0
229783,0
229785,0
229787,0
229790,1
229794,0
229802,1
229803,1
229805,1
229806,1
229808,0
229812,0
229815,1
229817,1
229818,0
229822,0
229828,0
229835,1
229837,0
229839,0
229843,0
229844,1
229846,1
229849,1
229852,0
229854,1
229856,0
229858,1
229859,0
229860,1
229861,1
229863,0
229865,1
229866,1
229867,0
229868,1
229871,1
229874,0
229875,0
229876,1
229882,1
229883,0
229889,0
229890,1
229891,0
229896,1
229898,0
229899,0
229905,1
229908,0
229918,0
229919,0
229920,1
229925,0
229926,0
229927,0
229928,1
229929,1
229930,1
229933,1
229940,0
229941,0
229942,1
229945,0
229948,0
229951,0
229953,0
229954,0
229957,0
229960,1
229964,1
229967,0
229970,0
229972,0
229973,0
229974,1
229975,1
229976,0
229978,1
229979,1
229980,0
229981,1
229982,1
229985,1
229988,1
229989,0
229993,1
229994,0
229998,1
230000,0
230003,0
230006,0
230009,0
230010,1
230011,0
230015,0
230022,0
230025,1
230027,0
230031,1
230033,0
230034,1
230035,1
230036,0
230045,0
230046,1
230054,1
230055,1
230057,0
230058,0
230061,1
230063,1
230064,0
230065,0
230067,1
230070,0
230071,0
230072,1
230074,0
230075,0
230076,1
230077,1
230079,1
230081,0
230082,0
230084,1
230085,1
230086,1
230088,1
230090,0
230094,0
230096,1
230099,0
230101,1
230110,0
230112,0
230118,0
230119,0
230121,1
230123,0
230124,0
230125,1
230129,1
230131,1
230132,0
230141,1
230142,0
230144,0
230148,1
230151,1
230152,1
230156,1
230157,1
230159,0
230161,1
230169,1
230170,0
230172,1
230173,1
230177,0
230178,1
230181,1
230185,0
230186,0
230187,1
230188,0
230193,1
230195,1
230198,1
230200,1
230206,1
230207,1
230210,1
230212,1
230215,1
230219,0
230220,0
230222,0
230223,1
230224,0
230228,1
230229,0
230231,1
230232,0
230233,0
230235,1
230236,0
230238,1
230243,1
230247,0
230248,1
230250,1
230254,1
230257,1
230261,0
230264,0
230265,0
230267,0
230268,0
230269,1
230271,0
230272,1
230273,0
230274,0
230277,1
230278,0
230280,0
230281,1
230283,0
230288,1
230289,1
230294,0
230298,1
230305,0
230306,1
230307,0
230313,0
230317,1
230324,1
230325,1
230326,1
230330,0
230331,1
230333,0
230340,0
230343,0
230344,1
230345,0
230346,0
230347,0
230352,0
230353,1
230354,0
230356,1
230357,1
230363,0
230364,0
230368,1
230371,1
230373,1
230384,0
230391,1
230397,0
230403,1
230404,0
230408,0
230409,0
230410,0
230412,1
230413,0
230418,0
230425,1
230426,1
230428,1
230429,1
230431,0
230436,0
230439,1
230444,1
230445,1
230446,0
230448,0
230450,1
230451,0
230455,0
230459,0
230461,1
230463,1
230466,1
230468,1
230469,1
230470,1
230475,0
230476,0
230479,1
230481,1
230482,1
230483,0
230489,0
230490,1
230494,1
230495,0
230497,0
230498,0
230499,0
230505,0
230508,0
230510,0
230512,0
230513,0
230521,1
230523,1
230525,0
230528,1
230529,1
230530,1
230531,0
230535,1
230536,1
230537,0
230540,1
230545,1
230548,0
230550,1
230553,0
230559,1
230560,0
230561,0
230562,0
230563,1
230564,1
230565,1
230566,1
230567,0
230568,0
230571,1
230572,1
230577,1
230584,1
230585,0
230587,0
230590,0
230593,1
230595,0
230596,0
230597,1
230602,0
230603,0
230606,0
230607,1
230610,0
230611,0
230614,1
230615,0
230617,0
230618,0
230619,1
230634,0
230637,0
230638,0
230639,0
230640,1
230642,0
230643,0
230647,1
230651,0
230654,0
230656,1
230657,1
230663,1
230665,0
230667,1
230668,0
230670,1
230672,0
230673,1
230678,1
230679,1
230680,0
230688,0
230693,1
230694,1
230699,1
230701,1
230702,1
230703,0
230704,1
230705,0
230707,0
230708,0
230709,0
230711,1
230718,0
230719,1
230720,1
230721,0
230724,1
230725,0
230726,0
230727,0
230730,0
230731,1
230732,0
230735,1
230737,1
230738,0
230741,0
230742,0
230745,1
230746,1
230747,0
230749,0
230751,1
230753,1
230754,1
230755,0
230757,0
230758,1
230760,1
230763,1
230765,0
230767,1
230771,0
230773,1
230775,1
230777,0
230778,1
230785,0
230789,0
230791,0
230795,1
230798,1
230802,0
230806,1
230807,0
230815,0
230817,0
230820,0
230823,1
230824,0
230825,0
230831,1
230835,0
230836,1
230837,1
230838,0
230844,0
230845,1
230847,1
230849,0
230850,0
230853,0
230860,0
230861,0
230864,1
230865,0
230867,1
230868,1
230871,1
230876,0
230879,1
230880,0
230882,0
230888,1
230892,1
230893,0
230896,0
230897,0
230900,1
230901,1
230903,0
230905,0
230906,0
230908,0
230909,1
230910,1
230911,1
230912,1
230914,0
230918,1
230923,1
230925,0
230926,0
230930,0
230932,1
230934,0
230935,0
230938,1
230939,1
230940,1
230944,0
230947,0
230948,0
230953,1
230954,0
230955,0
230956,0
230957,1
230959,1
230963,1
230964,0
230966,0
230967,0
230969,0
230970,0
230971,0
230973,0
230975,1
230976,1
230980,1
230981,0
230988,1
230997,1
230998,0
231005,1
231009,1
231010,0
231014,1
231015,1
231016,1
231019,0
231020,0
231022,0
231023,1
231024,1
231026,0
231027,0
231030,1
231036,1
231037,1
231041,1
231042,0
231045,0
231046,0
231048,1
231049,1
231050,0
231052,0
231054,0
231056,0
231060,1
231061,0
231063,0
231066,0
231067,1
231069,0
231072,0
231076,0
231078,1
231079,1
231082,1
231087,0
231090,0
231094,1
231097,0
231098,1
231101,1
231102,1
231104,0
231111,0
231113,1
231118,1
231122,0
231124,1
231128,0
231129,1
231133,0
231134,1
231136,1
231138,0
231139,0
231140,0
231141,1
231143,1
231145,1
231146,0
231147,0
231148,0
231150,0
231152,1
231156,1
231157,0
231158,1
231159,0
231160,1
231162,0
231163,0
231165,1
231174,1
231175,0
231179,1
231180,0
231181,0
231183,1
231187,0
231189,0
231194,0
231195,0
231198,0
231199,0
231205,0
231209,1
231214,1
231217,0
231218,0
231220,0
231222,1
231223,1
231224,0
231228,0
231229,1
231230,1
231232,1
231235,1
231236,0
231239,0
231240,0
231245,1
231247,0
231251,0
231252,1
231254,0
231255,1
231256,1
231257,1
231259,0
231260,0
231264,0
231268,1
231271,0
231272,1
231274,1
231277,1
231278,1
231283,0
231290,0
231295,1
231296,0
231297,1
231298,1
231299,0
231301,1
231302,0
231304,0
231305,0
231306,0
231311,0
231312,1
231314,0
231318,1
231325,0
231327,1
231329,1
231330,1
231344,1
231352,0
231354,0
231357,0
231358,1
231359,0
231360,0
231361,1
231364,0
231372,1
231373,1
231374,0
231375,0
231377,0
231379,1
231382,0
231384,1
231385,1
231388,1
231389,1
231393,1
231395,1
231396,0
231397,1
231403,1
231404,0
231405,1
231406,0
231411,0
231412,0
231413,1
231418,1
231419,1
231421,0
231422,0
231431,0
231432,0
231433,0
231440,1
231445,0
231448,1
231449,1
231451,0
231452,1
231453,1
231455,1
231457,0
231461,0
231463,0
231466,1
231469,1
231471,0
231472,0
231473,1
231474,1
231475,1
231478,1
231482,1
231483,0
231485,1
231487,1
231488,0
231490,1
231492,0
231493,1
231496,0
231499,0
231506,0
231516,1
231520,0
231525,1
231526,1
231531,1
231532,0
231536,1
231539,0
231541,1
231544,0
231545,0
231546,0
231549,1
231551,1
231555,0
231557,0
231558,1
231564,0
231569,1
231572,1
231578,1
231579,0
231580,0
231583,1
231584,1
231585,1
231587,1
231589,1
231598,0
231599,0
231600,0
231602,0
231606,1
231607,1
231608,0
231610,0
231612,0
231617,1
231618,0
231622,0
231623,0
231626,0
231627,1
231631,0
231632,0
231635,0
231638,0
231641,0
231642,0
231643,0
231645,0
231649,0
231650,1
231652,1
231656,0
231657,0
231659,0
231662,0
231664,1
231670,1
231672,1
231673,1
231676,1
231680,0
231681,1
231683,1
231694,1
231695,1
231698,0
231700,1
231703,0
231705,0
231707,1
231714,0
231715,1
231716,1
231717,1
231724,0
231731,0
231733,1
231736,0
231737,1
231741,0
231742,1
231743,0
231744,1
231746,0
231749,0
231750,1
231753,1
231755,0
231761,0
231765,1
231766,1
231768,0
231770,1
231771,0
231772,0
231777,0
231781,1
231783,1
231784,1
231785,0
231787,0
231791,0
231793,1
231794,0
231795,0
231800,1
231804,0
231809,1
231810,0
231813,1
231814,0
231815,1
231816,0
231817,0
231818,0
231820,1
231827,1
231828,1
231829,1
231839,0
231840,0
231841,0
231848,0
231849,1
231851,1
231852,1
231860,0
231861,0
231863,1
231866,1
231877,0
231878,0
231879,1
231880,0
231882,0
231884,1
231885,1
231890,1
231891,0
231893,0
231894,0
231895,1
231896,1
231898,0
231901,0
231907,0
231908,0
231915,1
231916,0
231917,1
231921,1
231922,1
231924,0
231926,1
231930,1
231936,1
231942,0
231943,1
231946,0
231950,0
231951,0
231954,1
231958,0
231959,0
231965,1
231966,1
231968,1
231972,1
231973,1
231974,0
231981,0
231987,1
231989,1
231991,0
231992,0
231993,1
231994,0
231995,0
231998,0
232002,0
232003,1
232006,0
232008,1
232009,0
232011,0
232013,1
232014,1
232015,0
232016,0
232021,0
232022,0
232025,0
232027,0
232028,1
232029,1
232030,0
232031,0
232033,1
232034,1
232035,1
232038,0
232040,0
232041,1
232042,0
232044,0
232045,0
232048,0
232051,0
232052,0
232053,0
232054,1
232056,1
232057,0
232060,0
232062,1
232067,1
232068,1
232072,1
232073,0
232075,1
232077,1
232079,0
232080,1
232082,1
232087,0
232089,1
232091,0
232092,0
232094,1
232097,1
232098,1
232100,1
232105,1
232107,0
232110,1
232118,0
232120,1
232122,1
232125,1
232128,1
232129,1
232131,0
232135,1
232137,0
232138,1
232139,0
232140,1
232145,1
232148,1
232152,0
232154,1
232156,1
232160,0
232162,1
232163,0
232164,1
232165,0
232168,0
232172,0
232176,1
232178,0
232179,0
232183,0
232186,0
232189,0
232194,0
232197,0
232198,1
232200,1
232201,1
232203,0
232205,0
232206,0
232209,0
232210,0
232217,0
232219,0
232222,1
232225,1
232226,0
232233,0
232234,0
232236,0
232237,1
232238,1
232241,0
232243,1
232247,0
232252,0
232253,1
232254,1
232256,0
232261,0
232264,1
232267,1
232268,1
232271,0
232273,0
232275,0
232276,1
232279,0
232280,1
232281,1
232284,1
232285,0
232287,1
232302,0
232303,1
232304,0
232308,0
232309,1
232310,1
232311,1
232312,0
232313,0
232314,0
232318,0
232320,0
232321,0
232323,1
232325,1
232328,1
232330,1
232331,0
232337,1
232341,1
232343,0
232345,1
232347,1
232348,1
232349,1
232356,1
232360,0
232364,1
232365,1
232370,0
232373,1
232374,0
232378,0
232380,1
232383,0
232384,1
232386,1
232387,0
232388,0
232391,0
232395,0
232397,1
232398,1
232400,1
232401,1
232404,0
232406,1
232407,1
232408,1
232409,1
232410,0
232411,0
232412,1
232413,1
232414,0
232418,0
232421,0
232426,1
232428,1
232431,0
232432,0
232437,1
232441,0
232442,1
232444,1
232447,1
232451,0
232453,1
232454,1
232458,1
232463,1
232466,0
232468,1
232469,1
232472,0
232474,1
232475,1
232478,1
232479,1
232480,1
232483,0
232484,1
232485,1
232487,0
232489,0
232491,0
232494,1
232497,0
232498,0
232499,1
232501,0
232502,0
232504,1
232508,0
232511,0
232512,1
232524,0
232526,1
232527,1
232532,0
232533,1
232534,1
232535,1
232536,1
232539,1
232541,0
232548,1
232549,1
232550,0
232551,0
232554,1
232558,0
232565,1
232567,0
232568,0
232569,1
232572,1
232575,1
232579,0
232582,0
232586,0
232587,1
232588,0
232589,1
232591,0
232592,0
232595,1
232601,0
232604,0
232607,0
232610,1
232616,0
232617,1
232621,1
232623,0
232625,1
232628,1
232636,1
232637,0
232638,0
232640,1
232642,1
232643,1
232644,1
232646,1
232649,0
232650,1
232654,1
232655,0
232657,0
232658,1
232659,0
232660,1
232661,1
232666,0
232667,1
232668,0
232670,0
232674,0
232675,0
232681,1
232683,1
232684,0
232686,1
232687,1
232692,1
232693,0
232698,1
232702,0
232705,1
232706,1
232708,1
232709,1
232710,1
232713,0
232715,0
232716,0
232718,0
232719,0
232723,0
232724,1
232729,0
232734,0
232737,0
232738,1
232739,1
232743,0
232745,1
232750,0
232751,1
232753,0
232761,1
232766,1
232770,0
232772,0
232773,0
232776,0
232780,0
232783,1
232784,0
232785,1
232786,1
232789,0
232793,1
232795,0
232797,0
232801,1
232802,1
232804,1
232805,0
232806,1
232810,1
232811,1
232816,0
232818,1
232819,1
232821,1
232822,1
232824,0
232827,0
232830,1
232831,1
232832,1
232833,1
232835,0
232836,1
232837,0
232839,0
232843,1
232848,0
232853,0
232855,0
232856,1
232858,1
232860,0
232861,0
232863,0
232867,0
232872,0
232873,0
232879,1
232882,1
232883,0
232886,0
232887,0
232888,0
232894,0
232900,1
232902,0
232903,0
232905,0
232906,1
232907,1
232908,1
232910,1
232911,1
232912,1
232914,1
232917,0
232919,0
232920,0
232922,0
232923,0
232924,0
232927,0
232928,0
232929,0
232934,1
232936,0
232938,0
232939,0
232940,1
232941,1
232942,0
232944,1
232947,0
232948,1
232950,0
232953,0
232954,1
232957,0
232960,1
232963,1
232966,0
232967,1
232970,1
232972,0
232974,1
232975,0
232977,0
232978,1
232980,1
232981,1
232983,0
232985,1
232986,1
232988,1
232990,0
232992,1
232995,0
233003,0
233010,0
233012,1
233015,1
233016,1
233018,1
233020,0
233022,1
233024,0
233037,0
233038,1
233041,0
233046,1
233051,0
233055,0
233056,1
233060,0
233061,0
233062,1
233066,0
233067,0
233068,1
233069,0
233072,1
233073,0
233075,0
233085,1
233088,1
233091,0
233093,1
233094,0
233098,0
233104,0
233106,0
233107,0
233108,1
233111,0
233112,0
233114,0
233115,0
233116,0
233117,0
233120,1
233128,1
233129,1
233130,1
233131,1
233132,1
233135,0
233137,1
233139,1
233143,1
233144,1
233146,0
233148,0
233154,1
233156,1
233158,1
233160,0
233163,0
233165,1
233167,1
233168,0
233170,0
233172,0
233177,1
233178,0
233180,1
233181,0
233183,1
233184,0
233186,0
233189,1
233190,1
233193,1
233195,1
233204,0
233209,1
233210,0
233212,0
233216,1
233219,0
233221,0
233222,0
233226,0
233227,1
233229,0
233232,0
233236,1
233240,0
233241,1
233242,0
233243,0
233244,1
233246,0
233248,1
233249,0
233254,1
233257,1
233258,0
233259,0
233260,0
233265,1
233267,0
233270,0
233271,0
233273,0
233278,1
233284,0
233285,0
233288,0
233290,0
233291,1
233293,0
233297,0
233298,0
233300,1
233304,1
233307,0
233310,0
233312,0
233314,1
233318,0
233320,0
233323,0
233324,1
233326,1
233327,0
233329,1
233330,0
233331,1
233334,1
233335,0
233340,0
233344,1
233345,1
233347,0
233350,1
233352,1
233357,1
233360,1
233363,0
233366,0
233367,1
233370,1
233371,0
233372,1
233375,0
233377,0
233383,1
233384,0
233386,1
233389,0
233390,0
233393,0
233395,1
233397,1
233400,0
233401,0
233402,0
233403,0
233405,0
233409,0
233413,1
233417,0
233419,0
233421,1
233424,0
233425,0
233426,1
233429,0
233430,0
233432,0
233433,1
233434,0
233437,1
233438,0
233442,0
233443,0
233445,1
233446,0
233448,1
233450,0
233451,0
233454,0
233456,1
233458,1
233463,1
233464,0
233466,0
233467,1
233469,0
233472,0
233481,0
233483,1
233484,0
233486,0
233487,0
233490,0
233492,0
233494,0
233495,1
233496,1
233497,1
233499,1
233503,1
233504,1
233506,1
233507,1
233508,0
233509,1
233511,1
233513,1
233514,0
233518,0
233519,1
233520,0
233524,0
233525,1
233526,1
233532,1
233534,1
233539,0
233540,1
233541,0
233542,0
233545,0
233547,0
233548,1
233549,1
233551,1
233552,1
233554,1
233555,1
233559,1
233561,0
233562,0
233565,0
233566,1
233567,0
233568,1
233569,0
233570,0
233571,1
233575,0
233577,0
233579,1
233580,1
233581,0
233582,0
233583,0
233585,1
233589,1
233590,0
233592,1
233593,1
233595,1
233599,0
233601,0
233602,1
233605,1
233608,1
233611,0
233612,0
233613,0
233614,0
233615,1
233617,0
233622,1
233623,0
233627,1
233628,0
233629,0
233633,0
233634,0
233635,1
233636,1
233637,1
233638,0
233640,0
233644,1
233651,0
233655,1
233658,0
233664,0
233665,1
233666,1
233668,0
233669,1
233671,0
233672,1
233673,0
233675,0
233676,1
233677,1
233678,1
233683,0
233685,1
233689,1
233691,1
233692,1
233694,1
233695,1
233702,0
233703,0
233707,1
233711,0
233712,0
233716,1
233723,1
233724,1
233725,1
233728,0
233731,0
233732,0
233735,1
233739,0
233740,1
233741,0
233744,0
233746,0
233749,0
233752,0
233756,1
233757,1
233758,1
233759,1
233760,1
233764,1
233765,0
233769,0
233773,0
233776,1
233778,1
233780,1
233782,0
233792,0
233795,0
233799,0
233800,1
233801,0
233805,1
233807,0
233813,1
233820,0
233821,1
233824,0
233825,0
233826,0
233827,1
233828,1
233831,0
233833,0
233838,1
233839,0
233840,1
233842,0
233845,0
233846,1
233849,0
233850,1
233853,1
233855,0
233862,0
233865,1
233868,1
233877,1
233880,1
233902,1
233904,0
233908,0
233909,1
233911,1
233912,0
233913,1
233914,0
233916,1
233919,1
233922,1
233923,1
233924,1
233930,1
233936,1
233944,1
233945,0
233946,1
233947,0
233948,0
233952,1
233953,1
233955,0
233956,1
233959,1
233962,0
233965,1
233968,1
233969,1
233971,1
233972,1
233973,1
233974,1
233975,1
233978,0
233979,1
233981,0
233989,0
233990,0
233993,1
233995,0
233999,1
234000,0
234008,0
234009,1
234010,1
234011,0
234012,1
234014,1
234019,0
234024,0
234026,1
234028,1
234030,0
234032,1
234033,0
234034,0
234036,0
234037,0
234039,0
234041,0
234044,1
234045,0
234051,0
234055,0
234070,0
234076,1
234077,1
234080,0
234084,1
234088,0
234089,1
234090,1
234098,0
234101,0
234104,1
234108,0
234109,1
234111,0
234112,1
234113,1
234115,1
234116,1
234117,0
234121,0
234123,1
234124,0
234125,0
234126,1
234127,1
234128,1
234132,0
234133,0
234134,0
234136,1
234137,0
234140,0
234141,1
234143,0
234144,0
234145,1
234146,0
234147,0
234149,1
234150,1
234151,0
234154,0
234155,1
234162,1
234163,0
234166,1
234173,0
234174,0
234175,1
234176,1
234181,1
234184,0
234187,1
234188,0
234189,0
234193,0
234200,0
234201,0
234203,0
234206,1
234208,0
234212,0
234213,0
234218,0
234220,0
234222,0
234223,1
234225,1
234228,1
234229,0
234230,0
234233,1
234234,0
234235,0
234239,1
234243,1
234244,1
234245,1
234250,1
234251,1
234252,1
234253,1
234257,1
234260,0
234261,1
234262,0
234263,0
234264,1
234266,0
234267,1
234269,1
234272,1
234273,0
234276,0
234277,1
234278,0
234279,0
234281,1
234285,1
234286,0
234287,0
234288,0
234289,0
234290,1
234299,1
234300,1
234302,1
234304,0
234306,0
234308,1
234313,0
234314,1
234315,1
234316,1
234317,0
234318,1
234319,1
234326,1
234327,1
234328,0
234329,1
234331,0
234335,1
234336,1
234338,1
234339,1
234340,0
234342,0
234346,1
234350,0
234352,1
234355,1
234359,0
234360,0
234361,0
234363,0
234364,0
234365,1
234366,1
234368,1
234369,0
234372,1
234373,1
234374,1
234380,0
234387,0
234389,0
234393,1
234402,0
234405,1
234415,1
234416,1
234417,0
234418,0
234421,1
234422,0
234423,0
234425,0
234427,1
234428,0
234429,1
234430,0
234434,1
234438,0
234440,0
234443,0
234445,1
234446,1
234447,1
234448,1
234451,1
234452,0
234453,1
234455,1
234457,1
234459,0
234462,0
234469,1
234470,0
234475,1
234482,1
234483,1
234487,0
234489,0
234492,1
234496,0
234501,0
234505,0
234506,1
234507,1
234508,1
234513,1
234517,1
234518,0
234521,0
234524,1
234525,1
234526,0
234527,0
234528,1
234529,1
234532,0
234534,0
234536,1
234537,1
234538,0
234540,0
234542,0
234544,0
234545,0
234546,0
234548,0
234550,1
234554,0
234558,0
234562,1
234565,0
234566,0
234567,1
234568,0
234571,1
234573,0
234574,0
234577,1
234578,1
234586,1
234588,0
234589,1
234591,0
234592,1
234594,0
234598,0
234602,1
234604,0
234606,0
234608,1
234609,0
234610,0
234615,1
234625,0
234627,0
234630,1
234634,0
234635,0
234637,0
234648,1
234649,0
234651,1
234652,0
234654,1
234659,1
234662,0
234663,1
234664,1
234667,1
234668,0
234670,0
234671,1
234674,1
234684,1
234688,0
234690,1
234692,0
234696,1
234697,1
234699,1
234704,0
234707,1
234708,0
234712,1
234713,1
234714,1
234718,0
234719,1
234727,1
234728,1
234731,1
234736,1
234738,1
234741,0
234747,0
234753,1
234756,1
234758,1
234759,0
234760,1
234761,1
234764,1
234769,0
234772,1
234774,1
234775,1
234776,1
234777,0
234778,0
234779,1
234788,1
234789,1
234791,1
234793,0
234798,1
234799,1
234800,0
234804,0
234806,0
234809,1
234810,0
234812,0
234813,1
234815,1
234816,0
234817,1
234818,1
234819,1
234824,1
234827,1
234828,1
234829,1
234830,1
234833,0
234836,0
234839,0
234840,0
234842,0
234843,0
234846,0
234847,0
234848,1
234849,1
234850,0
234854,1
234858,0
234863,0
234864,1
234865,1
234869,1
234870,0
234872,0
234873,1
234874,0
234879,1
234880,1
234881,0
234882,0
234883,0
234886,0
234888,1
234889,0
234892,1
234893,1
234900,0
234902,0
234908,1
234911,0
234912,1
234913,1
234920,0
234921,1
234926,0
234929,0
234931,1
234934,0
234937,1
234939,1
234942,1
234943,1
234944,1
234946,1
234950,1
234951,0
234952,0
234956,0
234957,1
234959,1
234960,1
234962,1
234968,1
234971,0
234974,0
234987,1
234989,0
234990,0
234993,0
234995,1
234997,0
234998,1
235001,0
235005,1
235006,0
235007,1
235010,1
235012,1
235019,0
235020,0
235022,0
235027,1
235031,0
235032,1
235034,1
235036,0
235042,1
235048,0
235049,0
235051,1
235053,1
235055,1
235056,1
235060,1
235061,0
235064,1
235066,1
235067,0
235069,1
235070,0
235071,0
235074,1
235077,0
235078,1
235081,1
235083,1
235084,0
235088,0
235089,1
235092,0
235097,1
235100,1
235102,1
235104,0
235108,0
235110,0
235111,0
235114,1
235116,0
235118,0
235119,1
235122,0
235123,0
235124,0
235125,0
235127,1
235128,1
235133,0
235136,0
235137,1
235140,1
235142,1
235143,0
235144,0
235146,1
235150,0
235151,0
235152,1
235153,1
235155,1
235159,1
235160,0
235164,1
235170,1
235174,1
235175,1
235176,1
235179,0
235180,0
235181,1
235183,1
235184,1
235192,0
235194,0
235195,1
235197,1
235198,1
235201,1
235203,1
235208,0
235211,0
235212,0
235213,0
235214,1
235216,0
235217,1
235220,0
235224,1
235227,1
235228,1
235230,1
235231,0
235232,0
235233,1
235234,1
235243,0
235245,0
235248,0
235249,0
235251,1
235252,0
235258,1
235264,0
235269,1
235270,1
235271,1
235274,1
235275,0
235279,1
235280,0
235281,0
235283,1
235284,0
235289,1
235290,1
235292,0
235294,0
235297,0
235299,1
235301,1
235303,1
235305,0
235306,1
235307,0
235308,0
235312,1
235313,1
235322,0
235323,1
235325,0
235326,1
235328,0
235329,0
235336,1
235339,1
235342,0
235345,1
235346,0
235347,0
235349,0
235351,0
235353,1
235355,0
235356,1
235358,0
235361,0
235363,0
235364,1
235365,1
235368,0
235369,1
235370,1
235371,0
235377,0
235380,0
235381,0
235382,0
235383,0
235385,0
235388,1
235395,1
235396,0
235397,1
235398,1
235401,0
235402,0
235405,1
235408,1
235410,0
235413,1
235415,0
235416,1
235419,1
235420,1
235424,0
235425,0
235431,1
235433,0
235434,1
235435,1
235438,1
235444,0
235447,1
235448,0
235459,0
235462,0
235469,0
235470,1
235472,0
235476,1
235478,0
235479,1
235481,1
235482,0
235483,0
235487,1
235490,1
235492,1
235493,0
235495,0
235496,1
235498,0
235503,1
235506,1
235508,1
235510,0
235513,1
235514,0
235515,0
235516,0
235517,0
235519,1
235520,1
235526,1
235531,1
235534,1
235537,0
235540,0
235546,1
235554,0
235555,0
235564,1
235565,1
235567,0
235569,0
235571,0
235572,0
235576,0
235578,0
235579,0
235584,1
235588,1
235590,0
235596,1
235597,1
235599,1
235602,1
235603,0
235604,1
235605,0
235607,1
235608,0
235610,0
235616,0
235618,1
235621,0
235622,0
235623,1
235626,1
235628,1
235629,1
235631,0
235632,1
235635,1
235636,1
235639,1
235641,0
235642,1
235644,0
235647,1
235649,0
235656,0
235659,0
235663,1
235665,1
235667,0
235669,1
235673,0
235674,0
235676,1
235677,0
235679,1
235681,0
235682,1
235686,1
235687,0
235688,1
235690,0
235692,0
235695,1
235697,1
235699,1
235701,0
235702,0
235711,1
235712,1
235714,0
235716,1
235717,1
235722,1
235724,1
235725,0
235728,0
235729,0
235730,1
235735,1
235738,1
235739,0
235742,0
235745,0
235747,1
235754,0
235755,1
235759,0
235760,1
235761,0
235763,0
235767,0
235770,1
235772,1
235777,1
235779,0
235784,1
235788,1
235789,1
235793,0
235794,0
235795,0
235796,1
235798,1
235801,1
235802,0
235804,1
235805,1
235807,0
235808,1
235810,1
235811,1
235814,0
235816,1
235818,1
235820,1
235822,1
235823,0
235824,1
235825,1
235826,0
235827,0
235828,0
235829,1
235830,0
235833,1
235835,0
235836,0
235840,1
235842,1
235844,1
235846,0
235857,0
235858,0
235859,1
235861,0
235863,0
235864,0
235867,1
235869,1
235874,0
235876,0
235881,1
235885,1
235887,0
235889,0
235890,0
235891,0
235894,1
235896,0
235897,0
235899,1
235900,1
235901,0
235903,1
235904,0
235905,0
235917,1
235924,0
235925,1
235926,0
235928,0
235930,1
235933,1
235936,1
235938,1
235939,1
235942,1
235944,1
235945,0
235952,1
235953,0
235955,1
235956,1
235958,0
235959,0
235960,1
235962,0
235963,1
235965,0
235966,1
235967,0
235969,0
235970,0
235973,0
235982,0
235986,0
235989,0
235991,0
235994,0
235995,0
235996,0
235998,0
236002,1
236004,0
236005,0
236006,0
236015,1
236017,0
236019,0
236025,0
236027,1
236028,1
236034,0
236037,1
236041,0
236045,0
236046,0
236049,1
236051,1
236058,1
236059,0
236061,0
236063,1
236065,0
236066,1
236067,0
236072,0
236078,1
236079,1
236080,0
236081,1
236086,1
236088,1
236090,1
236092,1
236093,0
236096,0
236098,0
236099,0
236102,1
236103,1
236106,1
236108,0
236115,0
236117,0
236119,0
236122,1
236123,1
236124,1
236131,0
236133,1
236134,0
236140,1
236141,0
236144,1
236149,0
236151,0
236160,0
236161,0
236165,1
236166,0
236168,1
236172,0
236174,0
236175,0
236176,1
236177,1
236182,1
236184,1
236186,1
236188,0
236194,1
236195,0
236198,0
236199,0
236201,1
236203,1
236204,0
236205,0
236206,1
236207,1
236208,1
236209,1
236212,0
236216,1
236217,1
236218,1
236222,0
236223,1
236224,0
236229,0
236231,0
236234,0
236235,0
236236,0
236237,0
236238,1
236239,1
236240,1
236241,1
236243,0
236244,1
236248,0
236251,0
236258,1
236261,0
236262,1
236265,1
236266,1
236272,0
236273,1
236274,0
236278,1
236281,0
236287,0
236290,1
236292,1
236294,0
236296,1
236299,1
236300,0
236302,1
236304,0
236307,1
236309,1
236310,0
236315,0
236316,0
236318,0
236322,0
236323,1
236325,1
236326,0
236327,1
236328,0
236331,0
236334,1
236336,0
236337,0
236338,1
236339,1
236341,0
236343,0
236345,0
236347,1
236349,0
236350,1
236352,0
236353,0
236355,0
236356,0
236363,0
236364,0
236365,1
236367,0
236375,1
236380,1
236381,1
236382,0
236384,0
236385,1
236387,1
236390,0
236391,1
236392,1
236395,1
236397,1
236400,1
236403,1
236407,1
236408,0
236412,1
236417,1
236423,1
236429,1
236430,1
236432,0
236433,1
236434,0
236436,0
236438,0
236441,1
236448,1
236449,1
236452,1
236453,1
236454,0
236455,1
236458,0
236459,0
236460,0
236462,1
236470,0
236471,0
236472,0
236473,0
236475,0
236477,0
236480,0
236483,1
236488,1
236489,1
236491,0
236493,0
236497,1
236502,1
236504,1
236506,1
236508,0
236510,0
236512,0
236513,1
236514,1
236517,1
236518,0
236520,0
236523,1
236525,1
236529,1
236530,1
236533,0
236534,0
236536,0
236539,0
236542,0
236549,0
236550,0
236551,0
236553,0
236555,0
236556,0
236557,1
236558,1
236559,0
236561,1
236566,0
236567,0
236569,0
236571,1
236582,1
236583,1
236589,0
236592,1
236597,0
236599,1
236602,1
236603,0
236606,0
236607,1
236609,1
236614,1
236617,0
236620,0
236622,1
236623,1
236627,1
236630,0
236631,1
236633,1
236634,0
236637,0
236639,0
236640,0
236641,1
236644,1
236648,1
236649,1
236651,0
236656,1
236657,0
236662,1
236666,0
236668,0
236669,1
236670,1
236674,0
236675,1
236676,1
236681,1
236685,0
236687,0
236689,0
236690,0
236693,1
236694,1
236696,1
236697,0
236704,1
236706,0
236707,1
236708,1
236710,0
236711,0
236715,1
236720,0
236723,1
236724,0
236725,1
236728,1
236729,1
236734,1
236736,1
236738,0
236739,1
236741,0
236743,0
236746,0
236748,0
236751,0
236756,0
236758,0
236764,1
236765,0
236768,1
236769,0
236772,0
236773,1
236776,0
236777,0
236782,1
236785,1
236796,1
236801,0
236804,1
236805,1
236806,0
236808,0
236811,0
236813,0
236814,1
236819,1
236823,1
236824,0
236825,0
236827,0
236828,0
236833,0
236834,0
236839,0
236841,1
236842,0
236844,0
236846,1
236847,1
236849,1
236850,0
236854,1
236855,1
236857,1
236859,1
236860,0
236862,1
236866,0
236870,0
236871,0
236872,0
236874,1
236879,0
236881,1
236891,1
236894,0
236897,1
236898,0
236899,0
236900,1
236902,1
236903,1
236904,0
236908,1
236909,1
236910,1
236911,0
236918,1
236919,0
236921,0
236927,0
236928,1
236931,1
236936,0
236938,0
236940,1
236943,1
236947,0
236950,1
236951,1
236954,1
236969,0
236971,1
236975,0
236978,1
236981,0
236983,0
236988,0
236992,0
236993,0
236995,1
236996,1
236997,0
237004,0
237009,0
237012,1
237014,0
237017,1
237020,1
237022,1
237023,0
237024,0
237028,0
237031,1
237036,1
237037,0
237038,0
237040,0
237041,0
237042,0
237047,1
237055,1
237056,0
237058,0
237059,1
237065,0
237067,1
237068,1
237070,1
237072,1
237077,1
237078,1
237080,1
237081,0
237083,1
237084,1
237093,0
237094,1
237097,0
237098,1
237099,1
237100,0
237101,1
237102,0
237103,1
237105,1
237106,1
237108,0
237112,1
237115,1
237121,0
237122,1
237126,0
237127,0
237129,1
237135,0
237138,0
237139,0
237140,0
237141,0
237142,0
237153,0
237158,1
237159,1
237160,0
237161,1
237162,1
237163,1
237168,1
237169,0
237172,1
237174,1
237176,1
237178,0
237179,0
237181,0
237182,1
237183,0
237184,0
237186,0
237187,1
237188,1
237189,1
237192,0
237197,1
237199,0
237200,0
237203,1
237204,1
237205,0
237206,1
237208,1
237211,0
237212,1
237216,0
237217,1
237218,0
237220,1
237222,1
237223,0
237224,1
237226,0
237227,1
237228,1
237230,1
237233,0
237235,1
237236,0
237238,1
237241,1
237245,0
237247,0
237248,1
237252,0
237258,0
237259,0
237263,1
237264,1
237266,0
237269,1
237270,1
237272,1
237274,0
237276,0
237277,1
237279,1
237281,0
237282,0
237283,0
237284,1
237285,1
237286,0
237292,0
237293,1
237298,0
237299,1
237300,1
237306,1
237307,0
237309,1
237311,1
237317,1
237323,0
237325,1
237326,0
237327,1
237328,1
237329,0
237331,1
237332,0
237333,1
237335,0
237341,0
237342,0
237343,1
237344,1
237345,0
237346,1
237349,1
237353,0
237356,0
237357,0
237361,1
237364,0
237370,0
237371,0
237372,1
237373,0
237377,1
237381,0
237384,0
237387,1
237391,1
237394,1
237395,1
237398,0
237399,1
237402,1
237405,0
237411,1
237412,0
237413,0
237417,0
237423,1
237424,0
237425,1
237426,0
237428,1
237430,0
237431,0
237439,1
237442,1
237444,0
237446,0
237447,1
237448,1
237449,0
237450,0
237452,0
237455,1
237456,0
237457,1
237458,0
237459,0
237460,1
237463,1
237468,1
237472,1
237476,1
237477,0
237483,0
237486,0
237488,1
237490,1
237493,0
237495,0
237497,1
237498,1
237502,1
237507,0
237508,1
237514,1
237515,1
237517,0
237519,0
237520,1
237521,0
237522,0
237526,0
237532,0
237535,1
237536,0
237538,1
237539,0
237542,1
237543,0
237548,1
237549,1
237550,0
237551,1
237562,1
237569,1
237571,1
237572,1
237575,1
237578,0
237580,0
237586,1
237588,1
237589,1
237590,1
237591,1
237593,0
237594,0
237595,1
237597,0
237598,0
237599,0
237600,0
237601,1
237605,1
237609,1
237610,0
237611,1
237612,0
237618,0
237621,1
237622,0
237624,0
237629,0
237630,1
237632,1
237635,1
237636,1
237640,0
237641,0
237644,0
237646,0
237647,0
237651,1
237654,1
237656,0
237657,1
237658,1
237659,1
237665,0
237668,0
237670,0
237671,1
237677,1
237678,1
237679,0
237680,0
237681,0
237682,1
237684,0
237685,0
237686,0
237687,1
237688,0
237690,1
237691,0
237694,0
237695,0
237696,0
237698,1
237699,1
237700,1
237701,1
237702,1
237710,0
237715,1
237716,1
237718,0
237720,1
237723,1
237729,1
237730,1
237732,1
237733,0
237734,0
237736,1
237737,1
237743,0
237745,0
237751,1
237752,1
237753,1
237760,1
237766,1
237769,1
237770,1
237775,1
237784,0
237785,0
237790,1
237792,0
237793,1
237797,0
237799,1
237800,1
237804,0
237806,1
237818,1
237821,0
237823,1
237828,0
237832,1
237838,1
237839,1
237842,1
237843,1
237851,0
237854,1
237855,1
237856,0
237857,0
237858,0
237860,1
237861,0
237863,1
237864,0
237865,0
237867,0
237871,0
237876,0
237878,0
237881,1
237883,0
237884,0
237886,0
237890,1
237892,0
237894,0
237895,1
237903,1
237906,0
237908,0
237911,0
237914,1
237915,0
237916,1
237918,1
237923,1
237938,0
237939,1
237940,0
237943,0
237944,0
237945,1
237947,0
237948,1
237954,1
237956,0
237958,1
237959,0
237960,1
237967,0
237968,0
237970,1
237971,0
237972,0
237974,0
237975,1
237978,0
237981,1
237986,1
237988,0
237992,1
237994,0
237995,1
237996,0
237997,0
237999,0
238000,1
238011,1
238012,0
238013,0
238017,1
238018,0
238021,1
238022,0
238025,1
238026,0
238029,1
238031,0
238032,0
238036,0
238038,1
238041,0
238042,0
238045,0
238046,1
238047,0
238049,1
238051,0
238054,1
238057,1
238058,0
238061,1
238063,1
238067,0
238069,1
238071,0
238072,0
238078,1
238080,0
238087,1
238089,0
238093,1
238096,1
238097,1
238099,0
238105,1
238113,1
238116,0
238125,0
238127,0
238130,1
238132,0
238137,0
238140,0
238144,1
238147,1
238148,1
238150,0
238166,1
238167,0
238168,0
238169,1
238170,0
238173,0
238181,1
238184,0
238185,1
238187,0
238189,0
238193,0
238194,1
238196,0
238198,0
238199,1
238200,0
238202,1
238204,1
238207,0
238209,0
238210,0
238213,0
238214,0
238216,1
238218,1
238219,1
238220,0
238221,0
238223,1
238224,1
238225,1
238228,1
238230,1
238232,0
238234,0
238238,0
238246,0
238248,0
238249,1
238251,1
238259,0
238262,0
238264,0
238265,0
238266,1
238269,0
238277,1
238278,1
238280,0
238281,0
238284,1
238285,1
238288,0
238289,1
238290,0
238291,0
238296,0
238297,0
238298,1
238299,1
238300,1
238301,1
238302,1
238303,1
238304,0
238305,0
238308,0
238311,1
238312,0
238314,1
238322,1
238325,0
238326,0
238329,0
238332,1
238334,0
238339,1
238340,0
238342,0
238343,1
238344,0
238345,1
238347,0
238350,0
238354,1
238357,0
238361,0
238363,1
238366,1
238367,1
238370,1
238373,0
238376,0
238377,0
238378,1
238379,1
238381,1
238383,1
238384,1
238386,0
238387,0
238394,0
238399,1
238403,0
238404,1
238407,0
238410,1
238412,0
238418,0
238420,0
238423,0
238426,1
238427,0
238429,1
238431,0
238433,1
238437,0
238438,1
238439,1
238443,1
238444,0
238445,0
238446,1
238448,1
238449,1
238451,1
238453,1
238454,1
238456,1
238458,1
238460,0
238462,1
238463,0
238465,1
238467,0
238473,0
238474,1
238478,0
238481,0
238482,0
238485,0
238486,0
238489,0
238490,1
238493,1
238494,0
238496,1
238497,0
238503,1
238511,1
238512,1
238517,1
238521,0
238525,0
238526,0
238529,0
238530,0
238533,0
238550,1
238551,0
238552,1
238560,1
238561,0
238565,0
238566,0
238567,0
238569,0
238572,1
238573,0
238576,0
238577,1
238579,1
238580,0
238581,1
238583,1
238585,1
238588,1
238589,1
238590,1
238591,1
238592,1
238594,1
238605,1
238606,1
238607,0
238609,0
238611,0
238612,0
238614,1
238620,1
238621,1
238622,0
238625,0
238627,1
238628,1
238629,1
238634,0
238638,0
238641,1
238642,1
238645,1
238648,1
238650,1
238651,0
238656,1
238659,0
238660,1
238661,1
238663,1
238669,0
238671,1
238677,1
238678,0
238683,0
238685,1
238686,0
238687,0
238692,1
238694,0
238697,1
238698,1
238700,0
238704,0
238705,0
238706,0
238708,1
238709,0
238710,1
238714,1
238719,0
238722,1
238723,0
238724,0
238726,0
238732,1
238734,0
238735,1
238736,1
238737,1
238739,0
238743,1
238750,0
238752,1
238753,0
238757,0
238759,1
238763,0
238764,0
238767,0
238769,1
238771,0
238773,1
238775,1
238776,1
238777,1
238778,0
238780,1
238785,0
238795,0
238796,1
238797,1
238799,1
238800,1
238801,0
238803,1
238806,1
238808,1
238811,1
238812,0
238814,0
238821,0
238823,0
238830,0
238833,0
238837,0
238839,1
238840,1
238841,0
238842,1
238844,1
238848,1
238849,0
238850,1
238851,1
238852,1
238854,1
238855,1
238861,1
238862,1
238863,1
238866,1
238868,0
238870,1
238874,1
238875,0
238876,0
238878,1
238881,1
238882,1
238884,0
238885,0
238887,0
238890,1
238892,1
238893,1
238896,1
238901,0
238903,0
238905,0
238907,0
238908,1
238909,0
238911,1
238917,0
238918,1
238921,1
238922,1
238925,0
238926,1
238934,1
238937,0
238938,0
238942,1
238944,1
238948,1
238950,0
238953,1
238954,0
238962,1
238964,1
238971,1
238974,1
238975,1
238979,0
238981,1
238984,1
238987,1
238990,0
238994,0
238995,1
238997,0
238998,1
239000,1
239001,0
239003,0
239012,0
239018,1
239021,0
239023,0
239025,1
239032,1
239034,1
239035,0
239037,1
239043,1
239044,1
239046,0
239047,0
239048,0
239051,0
239060,0
239061,0
239062,0
239063,1
239066,1
239070,0
239075,0
239078,1
239080,1
239083,0
239085,0
239086,0
239087,1
239088,1
239089,1
239090,1
239094,0
239096,1
239099,1
239102,0
239105,0
239107,1
239108,0
239110,1
239111,1
239113,1
239117,1
239120,1
239121,0
239122,0
239123,0
239128,1
239132,1
239137,0
239138,1
239139,0
239142,1
239143,1
239144,1
239146,0
239147,0
239149,0
239151,0
239152,0
239154,0
239160,1
239165,1
239166,1
239167,1
239171,1
239173,0
239174,1
239178,1
239179,1
239183,1
239188,0
239190,0
239193,0
239194,1
239201,0
239204,1
239205,1
239206,1
239209,0
239213,1
239215,1
239218,0
239223,0
239224,0
239227,1
239230,0
239234,0
239239,0
239240,1
239241,0
239244,0
239257,0
239258,0
239259,0
239266,0
239267,1
239268,1
239269,1
239270,1
239274,0
239278,0
239280,1
239285,1
239290,1
239296,1
239298,0
239299,0
239303,1
239304,0
239308,1
239310,0
239311,0
239312,1
239314,1
239316,1
239317,0
239319,0
239321,0
239327,0
239330,0
239335,1
239336,0
239339,1
239340,1
239341,0
239344,0
239349,0
239350,0
239352,1
239355,1
239356,1
239359,1
239361,1
239364,1
239366,1
239368,0
239370,1
239374,1
239378,0
239379,0
239382,1
239384,0
239386,0
239387,1
239388,0
239389,0
239391,1
239392,1
239393,1
239394,0
239399,0
239404,1
239405,1
239410,1
239412,0
239416,0
239418,0
239419,0
239422,0
239423,1
239424,0
239425,0
239428,0
239430,1
239437,1
239441,0
239450,1
239451,1
239452,0
239453,1
239462,0
239463,1
239464,1
239465,1
239467,1
239472,1
239474,0
239479,1
239481,0
239482,1
239484,1
239486,0
239490,1
239492,1
239496,1
239498,1
239503,1
239504,0
239506,0
239508,0
239509,0
239511,1
239512,0
239514,1
239516,0
239520,1
239521,0
239524,1
239525,1
239526,1
239529,0
239530,0
239532,1
239536,0
239541,0
239543,0
239545,0
239547,0
239548,1
239549,1
239550,0
239553,0
239557,0
239558,1
239559,0
239560,1
239561,0
239565,0
239568,0
239569,0
239570,1
239577,0
239581,1
239582,1
239589,0
239593,0
239595,1
239596,0
239598,1
239599,1
239600,1
239615,0
239617,1
239618,0
239627,0
239628,1
239631,1
239632,0
239633,1
239635,1
239636,1
239638,1
239641,1
239652,1
239657,0
239661,1
239662,1
239663,1
239664,0
239665,0
239668,0
239669,1
239678,0
239681,1
239684,0
239687,1
239689,1
239690,1
239696,0
239697,1
239699,0
239701,1
239702,1
239708,0
239710,0
239720,0
239722,0
239725,1
239727,1
239728,0
239733,0
239734,0
239736,0
239739,1
239740,1
239741,0
239743,0
239745,1
239747,0
239748,1
239749,1
239750,0
239751,0
239752,1
239754,1
239755,0
239760,0
239761,0
239764,0
239768,0
239772,1
239773,1
239774,0
239778,1
239781,0
239782,1
239783,0
239784,1
239785,1
239786,1
239787,1
239791,1
239793,0
239796,0
239798,0
239801,0
239802,0
239803,0
239807,0
239808,1
239809,0
239810,0
239811,1
239812,1
239815,0
239816,0
239820,1
239822,0
239824,0
239825,1
239828,0
239831,0
239832,1
239836,0
239837,0
239842,1
239843,1
239847,1
239850,0
239852,0
239854,0
239858,1
239860,1
239864,0
239865,1
239866,0
239869,1
239871,1
239874,0
239881,0
239883,1
239886,0
239888,1
239891,1
239893,1
239896,0
239897,1
239900,1
239901,1
239902,0
239906,1
239907,1
239909,0
239910,1
239915,1
239917,1
239919,1
239920,0
239921,0
239925,0
239927,1
239930,0
239933,1
239934,0
239939,0
239942,0
239943,1
239944,0
239945,1
239946,1
239948,1
239949,0
239950,1
239952,0
239956,0
239958,1
239960,0
239961,0
239962,0
239963,0
239966,0
239970,0
239972,0
239973,1
239975,1
239976,0
239977,0
239978,1
239985,0
239986,0
239991,1
239992,0
239993,1
239994,1
239997,1
240002,0
240003,0
240006,0
240011,1
240014,0
240018,0
240020,1
240021,1
240022,1
240024,0
240025,1
240027,1
240028,0
240029,1
240034,0
240036,1
240037,1
240041,1
240042,0
240043,1
240044,0
240046,0
240048,1
240049,0
240050,0
240054,0
240058,1
240059,1
240060,1
240061,0
240063,1
240064,1
240066,1
240069,0
240070,0
240073,1
240076,1
240077,0
240079,0
240080,1
240083,1
240085,1
240086,0
240087,0
240091,0
240092,1
240094,1
240095,1
240096,0
240097,0
240098,1
240101,1
240102,0
240104,1
240105,0
240106,1
240109,0
240112,1
240115,0
240117,0
240118,0
240119,0
240123,1
240124,1
240127,0
240129,1
240130,0
240132,0
240134,0
240135,1
240139,0
240143,1
240146,1
240147,0
240148,0
240149,0
240150,1
240151,1
240152,1
240154,0
240157,1
240158,0
240160,1
240161,0
240162,1
240163,0
240164,1
240167,1
240171,0
240172,1
240173,1
240175,1
240177,1
240180,0
240185,1
240192,0
240193,1
240194,1
240195,0
240198,0
240205,1
240210,1
240211,1
240214,0
240219,1
240220,0
240222,1
240224,0
240225,0
240230,1
240231,1
240234,0
240235,0
240238,1
240247,0
240248,1
240250,0
240251,1
240252,0
240254,1
240255,0
240260,1
240264,1
240267,0
240268,0
240269,0
240271,1
240273,1
240275,1
240276,1
240278,0
240285,1
240287,1
240288,0
240289,0
240291,1
240292,1
240295,0
240297,1
240301,1
240308,0
240309,0
240310,1
240311,1
240314,1
240315,0
240317,0
240319,1
240320,0
240323,0
240327,1
240328,0
240330,1
240333,0
240334,1
240335,0
240337,1
240341,1
240342,1
240343,1
240347,0
240348,1
240356,0
240358,0
240362,1
240364,1
240370,0
240371,0
240372,0
240375,0
240376,1
240379,0
240382,0
240383,0
240384,1
240385,1
240389,0
240390,0
240391,0
240392,0
240397,1
240398,1
240403,0
240407,0
240408,1
240411,1
240412,1
240415,0
240416,1
240420,0
240421,1
240422,0
240423,1
240424,1
240429,1
240432,0
240435,1
240436,0
240440,0
240441,1
240448,1
240450,1
240453,1
240454,0
240457,1
240460,0
240462,1
240464,0
240466,0
240467,1
240468,1
240469,1
240472,1
240476,0
240480,1
240482,0
240485,1
240486,1
240487,0
240488,1
240490,0
240492,0
240494,1
240498,0
240502,0
240504,1
240505,0
240508,0
240511,1
240512,0
240516,0
240517,0
240519,1
240520,1
240521,0
240526,1
240528,1
240532,1
240534,1
240535,0
240538,0
240539,1
240540,1
240541,1
240543,1
240545,1
240546,1
240552,0
240554,0
240555,0
240556,1
240560,1
240561,1
240562,1
240564,1
240568,1
240570,1
240573,1
240574,0
240576,1
240579,0
240580,1
240585,0
240588,0
240593,0
240595,0
240596,0
240598,0
240600,0
240607,1
240611,1
240614,1
240616,0
240617,0
240618,0
240622,1
240623,1
240626,0
240633,1
240640,0
240641,0
240645,1
240648,1
240649,1
240650,1
240654,0
240655,1
240657,0
240661,0
240663,1
240665,0
240668,1
240669,1
240670,1
240673,1
240675,1
240676,0
240678,0
240686,0
240690,1
240691,0
240694,1
240695,0
240697,1
240698,0
240700,1
240701,1
240702,0
240707,0
240708,0
240709,0
240711,0
240714,0
240718,1
240719,1
240724,0
240725,1
240726,1
240727,0
240743,1
240746,0
240749,0
240752,0
240754,0
240755,0
240760,0
240763,1
240778,0
240780,0
240781,1
240782,0
240783,1
240784,0
240787,0
240788,1
240792,0
240794,0
240796,1
240798,0
240806,0
240807,0
240817,1
240819,0
240820,1
240821,1
240824,1
240828,0
240829,0
240830,1
240831,0
240833,0
240836,0
240837,1
240839,0
240840,1
240843,0
240845,1
240847,1
240853,0
240854,1
240855,1
240856,0
240857,0
240858,1
240860,1
240861,0
240867,0
240868,1
240871,1
240875,0
240876,1
240877,0
240881,0
240886,1
240888,1
240891,0
240892,1
240894,0
240896,1
240900,1
240901,0
240904,1
240907,0
240909,0
240911,1
240913,0
240917,1
240918,1
240921,0
240922,1
240927,0
240930,1
240934,0
240936,0
240938,0
240940,0
240941,1
240942,1
240945,1
240946,0
240948,0
240950,1
240951,1
240952,0
240956,1
240961,0
240963,0
240964,0
240966,1
240967,1
240969,1
240972,0
240974,0
240975,1
240976,0
240978,0
240979,0
240982,0
240983,1
240985,0
240988,1
240989,0
241001,0
241003,1
241004,1
241008,0
241011,0
241012,0
241013,1
241015,1
241016,1
241017,0
241018,1
241019,1
241021,0
241022,0
241024,0
241026,0
241029,0
241030,1
241034,1
241037,1
241042,0
241044,0
241046,1
241047,0
241048,0
241050,0
241051,0
241053,0
241056,1
241061,1
241063,1
241066,1
241071,0
241072,1
241075,0
241078,0
241080,0
241081,0
241087,0
241088,0
241091,0
241093,0
241097,1
241098,1
241105,1
241108,1
241110,0
241111,0
241114,0
241117,1
241119,0
241120,0
241124,1
241125,0
241140,0
241141,1
241142,1
241146,0
241148,1
241149,0
241150,1
241156,1
241157,1
241159,1
241161,0
241162,0
241165,0
241166,1
241167,1
241168,1
241169,1
241170,1
241173,1
241175,1
241184,0
241185,0
241188,0
241189,1
241191,0
241192,0
241203,0
241204,1
241209,1
241211,0
241216,0
241217,0
241220,0
241222,1
241224,1
241226,0
241228,1
241229,1
241230,0
241235,0
241240,0
241241,0
241242,1
241243,0
241244,1
241247,1
241249,1
241251,1
241255,0
241256,0
241259,0
241260,0
241261,1
241262,0
241263,0
241264,1
241265,0
241266,1
241267,1
241268,0
241269,1
241270,0
241272,0
241275,1
241278,0
241279,0
241285,1
241288,0
241290,0
241292,1
241293,1
241295,0
241296,0
241298,1
241299,1
241300,1
241302,1
241307,0
241309,1
241310,0
241315,0
241318,0
241323,0
241324,0
241327,0
241330,1
241331,1
241333,1
241335,0
241337,1
241341,1
241342,1
241344,1
241345,1
241346,1
241349,0
241350,0
241353,1
241357,1
241358,0
241359,0
241361,1
241363,1
241365,0
241368,0
241376,0
241378,1
241379,1
241386,1
241387,0
241389,0
241392,1
241393,1
241395,1
241396,1
241405,0
241407,1
241409,0
241417,0
241418,1
241419,0
241421,1
241428,1
241430,0
241432,1
241435,0
241442,0
241443,0
241444,0
241445,0
241446,0
241453,1
241456,0
241457,1
241458,1
241460,0
241463,1
241464,0
241468,0
241469,1
241483,1
241484,0
241485,1
241489,1
241491,1
241493,1
241494,1
241495,1
241499,0
241500,1
241505,1
241509,0
241510,1
241513,1
241514,1
241516,1
241518,0
241520,1
241522,0
241524,1
241525,1
241528,1
241530,0
241533,0
241534,1
241535,1
241538,0
241539,0
241540,0
241545,1
241546,1
241549,0
241553,1
241558,1
241560,1
241562,0
241566,0
241573,1
241574,0
241575,1
241577,0
241578,1
241582,1
241584,1
241588,0
241590,0
241591,1
241592,0
241596,1
241599,1
241600,0
241602,1
241604,0
241605,0
241606,0
241609,0
241611,1
241612,1
241613,0
241616,1
241617,1
241619,1
241627,1
241629,1
241630,1
241631,1
241632,0
241634,1
241635,1
241636,1
241639,1
241640,1
241641,1
241645,0
241646,0
241647,0
241648,0
241651,0
241652,0
241654,0
241655,1
241656,0
241657,1
241661,0
241664,1
241665,1
241671,0
241672,0
241675,1
241676,1
241677,1
241678,1
241681,0
241683,1
241687,1
241689,0
241690,0
241693,1
241697,1
241698,1
241699,1
241702,0
241705,1
241707,0
241711,1
241712,0
241713,0
241715,0
241717,1
241718,1
241723,1
241724,0
241726,1
241729,0
241731,1
241736,1
241739,0
241744,0
241745,1
241746,0
241747,1
241749,1
241750,0
241756,0
241760,0
241761,0
241762,0
241763,1
241765,0
241768,1
241771,0
241776,1
241778,0
241781,1
241782,0
241783,1
241785,0
241786,0
241787,1
241790,1
241791,1
241792,1
241793,0
241794,1
241795,1
241796,1
241799,1
241803,1
241804,0
241807,1
241808,0
241809,0
241812,1
241814,0
241815,0
241818,1
241821,1
241823,0
241825,1
241827,0
241829,0
241833,0
241838,1
241839,0
241840,1
241841,0
241848,1
241853,1
241855,0
241859,1
241860,1
241864,1
241867,0
241870,0
241871,1
241875,1
241877,1
241878,1
241883,1
241885,0
241888,0
241893,1
241898,1
241900,1
241903,0
241904,0
241911,1
241912,1
241913,0
241915,0
241919,1
241920,0
241923,0
241924,1
241925,1
241926,0
241929,1
241930,1
241931,1
241933,1
241934,0
241936,0
241937,0
241938,0
241942,1
241943,1
241945,0
241947,1
241949,0
241950,1
241952,1
241953,1
241954,0
241962,0
241968,1
241970,0
241972,0
241975,0
241980,1
241984,0
241985,0
241988,0
241989,0
241990,1
241991,1
241992,0
241993,0
241994,1
241996,0
241997,0
242000,0
242001,1
242002,1
242004,0
242010,1
242011,1
242012,1
242015,1
242020,0
242021,1
242023,1
242024,1
242027,1
242031,0
242032,1
242036,0
242039,1
242041,0
242046,0
242047,1
242051,1
242054,1
242055,1
242057,0
242059,1
242061,0
242064,1
242070,0
242074,1
242079,1
242081,1
242084,0
242089,1
242094,1
242098,0
242099,0
242101,1
242102,1
242106,1
242107,1
242112,0
242113,0
242114,0
242116,1
242120,1
242121,1
242125,0
242126,0
242128,1
242131,0
242138,1
242140,1
242141,0
242143,0
242151,0
242154,1
242157,0
242158,1
242159,1
242160,1
242165,1
242166,0
242167,1
242174,1
242175,1
242176,0
242179,0
242182,1
242183,0
242185,0
242192,1
242193,1
242194,0
242196,1
242207,1
242209,1
242216,0
242217,0
242219,0
242222,0
242223,1
242227,1
242228,0
242231,0
242235,1
242239,0
242243,1
242244,0
242245,1
242251,0
242253,1
242263,0
242265,1
242271,1
242274,1
242279,0
242281,0
242283,1
242285,0
242289,1
242292,1
242294,1
242298,0
242299,0
242300,1
242312,1
242313,0
242314,1
242315,0
242317,0
242318,1
242319,1
242320,1
242323,0
242324,0
242326,1
242328,0
242334,0
242337,1
242339,1
242341,1
242343,1
242345,1
242346,0
242351,0
242352,0
242357,1
242360,0
242364,1
242365,1
242371,0
242373,1
242376,0
242378,0
242384,0
242385,1
242386,0
242387,1
242396,0
242398,0
242399,0
242404,0
242407,1
242409,0
242416,1
242417,1
242418,1
242420,1
242421,1
242422,1
242424,0
242425,0
242426,1
242428,1
242429,1
242433,1
242440,1
242441,1
242442,1
242444,1
242448,1
242449,1
242450,0
242451,1
242453,1
242454,0
242456,0
242462,1
242464,1
242465,0
242466,1
242469,0
242470,0
242472,0
242473,0
242475,0
242477,1
242478,1
242484,0
242486,1
242487,0
242489,1
242490,0
242491,1
242503,1
242505,1
242507,1
242509,0
242510,0
242511,1
242517,0
242518,1
242523,1
242527,1
242529,1
242531,1
242532,1
242535,0
242542,0
242543,0
242547,0
242550,1
242551,1
242553,1
242556,1
242557,0
242560,1
242561,0
242563,0
242564,1
242567,1
242568,0
242569,1
242574,0
242584,0
242585,0
242587,0
242589,1
242593,0
242595,0
242596,0
242597,0
242598,1
242599,0
242600,0
242602,0
242603,1
242609,0
242612,1
242613,1
242616,0
242624,1
242626,1
242627,1
242633,0
242636,1
242637,1
242639,1
242640,0
242641,1
242643,0
242648,1
242651,0
242652,0
242653,0
242657,1
242658,0
242659,1
242660,1
242661,1
242662,0
242664,0
242665,1
242666,0
242671,0
242673,0
242675,1
242676,0
242677,1
242684,0
242685,0
242686,1
242688,1
242690,1
242691,1
242693,1
242694,1
242696,0
242698,0
242700,1
242702,1
242711,1
242712,1
242716,1
242717,1
242718,0
242721,0
242727,1
242729,0
242730,1
242731,0
242734,0
242738,0
242739,1
242742,0
242746,1
242748,1
242752,0
242754,0
242755,1
242756,1
242757,0
242761,1
242764,1
242767,1
242769,1
242770,0
242773,1
242775,1
242776,0
242777,0
242780,0
242783,1
242784,0
242785,1
242786,0
242787,0
242788,1
242793,0
242794,1
242795,0
242797,1
242799,1
242800,1
242803,0
242806,0
242816,1
242819,0
242820,0
242826,0
242828,0
242833,1
242836,0
242840,0
242841,1
242842,1
242846,1
242847,1
242849,1
242853,0
242855,1
242858,0
242861,0
242862,1
242863,1
242865,0
242866,0
242868,0
242870,1
242871,1
242872,1
242875,1
242877,0
242878,0
242879,1
242886,0
242887,1
242892,1
242894,1
242897,0
242898,1
242905,0
242907,0
242910,0
242912,1
242918,1
242919,0
242922,0
242924,1
242925,0
242926,0
242927,1
242928,1
242929,1
242931,0
242934,0
242935,0
242936,1
242937,0
242938,0
242940,1
242941,1
242944,1
242945,1
242952,0
242954,1
242959,0
242961,1
242963,1
242968,0
242972,1
242975,1
242976,0
242982,0
242987,0
242990,0
242992,0
242993,1
242995,1
242998,1
243004,0
243005,0
243007,1
243009,1
243014,0
243016,0
243024,0
243025,1
243027,0
243028,0
243030,0
243031,0
243034,0
243036,0
243041,0
243042,1
243048,1
243049,1
243051,0
243052,1
243053,0
243054,0
243056,0
243057,0
243058,0
243059,0
243061,0
243062,1
243066,0
243067,1
243076,0
243079,0
243082,1
243085,1
243086,0
243087,1
243095,0
243098,1
243099,1
243100,0
243104,1
243112,1
243114,1
243115,0
243116,1
243118,1
243120,0
243122,1
243125,0
243126,1
243127,1
243129,0
243130,1
243133,0
243134,1
243135,0
243137,0
243138,0
243139,0
243140,0
243142,0
243143,1
243148,0
243150,1
243152,1
243156,0
243158,0
243168,0
243171,0
243173,1
243174,1
243175,0
243177,1
243178,1
243179,0
243180,1
243181,0
243182,1
243185,0
243186,1
243187,0
243188,0
243189,1
243193,1
243195,1
243197,0
243200,0
243201,0
243208,0
243209,1
243210,1
243212,0
243214,0
243219,0
243226,0
243229,1
243238,1
243239,1
243240,1
243243,1
243244,0
243246,1
243247,1
243248,1
243253,0
243254,0
243257,1
243264,0
243266,0
243269,1
243271,1
243275,1
243279,1
243280,0
243281,1
243284,1
243285,1
243288,1
243292,1
243293,0
243295,1
243296,1
243297,1
243298,1
243300,0
243304,1
243306,0
243307,0
243308,1
243309,1
243311,0
243312,0
243314,0
243316,1
243317,1
243320,1
243321,1
243325,0
243326,0
243330,1
243333,1
243337,1
243338,0
243343,0
243345,0
243346,0
243355,0
243356,0
243357,1
243360,1
243362,0
243364,1
243365,1
243366,0
243367,0
243368,1
243370,1
243371,1
243374,0
243377,0
243379,0
243381,0
243382,0
243384,0
243386,1
243387,0
243399,1
243400,1
243401,1
243403,0
243404,1
243406,1
243410,1
243414,1
243416,0
243417,1
243419,1
243423,0
243424,0
243427,0
243428,0
243430,0
243433,0
243436,1
243438,0
243440,1
243446,1
243447,1
243448,1
243449,1
243458,1
243459,1
243460,0
243462,0
243467,0
243470,1
243471,0
243473,0
243474,1
243476,0
243477,1
243479,1
243481,1
243483,1
243485,1
243486,0
243493,0
243494,0
243496,1
243497,0
243499,1
243500,0
243501,0
243503,0
243506,1
243514,1
243515,1
243520,0
243521,1
243522,1
243525,1
243526,1
243528,0
243529,0
243530,0
243531,1
243533,0
243536,1
243538,1
243539,0
243544,0
243547,0
243548,0
243550,0
243555,1
243558,0
243560,0
243563,0
243564,0
243565,1
243575,1
243578,1
243579,0
243583,1
243585,1
243586,0
243587,0
243589,1
243590,0
243591,1
243592,1
243594,1
243598,0
243600,1
243601,1
243607,1
243608,1
243609,0
243614,1
243617,0
243619,1
243622,1
243625,1
243626,1
243629,1
243633,0
243635,1
243636,0
243637,1
243640,0
243643,1
243645,0
243646,1
243650,0
243654,0
243656,0
243658,1
243659,0
243661,0
243665,1
243668,1
243670,0
243671,1
243675,0
243677,1
243680,1
243684,1
243686,1
243688,1
243689,1
243691,1
243692,1
243693,1
243694,0
243697,1
243699,0
243705,0
243707,0
243710,1
243712,0
243714,1
243715,1
243716,1
243717,0
243718,1
243721,1
243728,1
243729,0
243736,1
243741,0
243744,0
243745,0
243746,1
243750,1
243751,1
243752,0
243754,1
243755,0
243761,0
243763,0
243769,0
243771,0
243776,0
243777,0
243778,0
243780,1
243781,1
243787,1
243789,1
243791,1
243793,1
243794,0
243795,0
243796,0
243797,0
243798,1
243799,1
243800,1
243801,1
243802,0
243803,1
243808,0
243812,1
243818,1
243819,1
243820,0
243826,1
243827,0
243833,1
243835,0
243841,0
243845,1
243848,1
243849,1
243850,0
243853,1
243854,1
243857,1
243859,0
243861,0
243862,0
243864,0
243865,1
243869,0
243872,1
243873,1
243875,1
243876,0
243877,0
243879,0
243880,1
243881,1
243884,0
243885,1
243886,1
243896,0
243898,1
243901,0
243902,1
243909,0
243913,0
243914,1
243916,0
243917,1
243918,0
243921,1
243922,1
243925,1
243926,1
243927,0
243929,0
243931,0
243932,0
243934,0
243937,0
243939,1
243941,0
243943,1
243945,1
243949,0
243955,0
243961,1
243962,1
243964,0
243971,0
243972,0
243973,1
243977,1
243978,0
243979,0
243980,1
243982,1
243983,0
243984,0
243985,1
243986,1
243987,0
243989,1
243997,1
243998,0
243999,1
244003,0
244004,1
244005,0
244007,1
244008,0
244010,1
244011,0
244013,1
244014,1
244015,1
244017,0
244018,1
244019,1
244021,1
244022,1
244023,1
244024,0
244026,0
244028,1
244030,1
244034,0
244035,1
244036,1
244037,1
244038,0
244041,1
244044,1
244045,1
244046,1
244047,0
244048,1
244049,1
244052,1
244053,1
244056,0
244057,1
244061,1
244063,0
244065,1
244067,0
244070,0
244071,1
244072,0
244073,0
244074,1
244076,0
244079,1
244081,0
244086,1
244087,1
244088,0
244091,1
244093,1
244096,1
244098,0
244103,1
244106,0
244110,1
244114,1
244116,1
244119,0
244122,0
244123,0
244125,0
244127,1
244128,0
244130,1
244131,0
244133,1
244134,1
244135,1
244140,1
244142,0
244143,0
244144,0
244145,1
244150,0
244153,0
244161,0
244162,1
244163,0
244164,0
244166,0
244169,0
244170,0
244175,0
244176,1
244180,1
244181,1
244185,1
244187,1
244189,1
244190,0
244192,1
244194,1
244195,0
244197,1
244202,1
244211,0
244212,1
244215,1
244219,0
244220,0
244223,0
244224,1
244230,0
244234,0
244235,0
244240,1
244242,0
244245,1
244246,1
244248,0
244249,1
244251,1
244252,0
244253,1
244255,1
244261,1
244265,1
244266,0
244268,0
244270,0
244271,1
244273,0
244277,0
244279,1
244280,1
244283,0
244284,1
244285,0
244287,0
244288,1
244289,1
244297,1
244301,1
244302,1
244303,1
244306,0
244308,0
244309,0
244311,1
244312,1
244313,1
244317,1
244321,1
244322,1
244323,0
244324,1
244328,1
244329,1
244333,1
244336,0
244337,1
244338,0
244341,1
244342,0
244347,0
244348,1
244349,1
244356,1
244357,0
244358,0
244360,1
244361,0
244363,1
244366,1
244367,1
244368,1
244375,0
244379,0
244380,1
244383,0
244386,1
244387,0
244389,0
244391,0
244393,1
244394,1
244395,0
244397,1
244398,0
244399,1
244402,1
244406,1
244408,1
244409,1
244410,0
244412,0
244414,1
244416,0
244419,1
244422,1
244424,0
244425,0
244426,1
244427,0
244428,1
244432,1
244433,1
244435,0
244436,1
244441,1
244447,1
244448,0
244450,1
244451,1
244454,0
244456,1
244457,1
244459,1
244460,1
244464,1
244465,0
244467,1
244469,1
244472,1
244473,1
244474,1
244475,1
244480,0
244482,0
244483,1
244487,0
244490,1
244492,0
244496,1
244497,0
244498,1
244505,1
244507,1
244508,1
244510,1
244511,1
244512,1
244513,1
244514,0
244515,1
244516,1
244520,0
244524,1
244525,0
244526,1
244533,1
244534,1
244536,0
244539,1
244540,0
244541,0
244542,0
244544,1
244545,0
244546,1
244547,1
244552,0
244556,1
244557,1
244559,1
244560,0
244564,0
244565,1
244569,0
244572,0
244579,0
244584,1
244585,0
244586,0
244587,1
244588,0
244592,1
244594,0
244600,1
244601,1
244613,1
244621,1
244624,0
244628,0
244632,1
244636,1
244644,1
244645,1
244648,1
244651,0
244653,0
244654,0
244655,1
244656,0
244657,1
244658,1
244662,1
244663,1
244668,1
244670,1
244672,0
244673,0
244675,1
244677,1
244678,1
244680,1
244683,0
244688,1
244689,1
244693,0
244694,0
244695,1
244697,1
244698,1
244700,0
244702,0
244705,1
244709,0
244719,0
244723,0
244725,0
244726,1
244728,1
244729,1
244730,1
244734,1
244739,1
244742,1
244744,1
244745,0
244750,0
244752,1
244754,1
244755,1
244762,1
244765,1
244767,1
244768,0
244771,0
244772,1
244773,0
244780,1
244782,0
244785,0
244789,0
244795,1
244797,1
244805,0
244809,0
244812,0
244813,0
244814,0
244816,1
244817,0
244820,1
244821,0
244824,0
244829,0
244830,1
244831,1
244832,0
244834,0
244836,1
244838,0
244840,0
244842,0
244844,0
244845,0
244847,0
244848,0
244849,1
244850,0
244852,1
244855,1
244856,0
244858,1
244859,0
244861,0
244862,0
244865,0
244866,0
244867,1
244868,1
244869,0
244870,1
244872,0
244873,1
244874,0
244877,1
244879,0
244880,0
244885,0
244887,0
244891,1
244892,0
244899,0
244907,0
244908,0
244909,0
244910,0
244914,0
244915,0
244917,1
244918,0
244924,1
244927,1
244931,0
244932,0
244933,1
244937,0
244939,0
244941,1
244942,0
244943,0
244944,0
244945,1
244948,0
244954,1
244955,1
244956,1
244961,0
244965,0
244966,1
244967,1
244969,1
244970,1
244972,1
244973,1
244975,0
244976,1
244979,0
244984,0
244985,0
244986,0
244987,0
244989,0
244991,1
244992,0
244995,1
244996,0
244997,1
245001,1
245003,0
245004,1
245007,0
245008,0
245010,1
245012,0
245015,0
245020,1
245022,1
245024,1
245025,1
245026,1
245029,1
245031,0
245032,1
245033,0
245036,0
245037,0
245044,1
245046,1
245048,1
245049,0
245050,0
245053,1
245054,0
245055,0
245056,1
245061,0
245067,1
245068,1
245069,1
245070,0
245071,1
245074,0
245075,1
245076,0
245080,1
245081,1
245085,1
245086,0
245087,1
245092,1
245095,0
245096,1
245097,1
245099,1
245102,1
245104,0
245111,1
245114,0
245115,1
245117,1
245120,1
245123,1
245125,1
245128,0
245130,0
245131,0
245132,1
245133,1
245136,1
245137,1
245139,0
245141,0
245142,0
245146,1
245147,0
245149,0
245153,1
245155,1
245156,0
245157,0
245158,1
245160,0
245166,0
245168,0
245170,1
245172,0
245174,1
245176,1
245183,0
245190,0
245191,0
245200,1
245201,1
245205,1
245206,1
245208,0
245210,0
245211,0
245212,1
245214,1
245215,1
245218,1
245219,1
245226,0
245227,0
245228,1
245229,0
245233,1
245234,1
245235,0
245237,1
245239,0
245240,1
245244,0
245245,1
245250,1
245252,1
245253,1
245256,0
245260,1
245261,1
245262,1
245263,1
245273,1
245277,1
245279,1
245283,1
245285,0
245287,0
245291,0
245296,0
245300,1
245303,1
245305,1
245311,1
245312,1
245314,0
245315,0
245316,0
245317,0
245320,0
245321,0
245323,1
245324,0
245326,0
245328,1
245329,0
245331,0
245332,0
245340,1
245342,0
245343,1
245345,1
245352,0
245355,1
245356,1
245357,0
245359,0
245360,1
245361,0
245362,1
245364,0
245365,0
245366,0
245369,0
245372,0
245373,0
245375,1
245376,0
245377,1
245379,1
245381,0
245382,1
245385,1
245389,1
245390,1
245391,0
245392,0
245394,1
245395,1
245396,1
245398,1
245405,1
245407,0
245412,0
245413,1
245417,0
245418,1
245421,1
245423,1
245426,0
245427,1
245428,0
245430,0
245433,0
245446,0
245448,1
245452,0
245453,0
245456,0
245460,0
245464,1
245465,0
245468,1
245469,0
245471,0
245476,0
245477,0
245478,0
245480,1
245483,0
245486,0
245487,1
245491,0
245492,0
245494,0
245495,1
245496,1
245497,0
245500,0
245503,1
245505,1
245507,1
245511,1
245512,0
245515,1
245516,0
245517,0
245518,0
245520,1
245522,0
245523,0
245531,0
245536,1
245537,0
245541,0
245542,0
245544,0
245548,0
245550,0
245555,1
245556,0
245559,1
245560,1
245561,0
245562,1
245564,0
245565,0
245567,1
245568,1
245573,1
245577,1
245578,0
245583,0
245587,0
245588,0
245590,0
245593,0
245594,0
245598,1
245601,1
245604,0
245605,1
245607,0
245609,1
245612,0
245614,1
245615,0
245616,1
245617,1
245618,1
245620,0
245621,0
245624,0
245625,1
245627,0
245628,0
245629,0
245632,0
245633,1
245634,0
245635,1
245638,1
245640,1
245641,1
245642,1
245643,1
245644,0
245645,1
245647,1
245651,0
245664,1
245665,0
245668,1
245669,0
245670,1
245677,0
245679,1
245684,0
245687,1
245688,1
245690,1
245691,1
245693,1
245695,0
245696,1
245697,0
245698,0
245700,1
245703,0
245706,0
245707,0
245714,0
245719,0
245720,0
245723,1
245724,1
245726,0
245727,0
245730,1
245731,0
245733,1
245738,1
245739,0
245740,1
245741,0
245743,0
245744,0
245745,0
245747,1
245748,1
245754,0
245757,0
245758,1
245760,1
245762,1
245764,0
245768,1
245769,1
245770,1
245773,0
245774,1
245778,1
245781,1
245782,1
245783,1
245785,0
245786,0
245787,0
245789,1
245793,0
245794,1
245795,0
245797,1
245800,0
245805,0
245806,1
245808,1
245813,1
245814,0
245816,0
245817,0
245818,0
245824,1
245829,0
245831,1
245832,0
245833,0
245834,0
245835,1
245836,0
245838,0
245839,1
245840,1
245841,0
245847,0
245848,1
245850,0
245851,1
245852,1
245854,0
245855,0
245857,0
245860,0
245862,1
245866,1
245870,1
245871,0
245874,0
245875,1
245878,0
245883,1
245884,0
245889,0
245891,1
245892,1
245896,1
245898,1
245899,1
245900,1
245901,0
245903,1
245905,1
245908,1
245909,0
245910,0
245911,1
245912,1
245913,0
245914,1
245915,1
245920,0
245921,0
245926,1
245931,1
245936,0
245938,1
245939,0
245940,1
245941,1
245942,0
245943,1
245944,0
245948,0
245950,0
245951,1
245953,0
245957,0
245962,1
245963,0
245964,0
245968,1
245969,0
245971,0
245972,1
245974,1
245976,0
245977,1
245978,1
245984,1
245985,1
245987,0
245989,0
245991,0
245995,0
245996,0
245997,1
245998,0
246000,1
246001,1
246003,0
246005,0
246013,1
246016,0
246021,1
246022,0
246026,0
246028,1
246034,0
246038,0
246043,0
246045,1
246046,1
246047,0
246049,1
246050,1
246051,1
246052,1
246053,0
246054,1
246056,0
246058,1
246062,1
246068,0
246070,0
246071,0
246072,0
246073,1
246075,0
246076,1
246080,1
246081,0
246082,1
246084,0
246085,0
246086,0
246089,0
246090,0
246092,0
246095,0
246096,0
246097,0
246098,0
246099,0
246104,1
246106,0
246108,0
246109,1
246112,0
246113,1
246119,0
246123,0
246124,1
246125,1
246128,1
246129,0
246130,0
246131,1
246135,0
246141,1
246144,1
246145,1
246147,0
246152,1
246153,1
246154,0
246158,0
246159,0
246161,0
246163,0
246165,0
246169,0
246170,0
246171,1
246173,0
246174,1
246177,0
246180,1
246183,1
246185,0
246186,0
246188,1
246192,0
246195,1
246200,1
246202,0
246203,1
246207,1
246208,0
246209,0
246211,0
246212,1
246213,0
246218,1
246221,0
246222,0
246223,0
246228,0
246229,1
246230,1
246231,0
246233,1
246234,0
246235,1
246237,0
246238,1
246239,1
246240,1
246241,0
246243,1
246245,1
246250,0
246251,1
246253,0
246255,1
246256,0
246258,1
246261,0
246262,0
246264,0
246265,0
246266,1
246267,1
246268,0
246269,0
246270,0
246271,0
246272,1
246276,1
246280,0
246283,0
246289,1
246291,0
246292,1
246293,0
246295,0
246296,1
246303,1
246304,0
246305,0
246309,0
246310,0
246312,1
246313,0
246315,1
246319,1
246320,0
246324,1
246328,1
246332,0
246334,0
246336,0
246337,0
246338,0
246339,1
246341,1
246342,1
246344,1
246346,0
246349,1
246355,1
246358,0
246359,0
246360,1
246361,0
246363,0
246365,0
246371,1
246375,1
246377,1
246381,0
246382,0
246384,0
246388,0
246389,1
246391,1
246393,0
246397,0
246398,0
246400,0
246402,1
246404,0
246406,0
246407,1
246409,0
246413,1
246416,1
246418,1
246422,1
246423,0
246430,1
246434,1
246436,1
246437,1
246441,0
246442,1
246443,1
246444,1
246447,0
246448,1
246449,1
246454,0
246458,1
246459,1
246461,1
246462,0
246465,1
246470,0
246471,1
246472,0
246475,0
246476,0
246482,0
246484,1
246485,1
246487,0
246488,0
246489,1
246490,0
246496,1
246497,0
246499,1
246500,1
246501,1
246503,0
246505,1
246506,1
246509,0
246511,0
246516,0
246518,0
246519,1
246522,1
246523,1
246528,0
246529,1
246530,0
246531,0
246532,1
246533,1
246534,1
246539,0
246541,1
246542,1
246543,0
246546,0
246548,1
246550,0
246555,0
246560,0
246562,1
246566,0
246567,0
246568,1
246572,1
246573,1
246578,0
246579,1
246581,0
246584,0
246585,1
246586,1
246587,1
246589,1
246595,1
246596,1
246597,1
246598,1
246599,1
246603,0
246605,0
246606,1
246607,1
246610,1
246611,1
246613,0
246614,0
246616,0
246617,0
246618,1
246623,0
246624,1
246631,0
246636,1
246642,1
246652,0
246653,0
246654,0
246660,0
246663,1
246665,0
246670,1
246671,0
246672,0
246673,0
246676,0
246678,1
246681,1
246683,1
246685,0
246686,1
246688,0
246689,0
246691,1
246692,1
246693,0
246695,0
246696,1
246699,0
246704,0
246705,0
246706,0
246708,1
246711,1
246713,1
246714,1
246715,1
246716,0
246725,0
246726,0
246730,1
246731,1
246733,1
246734,0
246739,0
246740,0
246742,0
246744,0
246749,0
246750,0
246751,1
246752,0
246754,1
246760,0
246763,1
246764,0
246766,0
246768,0
246770,1
246771,0
246775,0
246780,0
246781,0
246784,1
246787,1
246789,0
246790,1
246794,0
246795,0
246796,0
246798,0
246800,1
246801,0
246803,1
246806,1
246808,0
246809,0
246814,0
246818,0
246820,1
246823,1
246824,0
246825,0
246826,1
246827,1
246828,1
246831,0
246832,1
246834,0
246837,0
246838,0
246839,0
246842,1
246844,0
246845,0
246847,0
246850,0
246851,1
246852,1
246853,0
246854,0
246855,0
246861,1
246862,0
246864,1
246867,1
246873,1
246874,0
246878,0
246879,1
246889,1
246897,0
246898,0
246900,1
246907,1
246908,1
246909,1
246913,0
246917,0
246925,1
246927,1
246928,0
246929,0
246931,1
246933,0
246934,1
246935,0
246938,0
246941,0
246942,0
246943,0
246944,1
246949,0
246950,1
246952,0
246954,0
246955,1
246956,1
246958,0
246962,0
246964,0
246965,0
246966,0
246969,1
246971,1
246979,0
246983,0
246984,0
246985,1
246990,0
246991,0
246997,0
247005,1
247007,0
247010,1
247015,1
247016,0
247017,0
247018,1
247019,0
247021,1
247022,1
247025,1
247027,1
247030,0
247031,0
247032,1
247033,0
247035,0
247037,1
247040,1
247041,1
247045,1
247058,1
247060,1
247061,0
247062,1
247066,0
247069,1
247074,1
247075,1
247076,0
247078,1
247085,0
247091,0
247093,1
247094,1
247095,0
247101,1
247104,1
247106,1
247107,1
247108,1
247109,0
247112,0
247116,1
247117,1
247118,0
247121,1
247125,0
247126,0
247128,1
247129,0
247130,1
247131,1
247134,1
247135,0
247136,1
247137,0
247141,1
247142,0
247149,0
247151,0
247160,0
247161,1
247162,1
247163,0
247164,0
247166,0
247167,1
247172,1
247177,0
247181,0
247182,0
247186,1
247187,0
247188,1
247191,0
247193,0
247194,1
247196,0
247199,1
247205,1
247211,1
247212,1
247213,1
247214,0
247215,0
247216,0
247218,0
247221,1
247222,0
247228,1
247229,0
247230,0
247236,0
247237,1
247239,0
247241,1
247242,0
247243,0
247253,1
247256,0
247257,1
247259,1
247260,1
247261,0
247262,0
247264,1
247266,0
247267,0
247270,1
247274,0
247275,0
247277,0
247278,0
247282,1
247283,1
247284,1
247286,1
247288,1
247291,0
247293,1
247294,1
247295,0
247297,0
247299,0
247300,1
247303,0
247306,0
247309,1
247311,1
247321,1
247322,1
247324,1
247329,1
247330,1
247331,1
247335,0
247338,1
247340,1
247341,0
247347,1
247350,0
247355,0
247359,1
247361,0
247362,0
247364,0
247365,0
247371,1
247379,1
247380,1
247381,0
247383,1
247384,0
247386,1
247387,1
247388,1
247389,1
247390,1
247395,0
247396,1
247401,0
247410,1
247411,0
247415,1
247423,1
247424,1
247426,0
247427,1
247430,0
247435,1
247436,1
247439,1
247445,0
247446,1
247448,1
247460,0
247461,0
247463,1
247475,0
247478,0
247483,1
247485,0
247487,1
247488,1
247490,0
247493,0
247495,0
247496,0
247497,1
247501,1
247503,1
247504,0
247505,1
247506,0
247510,0
247512,1
247515,1
247516,0
247517,1
247519,0
247521,0
247523,0
247524,1
247527,0
247530,0
247531,0
247534,1
247536,0
247539,0
247541,0
247544,1
247545,0
247547,0
247548,1
247551,1
247556,0
247559,1
247562,0
247563,0
247564,0
247569,1
247570,1
247572,1
247577,1
247578,1
247579,1
247583,1
247584,1
247586,0
247588,1
247591,0
247592,1
247594,0
247597,1
247598,0
247602,0
247603,1
247604,0
247605,0
247606,0
247607,0
247608,0
247610,0
247613,1
247618,0
247621,1
247622,1
247623,1
247624,0
247627,0
247628,0
247629,1
247630,1
247631,0
247633,1
247634,0
247639,0
247642,1
247643,0
247647,0
247648,0
247650,1
247652,1
247655,1
247658,0
247659,1
247663,1
247665,1
247669,1
247674,0
247675,0
247680,1
247684,1
247686,1
247688,0
247691,0
247692,1
247693,0
247695,1
247697,0
247700,1
247702,1
247703,1
247707,0
247712,1
247713,0
247714,0
247715,1
247718,1
247721,1
247722,0
247724,0
247731,1
247740,0
247742,0
247748,0
247750,1
247751,1
247752,1
247755,1
247756,1
247757,0
247758,1
247759,0
247762,1
247765,1
247767,0
247771,1
247774,1
247775,0
247777,0
247778,1
247785,1
247786,0
247791,0
247793,0
247797,0
247801,0
247805,1
247810,0
247811,1
247812,0
247813,1
247816,0
247818,0
247819,0
247829,1
247831,1
247834,1
247836,0
247837,1
247839,0
247841,1
247844,1
247845,0
247846,0
247848,0
247849,1
247851,1
247852,0
247853,0
247854,1
247856,1
247857,0
247860,1
247864,0
247868,1
247869,1
247870,0
247871,0
247873,0
247876,1
247880,1
247881,0
247882,1
247883,1
247884,1
247886,1
247890,1
247902,1
247904,0
247909,0
247911,1
247915,1
247916,1
247924,1
247928,1
247929,0
247930,0
247933,0
247934,0
247935,1
247936,0
247938,1
247943,0
247948,0
247950,1
247951,0
247957,1
247958,0
247960,1
247965,0
247977,0
247981,0
247982,1
247997,1
248003,1
248004,1
248005,1
248006,1
248012,1
248014,1
248017,0
248019,0
248029,0
248030,1
248036,0
248039,0
248043,0
248044,1
248046,1
248048,1
248049,1
248053,1
248054,0
248056,1
248061,1
248068,1
248069,0
248070,0
248073,1
248076,0
248077,1
248078,1
248081,0
248082,0
248083,0
248084,0
248085,0
248086,0
248088,0
248094,1
248096,0
248098,1
248099,0
248101,0
248103,1
248104,1
248106,0
248107,1
248108,1
248110,0
248122,1
248123,0
248124,1
248125,1
248127,0
248128,1
248130,0
248131,1
248132,1
248133,0
248134,0
248135,0
248136,1
248137,1
248138,1
248139,1
248140,1
248141,1
248143,1
248144,1
248146,0
248150,0
248156,0
248158,1
248160,1
248166,0
248170,1
248172,1
248173,0
248181,0
248182,0
248183,0
248185,0
248186,1
248193,0
248194,0
248201,0
248202,1
248215,1
248217,0
248226,0
248227,1
248237,0
248238,1
248239,1
248243,1
248246,0
248249,1
248251,0
248252,0
248257,1
248264,1
248270,0
248271,1
248272,1
248278,0
248280,1
248286,0
248292,1
248294,1
248295,1
248297,1
248300,0
248303,1
248304,1
248308,0
248310,0
248312,0
248318,0
248320,1
248322,1
248324,0
248325,0
248326,1
248335,1
248337,1
248339,0
248342,1
248346,0
248350,1
248351,0
248362,0
248366,1
248368,0
248371,1
248372,0
248376,1
248377,1
248378,0
248381,0
248384,0
248390,1
248391,0
248395,1
248397,1
248399,0
248401,0
248402,0
248403,0
248405,1
248406,0
248407,1
248411,1
248415,0
248417,1
248418,0
248419,0
248420,1
248427,0
248428,1
248429,0
248433,0
248435,1
248437,0
248438,1
248439,0
248440,1
248441,0
248442,0
248444,1
248445,1
248447,1
248448,0
248449,1
248451,1
248453,0
248458,0
248460,0
248465,1
248467,1
248470,0
248471,1
248476,1
248478,0
248482,1
248483,1
248484,0
248492,1
248493,0
248494,0
248496,0
248500,1
248503,1
248504,1
248505,0
248510,1
248511,1
248514,0
248516,0
248517,0
248518,1
248519,1
248521,0
248524,0
248527,1
248537,1
248539,0
248540,1
248541,0
248546,1
248549,0
248550,1
248551,1
248554,0
248555,1
248556,1
248557,0
248558,1
248563,0
248567,0
248575,1
248582,1
248583,0
248584,0
248586,0
248590,0
248600,0
248601,1
248603,0
248605,1
248606,1
248607,0
248608,0
248611,1
248613,0
248614,1
248616,0
248618,0
248622,1
248625,1
248627,1
248631,0
248633,0
248634,0
248635,1
248638,1
248641,1
248643,1
248644,0
248647,1
248648,0
248649,1
248650,1
248652,0
248654,0
248657,1
248658,1
248659,1
248661,1
248663,1
248665,0
248668,1
248669,0
248673,1
248674,0
248676,1
248677,1
248678,0
248680,0
248681,1
248683,0
248684,1
248690,1
248691,1
248693,0
248694,0
248695,0
248700,0
248706,1
248708,1
248710,1
248716,1
248720,1
248725,0
248726,0
248731,0
248739,0
248741,1
248743,1
248749,0
248766,0
248767,0
248768,0
248769,0
248773,0
248775,1
248777,0
248778,1
248779,0
248780,1
248782,0
248784,1
248786,0
248788,1
248792,1
248793,1
248795,0
248796,0
248797,0
248798,1
248800,0
248802,1
248803,1
248805,0
248806,0
248807,0
248809,1
248810,1
248811,1
248815,1
248816,1
248822,0
248824,1
248836,1
248838,0
248842,1
248843,0
248844,1
248846,1
248847,1
248851,1
248858,0
248865,1
248866,1
248869,1
248873,0
248874,1
248876,1
248878,0
248881,1
248882,1
248883,0
248888,0
248889,0
248896,0
248897,1
248898,1
248900,1
248902,0
248903,1
248904,0
248905,0
248907,1
248908,0
248909,0
248910,1
248913,1
248915,0
248920,1
248926,1
248933,1
248935,1
248936,0
248940,1
248945,1
248951,1
248952,1
248958,1
248961,1
248966,1
248967,1
248968,0
248973,1
248974,1
248976,0
248981,0
248990,1
248991,1
248994,1
248997,0
248998,1
248999,1
249001,1
249008,0
249011,1
249012,0
249014,1
249015,0
249022,0
249026,0
249027,0
249030,0
249038,1
249039,1
249043,0
249045,0
249046,1
249047,0
249051,0
249062,1
249063,0
249067,0
249072,0
249074,1
249075,1
249085,1
249087,0
249088,0
249091,0
249093,1
249094,1
249095,1
249097,1
249098,1
249099,1
249102,0
249103,1
249104,1
249105,1
249111,0
249112,0
249113,0
249114,1
249115,1
249116,1
249121,1
249125,1
249126,1
249128,1
249130,0
249137,0
249139,1
249143,1
249145,0
249148,0
249149,1
249150,0
249151,0
249152,1
249154,0
249158,1
249160,1
249161,1
249162,1
249165,1
249169,1
249173,1
249178,0
249179,1
249181,0
249185,0
249186,1
249187,1
249192,1
249193,1
249196,0
249198,1
249203,1
249209,0
249210,1
249213,1
249215,1
249216,0
249217,0
249218,0
249219,0
249223,1
249224,0
249228,1
249230,0
249233,1
249234,0
249236,0
249237,0
249238,1
249242,0
249244,0
249246,0
249247,1
249248,1
249249,1
249250,1
249251,1
249258,0
249259,0
249264,0
249265,1
249266,1
249269,0
249270,0
249271,1
249277,0
249281,1
249283,0
249286,1
249287,1
249289,0
249290,1
249292,0
249300,0
249306,0
249311,0
249312,1
249314,0
249315,1
249316,0
249318,1
249322,0
249325,1
249326,1
249329,0
249331,1
249333,0
249335,1
249336,1
249338,1
249342,1
249345,0
249346,0
249350,0
249351,1
249356,1
249358,1
249363,1
249365,1
249367,0
249369,1
249370,0
249372,1
249376,0
249380,0
249381,0
249382,0
249383,0
249385,0
249388,0
249392,1
249395,0
249396,1
249397,1
249400,1
249402,1
249404,1
249405,0
249406,1
249408,0
249409,0
249411,0
249412,1
249416,0
249418,0
249420,1
249421,0
249425,1
249426,1
249428,1
249429,1
249435,0
249436,0
249437,0
249439,0
249440,1
249443,1
249444,1
249447,0
249448,0
249449,0
249450,1
249454,0
249457,0
249458,1
249459,0
249460,0
249462,0
249465,1
249468,1
249471,0
249472,1
249475,1
249477,1
249478,1
249480,1
249481,1
249482,1
249483,0
249484,0
249485,0
249491,1
249494,0
249495,1
249496,1
249497,1
249501,0
249502,1
249503,1
249507,0
249508,0
249512,1
249513,1
249515,1
249516,0
249517,1
249519,1
249520,0
249522,0
249525,1
249529,1
249532,1
249533,1
249534,1
249535,1
249537,1
249541,0
249542,0
249547,1
249548,0
249549,1
249553,1
249554,1
249555,0
249556,1
249558,0
249559,0
249560,1
249564,0
249565,0
249566,0
249569,0
249573,0
249574,1
249580,0
249582,1
249585,1
249588,1
249590,0
249591,1
249596,1
249597,1
249600,0
249601,0
249607,1
249608,0
249609,1
249610,1
249613,1
249614,0
249615,0
249616,0
249618,1
249619,1
249620,1
249623,0
249627,0
249628,1
249632,1
249637,1
249638,0
249640,0
249641,0
249642,0
249646,0
249648,1
249650,0
249651,0
249652,1
249654,1
249655,0
249656,1
249658,0
249659,0
249660,1
249661,0
249663,1
249665,1
249672,0
249680,0
249681,0
249683,0
249685,1
249686,1
249687,1
249690,1
249691,0
249692,0
249698,1
249699,1
249702,0
249704,0
249708,1
249709,1
249712,1
249715,1
249716,1
249717,1
249718,1
249721,1
249727,0
249730,0
249732,0
249737,1
249740,1
249753,0
249754,0
249755,0
249757,1
249758,1
249759,1
249760,0
249762,0
249764,0
249770,0
249774,0
249777,1
249778,1
249779,0
249781,1
249783,1
249785,0
249787,0
249788,1
249789,1
249790,0
249791,1
249792,1
249794,1
249796,1
249799,1
249800,1
249801,1
249802,0
249804,1
249805,0
249807,1
249809,1
249811,1
249814,1
249816,0
249817,1
249818,1
249820,0
249821,1
249822,0
249826,1
249827,1
249829,0
249830,1
249834,1
249836,1
249839,0
249842,1
249845,1
249847,1
249848,1
249850,0
249852,0
249854,1
249856,0
249859,1
249861,0
249866,1
249867,1
249873,1
249879,0
249880,0
249882,0
249884,0
249885,1
249886,1
249890,1
249891,0
249894,0
249897,1
249899,0
249901,1
249908,1
249911,0
249916,0
249917,0
249923,1
249924,1
249926,1
249928,0
249929,1
249935,0
249937,1
249938,0
249939,0
249940,0
249942,1
249943,0
249945,1
249948,0
249952,1
249953,1
249957,0
249958,1
249961,1
249963,1
249966,0
249967,0
249974,0
249978,0
249979,0
249981,1
249986,0
249990,1
249991,1
249992,1
249996,0
249997,1
249999,0
250000,1
250003,0
250004,1
250009,0
250010,0
250011,0
250013,0
250016,1
250023,1
250028,1
250030,1
250031,1
250032,0
250033,0
250034,0
250035,1
250036,1
250037,0
250038,1
250039,1
250047,1
250052,0
250053,1
250055,0
250057,1
250062,1
250064,1
250066,0
250070,1
250071,0
250073,0
250077,1
250081,0
250082,1
250085,0
250086,1
250088,0
250095,1
250101,1
250104,1
250106,1
250107,1
250108,0
250109,1
250110,0
250112,0
250114,1
250115,0
250117,1
250118,1
250119,0
250120,1
250121,0
250123,1
250124,0
250125,0
250129,1
250133,1
250134,1
250135,1
250139,1
250144,0
250145,0
250151,0
250152,1
250163,0
250164,1
250165,1
250166,0
250167,1
250168,0
250169,0
250173,0
250174,0
250177,0
250178,1
250180,1
250185,1
250194,1
250196,0
250198,0
250202,1
250204,1
250205,0
250206,1
250210,1
250212,1
250215,0
250216,0
250217,0
250218,0
250221,0
250223,0
250226,0
250227,1
250228,0
250234,0
250236,0
250237,1
250238,0
250242,1
250247,0
250248,0
250252,0
250261,0
250263,1
250266,0
250269,1
250270,0
250272,1
250273,1
250275,0
250279,0
250281,1
250284,1
250285,1
250286,1
250288,0
250292,1
250295,1
250296,0
250298,0
250301,1
250302,1
250303,0
250305,1
250306,1
250311,0
250316,0
250319,1
250321,1
250322,1
250323,0
250327,0
250329,1
250330,1
250332,1
250335,0
250343,1
250346,1
250347,1
250349,0
250350,1
250353,1
250354,0
250357,0
250358,0
250360,1
250365,1
250368,1
250371,0
250372,1
250378,0
250380,1
250383,1
250384,0
250385,1
250387,1
250393,1
250394,1
250395,0
250397,0
250398,0
250399,0
250406,1
250410,1
250412,0
250413,1
250418,1
250423,0
250425,1
250427,1
250429,1
250430,1
250432,1
250433,0
250438,0
250441,1
250442,1
250446,1
250447,0
250451,1
250452,1
250453,1
250455,1
250457,0
250462,0
250463,0
250464,0
250465,1
250466,0
250467,0
250469,0
250471,0
250474,0
250476,1
250480,0
250481,0
250485,0
250486,0
250491,1
250499,0
250501,1
250502,1
250510,0
250512,1
250516,1
250517,0
250518,0
250519,0
250520,0
250521,1
250523,0
250524,0
250527,0
250531,1
250532,0
250533,1
250534,1
250539,1
250540,0
250543,0
250545,0
250547,1
250548,1
250549,1
250550,0
250551,1
250553,1
250554,1
250555,0
250556,1
250558,1
250559,0
250561,1
250562,0
250569,0
250570,1
250578,0
250584,0
250585,0
250586,0
250587,1
250589,1
250594,1
250596,1
250599,1
250601,1
250603,0
250605,0
250607,1
250609,0
250610,1
250611,0
250614,0
250615,1
250619,1
250620,1
250621,0
250622,1
250623,0
250624,1
250632,0
250634,0
250637,0
250639,1
250640,0
250644,0
250646,0
250648,1
250649,0
250650,0
250652,0
250655,0
250657,1
250658,0
250660,0
250662,0
250663,1
250666,1
250669,0
250673,0
250675,0
250682,1
250683,1
250684,0
250686,1
250687,1
250689,1
250692,1
250693,1
250695,1
250697,1
250700,0
250702,1
250705,0
250708,0
250710,1
250711,0
250712,1
250713,1
250715,0
250717,0
250720,1
250726,1
250729,0
250732,0
250734,1
250735,1
250737,0
250739,1
250740,1
250743,0
250747,1
250748,0
250754,1
250756,0
250760,0
250761,1
250762,0
250764,1
250765,0
250767,1
250770,1
250771,0
250772,0
250775,0
250778,1
250779,0
250780,0
250781,1
250783,1
250786,1
250788,0
250789,1
250791,0
250793,1
250794,1
250799,1
250801,1
250802,1
250805,0
250809,1
250810,0
250813,0
250816,0
250824,1
250826,1
250827,0
250830,0
250833,1
250835,0
250837,0
250840,0
250843,1
250846,0
250854,1
250855,0
250857,1
250860,0
250861,0
250862,0
250863,1
250864,0
250865,0
250871,1
250873,1
250875,1
250877,1
250880,1
250884,0
250889,1
250890,1
250894,1
250895,1
250896,1
250899,0
250901,0
250905,1
250906,1
250916,1
250918,0
250919,0
250925,1
250930,1
250933,1
250934,1
250936,1
250941,1
250943,0
250944,1
250945,1
250949,0
250950,1
250953,1
250955,0
250956,1
250958,0
250959,0
250960,0
250964,1
250965,0
250969,1
250971,1
250973,1
250974,0
250975,0
250980,0
250984,0
250986,0
250990,1
250994,1
250998,1
250999,1
251000,0
251007,0
251009,0
251010,0
251011,0
251013,1
251016,1
251017,1
251024,1
251026,1
251031,1
251035,0
251036,1
251037,1
251038,0
251039,0
251042,1
251044,1
251045,1
251047,0
251049,1
251052,0
251058,1
251059,1
251060,1
251061,0
251063,0
251065,1
251066,0
251068,0
251071,0
251072,1
251073,0
251074,1
251078,1
251081,1
251085,1
251088,0
251089,1
251090,0
251091,0
251097,1
251098,1
251099,1
251100,1
251101,1
251103,1
251104,0
251106,0
251107,1
251109,0
251114,1
251115,1
251117,1
251118,0
251121,1
251122,1
251123,1
251124,1
251127,0
251131,0
251132,1
251133,1
251135,1
251139,1
251141,0
251145,0
251147,0
251148,1
251155,0
251157,0
251160,0
251162,0
251164,1
251167,0
251168,1
251171,1
251179,1
251180,0
251185,0
251187,1
251188,0
251189,0
251191,1
251193,0
251194,1
251195,1
251199,0
251200,0
251206,0
251207,1
251216,1
251220,1
251222,0
251223,0
251228,0
251234,1
251235,0
251237,0
251238,0
251244,0
251245,0
251250,0
251253,1
251254,0
251255,0
251256,0
251261,1
251262,0
251263,0
251264,0
251266,0
251268,1
251271,0
251272,0
251275,0
251276,1
251278,1
251281,1
251284,0
251288,1
251290,0
251292,1
251295,0
251296,1
251300,0
251302,0
251304,1
251306,0
251312,0
251313,0
251316,1
251319,0
251322,0
251323,1
251324,1
251325,0
251326,1
251329,1
251332,0
251334,0
251335,1
251338,0
251340,0
251342,0
251344,0
251348,1
251350,1
251351,0
251353,0
251354,0
251355,0
251356,1
251357,0
251358,0
251359,1
251362,0
251363,1
251364,1
251365,0
251367,1
251368,0
251370,1
251371,0
251374,1
251378,1
251379,0
251383,0
251385,0
251386,0
251388,1
251389,1
251390,1
251392,0
251395,0
251397,0
251403,1
251405,0
251406,0
251408,1
251413,1
251419,1
251420,1
251421,1
251422,1
251424,0
251431,0
251432,0
251435,1
251438,0
251440,0
251443,0
251455,0
251463,0
251465,1
251466,1
251469,0
251470,0
251477,0
251482,0
251484,0
251485,0
251492,0
251498,1
251505,0
251508,1
251513,0
251515,1
251517,1
251521,1
251529,0
251536,0
251537,0
251539,0
251541,1
251546,1
251547,0
251548,0
251551,0
251552,1
251553,0
251556,0
251557,1
251558,0
251562,0
251566,0
251570,0
251571,1
251572,0
251580,0
251581,0
251583,0
251585,1
251586,0
251591,1
251593,0
251597,0
251603,0
251606,0
251607,1
251608,1
251610,1
251612,0
251614,0
251616,0
251617,0
251619,0
251620,1
251621,0
251623,0
251624,0
251628,0
251629,1
251632,0
251635,0
251643,1
251646,0
251650,1
251651,0
251653,1
251654,1
251660,1
251664,1
251665,1
251667,1
251668,1
251669,1
251674,0
251676,1
251678,0
251679,1
251680,1
251685,0
251686,0
251687,1
251689,0
251694,1
251695,1
251697,1
251700,1
251703,1
251705,0
251706,0
251707,1
251708,0
251713,0
251714,1
251718,1
251721,0
251722,0
251723,0
251725,1
251727,0
251729,1
251731,1
251732,0
251733,1
251737,0
251738,0
251739,1
251740,0
251742,1
251743,1
251746,1
251750,1
251753,0
251763,1
251764,1
251766,0
251770,0
251771,0
251774,0
251776,0
251778,1
251779,1
251781,1
251783,0
251786,1
251792,0
251795,1
251797,1
251803,0
251804,1
251805,0
251811,0
251813,1
251814,0
251815,1
251817,1
251818,1
251822,1
251824,1
251832,1
251833,1
251834,1
251835,1
251836,0
251837,1
251842,0
251843,0
251844,1
251845,0
251848,0
251854,1
251858,0
251860,1
251861,1
251862,1
251863,1
251870,1
251873,1
251876,1
251881,1
251884,1
251885,1
251887,0
251889,0
251894,0
251895,1
251898,0
251900,0
251902,1
251904,1
251908,0
251914,0
251922,1
251924,0
251928,0
251929,0
251934,0
251935,0
251942,0
251945,0
251946,1
251952,1
251954,0
251956,1
251957,1
251958,1
251960,0
251962,0
251964,1
251965,1
251967,1
251968,1
251970,0
251973,1
251977,1
251980,0
251981,1
251982,1
251983,0
251985,1
251986,1
251987,1
251988,0
251989,1
251993,0
251996,0
251997,0
252001,0
252002,0
252006,0
252007,1
252008,1
252009,1
252014,1
252015,0
252016,1
252020,1
252021,1
252022,0
252025,1
252029,0
252031,1
252038,0
252042,1
252043,1
252045,0
252047,1
252049,0
252052,1
252053,1
252059,1
252062,1
252063,0
252064,0
252068,0
252072,0
252074,0
252078,1
252080,0
252081,1
252085,1
252087,0
252088,1
252089,1
252090,1
252092,1
252093,1
252094,1
252101,0
252102,0
252103,0
252111,1
252112,1
252113,1
252114,1
252115,0
252119,1
252122,1
252123,0
252124,0
252129,0
252130,1
252136,1
252138,1
252140,1
252143,0
252144,0
252147,0
252153,0
252155,1
252159,1
252160,1
252161,1
252165,0
252181,1
252183,1
252185,1
252190,1
252192,1
252193,1
252195,1
252197,1
252203,0
252204,0
252205,1
252209,1
252210,1
252213,0
252215,1
252217,1
252222,1
252223,0
252225,0
252227,1
252228,0
252230,1
252232,0
252233,0
252236,1
252237,1
252239,1
252242,1
252249,1
252250,1
252252,1
252253,0
252257,0
252261,0
252262,1
252268,0
252269,1
252271,1
252275,1
252276,0
252277,0
252278,1
252291,1
252297,1
252299,1
252301,1
252303,1
252304,0
252310,1
252313,1
252315,0
252318,0
252319,0
252320,1
252326,0
252328,1
252331,0
252333,1
252334,1
252335,0
252339,0
252342,0
252346,1
252347,1
252348,0
252350,1
252351,1
252352,0
252353,1
252355,1
252358,0
252359,0
252360,0
252365,0
252369,0
252371,1
252373,0
252376,1
252378,1
252379,1
252381,0
252382,1
252384,1
252386,0
252387,0
252388,1
252389,0
252396,1
252397,0
252404,0
252405,0
252406,0
252408,1
252410,0
252411,1
252417,1
252420,0
252421,1
252422,1
252426,1
252427,0
252429,1
252430,1
252431,0
252432,0
252434,0
252437,0
252438,1
252440,1
252442,0
252444,1
252445,1
252449,1
252454,1
252455,0
252459,1
252460,0
252461,0
252468,1
252471,0
252475,0
252483,0
252484,1
252490,0
252491,1
252492,0
252493,0
252494,0
252496,0
252498,1
252500,1
252502,1
252513,0
252514,1
252515,1
252525,0
252529,1
252533,1
252536,1
252539,1
252542,1
252543,1
252545,0
252547,0
252550,0
252551,0
252558,0
252560,1
252566,0
252570,1
252575,1
252577,0
252579,0
252581,0
252590,0
252596,0
252597,0
252603,0
252604,0
252605,1
252606,1
252607,1
252611,0
252612,0
252614,1
252618,1
252619,0
252620,1
252621,1
252623,1
252624,1
252626,1
252627,0
252628,0
252629,1
252630,0
252633,1
252638,0
252639,1
252640,0
252641,0
252643,0
252644,0
252648,1
252650,0
252651,0
252653,0
252657,1
252659,1
252663,0
252664,1
252668,0
252670,1
252676,0
252679,0
252681,1
252685,1
252686,1
252689,1
252690,1
252691,0
252694,0
252695,1
252696,0
252697,1
252698,0
252710,1
252714,0
252716,1
252720,1
252725,1
252726,0
252727,0
252729,1
252732,0
252738,1
252739,1
252743,0
252744,0
252746,1
252748,0
252749,0
252752,1
252759,1
252761,0
252763,1
252764,1
252765,1
252768,0
252770,0
252771,0
252773,0
252775,1
252777,1
252778,1
252779,0
252780,1
252782,0
252785,0
252787,0
252790,1
252791,1
252792,0
252794,1
252797,0
252798,0
252799,0
252800,1
252801,1
252802,0
252805,1
252810,0
252816,0
252818,1
252825,0
252826,0
252831,1
252832,1
252834,0
252841,0
252844,1
252849,0
252850,0
252853,1
252859,0
252860,0
252861,0
252863,0
252864,1
252865,0
252866,1
252868,0
252871,0
252873,0
252877,0
252879,0
252880,0
252883,1
252889,1
252891,0
252895,0
252898,0
252899,1
252900,1
252901,1
252906,1
252910,0
252915,0
252916,1
252920,0
252921,1
252924,1
252926,0
252928,1
252937,0
252939,1
252940,1
252945,0
252947,0
252948,0
252951,1
252954,0
252957,1
252962,1
252968,1
252969,0
252971,0
252972,0
252974,1
252983,0
252987,1
252989,0
252990,1
252992,0
252993,0
252994,0
252995,1
252998,1
252999,1
253000,0
253002,0
253005,0
253007,1
253009,0
253011,1
253012,1
253013,0
253014,1
253020,0
253022,0
253023,0
253024,1
253026,1
253027,1
253028,1
253030,0
253037,1
253040,1
253041,0
253043,1
253047,1
253049,1
253055,1
253057,1
253060,1
253066,1
253071,1
253073,0
253075,0
253077,1
253082,1
253088,1
253092,1
253094,0
253096,0
253100,0
253102,0
253103,0
253104,1
253109,0
253110,0
253114,1
253115,1
253120,0
253121,0
253124,1
253127,0
253132,1
253134,0
253142,0
253151,0
253152,1
253160,0
253162,1
253164,1
253166,0
253170,1
253171,1
253177,0
253179,0
253181,0
253182,1
253183,0
253184,0
253186,0
253188,0
253194,1
253195,1
253197,0
253203,0
253205,0
253207,0
253208,0
253209,1
253212,1
253215,0
253219,0
253220,0
253221,0
253222,1
253223,1
253224,0
253225,0
253226,1
253232,1
253234,0
253237,1
253238,1
253241,1
253243,1
253251,1
253252,1
253253,0
253254,1
253255,0
253257,1
253258,0
253259,0
253262,1
253264,0
253267,1
253268,1
253269,0
253271,1
253274,1
253275,0
253276,0
253280,0
253281,0
253284,1
253289,0
253290,0
253292,0
253293,0
253294,1
253298,0
253301,1
253306,0
253307,0
253309,1
253310,0
253313,0
253315,1
253317,0
253318,1
253322,1
253327,0
253330,1
253335,0
253336,0
253337,0
253342,0
253353,0
253354,0
253355,1
253356,0
253357,0
253361,0
253364,1
253371,0
253376,0
253377,1
253378,0
253380,0
253382,0
253383,1
253389,0
253393,0
253394,0
253398,0
253400,0
253401,0
253402,1
253405,0
253406,0
253408,0
253410,1
253412,0
253413,1
253418,1
253419,0
253421,1
253423,1
253426,1
253429,1
253430,1
253433,1
253435,1
253437,0
253438,1
253442,1
253444,1
253446,0
253447,0
253448,1
253449,1
253457,0
253458,1
253460,1
253461,1
253466,1
253468,1
253470,0
253473,0
253474,0
253477,0
253482,1
253485,0
253489,1
253490,0
253493,0
253495,0
253496,0
253498,1
253500,0
253503,1
253505,0
253513,0
253515,1
253525,0
253526,0
253527,1
253533,1
253536,1
253537,1
253539,0
253540,1
253542,0
253544,0
253547,1
253551,1
253552,0
253553,1
253556,0
253557,1
253558,0
253559,0
253560,0
253561,0
253564,1
253569,0
253571,0
253572,0
253573,1
253577,0
253578,1
253581,1
253582,0
253584,0
253585,1
253586,0
253590,1
253592,0
253593,0
253594,0
253599,0
253600,1
253601,1
253605,0
253610,0
253613,0
253614,0
253620,1
253622,0
253624,0
253625,0
253627,1
253628,1
253630,0
253633,0
253635,0
253638,1
253642,1
253647,1
253648,0
253649,0
253651,1
253654,0
253655,1
253656,0
253657,0
253658,0
253662,0
253665,0
253666,0
253667,0
253669,1
253670,1
253671,1
253673,0
253677,1
253680,0
253684,1
253686,0
253690,1
253693,0
253695,1
253698,1
253699,1
253700,0
253701,1
253703,0
253705,1
253706,0
253711,1
253714,1
253715,1
253720,1
253722,0
253723,0
253729,1
253737,0
253741,1
253746,0
253747,0
253753,1
253758,0
253759,0
253760,1
253761,1
253762,0
253763,1
253768,0
253769,1
253770,0
253772,0
253774,0
253775,0
253776,1
253779,0
253781,1
253782,0
253791,0
253792,1
253796,0
253801,0
253806,0
253807,0
253810,1
253812,0
253815,0
253824,1
253826,1
253827,0
253829,1
253833,1
253835,0
253836,1
253839,1
253840,0
253841,1
253843,1
253844,0
253848,1
253849,0
253850,1
253852,0
253857,1
253863,0
253865,0
253866,0
253867,1
253869,1
253870,0
253875,1
253880,0
253881,1
253883,1
253885,0
253887,1
253888,1
253889,0
253891,1
253894,1
253896,1
253897,0
253899,0
253901,0
253902,1
253906,0
253909,0
253911,1
253912,0
253913,0
253914,0
253915,0
253916,0
253924,0
253926,0
253927,1
253932,1
253934,0
253936,1
253937,1
253938,1
253939,0
253940,1
253942,1
253943,1
253944,1
253946,0
253948,0
253951,0
253952,0
253954,0
253955,1
253957,0
253963,1
253965,1
253966,1
253969,1
253970,0
253971,1
253972,1
253975,0
253979,1
253981,1
253982,1
253987,1
253997,0
253998,0
254004,0
254006,1
254008,0
254009,0
254010,1
254011,1
254012,0
254014,1
254015,1
254021,0
254026,1
254030,0
254032,1
254033,0
254035,1
254036,0
254037,0
254041,1
254043,1
254045,1
254046,1
254049,0
254050,0
254052,0
254053,0
254054,0
254056,1
254065,1
254070,1
254071,1
254075,1
254076,1
254083,1
254086,1
254099,1
254100,1
254101,0
254102,0
254104,0
254106,0
254109,0
254113,1
254115,0
254116,0
254119,1
254120,1
254126,0
254127,0
254130,1
254132,0
254134,1
254136,1
254137,0
254138,1
254143,0
254146,0
254160,0
254161,0
254164,1
254167,0
254168,1
254170,0
254171,1
254172,0
254174,0
254177,1
254180,1
254181,1
254182,1
254184,1
254185,0
254186,1
254188,0
254190,0
254191,1
254193,1
254196,1
254198,1
254201,1
254202,0
254203,1
254205,0
254206,0
254208,1
254210,0
254211,1
254214,1
254215,1
254216,0
254217,1
254218,0
254219,0
254222,1
254224,0
254225,0
254227,0
254229,0
254231,0
254235,1
254237,0
254239,0
254241,0
254242,0
254246,0
254248,1
254252,0
254254,0
254256,1
254259,1
254260,1
254261,1
254262,0
254266,0
254267,1
254269,0
254271,1
254272,1
254273,1
254278,0
254279,1
254286,0
254287,0
254288,0
254289,0
254290,0
254291,1
254293,0
254294,0
254302,1
254303,0
254305,0
254307,1
254308,0
254312,1
254313,1
254319,0
254321,1
254322,1
254324,0
254327,1
254330,1
254334,1
254335,1
254338,0
254340,1
254343,1
254345,1
254346,1
254351,0
254355,1
254357,0
254359,1
254360,0
254361,0
254364,1
254367,0
254368,0
254371,0
254374,1
254375,1
254376,0
254380,1
254381,1
254382,1
254383,1
254385,0
254387,1
254388,0
254389,1
254392,0
254393,0
254396,0
254398,0
254402,0
254404,1
254405,1
254406,0
254408,0
254410,0
254414,0
254416,1
254417,1
254419,1
254420,0
254421,1
254422,1
254424,0
254427,0
254430,1
254431,1
254432,1
254435,1
254437,0
254438,0
254439,1
254440,1
254442,1
254444,1
254445,0
254446,1
254447,0
254448,1
254449,1
254451,1
254453,0
254461,1
254464,0
254466,0
254467,1
254469,0
254472,1
254473,1
254477,1
254479,1
254481,0
254482,1
254489,0
254492,0
254493,1
254496,1
254499,0
254500,1
254501,1
254503,1
254504,1
254507,0
254509,1
254511,1
254512,1
254515,1
254521,0
254523,1
254530,0
254532,0
254533,1
254537,1
254539,0
254542,0
254544,1
254545,1
254547,1
254550,0
254553,0
254554,1
254555,1
254556,1
254562,0
254563,0
254564,1
254566,0
254567,1
254572,0
254575,1
254576,1
254581,0
254585,1
254586,0
254588,0
254589,0
254591,1
254592,0
254595,0
254596,0
254598,0
254600,1
254601,1
254603,1
254605,1
254606,1
254611,1
254613,1
254616,1
254619,0
254621,0
254628,1
254629,1
254632,1
254634,0
254636,1
254638,1
254642,1
254647,0
254649,1
254652,1
254653,1
254654,0
254656,0
254657,0
254658,1
254660,1
254662,0
254664,0
254668,1
254669,0
254670,0
254671,0
254673,0
254674,1
254675,1
254677,0
254679,1
254687,0
254689,1
254690,0
254692,0
254694,1
254695,0
254696,0
254698,0
254700,0
254701,1
254702,0
254704,0
254706,0
254707,0
254711,0
254714,1
254715,1
254719,1
254724,1
254729,0
254733,0
254739,1
254740,1
254742,0
254745,1
254748,0
254749,1
254750,1
254753,1
254754,1
254756,0
254765,0
254766,0
254769,0
254770,0
254771,0
254772,1
254776,0
254777,1
254780,1
254781,0
254784,1
254785,0
254787,1
254789,0
254790,1
254792,1
254793,0
254798,0
254802,0
254804,0
254812,0
254814,1
254817,1
254818,0
254820,0
254821,1
254823,1
254824,0
254826,0
254827,1
254829,0
254830,0
254831,1
254832,1
254833,0
254835,1
254837,0
254839,1
254840,0
254841,0
254846,1
254848,0
254850,1
254852,1
254857,1
254861,1
254863,1
254864,0
254867,0
254870,0
254871,1
254874,1
254877,0
254878,1
254879,1
254882,1
254884,0
254887,1
254889,1
254890,1
254891,1
254892,0
254898,1
254906,0
254911,1
254913,0
254917,0
254927,0
254930,1
254934,1
254935,0
254936,1
254939,1
254941,0
254942,1
254943,1
254944,0
254948,1
254962,1
254967,0
254972,0
254974,1
254977,1
254980,1
254983,1
254990,1
254991,0
254997,0
255000,0
255004,1
255005,1
255008,0
255009,0
255010,0
255014,1
255017,0
255025,0
255029,1
255031,0
255035,0
255039,1
255043,0
255046,0
255048,1
255049,1
255051,1
255052,1
255053,1
255058,0
255067,1
255070,1
255072,0
255075,1
255077,0
255078,0
255079,1
255081,0
255084,1
255086,0
255087,0
255088,0
255090,0
255091,0
255092,1
255093,1
255094,1
255095,1
255097,0
255100,1
255101,1
255104,1
255110,1
255111,1
255112,0
255113,1
255114,1
255116,1
255120,0
255123,1
255126,1
255129,0
255131,1
255132,1
255133,1
255137,0
255141,1
255146,0
255153,0
255154,0
255155,0
255156,1
255157,0
255163,0
255164,0
255168,1
255169,0
255170,0
255176,1
255191,0
255193,1
255195,1
255202,1
255206,0
255209,0
255213,1
255217,0
255218,0
255219,0
255222,1
255224,1
255230,1
255232,1
255235,0
255236,0
255237,0
255238,1
255239,1
255244,0
255245,1
255246,0
255247,0
255248,0
255249,1
255251,1
255252,1
255253,0
255256,1
255259,1
255261,1
255262,1
255264,1
255265,1
255268,1
255270,1
255271,0
255273,0
255274,0
255275,1
255279,0
255280,0
255281,1
255284,0
255288,1
255289,1
255293,0
255294,0
255295,1
255299,1
255300,1
255302,0
255303,0
255305,0
255306,0
255316,1
255317,1
255318,1
255319,0
255321,0
255326,1
255327,1
255329,1
255330,1
255331,1
255332,1
255333,1
255335,0
255339,0
255341,0
255346,1
255348,0
255349,1
255352,1
255357,0
255359,1
255360,0
255361,1
255362,0
255363,0
255364,1
255365,1
255366,0
255369,0
255370,1
255372,0
255376,0
255378,1
255380,1
255381,1
255383,0
255386,1
255387,0
255388,1
255390,1
255395,0
255396,1
255397,1
255398,0
255402,0
255403,0
255407,0
255408,0
255414,1
255418,0
255420,0
255421,1
255422,0
255423,0
255424,0
255427,1
255431,0
255434,0
255437,0
255442,0
255445,1
255446,0
255447,0
255448,1
255450,1
255456,0
255461,1
255463,1
255465,0
255468,1
255469,1
255472,0
255473,0
255486,1
255488,1
255495,1
255501,1
255502,0
255503,0
255513,1
255518,0
255523,0
255524,1
255526,0
255530,0
255531,1
255535,0
255538,0
255543,0
255544,0
255549,0
255551,1
255552,1
255553,0
255561,1
255565,1
255566,1
255574,0
255575,0
255579,0
255582,1
255585,0
255586,1
255588,1
255589,1
255590,1
255593,1
255596,0
255597,0
255598,1
255599,1
255600,0
255601,1
255607,1
255618,0
255619,0
255621,1
255627,0
255630,0
255633,0
255636,0
255640,0
255641,1
255643,1
255644,0
255645,1
255647,1
255649,0
255650,0
255651,0
255654,0
255660,0
255663,0
255664,0
255666,0
255670,1
255671,0
255672,0
255682,1
255683,1
255684,0
255689,0
255696,0
255700,1
255704,1
255707,1
255708,0
255710,0
255713,0
255714,0
255715,1
255716,1
255717,1
255718,0
255722,0
255723,1
255725,1
255727,1
255730,0
255731,1
255733,1
255735,0
255740,0
255742,1
255745,1
255747,1
255748,0
255753,1
255756,0
255758,0
255759,1
255760,0
255761,1
255763,1
255764,1
255768,1
255770,1
255773,1
255775,1
255776,1
255777,1
255779,1
255781,0
255785,0
255786,1
255791,0
255793,0
255796,0
255798,0
255801,0
255803,0
255804,0
255805,0
255807,0
255813,0
255817,1
255818,0
255819,0
255824,0
255825,1
255827,0
255828,1
255837,1
255847,0
255849,0
255850,1
255856,1
255860,1
255861,0
255864,0
255869,0
255873,1
255874,0
255875,0
255876,1
255877,1
255879,1
255881,1
255882,0
255883,1
255884,0
255888,1
255889,1
255890,0
255891,0
255893,1
255894,1
255895,0
255900,0
255903,1
255909,0
255914,0
255916,0
255917,0
255919,0
255920,1
255921,0
255926,1
255930,0
255932,1
255933,1
255939,1
255940,1
255942,0
255943,1
255946,1
255950,1
255952,0
255957,0
255960,1
255962,0
255966,1
255967,1
255971,1
255978,1
255979,1
255980,0
255982,1
255983,0
255985,0
255986,1
255987,0
255993,1
255996,1
255997,1
255998,0
255999,0
256000,0
256001,1
256014,1
256018,0
256028,0
256035,0
256037,1
256038,1
256041,0
256042,1
256043,1
256044,0
256045,0
256046,0
256048,1
256051,0
256055,1
256059,1
256063,0
256064,0
256065,0
256067,1
256070,1
256073,1
256074,1
256075,1
256077,0
256078,0
256079,0
256080,1
256082,1
256088,1
256090,1
256094,0
256096,1
256097,1
256098,0
256100,0
256101,1
256106,1
256108,0
256111,0
256112,1
256116,0
256118,1
256123,1
256125,1
256127,0
256128,0
256133,1
256134,1
256136,0
256142,0
256144,0
256148,1
256153,0
256154,1
256156,1
256157,0
256160,1
256162,0
256163,1
256167,0
256168,1
256169,0
256170,0
256172,0
256176,0
256178,1
256181,0
256182,1
256185,0
256186,0
256191,0
256197,0
256200,1
256202,1
256204,1
256207,0
256208,1
256209,1
256210,0
256214,1
256215,1
256219,1
256222,1
256224,0
256225,1
256229,1
256230,1
256232,1
256235,1
256241,0
256242,1
256243,0
256246,1
256248,1
256250,1
256251,0
256255,0
256256,0
256260,1
256261,0
256262,0
256265,1
256269,0
256276,0
256278,1
256280,1
256291,0
256293,1
256295,0
256298,1
256299,1
256301,0
256302,1
256304,0
256305,0
256308,1
256313,1
256314,1
256315,0
256317,0
256319,1
256322,0
256323,1
256326,1
256331,0
256332,1
256334,0
256337,1
256339,0
256340,1
256342,1
256348,1
256349,0
256353,0
256355,0
256356,0
256359,1
256360,0
256361,1
256363,1
256366,1
256372,0
256373,0
256374,1
256375,1
256376,1
256377,0
256378,0
256379,1
256381,1
256384,0
256385,0
256387,1
256390,0
256391,0
256394,0
256399,0
256404,0
256405,1
256406,1
256408,1
256409,0
256410,1
256412,0
256413,0
256417,1
256429,0
256430,0
256432,1
256433,1
256436,1
256440,0
256445,0
256447,1
256448,1
256451,1
256453,0
256461,1
256462,0
256463,1
256465,0
256466,0
256474,0
256480,0
256484,0
256487,0
256488,1
256490,1
256491,1
256492,0
256496,0
256500,1
256501,0
256507,1
256508,1
256511,0
256513,0
256514,1
256523,0
256526,0
256528,1
256529,1
256533,1
256534,1
256536,1
256538,1
256541,0
256545,0
256550,1
256554,0
256559,1
256566,0
256574,1
256575,0
256578,0
256581,1
256582,0
256584,0
256585,0
256586,1
256593,0
256595,1
256596,1
256600,1
256601,1
256603,0
256609,0
256612,1
256615,1
256618,1
256621,0
256624,1
256628,1
256634,1
256637,1
256638,1
256642,0
256645,1
256650,0
256652,1
256653,1
256654,0
256657,0
256658,0
256659,0
256662,0
256663,1
256664,1
256667,1
256668,1
256672,1
256673,0
256675,0
256679,1
256685,0
256686,1
256687,0
256689,0
256690,0
256691,0
256693,1
256696,0
256697,1
256698,0
256699,1
256700,1
256703,1
256704,0
256709,1
256710,1
256711,1
256725,0
256727,1
256728,1
256729,1
256731,0
256732,1
256733,1
256742,1
256748,1
256751,1
256752,0
256755,0
256756,0
256758,1
256763,1
256765,1
256766,1
256767,0
256768,1
256775,0
256778,0
256783,1
256784,0
256785,0
256786,1
256787,1
256790,0
256791,0
256793,1
256795,0
256796,1
256797,1
256799,1
256800,0
256801,1
256803,0
256804,1
256806,0
256809,0
256821,1
256823,0
256826,0
256830,0
256831,0
256833,1
256834,1
256835,0
256836,1
256838,0
256842,0
256850,0
256852,1
256855,1
256864,0
256865,0
256867,0
256879,1
256880,0
256883,0
256884,1
256888,1
256892,1
256895,0
256897,0
256900,0
256901,1
256904,0
256906,0
256907,1
256909,1
256910,0
256912,1
256915,1
256917,0
256920,0
256922,0
256923,1
256926,1
256927,0
256934,0
256937,0
256942,1
256946,1
256952,1
256954,0
256957,1
256959,1
256961,1
256963,0
256966,1
256969,1
256970,1
256972,1
256974,0
256975,1
256976,1
256978,1
256982,0
256991,0
256996,1
257001,1
257003,0
257008,1
257011,0
257015,1
257016,0
257017,1
257018,0
257020,0
257022,1
257023,1
257028,1
257029,1
257030,1
257031,0
257040,0
257046,0
257049,1
257050,1
257053,1
257055,1
257058,1
257062,1
257063,1
257065,0
257070,0
257071,1
257075,1
257076,1
257084,1
257086,1
257087,0
257091,0
257092,0
257094,0
257096,1
257097,0
257098,0
257099,0
257101,0
257104,0
257106,0
257107,0
257109,1
257110,1
257111,0
257113,0
257115,0
257120,0
257123,0
257124,0
257128,0
257129,0
257131,0
257132,1
257133,0
257134,0
257135,0
257136,0
257137,1
257139,0
257141,0
257148,0
257154,1
257155,0
257156,0
257157,0
257161,1
257162,0
257163,1
257165,1
257169,0
257171,0
257177,0
257178,0
257183,1
257184,0
257189,1
257192,1
257194,0
257205,0
257207,1
257209,0
257210,1
257216,0
257217,1
257222,1
257223,1
257227,0
257228,1
257232,1
257233,1
257246,1
257247,1
257249,1
257250,1
257251,1
257253,0
257256,0
257260,0
257264,0
257265,0
257267,1
257271,1
257272,1
257276,0
257280,1
257281,0
257282,1
257284,0
257285,0
257286,1
257287,0
257296,1
257299,1
257303,1
257304,0
257306,1
257309,1
257311,1
257312,0
257315,1
257317,0
257326,1
257327,0
257328,0
257329,0
257330,1
257334,0
257335,0
257336,1
257340,1
257341,1
257342,1
257344,0
257350,1
257353,0
257360,0
257361,0
257363,1
257368,1
257372,1
257374,0
257375,0
257379,1
257380,0
257385,1
257388,0
257400,0
257402,1
257403,1
257405,0
257406,1
257409,1
257410,0
257411,1
257422,0
257423,1
257425,1
257426,0
257427,1
257428,0
257430,1
257431,1
257432,0
257433,0
257434,0
257435,0
257436,0
257437,1
257438,0
257439,0
257440,1
257442,0
257445,0
257451,0
257455,0
257458,1
257459,1
257464,1
257465,0
257466,0
257468,0
257469,1
257471,0
257473,0
257474,0
257477,0
257478,1
257479,0
257480,1
257481,1
257482,1
257483,1
257484,1
257488,1
257489,0
257490,0
257491,1
257492,0
257499,0
257500,1
257510,1
257512,0
257515,1
257517,0
257519,1
257520,0
257521,1
257522,1
257523,1
257524,0
257525,1
257526,1
257535,0
257536,0
257537,1
257544,0
257546,0
257550,0
257552,1
257553,1
257554,1
257564,0
257566,1
257569,1
257572,1
257574,0
257575,0
257577,0
257579,0
257580,1
257585,0
257589,0
257591,0
257595,0
257596,0
257599,1
257600,0
257602,0
257603,0
257604,1
257606,0
257608,0
257609,1
257610,0
257611,1
257614,1
257616,0
257619,0
257622,1
257626,1
257628,1
257629,1
257630,1
257631,0
257632,0
257633,0
257639,0
257640,0
257643,0
257645,0
257648,1
257649,0
257653,0
257655,0
257657,0
257659,1
257663,0
257666,0
257668,0
257670,1
257673,1
257674,1
257675,0
257680,0
257681,0
257682,0
257686,0
257687,1
257688,1
257689,1
257690,1
257693,1
257700,0
257701,0
257703,0
257704,1
257707,0
257711,0
257712,0
257715,0
257719,0
257723,0
257724,0
257729,1
257732,0
257733,1
257735,1
257736,0
257738,1
257740,1
257742,1
257744,0
257750,0
257751,1
257761,1
257762,1
257765,1
257769,0
257771,1
257777,1
257782,0
257783,1
257784,0
257789,1
257798,0
257803,1
257806,0
257807,1
257808,0
257811,1
257815,1
257818,1
257819,1
257824,1
257825,0
257829,0
257830,1
257833,1
257837,0
257841,0
257842,0
257845,0
257847,1
257850,0
257852,0
257856,0
257857,1
257859,0
257861,1
257862,1
257864,1
257865,0
257868,0
257869,1
257871,1
257872,0
257873,0
257874,0
257877,1
257880,0
257883,1
257888,0
257889,0
257890,1
257891,1
257897,1
257906,1
257909,1
257912,0
257913,1
257919,0
257920,0
257921,1
257924,0
257926,1
257927,1
257928,0
257932,0
257933,0
257934,0
257936,0
257937,0
257939,1
257942,0
257943,1
257944,0
257946,1
257947,0
257949,0
257951,1
257954,1
257956,1
257957,0
257958,1
257959,1
257963,1
257964,1
257965,1
257966,1
257967,1
257968,1
257969,1
257970,1
257971,1
257977,0
257978,1
257981,0
257986,0
257987,1
257988,1
257991,0
257993,0
257994,1
257995,0
257997,0
257999,1
258000,0
258001,1
258002,0
258003,0
258004,0
258005,1
258006,0
258007,1
258008,0
258017,0
258018,1
258021,1
258023,1
258026,0
258027,1
258028,1
258030,0
258033,1
258037,1
258041,1
258043,1
258044,1
258045,1
258046,1
258047,0
258051,1
258053,1
258056,1
258058,1
258060,1
258061,1
258064,1
258068,0
258070,1
258072,1
258073,0
258076,0
258077,1
258079,1
258081,1
258083,1
258085,1
258086,1
258089,1
258095,0
258099,1
258101,1
258102,1
258103,1
258105,1
258108,1
258113,0
258115,0
258116,1
258118,0
258119,0
258120,1
258123,1
258124,1
258126,1
258127,1
258128,0
258129,1
258130,1
258132,0
258136,0
258137,1
258138,1
258139,1
258142,1
258144,1
258145,0
258147,0
258148,1
258150,0
258152,0
258153,0
258157,1
258158,1
258160,1
258168,1
258169,1
258170,0
258171,1
258172,0
258179,0
258180,1
258181,1
258186,0
258187,1
258188,1
258189,1
258193,1
258195,1
258196,0
258199,1
258200,1
258201,0
258202,1
258205,1
258206,1
258209,1
258212,1
258215,0
258216,0
258217,1
258221,1
258223,0
258228,1
258229,1
258237,0
258239,1
258243,1
258244,0
258249,0
258254,1
258255,0
258256,0
258264,0
258266,0
258268,0
258270,0
258276,1
258277,1
258279,1
258282,0
258283,0
258285,1
258288,0
