ID,Prediction
0,1
2,0
4,0
8,0
9,0
10,0
13,0
14,0
15,0
19,0
21,0
24,1
27,0
30,0
33,1
35,0
37,0
41,0
43,0
45,1
46,0
47,0
48,1
55,1
56,0
57,1
59,1
61,1
62,1
64,1
67,1
68,1
72,0
78,1
80,1
81,1
82,1
84,1
88,1
90,1
93,0
94,0
95,0
97,0
99,0
102,0
104,0
106,0
107,0
108,0
109,0
111,1
113,0
116,1
117,1
119,0
121,1
123,1
124,1
126,1
127,1
129,1
137,1
138,0
140,0
141,1
142,1
143,0
146,1
147,0
156,0
165,1
166,0
167,0
168,1
170,0
174,0
176,0
177,1
180,0
183,0
184,0
186,1
187,0
190,0
193,0
195,1
197,0
201,0
202,0
203,0
204,1
210,1
213,1
216,0
218,0
223,0
227,0
228,1
229,1
232,0
236,0
237,1
238,0
239,0
244,1
245,1
248,1
252,0
260,1
263,0
265,1
272,0
274,0
275,0
276,0
277,1
279,0
281,1
283,0
287,1
291,0
293,0
295,0
297,0
300,1
306,1
307,1
308,1
312,0
313,1
316,0
317,1
323,1
326,0
327,0
329,0
333,0
335,0
336,0
338,0
339,1
340,1
344,1
345,0
347,1
348,1
349,1
354,0
356,1
357,0
358,1
359,0
360,1
362,1
363,1
371,0
383,1
386,1
390,1
392,1
393,1
397,0
398,1
399,0
400,1
402,0
406,0
407,1
408,1
413,0
417,0
421,1
423,0
425,1
427,0
428,0
429,1
430,1
433,1
438,0
443,0
445,1
447,1
448,0
450,1
451,0
453,0
455,1
459,0
464,1
468,1
470,0
472,1
476,1
477,0
478,1
481,0
482,0
487,0
492,0
493,1
496,0
498,0
504,1
506,1
509,0
511,0
512,0
514,0
516,0
520,0
532,1
535,1
537,1
540,1
542,0
543,0
544,0
545,0
546,0
547,1
548,0
550,1
551,1
555,0
557,0
558,1
561,0
562,0
564,0
568,1
569,1
572,0
578,0
579,0
582,0
591,1
595,1
598,1
599,1
600,1
602,1
604,0
605,0
607,1
608,0
609,1
610,1
611,1
612,1
613,0
614,1
616,1
620,1
622,1
623,1
624,1
626,0
628,1
629,0
630,0
631,0
636,0
641,0
642,1
645,0
653,1
654,0
655,1
657,1
659,0
660,1
663,0
664,1
665,1
666,0
668,1
671,0
673,0
680,0
681,1
688,1
690,0
692,0
694,0
696,0
698,0
699,1
701,1
702,0
703,1
705,1
714,0
715,0
721,0
726,0
727,1
729,0
730,0
732,0
735,1
736,0
741,0
744,1
748,1
753,1
758,0
761,1
765,0
766,0
767,1
768,0
772,1
777,1
780,1
782,1
784,0
785,1
788,0
789,1
793,1
795,1
797,1
798,0
799,0
810,1
812,1
813,1
816,0
818,0
819,0
822,0
823,0
825,0
829,0
830,1
831,0
833,0
835,1
840,1
844,1
845,1
846,0
847,1
850,0
855,0
856,1
857,0
859,0
862,0
863,1
867,0
869,0
873,0
880,0
881,0
883,0
884,0
887,0
888,0
891,0
892,0
893,1
895,0
897,0
899,1
900,1
902,1
904,1
907,0
912,1
914,1
916,1
919,0
920,1
924,1
926,0
927,0
928,0
930,0
931,0
934,1
936,0
937,1
938,0
939,0
940,1
946,1
948,1
949,1
950,0
952,1
953,0
956,0
957,0
960,1
961,0
965,1
966,1
969,0
970,1
971,0
974,0
975,0
979,0
980,0
984,1
988,0
990,0
991,1
992,0
1001,1
1006,0
1008,1
1012,0
1014,1
1015,0
1020,0
1023,1
1026,1
1028,1
1029,0
1030,0
1032,0
1034,1
1035,0
1040,0
1043,1
1049,1
1050,0
1053,1
1061,0
1062,1
1063,0
1064,0
1065,0
1066,0
1067,1
1069,0
1071,0
1075,0
1076,0
1077,0
1082,0
1083,0
1084,1
1085,0
1088,0
1089,0
1091,1
1092,0
1093,0
1096,0
1098,1
1099,0
1101,1
1102,1
1104,1
1108,0
1110,1
1111,1
1112,0
1113,1
1114,1
1119,1
1120,1
1121,0
1122,0
1129,0
1132,0
1134,0
1137,1
1140,0
1144,1
1150,0
1151,0
1155,0
1157,1
1160,1
1161,0
1166,0
1169,0
1170,0
1171,0
1174,1
1178,1
1181,1
1182,1
1183,0
1185,0
1186,0
1187,0
1196,1
1197,0
1199,1
1201,1
1202,1
1205,0
1207,0
1210,0
1213,0
1215,1
1222,0
1224,1
1225,0
1226,1
1228,1
1229,0
1230,0
1231,0
1238,0
1239,0
1244,0
1245,0
1247,1
1249,0
1251,1
1258,1
1260,1
1261,1
1264,0
1265,1
1266,0
1268,1
1270,0
1275,1
1278,1
1281,0
1287,1
1289,0
1290,0
1293,0
1295,0
1298,0
1301,0
1305,1
1307,1
1309,0
1310,1
1311,0
1313,0
1316,0
1319,0
1324,1
1329,1
1330,0
1336,0
1337,1
1338,0
1343,1
1347,0
1348,1
1349,0
1358,0
1359,1
1360,1
1363,0
1364,0
1366,0
1369,0
1378,0
1379,0
1383,1
1385,1
1386,1
1387,1
1390,0
1392,0
1393,1
1396,0
1398,1
1400,0
1401,0
1405,0
1406,0
1409,1
1410,1
1411,1
1412,0
1413,0
1417,1
1420,0
1421,0
1426,0
1427,0
1428,0
1434,1
1435,1
1437,1
1441,1
1442,1
1446,0
1448,1
1449,1
1451,0
1460,0
1461,1
1465,1
1466,1
1468,0
1469,1
1470,0
1472,0
1474,0
1475,0
1479,0
1482,1
1483,1
1484,0
1485,1
1486,0
1487,0
1488,0
1491,1
1494,0
1501,1
1502,0
1505,0
1508,0
1516,1
1517,0
1518,0
1521,1
1522,0
1523,1
1528,0
1529,1
1534,0
1537,1
1540,0
1543,0
1545,0
1548,1
1549,1
1552,1
1561,0
1562,1
1565,0
1567,0
1569,1
1571,0
1573,1
1577,1
1579,0
1580,0
1581,0
1583,0
1584,0
1586,1
1587,1
1588,0
1591,0
1593,0
1595,0
1598,1
1601,0
1604,1
1605,1
1606,1
1610,1
1617,1
1618,0
1622,0
1629,0
1630,0
1631,1
1632,0
1633,0
1635,0
1637,1
1639,1
1644,1
1645,0
1648,0
1651,0
1654,1
1655,0
1657,0
1659,0
1663,1
1665,1
1667,1
1668,1
1676,1
1678,1
1683,0
1685,0
1686,0
1688,1
1689,0
1690,0
1691,1
1693,0
1694,0
1696,0
1699,1
1706,0
1709,0
1712,0
1714,0
1715,1
1720,0
1721,0
1722,0
1723,0
1730,0
1736,0
1739,1
1743,0
1747,0
1748,1
1750,1
1751,1
1753,1
1755,0
1756,0
1761,1
1762,1
1764,1
1766,0
1767,0
1769,1
1776,0
1778,0
1780,0
1781,0
1784,1
1789,0
1793,1
1794,0
1795,0
1801,0
1802,1
1805,0
1807,0
1811,1
1813,0
1815,1
1816,1
1817,0
1818,1
1819,1
1822,0
1824,0
1827,0
1832,0
1833,0
1836,1
1837,1
1838,0
1840,1
1843,1
1844,1
1845,0
1847,0
1850,0
1854,1
1856,1
1858,0
1859,0
1860,1
1863,0
1872,1
1873,1
1875,1
1876,1
1877,0
1878,0
1879,1
1883,1
1898,1
1899,0
1905,0
1906,1
1907,0
1908,1
1909,0
1919,1
1922,1
1923,1
1924,1
1927,1
1930,1
1932,1
1933,1
1934,1
1935,1
1937,1
1939,1
1941,1
1944,1
1946,1
1948,1
1949,0
1950,1
1953,0
1956,0
1958,1
1960,1
1961,1
1963,0
1964,0
1965,0
1966,1
1968,0
1971,0
1974,0
1975,1
1976,1
1983,0
1985,1
1986,0
1993,0
1995,0
1996,0
1997,1
1998,0
1999,0
2004,0
2005,1
2012,1
2014,0
2017,1
2018,1
2020,0
2021,1
2022,1
2027,0
2030,1
2036,0
2037,1
2039,0
2043,0
2044,0
2045,0
2046,0
2047,1
2049,1
2051,0
2053,0
2058,1
2060,1
2065,0
2075,0
2076,1
2078,1
2080,1
2082,0
2089,0
2090,0
2093,1
2094,1
2095,1
2097,0
2099,1
2100,1
2104,1
2109,0
2114,1
2115,0
2116,0
2122,1
2132,0
2133,0
2134,0
2135,1
2137,0
2139,0
2145,0
2146,1
2154,0
2156,1
2157,0
2158,1
2163,0
2164,1
2166,0
2168,0
2170,1
2171,1
2172,0
2173,0
2177,0
2178,0
2179,0
2182,0
2184,1
2185,0
2186,0
2188,0
2198,1
2199,0
2201,1
2202,1
2203,1
2204,1
2208,1
2209,0
2212,1
2217,1
2218,0
2219,1
2221,0
2224,1
2227,0
2230,0
2234,1
2236,0
2237,1
2238,0
2239,1
2240,0
2242,0
2243,0
2244,0
2245,1
2246,0
2252,1
2253,1
2254,0
2256,0
2257,0
2260,1
2263,1
2265,0
2266,0
2269,0
2274,1
2276,0
2279,0
2280,1
2284,1
2285,1
2287,0
2289,0
2290,0
2291,0
2292,0
2293,0
2294,1
2296,1
2297,0
2306,1
2310,0
2311,1
2312,1
2313,1
2321,0
2322,1
2325,1
2326,1
2327,0
2328,0
2330,1
2331,1
2332,1
2335,0
2338,0
2341,0
2342,1
2350,1
2356,0
2357,0
2358,1
2359,1
2360,1
2362,1
2363,1
2364,0
2365,1
2366,0
2368,1
2371,1
2372,1
2373,1
2375,1
2376,1
2377,0
2378,0
2380,1
2382,0
2383,0
2384,0
2386,1
2389,0
2390,0
2394,0
2395,1
2398,1
2399,0
2400,1
2407,0
2409,1
2413,0
2414,1
2415,0
2417,0
2418,0
2419,1
2420,1
2421,1
2428,0
2433,1
2435,0
2438,0
2439,1
2443,0
2444,1
2447,1
2448,0
2461,0
2462,0
2463,1
2464,0
2467,1
2468,1
2469,0
2474,1
2476,0
2478,1
2479,0
2480,1
2482,0
2484,0
2489,0
2495,1
2499,0
2501,0
2504,0
2505,1
2512,1
2513,1
2517,1
2520,1
2526,1
2527,0
2530,0
2532,0
2535,1
2541,0
2543,0
2545,0
2546,1
2547,0
2549,0
2550,0
2551,0
2554,0
2555,1
2558,0
2559,0
2564,1
2567,0
2568,1
2569,0
2571,0
2573,1
2574,1
2576,0
2577,0
2579,1
2580,0
2581,0
2583,0
2585,0
2587,0
2588,0
2589,1
2591,0
2595,0
2596,1
2599,1
2609,1
2610,0
2613,1
2615,1
2616,1
2618,1
2619,0
2630,1
2631,1
2632,0
2633,0
2634,0
2636,0
2639,1
2640,0
2642,1
2645,1
2647,1
2655,1
2656,1
2660,1
2663,1
2665,1
2666,1
2667,0
2668,0
2669,1
2671,1
2672,1
2674,0
2677,0
2679,1
2683,1
2685,0
2688,0
2689,0
2694,1
2707,1
2708,0
2712,1
2714,0
2719,0
2725,0
2729,1
2730,0
2733,0
2739,0
2743,1
2744,1
2745,1
2751,0
2757,0
2760,1
2762,0
2764,0
2765,1
2766,0
2768,1
2770,0
2772,0
2773,1
2775,0
2779,1
2788,1
2789,1
2791,0
2793,0
2794,0
2796,0
2800,0
2801,1
2803,1
2804,1
2809,0
2810,1
2811,0
2813,1
2815,0
2816,1
2818,0
2823,0
2824,1
2826,1
2828,1
2830,0
2831,1
2834,1
2838,1
2839,1
2844,1
2845,0
2847,1
2853,0
2855,1
2856,0
2859,1
2860,1
2868,1
2874,1
2880,1
2881,0
2883,0
2884,1
2885,1
2887,1
2890,1
2892,0
2893,0
2894,0
2895,0
2899,0
2903,1
2904,1
2907,0
2908,0
2910,0
2912,0
2913,0
2914,1
2915,0
2922,0
2926,1
2927,0
2934,1
2936,0
2942,1
2944,1
2946,1
2951,0
2952,0
2955,1
2958,1
2965,1
2967,0
2971,0
2974,1
2975,0
2976,1
2978,0
2980,1
2982,1
2983,1
2984,1
2985,1
2986,0
2989,0
2992,1
2996,0
2997,1
2998,1
3001,1
3008,1
3012,0
3013,0
3015,1
3016,0
3018,0
3019,0
3020,0
3021,1
3026,1
3027,1
3028,0
3029,0
3030,0
3032,1
3034,1
3038,1
3045,0
3048,0
3049,0
3051,1
3054,1
3057,0
3058,1
3061,1
3062,1
3063,0
3064,1
3066,0
3069,0
3073,0
3076,0
3079,0
3082,1
3083,0
3086,0
3087,1
3090,1
3097,0
3100,1
3101,0
3102,1
3104,0
3108,1
3110,0
3111,1
3112,0
3119,0
3120,0
3125,0
3126,0
3131,1
3135,0
3138,1
3140,1
3142,0
3144,1
3150,1
3155,1
3156,1
3159,0
3162,1
3163,0
3164,0
3168,1
3170,0
3174,1
3175,0
3177,0
3185,0
3187,0
3189,1
3201,0
3204,1
3206,0
3207,0
3210,1
3212,0
3213,0
3214,0
3215,0
3216,1
3217,0
3218,0
3219,1
3221,1
3223,1
3224,0
3225,0
3226,1
3233,0
3235,1
3236,0
3238,1
3239,0
3241,0
3244,1
3252,0
3253,0
3254,0
3255,0
3256,1
3257,0
3258,0
3260,1
3261,1
3264,1
3265,1
3266,1
3269,0
3272,0
3273,0
3274,1
3279,0
3280,1
3283,0
3285,1
3287,1
3290,1
3292,0
3294,0
3297,1
3298,0
3299,0
3301,0
3303,0
3311,0
3313,1
3314,1
3315,0
3316,1
3318,0
3319,1
3322,0
3323,1
3324,1
3327,0
3329,1
3331,0
3335,1
3337,1
3339,0
3340,0
3341,1
3342,0
3349,0
3351,1
3353,0
3360,0
3361,1
3367,1
3374,1
3376,1
3380,0
3381,0
3386,0
3387,1
3388,0
3392,0
3401,1
3407,1
3409,1
3410,1
3411,0
3412,1
3414,0
3415,1
3416,0
3417,1
3420,0
3421,0
3423,1
3425,0
3429,0
3432,0
3436,0
3437,1
3438,0
3448,0
3449,0
3451,1
3452,1
3457,1
3462,1
3463,0
3465,0
3468,1
3474,1
3477,0
3478,1
3489,1
3490,0
3497,0
3499,0
3505,0
3507,1
3510,1
3517,0
3518,1
3520,0
3521,1
3522,0
3525,0
3528,1
3529,0
3534,0
3537,0
3542,1
3543,0
3545,1
3547,1
3548,1
3550,0
3551,1
3552,1
3558,1
3560,0
3562,1
3563,1
3565,1
3566,1
3567,1
3571,1
3583,1
3587,0
3589,1
3591,1
3594,1
3595,0
3596,0
3598,0
3599,1
3600,1
3602,0
3603,1
3604,1
3612,0
3614,0
3615,0
3618,1
3621,1
3631,1
3633,0
3634,0
3635,1
3643,0
3645,1
3646,1
3648,0
3651,0
3652,1
3653,0
3655,0
3656,1
3657,1
3661,0
3662,0
3663,1
3665,0
3667,0
3673,0
3676,1
3677,1
3679,0
3681,1
3684,0
3685,0
3687,1
3690,1
3699,0
3700,0
3705,0
3712,0
3713,0
3716,1
3721,0
3722,1
3724,0
3727,0
3737,1
3739,1
3740,0
3742,0
3743,0
3747,0
3748,1
3749,1
3754,0
3756,0
3759,1
3760,1
3763,1
3765,1
3766,1
3767,1
3768,0
3771,1
3773,0
3775,1
3778,0
3781,0
3787,1
3788,0
3792,0
3796,1
3798,0
3799,1
3800,1
3801,1
3805,1
3809,1
3810,1
3812,1
3813,0
3814,1
3815,1
3816,0
3819,0
3820,0
3822,1
3824,0
3829,1
3830,1
3835,0
3838,0
3842,0
3847,1
3848,1
3850,1
3852,0
3853,1
3855,1
3867,0
3868,1
3875,1
3877,0
3880,0
3882,1
3884,1
3885,1
3893,1
3897,1
3899,1
3903,1
3906,1
3908,0
3912,0
3913,0
3918,1
3919,1
3921,1
3923,0
3924,1
3925,0
3928,0
3930,0
3931,0
3937,0
3938,0
3949,0
3951,1
3954,0
3957,1
3960,1
3964,1
3968,0
3969,0
3970,1
3972,0
3973,0
3978,1
3981,1
3983,0
3984,1
3990,1
3993,1
3994,0
3995,0
3997,1
4003,1
4004,0
4008,1
4013,1
4014,0
4017,0
4018,0
4021,0
4029,1
4031,1
4032,1
4033,0
4035,0
4036,1
4038,0
4042,0
4045,0
4046,1
4048,0
4051,1
4055,1
4056,0
4057,0
4058,1
4065,0
4068,1
4070,0
4072,0
4073,0
4074,1
4077,1
4086,1
4089,0
4096,0
4098,0
4106,0
4108,0
4113,1
4114,1
4126,0
4127,1
4128,0
4129,1
4130,0
4135,0
4136,0
4137,0
4138,0
4142,1
4146,1
4147,1
4155,1
4156,1
4159,0
4160,0
4165,0
4166,1
4170,1
4173,1
4174,1
4175,1
4177,0
4178,0
4180,1
4181,0
4183,0
4186,1
4187,1
4188,1
4190,0
4191,1
4192,1
4195,0
4198,0
4199,0
4203,1
4205,1
4207,1
4208,0
4210,0
4214,0
4215,1
4216,0
4219,1
4222,1
4226,1
4229,0
4230,1
4233,0
4234,1
4235,1
4237,1
4240,0
4245,1
4248,0
4250,1
4253,1
4255,1
4256,1
4257,0
4261,0
4263,0
4268,0
4271,0
4277,0
4279,0
4281,1
4284,0
4288,1
4289,1
4291,1
4292,0
4293,0
4294,1
4295,0
4296,0
4298,0
4300,0
4302,0
4307,1
4316,0
4317,1
4319,0
4320,0
4322,0
4325,0
4327,0
4328,1
4331,0
4332,0
4337,1
4338,1
4345,1
4348,1
4350,1
4354,1
4355,1
4356,1
4361,1
4363,1
4365,0
4366,0
4377,0
4378,0
4379,0
4381,1
4383,0
4384,1
4385,0
4386,0
4389,1
4395,1
4396,0
4400,1
4401,0
4402,0
4403,1
4405,0
4407,1
4409,1
4411,0
4412,1
4416,0
4423,0
4425,0
4427,0
4432,1
4433,0
4435,0
4436,1
4438,0
4439,1
4441,0
4445,1
4446,1
4447,0
4448,1
4450,0
4451,0
4452,0
4455,0
4466,1
4469,1
4470,0
4471,1
4474,0
4477,0
4478,0
4482,0
4483,1
4485,0
4490,0
4494,0
4500,0
4504,0
4505,0
4508,0
4509,1
4514,0
4515,1
4518,0
4521,1
4525,0
4526,0
4532,1
4535,0
4536,1
4538,0
4539,1
4541,1
4542,0
4543,1
4544,1
4549,0
4552,1
4553,0
4554,1
4555,1
4558,1
4559,1
4567,1
4568,0
4569,1
4570,0
4571,0
4572,0
4574,1
4577,1
4579,0
4581,1
4583,1
4587,1
4588,0
4589,0
4590,0
4592,0
4594,0
4601,1
4602,1
4604,1
4607,0
4609,1
4613,1
4617,0
4619,1
4621,0
4625,1
4626,0
4627,1
4629,1
4633,1
4634,1
4638,1
4641,0
4644,0
4649,1
4650,1
4651,1
4655,1
4657,1
4659,1
4660,1
4661,1
4662,0
4663,0
4666,0
4667,1
4669,0
4670,0
4674,0
4675,0
4676,0
4679,1
4688,0
4692,1
4696,0
4697,0
4699,0
4700,0
4701,0
4703,1
4705,1
4706,0
4707,0
4708,1
4710,1
4711,0
4713,0
4714,1
4716,1
4719,1
4725,0
4726,0
4728,1
4730,1
4733,0
4737,1
4740,1
4745,0
4747,1
4750,1
4751,0
4757,1
4758,1
4760,0
4765,0
4770,1
4772,0
4774,1
4780,1
4782,1
4783,1
4784,1
4787,0
4789,0
4791,0
4792,1
4794,0
4796,1
4798,0
4801,0
4804,0
4805,1
4806,0
4810,1
4811,0
4813,0
4815,1
4816,1
4817,0
4819,0
4820,1
4828,1
4829,1
4831,0
4832,1
4833,1
4834,1
4835,1
4836,0
4838,0
4839,1
4840,1
4842,0
4844,0
4845,0
4849,1
4850,0
4851,1
4854,0
4858,1
4859,0
4860,1
4862,0
4865,1
4869,1
4873,1
4885,0
4887,0
4888,0
4891,0
4892,0
4893,0
4894,1
4896,1
4898,0
4901,0
4903,1
4906,1
4908,1
4911,1
4912,1
4915,1
4918,1
4921,1
4927,1
4929,0
4930,0
4931,1
4932,1
4933,0
4934,1
4938,0
4941,1
4943,0
4944,1
4946,0
4949,0
4953,0
4957,1
4964,0
4965,0
4966,0
4967,0
4968,1
4975,0
4976,0
4977,1
4979,1
4980,1
4982,0
4990,0
4992,1
4993,0
4994,0
4995,0
4996,1
4998,0
5001,1
5002,0
5003,0
5004,1
5005,0
5006,0
5008,1
5011,0
5015,1
5021,1
5024,0
5025,1
5027,1
5037,1
5038,1
5051,0
5056,1
5059,1
5061,0
5065,0
5067,0
5068,1
5075,0
5082,0
5083,0
5086,0
5087,0
5091,0
5094,1
5095,0
5097,0
5098,0
5101,0
5102,0
5104,0
5105,0
5110,0
5114,1
5118,0
5120,0
5124,1
5125,0
5130,0
5131,0
5133,0
5134,0
5135,1
5136,0
5138,0
5140,0
5141,1
5147,0
5149,0
5150,1
5152,1
5155,0
5156,1
5157,0
5162,1
5165,0
5169,0
5172,0
5173,0
5174,1
5176,1
5177,1
5183,0
5184,1
5185,1
5186,1
5195,1
5200,0
5202,0
5204,1
5209,0
5211,0
5214,1
5215,0
5217,1
5219,0
5221,0
5222,1
5225,0
5226,1
5228,0
5231,1
5233,0
5237,0
5240,1
5243,0
5247,1
5249,0
5253,1
5254,1
5255,0
5260,0
5263,0
5265,0
5266,0
5271,0
5272,1
5273,0
5278,1
5281,0
5284,0
5285,1
5286,0
5289,0
5291,0
5292,1
5293,1
5294,0
5295,0
5296,1
5298,0
5299,0
5301,0
5302,0
5303,0
5304,0
5305,0
5308,1
5309,1
5313,1
5319,0
5320,0
5327,0
5329,0
5330,0
5331,1
5332,0
5334,0
5341,0
5342,0
5344,1
5349,0
5350,1
5351,1
5353,0
5354,0
5358,0
5361,0
5364,1
5366,0
5368,1
5369,1
5370,0
5371,0
5372,1
5376,0
5379,1
5391,0
5396,0
5397,0
5398,1
5399,1
5401,1
5402,0
5404,0
5411,1
5416,1
5419,0
5421,0
5422,0
5423,0
5424,1
5425,0
5426,1
5433,0
5437,0
5439,0
5441,1
5443,1
5444,1
5445,1
5447,1
5449,1
5450,1
5452,0
5453,0
5454,0
5458,0
5459,0
5464,1
5465,0
5468,0
5469,1
5473,0
5474,0
5476,0
5477,1
5481,1
5482,1
5483,0
5485,0
5486,1
5487,1
5490,1
5494,0
5495,1
5500,1
5501,0
5503,1
5504,0
5505,0
5510,1
5511,1
5514,1
5520,0
5521,1
5522,0
5525,1
5527,1
5528,0
5530,0
5531,0
5532,0
5533,0
5534,1
5539,1
5540,1
5544,0
5545,1
5546,0
5547,1
5548,0
5550,0
5552,1
5556,1
5560,0
5561,1
5564,0
5568,0
5569,1
5570,1
5574,1
5575,1
5577,0
5578,0
5582,0
5584,1
5587,0
5588,0
5589,0
5593,1
5594,0
5596,1
5597,0
5598,0
5600,0
5601,1
5602,1
5603,1
5604,1
5609,0
5612,1
5616,0
5618,1
5624,0
5629,1
5630,0
5632,1
5633,1
5647,1
5648,0
5650,0
5654,1
5655,1
5658,0
5659,1
5661,1
5662,0
5664,0
5668,0
5670,1
5671,0
5672,0
5676,0
5679,1
5680,1
5681,0
5682,1
5684,0
5688,0
5689,1
5692,1
5693,0
5698,1
5699,0
5700,1
5701,0
5709,1
5710,0
5711,1
5712,0
5713,1
5714,0
5716,0
5717,1
5718,1
5720,1
5722,0
5724,1
5728,0
5729,1
5730,0
5732,1
5733,0
5735,0
5737,1
5738,1
5739,0
5740,1
5742,1
5743,0
5746,0
5749,1
5752,1
5755,0
5758,1
5759,1
5760,0
5761,0
5768,0
5771,0
5772,0
5773,0
5782,1
5783,0
5784,0
5785,1
5786,0
5789,1
5791,0
5792,1
5793,1
5795,1
5796,1
5799,1
5808,1
5811,0
5813,0
5814,0
5817,0
5818,0
5819,0
5822,1
5824,1
5825,0
5827,0
5830,1
5831,0
5834,1
5835,0
5837,1
5838,1
5844,1
5845,1
5847,0
5850,1
5852,1
5855,0
5858,0
5861,0
5867,1
5868,1
5870,0
5872,0
5873,1
5874,0
5875,0
5876,0
5877,1
5887,1
5889,1
5890,1
5895,1
5896,0
5898,1
5899,1
5900,1
5901,1
5904,1
5905,0
5910,0
5914,1
5915,1
5916,0
5920,0
5922,0
5927,1
5932,0
5933,1
5935,1
5939,1
5940,0
5941,1
5943,0
5949,0
5952,1
5955,1
5962,0
5966,1
5971,0
5973,0
5975,1
5976,0
5978,0
5979,0
5980,0
5982,1
5984,0
5986,1
5989,0
5990,1
5992,1
5993,1
5995,1
5996,1
5997,1
5999,1
6000,1
6002,0
6004,1
6009,0
6014,0
6015,0
6016,0
6018,0
6019,0
6021,1
6022,0
6023,0
6024,1
6030,0
6031,1
6032,0
6034,0
6037,0
6038,1
6039,0
6041,0
6043,0
6044,1
6047,1
6051,1
6053,0
6055,1
6056,1
6057,0
6058,1
6060,0
6063,0
6064,1
6065,1
6069,0
6071,0
6073,1
6075,1
6078,0
6079,0
6081,1
6082,1
6084,1
6085,1
6088,0
6089,1
6094,0
6095,0
6101,0
6105,1
6107,1
6112,1
6113,0
6114,1
6116,0
6118,1
6120,1
6121,0
6129,0
6134,1
6135,1
6137,1
6138,1
6140,0
6155,1
6161,0
6163,1
6165,0
6167,1
6168,1
6174,1
6178,1
6180,1
6182,0
6184,0
6187,1
6188,1
6190,0
6191,1
6197,1
6198,0
6201,0
6210,1
6212,0
6213,1
6214,1
6218,0
6220,1
6224,0
6227,0
6228,1
6232,1
6234,0
6236,1
6245,1
6246,0
6250,0
6251,1
6252,1
6254,1
6255,1
6256,1
6260,0
6261,0
6263,1
6264,1
6266,1
6267,0
6270,1
6271,1
6272,1
6275,1
6284,1
6287,1
6290,1
6296,1
6297,1
6301,1
6304,1
6305,1
6308,0
6311,1
6312,0
6316,0
6319,1
6325,0
6326,1
6327,0
6328,1
6333,0
6337,0
6338,1
6339,0
6340,0
6342,0
6353,1
6357,0
6359,0
6361,0
6362,0
6365,0
6366,1
6368,0
6369,0
6373,0
6374,0
6375,1
6379,1
6383,0
6384,0
6389,1
6390,1
6393,1
6398,0
6400,0
6402,1
6404,0
6406,1
6408,1
6409,0
6412,1
6413,1
6414,1
6415,1
6418,1
6419,0
6421,0
6424,1
6425,1
6427,0
6430,1
6435,1
6436,0
6437,1
6438,1
6440,0
6443,0
6444,1
6445,0
6447,0
6449,0
6450,0
6451,0
6453,0
6454,0
6456,1
6457,1
6458,1
6459,0
6460,0
6463,0
6470,0
6471,0
6474,1
6476,1
6477,0
6484,1
6486,1
6487,0
6489,1
6498,1
6499,1
6500,1
6505,1
6506,1
6508,1
6509,0
6515,1
6516,1
6517,0
6518,1
6523,1
6527,0
6529,0
6535,1
6536,1
6537,0
6538,1
6540,0
6541,1
6542,0
6552,0
6553,0
6555,1
6560,0
6562,0
6563,1
6571,0
6572,0
6579,1
6580,1
6583,0
6592,0
6594,1
6596,1
6600,0
6601,0
6602,1
6603,1
6604,1
6605,0
6606,0
6608,1
6609,0
6610,0
6612,1
6614,0
6616,0
6618,1
6619,0
6622,0
6626,0
6627,0
6629,0
6632,1
6634,0
6637,0
6640,1
6642,1
6647,0
6648,0
6650,0
6651,1
6660,1
6665,0
6667,0
6668,1
6670,0
6673,0
6674,0
6675,0
6678,0
6680,0
6688,0
6692,0
6696,1
6698,0
6699,0
6701,0
6706,1
6708,1
6711,0
6714,0
6715,1
6716,0
6717,1
6718,1
6720,1
6728,0
6731,1
6739,0
6741,0
6742,0
6743,0
6746,0
6748,0
6750,0
6754,0
6755,1
6756,0
6757,0
6761,1
6763,0
6770,0
6773,0
6774,0
6775,0
6778,0
6786,0
6788,0
6789,1
6791,1
6794,1
6796,0
6798,1
6800,0
6805,1
6807,1
6808,1
6810,0
6813,0
6815,1
6821,0
6822,0
6824,1
6825,1
6827,0
6830,0
6831,1
6832,1
6833,1
6835,1
6839,0
6840,1
6841,1
6842,0
6845,0
6848,1
6849,0
6850,0
6854,1
6859,1
6861,0
6865,0
6866,0
6867,1
6869,1
6870,0
6871,1
6873,0
6877,1
6878,1
6881,1
6885,0
6886,0
6889,0
6891,0
6895,1
6897,0
6898,1
6903,1
6905,1
6906,1
6909,1
6910,0
6912,1
6913,1
6914,0
6920,0
6921,0
6923,1
6924,1
6928,0
6931,0
6933,1
6935,0
6937,0
6939,1
6941,1
6944,1
6946,1
6953,0
6954,1
6955,1
6956,0
6958,1
6959,1
6960,0
6961,1
6963,1
6964,0
6965,0
6969,0
6970,0
6971,1
6973,1
6974,1
6976,0
6985,1
6987,1
6990,0
6993,0
6997,1
6998,0
7000,0
7003,0
7004,1
7008,1
7010,1
7016,0
7018,1
7019,1
7021,0
7025,0
7026,1
7027,0
7031,1
7033,0
7035,1
7041,0
7042,0
7047,1
7049,0
7050,1
7051,1
7052,0
7054,0
7055,1
7059,0
7060,0
7063,1
7065,0
7066,0
7068,0
7069,0
7070,1
7071,0
7073,1
7077,0
7079,0
7086,1
7087,1
7089,0
7090,0
7092,0
7101,0
7103,1
7107,1
7108,0
7109,1
7110,0
7111,0
7112,1
7115,0
7116,1
7117,1
7123,0
7126,0
7129,1
7132,0
7133,0
7134,1
7136,0
7137,0
7142,0
7145,0
7147,1
7150,1
7155,0
7157,0
7158,0
7159,0
7160,0
7165,1
7168,1
7169,1
7170,1
7176,0
7181,0
7186,1
7193,1
7197,1
7198,1
7199,1
7201,1
7205,0
7210,0
7212,1
7214,0
7215,0
7216,1
7218,0
7219,1
7223,1
7224,1
7225,0
7226,0
7231,1
7237,0
7238,1
7240,1
7248,1
7250,0
7261,1
7263,1
7265,0
7266,0
7269,1
7270,1
7271,0
7272,1
7275,0
7276,0
7277,0
7280,1
7285,0
7286,0
7289,1
7292,0
7295,1
7296,1
7298,1
7299,1
7304,1
7306,1
7307,1
7309,0
7310,1
7314,0
7318,1
7319,0
7320,0
7322,0
7324,1
7326,1
7327,0
7328,0
7329,1
7333,0
7334,1
7336,1
7337,1
7342,1
7343,0
7344,1
7346,0
7348,1
7349,0
7353,1
7354,1
7355,0
7357,1
7358,1
7359,1
7364,0
7367,0
7368,0
7373,1
7374,0
7375,1
7376,1
7377,0
7379,0
7381,0
7385,1
7386,1
7387,1
7389,1
7390,0
7391,1
7393,1
7395,0
7399,1
7404,1
7405,1
7406,0
7409,1
7410,0
7412,1
7415,1
7417,0
7418,1
7419,0
7426,1
7427,1
7434,0
7437,1
7438,0
7442,1
7457,0
7459,0
7460,1
7462,0
7465,1
7467,0
7468,0
7469,0
7470,1
7472,0
7473,1
7475,0
7477,1
7478,0
7483,0
7485,1
7488,1
7490,0
7492,0
7494,1
7501,1
7502,0
7503,0
7504,1
7505,1
7506,1
7507,1
7510,1
7512,1
7513,1
7514,1
7516,0
7520,0
7525,1
7526,1
7528,1
7529,1
7533,1
7535,0
7536,0
7537,1
7539,0
7540,1
7545,0
7548,0
7550,0
7553,0
7554,1
7556,0
7557,1
7561,1
7563,0
7568,0
7570,0
7571,0
7573,0
7577,1
7578,1
7581,1
7582,1
7587,1
7588,0
7589,1
7592,1
7596,0
7597,0
7601,1
7602,0
7603,1
7604,0
7605,0
7606,1
7607,1
7608,1
7610,1
7613,0
7618,1
7621,1
7631,1
7632,0
7636,1
7640,1
7644,0
7645,1
7647,1
7653,0
7654,1
7656,0
7658,0
7659,1
7662,1
7663,0
7666,0
7667,0
7676,1
7677,0
7680,0
7685,1
7688,0
7690,0
7693,1
7694,0
7697,1
7702,1
7705,1
7713,0
7714,0
7715,0
7726,0
7727,0
7731,0
7732,0
7733,0
7734,1
7735,1
7738,1
7739,1
7741,1
7742,1
7746,0
7750,0
7752,1
7755,1
7757,1
7758,0
7761,0
7767,1
7771,1
7772,1
7777,0
7779,1
7780,0
7783,0
7785,0
7789,1
7790,0
7793,1
7795,0
7798,1
7800,0
7802,1
7803,0
7805,1
7809,0
7810,1
7822,0
7824,0
7827,1
7828,1
7829,0
7832,1
7833,1
7834,1
7837,0
7840,1
7841,1
7844,1
7845,0
7850,0
7851,1
7852,1
7856,1
7857,0
7860,1
7863,0
7865,1
7866,1
7868,1
7870,1
7871,0
7873,0
7879,0
7881,1
7883,0
7884,0
7885,0
7888,1
7891,0
7893,1
7895,0
7905,0
7907,0
7908,1
7911,1
7912,0
7917,0
7918,1
7919,0
7923,0
7926,1
7928,1
7935,0
7936,0
7940,1
7943,0
7944,1
7946,0
7950,1
7956,1
7957,0
7958,0
7959,1
7961,0
7963,1
7965,1
7966,0
7967,0
7970,1
7978,0
7982,0
7983,0
7984,1
7985,1
7988,1
7991,0
7992,0
7997,0
7998,0
8001,0
8002,0
8007,1
8008,0
8009,1
8013,1
8018,0
8020,1
8022,1
8023,0
8027,0
8029,1
8032,0
8035,0
8037,0
8039,1
8040,0
8043,0
8044,1
8046,1
8049,0
8050,1
8052,1
8056,0
8058,0
8060,1
8062,0
8063,0
8068,0
8069,1
8075,0
8077,1
8079,1
8086,1
8087,0
8088,1
8090,0
8093,0
8094,1
8096,1
8100,1
8101,0
8102,0
8103,0
8104,1
8105,0
8107,0
8111,1
8114,1
8117,1
8119,0
8120,1
8121,1
8122,1
8123,0
8125,0
8126,1
8128,1
8129,0
8132,1
8133,0
8135,1
8137,0
8139,0
8143,1
8146,0
8147,1
8150,1
8152,0
8153,1
8155,0
8156,1
8157,1
8158,1
8160,0
8162,0
8163,0
8165,1
8169,1
8170,0
8171,0
8177,0
8179,0
8184,0
8188,0
8193,0
8197,0
8198,1
8201,0
8203,0
8204,0
8205,1
8207,1
8208,0
8210,0
8211,0
8213,1
8216,0
8218,0
8219,1
8222,0
8223,0
8225,1
8231,0
8232,0
8233,0
8234,0
8238,1
8241,0
8252,0
8254,1
8259,0
8260,1
8262,1
8263,1
8264,0
8270,1
8273,0
8276,0
8279,0
8280,1
8281,1
8286,1
8287,0
8292,0
8293,0
8294,1
8297,0
8300,1
8301,0
8303,0
8310,0
8311,0
8317,0
8318,0
8319,1
8326,0
8327,1
8331,0
8334,1
8339,0
8343,0
8344,1
8346,1
8349,0
8352,1
8353,0
8354,0
8355,1
8357,0
8361,1
8362,1
8363,0
8365,1
8368,0
8375,1
8376,0
8379,1
8381,0
8387,1
8389,0
8390,1
8392,0
8395,0
8398,1
8400,0
8402,0
8404,1
8408,1
8410,0
8416,1
8418,1
8427,1
8430,1
8432,0
8438,1
8440,1
8443,0
8444,1
8445,0
8446,0
8453,1
8455,1
8459,1
8464,0
8468,1
8469,1
8470,0
8471,1
8472,1
8481,0
8482,0
8483,1
8484,0
8489,1
8493,1
8494,0
8496,1
8497,1
8498,0
8499,0
8500,0
8501,0
8503,1
8506,1
8508,1
8510,1
8511,0
8515,0
8516,0
8517,1
8522,0
8523,0
8525,0
8527,1
8529,0
8532,0
8536,0
8541,0
8542,0
8544,0
8546,1
8552,1
8553,0
8558,0
8560,0
8561,1
8562,1
8566,1
8569,0
8571,0
8575,0
8577,1
8578,1
8581,0
8585,0
8589,0
8596,1
8597,0
8605,0
8607,1
8608,1
8611,1
8612,1
8613,1
8614,1
8615,0
8616,0
8619,1
8622,1
8623,1
8624,0
8627,1
8633,0
8635,0
8636,0
8642,1
8645,1
8647,1
8648,0
8654,0
8656,0
8657,1
8658,1
8659,1
8660,0
8662,1
8665,1
8666,0
8667,1
8669,0
8670,0
8672,1
8679,0
8682,1
8685,1
8686,1
8687,1
8689,0
8690,1
8691,1
8697,0
8701,0
8703,0
8704,0
8706,1
8710,1
8712,0
8713,0
8715,0
8719,1
8723,0
8724,1
8725,0
8726,1
8731,1
8733,1
8735,1
8736,0
8737,0
8740,0
8745,0
8746,0
8752,1
8754,0
8755,1
8756,0
8757,0
8760,1
8764,0
8767,1
8768,1
8773,1
8776,1
8778,0
8784,0
8791,0
8792,1
8793,0
8795,0
8801,1
8809,0
8812,0
8817,1
8819,1
8827,0
8830,1
8831,1
8834,0
8839,0
8840,1
8843,1
8845,1
8847,0
8851,0
8853,0
8856,0
8859,0
8860,1
8862,0
8863,1
8864,0
8865,0
8870,0
8871,0
8879,0
8881,1
8883,0
8885,0
8889,0
8892,1
8895,0
8896,1
8898,1
8899,1
8904,0
8905,0
8906,1
8910,0
8914,0
8917,1
8920,1
8921,0
8924,0
8925,1
8930,0
8933,0
8936,1
8937,1
8939,1
8943,1
8944,1
8945,1
8946,0
8947,1
8948,0
8952,1
8954,1
8961,1
8962,0
8965,0
8966,1
8971,1
8975,1
8980,0
8982,1
8985,1
8986,0
8991,0
8994,1
8995,1
8996,0
9004,0
9005,1
9008,1
9010,1
9019,0
9021,1
9022,0
9032,0
9033,0
9035,0
9036,1
9038,0
9040,0
9043,0
9044,1
9045,0
9047,0
9050,1
9055,0
9057,1
9059,1
9060,1
9061,0
9062,1
9064,0
9067,1
9070,0
9072,1
9073,0
9075,1
9076,1
9080,1
9082,0
9084,1
9085,1
9090,1
9091,0
9098,0
9104,0
9105,0
9106,1
9108,1
9112,0
9113,0
9114,0
9115,0
9116,0
9117,0
9118,0
9120,1
9122,0
9127,1
9130,0
9136,1
9138,1
9142,1
9146,1
9148,0
9150,1
9151,0
9155,0
9156,0
9158,1
9159,0
9160,1
9161,1
9162,0
9164,1
9166,0
9171,1
9172,0
9175,0
9176,0
9177,1
9178,0
9181,1
9183,1
9184,1
9186,0
9190,1
9192,1
9197,0
9198,0
9200,0
9205,0
9207,0
9209,1
9211,1
9216,0
9218,0
9222,1
9225,0
9226,0
9228,1
9229,0
9231,0
9236,0
9237,1
9238,0
9240,0
9241,0
9243,0
9245,0
9246,1
9250,0
9251,0
9252,0
9259,0
9261,0
9264,0
9265,0
9269,1
9270,1
9272,1
9273,0
9275,1
9277,1
9278,1
9279,1
9280,0
9281,0
9285,0
9289,0
9292,0
9293,0
9294,1
9297,1
9299,1
9302,1
9304,1
9305,1
9306,1
9314,0
9317,0
9321,1
9324,1
9325,1
9331,1
9333,1
9335,1
9337,0
9338,0
9344,1
9346,1
9348,0
9349,1
9350,1
9351,0
9358,1
9360,0
9363,0
9365,1
9366,0
9370,1
9371,0
9373,0
9374,0
9375,0
9376,0
9377,0
9379,1
9383,1
9385,0
9395,0
9405,1
9406,1
9408,0
9409,0
9412,0
9415,0
9417,0
9419,0
9420,0
9424,0
9429,1
9432,0
9433,0
9434,1
9436,1
9442,0
9443,0
9445,0
9447,1
9448,0
9449,0
9453,1
9454,1
9457,1
9458,0
9459,1
9460,0
9462,0
9467,1
9469,0
9470,0
9471,0
9472,1
9473,0
9475,1
9476,0
9478,1
9480,0
9483,1
9485,1
9486,1
9492,0
9496,1
9497,1
9498,1
9500,0
9504,1
9505,0
9506,1
9509,1
9512,1
9513,0
9516,1
9521,0
9522,0
9527,1
9528,0
9529,0
9530,1
9535,0
9536,1
9540,0
9546,0
9555,0
9556,0
9558,0
9562,1
9564,0
9565,0
9573,1
9586,1
9592,0
9594,0
9596,0
9597,0
9598,0
9600,1
9601,1
9603,0
9604,0
9605,1
9606,0
9607,0
9610,0
9613,1
9615,0
9623,1
9627,0
9629,0
9630,1
9631,0
9632,0
9635,0
9638,0
9647,0
9648,1
9650,1
9653,0
9660,1
9663,1
9666,1
9668,0
9670,1
9672,0
9673,0
9677,1
9678,0
9679,1
9681,1
9682,1
9684,1
9685,1
9687,1
9689,0
9690,0
9699,1
9700,1
9701,1
9702,0
9703,1
9707,1
9709,0
9716,0
9717,0
9720,0
9723,0
9727,0
9729,1
9730,1
9731,1
9733,0
9734,0
9735,1
9742,0
9748,1
9749,0
9752,0
9755,0
9756,0
9757,1
9759,0
9760,1
9762,0
9763,0
9764,0
9765,1
9766,0
9768,0
9770,1
9771,0
9772,1
9777,1
9779,1
9781,0
9782,1
9788,0
9789,0
9792,1
9793,0
9794,0
9797,0
9798,0
9801,0
9806,0
9811,1
9814,1
9817,0
9820,0
9823,0
9824,1
9837,0
9839,0
9840,1
9841,1
9842,0
9844,0
9845,0
9847,0
9855,1
9861,0
9865,0
9869,1
9875,0
9877,1
9882,1
9885,0
9888,1
9889,1
9891,1
9893,0
9895,1
9897,1
9898,0
9900,1
9901,0
9902,1
9904,1
9906,0
9918,0
9923,1
9924,1
9926,0
9932,0
9933,0
9938,0
9940,0
9941,0
9943,1
9944,1
9946,1
9947,0
9948,0
9950,0
9953,1
9956,1
9961,0
9962,0
9963,1
9964,1
9965,0
9966,0
9967,0
9969,1
9970,1
9971,1
9975,1
9976,0
9977,1
9980,0
9981,0
9982,1
9983,0
9984,1
9985,0
9989,1
9990,0
9992,1
9994,1
9999,1
10001,0
10002,1
10004,1
10005,0
10010,1
10011,0
10012,0
10014,1
10018,0
10020,0
10026,0
10035,0
10036,1
10040,1
10043,0
10044,0
10048,0
10049,0
10050,1
10055,0
10056,0
10057,0
10058,0
10059,0
10060,0
10062,1
10066,0
10067,1
10068,1
10070,0
10073,1
10076,0
10077,1
10078,1
10079,0
10083,1
10084,1
10085,1
10095,0
10096,1
10098,0
10103,1
10104,1
10111,0
10113,0
10120,1
10121,0
10122,1
10128,0
10130,1
10136,0
10137,0
10139,1
10142,0
10144,1
10146,0
10147,1
10151,0
10154,1
10156,1
10157,1
10162,0
10163,0
10165,1
10169,1
10172,1
10175,1
10176,0
10177,0
10180,1
10184,0
10188,0
10189,1
10195,0
10197,1
10207,0
10211,1
10212,1
10213,1
10214,0
10217,1
10218,0
10223,0
10224,1
10227,1
10228,1
10233,1
10235,1
10238,1
10239,0
10240,1
10242,1
10248,1
10249,1
10251,1
10252,0
10257,0
10261,1
10267,1
10268,0
10270,0
10273,1
10274,1
10275,1
10279,0
10280,1
10281,1
10285,0
10286,0
10289,0
10290,0
10291,0
10294,1
10295,1
10298,0
10303,1
10307,0
10308,1
10310,1
10312,1
10313,0
10315,0
10317,0
10318,0
10319,0
10322,1
10323,1
10326,0
10329,1
10332,0
10335,1
10339,1
10341,1
10345,1
10352,1
10357,0
10358,0
10359,0
10360,0
10361,0
10363,1
10364,1
10365,1
10368,0
10370,0
10372,1
10373,0
10374,0
10375,1
10376,0
10379,1
10382,1
10383,0
10384,1
10386,1
10398,1
10399,1
10403,0
10405,0
10413,1
10418,0
10421,1
10422,1
10424,1
10428,0
10430,0
10432,0
10436,0
10437,0
10438,1
10439,0
10440,0
10447,1
10450,0
10451,1
10453,0
10455,0
10456,1
10462,0
10463,0
10464,1
10465,1
10466,1
10468,1
10482,1
10487,1
10488,1
10491,1
10494,1
10497,0
10501,0
10502,0
10503,0
10507,0
10510,0
10513,1
10516,0
10518,1
10519,0
10521,1
10524,0
10527,0
10528,1
10529,0
10535,1
10536,0
10543,0
10549,0
10551,1
10555,1
10559,0
10563,0
10565,1
10566,0
10568,0
10569,0
10571,1
10576,1
10578,1
10584,1
10590,1
10594,1
10596,1
10597,0
10599,0
10600,0
10601,1
10603,1
10604,1
10607,0
10608,0
10615,1
10616,1
10618,1
10621,0
10627,0
10629,1
10631,0
10632,0
10634,0
10639,0
10645,1
10648,1
10654,1
10657,1
10666,0
10673,1
10674,0
10678,0
10680,1
10682,1
10685,0
10686,1
10687,1
10688,0
10692,1
10694,0
10695,1
10697,0
10701,1
10703,1
10709,0
10711,0
10712,1
10713,1
10715,1
10720,1
10723,0
10727,1
10729,1
10731,1
10734,0
10735,1
10736,1
10737,1
10738,1
10739,0
10740,0
10741,0
10744,0
10745,1
10746,1
10747,0
10750,1
10752,0
10755,1
10756,0
10758,0
10760,1
10762,0
10766,1
10767,0
10769,1
10771,1
10772,0
10774,1
10777,1
10779,1
10782,0
10784,0
10785,1
10788,0
10790,0
10793,1
10795,1
10799,0
10804,0
10806,0
10808,0
10810,0
10816,0
10817,1
10818,0
10820,1
10825,1
10827,0
10833,0
10837,1
10839,0
10840,0
10842,1
10844,1
10848,1
10852,1
10856,0
10857,1
10858,1
10862,1
10864,0
10866,0
10872,1
10874,1
10879,1
10880,0
10882,0
10883,0
10884,0
10888,1
10889,1
10892,0
10893,0
10895,1
10901,0
10906,0
10907,0
10909,1
10912,1
10916,0
10920,0
10921,1
10927,0
10928,1
10930,1
10931,0
10932,0
10934,1
10941,0
10946,0
10947,0
10954,1
10955,0
10956,0
10960,0
10965,0
10966,1
10972,1
10973,0
10975,0
10977,1
10979,1
10982,0
10983,0
10985,0
10988,0
10990,1
10991,0
10994,0
11000,0
11002,0
11003,0
11004,0
11007,0
11012,0
11013,1
11014,0
11017,1
11020,0
11021,1
11022,0
11023,1
11025,1
11028,0
11031,0
11036,1
11039,1
11041,0
11046,0
11047,0
11050,1
11053,0
11055,1
11058,1
11062,1
11065,1
11070,0
11073,0
11080,1
11081,0
11083,0
11085,1
11087,0
11089,0
11090,0
11092,1
11093,1
11096,1
11097,0
11101,1
11107,1
11108,0
11109,1
11111,0
11112,0
11113,1
11118,0
11119,1
11123,0
11124,0
11125,1
11126,0
11130,0
11137,0
11138,0
11144,1
11145,0
11152,0
11154,1
11155,0
11156,0
11157,0
11158,1
11159,1
11160,1
11161,0
11163,0
11164,0
11168,1
11172,1
11174,1
11177,0
11180,0
11190,1
11195,0
11200,0
11203,0
11206,0
11209,1
11214,0
11215,0
11224,1
11226,0
11227,0
11228,0
11233,1
11234,0
11236,0
11237,1
11238,0
11240,0
11247,0
11248,1
11250,1
11253,1
11254,0
11255,0
11257,0
11258,1
11259,1
11261,1
11263,1
11267,1
11268,1
11270,0
11273,0
11274,0
11275,1
11276,1
11282,1
11283,1
11286,1
11288,1
11292,1
11293,1
11300,0
11302,1
11313,1
11317,1
11319,0
11323,1
11326,1
11327,0
11329,1
11332,1
11334,1
11335,0
11338,1
11340,1
11341,0
11342,0
11344,1
11345,1
11346,0
11349,1
11351,1
11353,1
11354,0
11355,0
11356,0
11359,1
11360,0
11362,0
11364,1
11365,0
11369,1
11373,1
11383,1
11385,1
11388,0
11390,0
11391,0
11393,1
11395,1
11398,0
11400,1
11401,0
11403,1
11404,1
11406,1
11411,0
11416,0
11417,1
11419,1
11420,0
11421,1
11422,1
11425,0
11426,1
11427,1
11428,0
11429,0
11432,0
11434,0
11437,1
11440,1
11441,0
11442,1
11444,1
11448,1
11452,1
11455,1
11458,0
11459,0
11460,1
11461,0
11463,1
11465,0
11466,1
11469,1
11471,0
11472,1
11475,1
11486,0
11489,1
11490,0
11496,0
11502,1
11503,1
11507,1
11508,1
11509,1
11510,0
11513,1
11519,0
11521,1
11523,1
11524,0
11525,1
11526,0
11530,0
11533,1
11535,0
11537,0
11540,1
11542,0
11545,0
11548,0
11549,0
11552,0
11554,1
11559,0
11563,0
11565,0
11566,0
11569,1
11574,1
11575,1
11576,1
11578,1
11579,1
11587,0
11594,0
11595,1
11596,1
11598,1
11604,0
11608,0
11609,0
11611,0
11612,0
11614,1
11618,0
11621,1
11622,0
11623,1
11625,1
11626,1
11627,1
11632,0
11633,1
11634,1
11635,1
11638,0
11639,0
11640,1
11642,0
11646,0
11651,1
11653,0
11655,1
11656,1
11657,0
11663,1
11666,1
11668,1
11670,1
11675,1
11678,0
11679,1
11683,0
11685,0
11686,0
11689,0
11692,1
11699,1
11702,1
11704,0
11705,0
11706,1
11708,0
11709,0
11712,1
11714,1
11717,0
11718,0
11720,0
11722,1
11724,1
11730,0
11731,1
11732,1
11734,1
11737,1
11738,0
11739,1
11745,0
11746,0
11747,0
11748,0
11749,0
11750,0
11752,1
11754,1
11756,1
11757,0
11767,0
11769,1
11770,0
11771,0
11774,1
11775,1
11776,1
11779,0
11781,1
11784,1
11785,1
11788,0
11790,0
11791,0
11793,1
11794,1
11796,0
11799,1
11800,1
11803,1
11806,0
11807,0
11811,0
11814,1
11815,0
11816,1
11821,1
11824,1
11825,0
11826,1
11828,0
11834,1
11835,1
11836,0
11838,1
11841,1
11842,0
11843,0
11844,0
11847,1
11848,1
11849,1
11853,0
11854,0
11857,1
11858,0
11859,1
11862,1
11865,0
11867,1
11871,0
11875,1
11877,1
11878,0
11880,1
11883,1
11884,0
11885,0
11886,1
11887,0
11890,0
11896,0
11899,1
11900,1
11905,1
11909,1
11910,0
11912,0
11916,1
11917,1
11919,0
11920,0
11922,1
11925,1
11926,1
11928,1
11930,1
11931,0
11932,0
11933,0
11934,1
11938,0
11939,1
11941,1
11943,0
11944,1
11945,1
11948,1
11952,1
11956,0
11959,1
11962,1
11963,1
11965,0
11969,0
11970,1
11971,1
11972,0
11973,1
11974,1
11984,1
11985,0
11986,0
11987,1
11988,0
11991,0
11995,1
11997,0
11998,0
12000,1
12001,0
12003,1
12010,1
12013,0
12014,1
12018,0
12021,1
12022,1
12027,1
12029,1
12030,1
12033,0
12036,0
12039,0
12041,1
12042,1
12043,0
12044,0
12045,1
12046,1
12048,0
12049,0
12053,1
12054,1
12056,1
12059,1
12063,0
12067,1
12069,1
12075,1
12076,1
12077,1
12078,0
12080,0
12081,0
12082,1
12083,1
12085,1
12087,0
12088,1
12091,1
12093,1
12095,0
12097,0
12101,0
12110,1
12114,0
12116,0
12120,1
12121,1
12123,1
12124,1
12126,1
12127,1
12128,1
12131,1
12136,0
12137,0
12139,1
12140,1
12145,1
12149,0
12153,1
12154,0
12156,1
12158,1
12163,1
12164,0
12165,1
12169,1
12172,0
12174,0
12176,0
12177,0
12179,0
12180,1
12183,0
12188,1
12191,0
12192,1
12193,1
12194,0
12195,1
12198,1
12199,0
12200,1
12202,1
12204,0
12205,1
12212,1
12213,0
12216,0
12217,1
12219,1
12221,0
12223,1
12224,0
12227,1
12229,0
12230,0
12232,1
12233,0
12234,1
12235,0
12240,0
12242,1
12244,0
12247,1
12249,0
12251,1
12252,0
12254,0
12258,1
12259,1
12261,1
12264,0
12266,0
12269,1
12274,0
12275,0
12276,0
12277,1
12285,1
12288,0
12291,1
12292,1
12293,0
12294,0
12295,1
12299,1
12302,1
12303,1
12304,0
12305,0
12306,0
12307,0
12310,0
12312,0
12313,0
12314,1
12315,0
12316,0
12317,1
12319,0
12322,0
12324,1
12329,1
12331,1
12333,1
12336,1
12337,1
12338,1
12339,1
12345,1
12356,0
12357,1
12358,0
12360,1
12361,1
12363,1
12370,1
12373,0
12377,0
12381,0
12382,1
12385,1
12391,1
12392,0
12395,1
12400,0
12402,1
12403,1
12404,1
12405,0
12406,1
12407,1
12408,1
12410,1
12411,0
12412,0
12413,1
12419,0
12420,0
12425,1
12428,1
12429,0
12433,0
12443,0
12446,0
12449,0
12453,0
12454,0
12455,0
12456,1
12458,1
12459,1
12464,0
12465,1
12469,1
12474,1
12478,1
12486,0
12489,1
12493,1
12495,0
12496,0
12497,0
12498,0
12501,1
12503,1
12504,1
12508,1
12511,0
12514,0
12515,0
12521,0
12524,1
12529,0
12532,0
12533,0
12537,0
12538,0
12545,0
12547,0
12552,1
12553,1
12554,1
12556,0
12558,1
12566,1
12569,1
12578,0
12580,1
12581,0
12583,1
12584,0
12585,0
12587,1
12588,1
12590,0
12591,1
12595,0
12599,0
12600,0
12603,0
12606,0
12611,0
12612,1
12614,1
12615,1
12616,0
12617,0
12618,0
12619,0
12620,1
12621,1
12628,1
12632,1
12638,0
12643,1
12648,0
12651,0
12653,0
12664,0
12667,1
12670,0
12677,0
12678,1
12679,1
12682,1
12684,1
12686,1
12689,0
12694,0
12696,0
12701,1
12702,0
12705,1
12710,0
12711,1
12713,0
12716,1
12717,0
12721,0
12722,0
12723,0
12725,1
12726,1
12729,1
12731,0
12733,1
12741,1
12743,0
12746,1
12749,1
12752,0
12760,0
12762,0
12766,0
12767,0
12773,1
12779,1
12782,1
12784,0
12786,0
12791,0
12800,0
12804,1
12806,1
12808,0
12810,0
12812,0
12816,0
12822,1
12824,1
12827,0
12829,1
12831,0
12832,0
12833,0
12836,0
12837,1
12838,1
12839,1
12845,0
12846,0
12853,1
12856,1
12857,1
12862,1
12868,1
12870,0
12875,0
12883,1
12887,0
12888,0
12889,0
12892,1
12894,1
12896,1
12899,1
12905,0
12906,1
12908,0
12909,0
12915,0
12917,1
12918,1
12921,1
12922,0
12924,0
12925,0
12927,1
12932,0
12936,1
12937,1
12938,1
12940,0
12945,1
12950,1
12952,1
12955,1
12962,1
12966,0
12969,0
12970,0
12971,1
12985,0
12986,0
12989,0
12991,0
12992,0
12994,0
12996,1
12999,0
13000,0
13003,0
13008,0
13009,0
13015,0
13017,1
13020,0
13021,1
13023,1
13024,0
13028,1
13029,0
13034,1
13036,1
13037,0
13038,0
13043,1
13045,0
13048,0
13051,0
13052,0
13053,0
13058,1
13061,1
13064,0
13066,1
13068,0
13069,0
13070,0
13071,1
13074,1
13076,0
13078,1
13079,1
13080,1
13082,0
13085,0
13091,0
13094,1
13099,1
13101,1
13102,0
13106,0
13109,1
13111,1
13112,1
13115,0
13119,1
13121,1
13123,1
13126,1
13129,0
13131,0
13135,0
13136,0
13137,0
13138,1
13139,1
13140,0
13141,0
13142,1
13143,1
13146,1
13155,0
13158,0
13159,1
13162,0
13167,1
13168,0
13171,0
13174,0
13175,0
13177,1
13180,0
13186,1
13187,0
13189,1
13191,1
13192,0
13197,0
13199,0
13204,0
13205,0
13207,1
13209,1
13213,1
13216,0
13217,1
13218,0
13220,0
13221,0
13224,0
13227,0
13229,0
13230,0
13235,1
13236,1
13237,1
13238,1
13239,0
13245,0
13248,0
13251,1
13255,0
13259,0
13260,0
13261,0
13266,0
13268,1
13270,0
13273,0
13275,1
13278,1
13281,1
13282,1
13283,1
13284,1
13285,0
13287,0
13290,0
13292,0
13294,1
13295,1
13296,0
13297,1
13299,1
13300,1
13309,0
13311,1
13312,1
13316,1
13319,1
13322,0
13323,1
13324,1
13325,1
13328,1
13329,0
13331,0
13332,0
13335,0
13336,1
13337,1
13345,0
13346,0
13349,0
13351,1
13352,1
13354,1
13355,1
13358,1
13360,1
13363,1
13364,1
13366,0
13370,1
13373,1
13374,0
13378,0
13381,0
13394,1
13395,1
13396,0
13399,1
13403,0
13405,1
13406,1
13409,0
13415,1
13419,1
13422,0
13423,0
13429,0
13431,0
13432,0
13433,1
13434,1
13435,1
13437,0
13441,1
13443,1
13446,1
13450,0
13451,0
13453,1
13458,1
13460,1
13464,0
13465,1
13470,1
13471,1
13473,1
13475,0
13478,0
13479,1
13480,0
13483,0
13484,0
13486,1
13491,1
13497,0
13503,1
13515,0
13517,1
13519,0
13524,0
13525,1
13526,1
13528,0
13530,0
13531,0
13532,1
13534,1
13536,1
13537,1
13541,1
13543,1
13547,0
13548,0
13550,1
13554,0
13556,1
13560,1
13562,1
13563,0
13564,0
13565,0
13568,1
13571,0
13574,0
13575,0
13576,0
13577,1
13579,0
13580,1
13582,1
13584,0
13590,0
13591,0
13592,1
13593,0
13597,0
13598,0
13604,0
13605,1
13606,0
13609,0
13610,1
13612,0
13614,0
13615,0
13617,0
13618,0
13621,1
13624,1
13625,1
13626,0
13628,0
13629,1
13630,0
13634,1
13640,0
13641,1
13643,1
13644,0
13645,1
13647,0
13652,0
13659,0
13660,1
13662,1
13664,0
13666,1
13671,1
13675,1
13679,0
13681,1
13686,1
13688,0
13689,0
13691,1
13692,1
13694,0
13696,1
13697,0
13704,0
13705,1
13706,0
13708,1
13709,0
13710,0
13715,0
13719,1
13721,0
13722,1
13723,0
13729,0
13734,1
13736,1
13737,1
13741,1
13742,0
13744,0
13747,1
13750,1
13756,0
13759,1
13760,0
13761,0
13762,0
13763,1
13768,0
13775,1
13776,1
13777,0
13778,0
13781,1
13782,0
13784,1
13785,1
13787,0
13789,1
13790,1
13791,0
13792,0
13793,1
13794,0
13795,1
13796,0
13797,1
13798,0
13801,0
13804,0
13807,0
13808,0
13811,0
13817,1
13819,0
13821,1
13822,0
13824,0
13825,1
13828,1
13830,1
13834,0
13835,1
13837,1
13838,1
13839,1
13840,1
13842,0
13843,0
13848,1
13850,0
13852,1
13855,1
13856,1
13858,1
13859,0
13860,1
13862,0
13867,1
13868,0
13869,1
13870,1
13872,1
13874,0
13876,1
13878,0
13882,0
13883,1
13884,0
13892,1
13897,0
13902,0
13907,0
13908,1
13911,1
13912,0
13913,0
13914,1
13915,1
13917,1
13919,0
13925,0
13929,1
13931,0
13933,0
13937,1
13944,1
13947,0
13948,0
13949,1
13950,0
13952,0
13960,0
13965,1
13966,1
13968,0
13969,1
13971,0
13972,0
13973,0
13977,0
13981,0
13985,1
13987,0
13990,1
13994,0
13996,0
13997,0
13998,0
14000,1
14001,0
14003,1
14004,0
14006,0
14010,0
14011,1
14012,1
14013,0
14015,0
14016,0
14017,0
14018,0
14020,1
14022,1
14028,1
14032,0
14033,1
14036,1
14037,0
14038,0
14042,1
14043,1
14044,1
14046,0
14047,0
14048,0
14049,1
14055,0
14057,1
14063,0
14065,1
14067,1
14069,1
14076,0
14077,1
14079,0
14081,0
14083,0
14084,0
14089,0
14093,0
14097,1
14098,1
14107,0
14109,0
14110,0
14112,0
14116,1
14122,0
14123,0
14126,0
14127,0
14129,0
14133,1
14134,1
14135,0
14138,0
14139,0
14149,1
14154,1
14155,1
14156,1
14157,1
14160,0
14162,0
14163,0
14165,0
14166,1
14170,0
14173,0
14175,0
14176,0
14177,0
14178,0
14179,0
14180,1
14181,0
14183,0
14185,0
14186,0
14187,0
14188,0
14189,1
14193,1
14198,1
14199,1
14200,0
14201,0
14203,0
14207,0
14214,1
14216,0
14218,0
14222,0
14223,1
14227,0
14228,0
14230,1
14232,1
14233,0
14236,0
14237,0
14243,0
14244,0
14245,1
14246,0
14247,0
14248,1
14257,1
14259,0
14262,0
14263,0
14267,0
14268,0
14269,0
14270,0
14275,0
14279,1
14280,0
14284,0
14287,0
14288,0
14291,1
14293,1
14296,0
14297,0
14298,0
14307,0
14309,1
14310,0
14315,0
14316,1
14317,1
14318,0
14323,1
14325,0
14326,0
14329,1
14330,0
14333,1
14351,0
14353,1
14354,1
14357,1
14361,0
14362,1
14363,0
14366,0
14367,0
14369,0
14372,0
14373,0
14374,1
14375,1
14376,1
14377,0
14378,0
14382,1
14383,0
14384,1
14385,0
14387,1
14390,0
14392,0
14394,0
14397,0
14399,1
14401,0
14402,0
14403,1
14404,0
14411,1
14414,0
14417,0
14420,0
14422,1
14423,0
14424,0
14427,0
14431,1
14432,1
14433,0
14434,0
14438,0
14442,0
14444,1
14447,1
14456,0
14459,1
14461,1
14462,0
14464,1
14467,0
14468,1
14484,0
14485,0
14487,0
14488,0
14489,0
14490,0
14491,0
14494,1
14495,0
14496,0
14500,1
14502,1
14503,1
14505,1
14507,0
14512,1
14514,0
14517,0
14518,0
14520,0
14521,1
14523,1
14524,0
14526,0
14528,0
14529,1
14535,0
14536,1
14537,0
14540,0
14545,0
14546,1
14547,1
14548,0
14549,0
14556,1
14558,1
14567,0
14569,1
14575,0
14576,1
14578,0
14580,1
14581,0
14590,0
14592,0
14593,1
14595,0
14597,1
14598,0
14603,0
14604,0
14605,1
14606,0
14608,0
14612,0
14615,1
14617,0
14618,1
14619,0
14620,1
14623,1
14624,0
14626,1
14629,0
14633,0
14634,0
14636,0
14640,1
14642,1
14645,1
14646,0
14649,1
14657,0
14658,1
14659,1
14662,0
14663,1
14665,0
14668,0
14672,0
14673,0
14676,0
14679,1
14683,1
14686,0
14689,0
14691,1
14692,1
14695,0
14696,1
14697,1
14701,0
14703,1
14709,0
14716,0
14717,1
14718,0
14721,1
14723,1
14731,1
14735,0
14741,0
14745,1
14747,0
14750,0
14751,0
14752,0
14755,1
14756,0
14759,0
14762,1
14763,0
14764,0
14765,1
14768,0
14770,0
14772,0
14773,1
14774,0
14775,1
14781,0
14783,0
14786,1
14788,0
14789,0
14793,1
14797,0
14798,1
14799,1
14805,0
14806,0
14808,1
14809,1
14810,0
14815,0
14819,0
14821,0
14822,0
14823,0
14824,1
14825,1
14830,0
14832,0
14833,0
14834,1
14835,1
14838,0
14842,1
14843,0
14845,0
14847,0
14849,0
14850,0
14852,0
14853,0
14855,0
14857,1
14865,0
14867,1
14868,0
14871,1
14877,0
14881,0
14883,0
14884,0
14886,0
14887,0
14889,0
14890,0
14892,1
14893,1
14895,0
14896,0
14909,1
14918,0
14921,1
14922,0
14926,1
14931,0
14936,1
14937,1
14938,1
14939,0
14942,1
14943,1
14946,1
14947,0
14948,1
14958,1
14962,0
14963,0
14964,0
14970,1
14975,0
14977,1
14982,0
14983,1
14992,1
14993,0
14994,1
15002,1
15003,1
15005,1
15006,1
15010,0
15014,0
15018,1
15020,1
15021,0
15023,1
15024,0
15031,1
15033,0
15034,0
15035,0
15036,0
15037,0
15038,1
15040,1
15041,0
15042,0
15044,1
15046,0
15049,0
15051,0
15054,0
15056,1
15057,0
15059,0
15060,1
15063,1
15064,1
15065,0
15068,0
15070,1
15071,1
15074,1
15075,0
15079,0
15081,0
15083,0
15084,0
15085,0
15086,0
15087,1
15089,0
15092,0
15097,0
15099,1
15100,0
15103,0
15104,0
15105,0
15106,0
15110,1
15111,1
15112,0
15113,1
15114,1
15119,1
15120,0
15121,1
15122,0
15125,1
15129,1
15135,1
15139,1
15145,1
15146,1
15147,1
15149,1
15150,0
15155,0
15156,1
15157,0
15163,0
15164,1
15165,0
15168,0
15170,1
15174,1
15181,0
15182,0
15184,0
15190,1
15194,1
15201,1
15202,0
15203,1
15206,1
15209,1
15210,1
15213,1
15214,1
15217,0
15222,1
15225,1
15227,1
15231,0
15237,0
15239,0
15240,1
15243,1
15244,0
15245,1
15248,0
15250,0
15255,0
15258,1
15265,1
15268,1
15269,0
15270,0
15271,0
15272,0
15275,0
15277,0
15279,0
15280,0
15284,0
15285,0
15290,0
15292,1
15293,1
15295,0
15296,0
15299,1
15301,1
15307,0
15308,0
15310,0
15317,1
15320,0
15321,0
15323,1
15326,1
15327,0
15328,1
15329,1
15330,0
15333,1
15334,1
15338,0
15341,0
15344,0
15347,0
15353,1
15356,0
15358,0
15359,1
15361,0
15362,0
15364,0
15367,1
15376,1
15378,0
15381,0
15382,0
15383,0
15384,0
15386,0
15387,1
15389,1
15390,1
15392,0
15395,0
15399,0
15400,0
15403,0
15407,0
15409,0
15412,1
15414,1
15415,1
15416,1
15418,0
15419,0
15420,1
15422,0
15424,0
15425,1
15426,0
15427,1
15431,1
15436,0
15437,0
15438,1
15442,0
15443,1
15444,1
15445,1
15446,1
15448,1
15449,0
15450,0
15455,1
15458,1
15459,0
15471,1
15473,1
15475,0
15476,0
15477,0
15479,0
15480,0
15481,1
15483,1
15485,1
15486,0
15487,0
15493,0
15502,1
15503,0
15504,1
15506,0
15509,1
15511,0
15512,1
15513,0
15514,0
15521,0
15525,0
15526,1
15527,0
15528,0
15529,0
15532,1
15534,1
15542,0
15550,1
15554,0
15557,0
15560,1
15563,1
15566,0
15568,0
15570,1
15573,0
15575,0
15577,0
15580,0
15582,0
15584,1
15585,0
15586,0
15589,1
15590,1
15592,0
15594,0
15595,1
15598,0
15600,0
15601,0
15602,1
15604,1
15607,1
15611,0
15626,1
15635,0
15638,1
15639,1
15641,1
15642,1
15643,0
15646,1
15647,1
15648,1
15649,1
15650,0
15651,0
15656,0
15660,1
15661,0
15663,1
15666,0
15667,0
15669,0
15673,0
15677,1
15681,0
15683,0
15686,0
15687,0
15690,0
15691,0
15694,0
15696,0
15698,1
15702,1
15703,0
15705,0
15707,1
15712,1
15713,1
15714,1
15717,0
15718,0
15721,1
15722,1
15724,1
15725,0
15727,1
15729,1
15730,0
15732,0
15733,0
15734,1
15736,1
15738,1
15739,1
15741,0
15743,0
15745,0
15746,0
15748,0
15749,0
15757,1
15759,1
15760,0
15767,0
15768,1
15769,0
15770,1
15771,0
15772,0
15774,1
15777,0
15785,1
15788,1
15793,1
15794,1
15795,0
15798,0
15799,1
15800,1
15805,0
15806,0
15809,1
15812,0
15813,0
15817,0
15818,1
15820,1
15826,0
15835,1
15845,0
15852,1
15853,0
15854,1
15856,0
15858,1
15862,0
15863,0
15866,0
15867,1
15868,1
15870,0
15879,0
15881,0
15882,1
15883,0
15884,0
15885,1
15888,1
15889,1
15892,0
15896,1
15901,1
15903,0
15905,0
15906,0
15910,0
15914,0
15915,0
15917,1
15918,0
15924,1
15925,0
15928,0
15934,1
15935,1
15937,0
15942,0
15943,1
15945,1
15949,1
15957,0
15958,1
15961,1
15965,0
15966,1
15967,1
15968,0
15969,0
15970,0
15971,0
15974,1
15975,1
15979,0
15986,0
15988,1
15990,0
15993,1
15995,1
15999,0
16001,1
16004,1
16005,0
16010,1
16011,0
16012,0
16014,1
16015,1
16016,1
16023,1
16027,0
16029,1
16030,0
16036,1
16037,1
16040,0
16044,1
16046,0
16048,1
16050,0
16053,1
16056,1
16057,1
16058,1
16060,0
16061,0
16062,1
16063,0
16066,0
16068,0
16071,1
16075,0
16079,0
16080,0
16083,1
16086,1
16088,1
16090,0
16099,0
16101,1
16105,0
16108,1
16109,0
16110,1
16114,0
16115,1
16119,1
16120,0
16121,0
16122,1
16123,0
16125,0
16126,0
16128,0
16131,0
16135,1
16136,1
16137,0
16138,1
16140,0
16141,0
16146,0
16148,1
16149,1
16150,1
16151,1
16154,1
16156,1
16157,1
16159,1
16160,0
16162,1
16166,0
16171,1
16173,1
16174,0
16175,0
16176,1
16179,0
16181,1
16183,1
16184,1
16186,0
16187,1
16188,0
16189,0
16191,0
16193,0
16196,1
16198,1
16199,0
16202,1
16204,0
16208,1
16209,1
16210,0
16211,0
16214,0
16215,1
16218,1
16224,0
16226,1
16229,1
16234,0
16235,1
16238,1
16249,0
16250,1
16253,1
16258,1
16262,1
16263,1
16265,0
16267,0
16268,1
16272,1
16273,1
16278,1
16279,0
16280,1
16282,1
16283,1
16284,0
16286,1
16287,0
16289,0
16290,0
16291,1
16295,1
16296,0
16300,0
16302,1
16303,1
16304,0
16305,0
16310,1
16312,1
16313,1
16314,0
16317,1
16318,1
16319,1
16320,1
16322,1
16324,0
16325,1
16326,0
16328,0
16330,1
16333,0
16335,1
16336,0
16337,1
16338,1
16340,0
16343,0
16344,1
16346,0
16348,0
16358,0
16365,1
16366,0
16370,0
16371,0
16377,1
16379,0
16380,0
16381,1
16383,1
16384,1
16385,1
16386,1
16387,0
16388,1
16392,1
16393,1
16396,0
16398,1
16400,0
16403,1
16405,0
16407,1
16412,0
16415,0
16418,0
16419,0
16422,0
16426,1
16429,1
16431,1
16432,1
16438,0
16440,1
16441,0
16444,0
16445,1
16447,0
16448,1
16449,0
16450,1
16451,0
16452,1
16455,1
16458,1
16460,1
16461,0
16463,0
16472,0
16473,1
16474,1
16475,1
16478,1
16481,0
16482,0
16483,0
16485,0
16486,0
16488,1
16492,1
16493,1
16497,1
16498,1
16499,1
16501,1
16504,0
16507,0
16510,0
16511,1
16512,1
16516,1
16518,1
16520,0
16524,0
16527,1
16529,1
16531,1
16532,1
16535,1
16536,0
16537,0
16538,0
16540,1
16541,0
16543,0
16546,1
16547,1
16549,0
16550,0
16553,0
16554,0
16559,0
16560,1
16561,1
16562,1
16564,0
16568,1
16569,1
16570,0
16573,0
16575,0
16577,1
16578,0
16582,1
16583,1
16584,1
16590,0
16594,0
16595,1
16598,1
16599,0
16603,1
16606,0
16612,0
16614,1
16616,1
16618,0
16620,0
16622,1
16624,1
16626,0
16627,0
16628,1
16634,0
16636,0
16641,1
16642,1
16643,0
16644,1
16646,1
16656,1
16657,1
16661,0
16665,1
16666,1
16668,1
16669,1
16672,1
16680,0
16681,1
16682,1
16683,1
16686,0
16687,0
16690,1
16691,1
16692,1
16693,1
16694,1
16695,0
16697,1
16699,1
16701,0
16703,1
16709,0
16711,0
16712,1
16714,0
16715,0
16716,0
16717,1
16718,0
16719,0
16722,0
16733,0
16734,1
16735,1
16736,1
16737,0
16739,1
16741,1
16742,1
16745,1
16748,0
16752,0
16753,1
16755,1
16756,1
16758,0
16759,1
16762,0
16763,0
16764,0
16767,1
16769,0
16772,1
16778,1
16779,0
16780,0
16782,1
16784,1
16788,0
16791,1
16796,1
16797,1
16799,1
16800,1
16805,1
16807,1
16808,0
16811,1
16815,0
16820,1
16823,0
16824,0
16826,1
16828,0
16831,0
16835,0
16837,0
16839,1
16842,0
16845,0
16851,0
16854,0
16857,1
16861,0
16863,0
16867,1
16869,1
16871,1
16872,0
16874,1
16875,0
16878,1
16879,1
16880,1
16883,0
16886,1
16887,0
16891,1
16892,0
16895,0
16896,0
16897,0
16899,0
16901,1
16902,0
16906,0
16911,1
16919,0
16920,0
16926,1
16927,1
16929,0
16930,1
16932,0
16933,1
16934,0
16937,0
16938,1
16940,1
16942,0
16945,0
16946,0
16948,1
16952,0
16959,1
16963,0
16964,1
16965,1
16967,0
16977,1
16979,0
16985,0
16990,1
16992,1
16993,0
16994,0
16996,1
17001,1
17002,0
17004,1
17005,1
17006,1
17008,0
17016,1
17020,0
17021,0
17022,0
17023,0
17025,1
17027,0
17031,1
17032,1
17038,0
17039,1
17043,0
17044,0
17045,0
17047,0
17048,0
17049,1
17051,1
17055,0
17056,1
17057,1
17058,0
17061,1
17062,1
17066,0
17068,1
17069,0
17072,1
17073,0
17075,0
17080,1
17081,1
17082,0
17084,1
17088,0
17089,0
17092,1
17094,1
17095,1
17096,0
17101,1
17102,0
17104,1
17107,0
17108,1
17109,0
17110,1
17115,0
17116,0
17118,1
17119,1
17122,1
17123,0
17128,1
17129,0
17130,0
17131,0
17134,1
17136,1
17137,1
17138,0
17142,1
17147,1
17148,1
17149,0
17150,0
17151,0
17152,1
17154,0
17155,0
17156,0
17159,1
17161,0
17162,1
17166,0
17167,0
17169,1
17172,0
17174,0
17176,0
17177,1
17180,1
17187,1
17188,1
17191,1
17194,1
17195,1
17197,0
17198,0
17199,1
17209,0
17211,1
17214,1
17215,0
17218,1
17219,1
17222,1
17223,0
17224,1
17229,0
17232,1
17236,1
17237,0
17240,1
17242,1
17245,1
17246,0
17248,0
17249,1
17253,0
17256,1
17258,1
17261,0
17262,1
17264,0
17266,0
17268,1
17269,0
17272,1
17275,0
17278,0
17281,1
17284,0
17287,1
17288,1
17289,1
17290,0
17291,0
17293,0
17296,1
17297,1
17299,0
17301,0
17302,1
17306,0
17307,1
17308,1
17310,1
17314,0
17315,1
17316,0
17321,1
17323,1
17325,1
17333,1
17336,1
17339,1
17341,0
17343,0
17345,1
17346,1
17348,1
17349,1
17352,1
17363,1
17364,1
17371,1
17377,1
17379,1
17380,0
17389,1
17391,1
17395,1
17396,1
17397,1
17399,0
17400,0
17401,0
17403,1
17404,1
17411,0
17418,1
17419,0
17420,0
17422,1
17423,0
17427,1
17428,1
17429,1
17431,1
17433,1
17434,1
17435,1
17442,0
17446,1
17460,1
17461,1
17462,1
17465,0
17466,1
17467,1
17468,1
17476,1
17478,0
17479,0
17482,1
17490,1
17492,0
17493,0
17495,0
17496,0
17498,0
17499,0
17500,1
17502,1
17503,0
17505,0
17506,1
17508,0
17509,1
17510,1
17514,0
17516,1
17518,0
17523,0
17524,0
17527,0
17529,0
17531,0
17533,0
17535,0
17537,0
17540,0
17545,0
17548,0
17550,0
17551,0
17556,0
17560,1
17563,1
17566,1
17570,1
17572,1
17578,0
17580,1
17584,0
17586,0
17589,1
17590,1
17591,0
17592,1
17598,1
17600,0
17605,0
17611,0
17612,1
17617,0
17618,0
17619,0
17621,0
17626,1
17627,1
17632,0
17633,1
17634,1
17635,0
17640,1
17642,1
17643,0
17650,1
17652,1
17653,0
17654,0
17656,1
17657,1
17660,1
17663,0
17667,0
17670,0
17673,0
17680,0
17682,1
17683,0
17685,0
17687,0
17688,0
17690,1
17691,1
17693,0
17699,0
17701,1
17703,1
17704,1
17705,0
17709,1
17710,1
17713,0
17714,0
17715,0
17720,0
17724,1
17726,1
17727,1
17729,0
17736,0
17737,0
17738,0
17741,1
17742,0
17743,1
17746,1
17747,0
17749,1
17751,0
17757,0
17760,0
17761,1
17766,1
17769,0
17770,1
17771,1
17773,1
17775,1
17776,0
17779,0
17781,0
17782,1
17784,1
17789,0
17795,1
17797,0
17799,0
17803,1
17804,0
17806,1
17809,1
17812,0
17813,1
17816,0
17817,1
17818,0
17819,1
17820,1
17821,0
17828,1
17829,0
17833,1
17834,1
17837,0
17839,1
17841,0
17843,0
17849,0
17850,1
17852,0
17854,0
17855,1
17857,1
17863,1
17867,1
17869,0
17870,1
17872,0
17879,0
17881,1
17884,1
17887,1
17888,1
17889,1
17892,1
17893,0
17894,1
17899,0
17905,1
17906,1
17908,1
17909,0
17910,0
17911,0
17915,0
17925,0
17931,0
17933,0
17934,0
17936,1
17940,1
17941,0
17944,0
17945,0
17948,1
17952,1
17960,0
17964,0
17970,0
17971,0
17973,0
17978,1
17981,1
17984,1
17985,0
17986,1
17987,0
17990,0
17994,0
17995,0
18000,1
18001,1
18002,0
18005,0
18007,0
18008,1
18010,1
18013,1
18014,1
18016,0
18017,0
18018,1
18026,1
18027,0
18028,1
18031,1
18035,1
18036,0
18038,1
18045,1
18046,0
18047,1
18049,0
18050,1
18051,0
18054,1
18057,1
18058,0
18059,1
18061,1
18062,0
18067,1
18068,0
18070,1
18075,1
18078,1
18079,1
18080,1
18081,0
18086,1
18087,0
18088,1
18092,0
18102,0
18103,1
18105,1
18106,0
18107,1
18109,1
18116,1
18117,0
18118,1
18124,1
18125,0
18127,1
18128,0
18130,0
18131,1
18136,0
18137,0
18138,0
18140,0
18143,0
18149,1
18151,0
18152,0
18153,0
18156,1
18157,0
18158,1
18160,1
18161,1
18162,0
18164,0
18165,1
18166,1
18167,0
18168,0
18170,1
18172,1
18177,0
18178,1
18180,1
18187,1
18188,1
18191,1
18192,1
18193,1
18194,1
18202,1
18204,1
18205,0
18207,0
18208,0
18210,0
18216,0
18218,1
18220,1
18229,1
18233,1
18234,1
18242,0
18243,1
18244,1
18250,0
18251,0
18259,1
18262,1
18267,1
18269,1
18270,0
18273,1
18274,0
18276,0
18280,0
18281,1
18285,1
18287,0
18288,1
18290,0
18292,0
18298,0
18301,1
18304,0
18315,1
18317,1
18321,0
18326,1
18329,0
18334,1
18335,1
18336,0
18339,1
18346,1
18347,1
18348,0
18349,0
18350,1
18352,0
18354,0
18357,1
18359,1
18362,1
18363,1
18364,0
18365,1
18370,0
18379,0
18380,1
18386,0
18387,0
18389,1
18390,0
18393,0
18396,1
18397,0
18399,1
18401,0
18404,1
18412,1
18413,1
18414,0
18417,0
18418,1
18426,0
18435,0
18437,0
18438,1
18440,0
18441,1
18445,0
18446,0
18451,1
18456,0
18458,0
18461,1
18462,0
18463,1
18464,0
18467,1
18472,1
18475,1
18477,1
18483,0
18484,1
18488,1
18490,0
18492,1
18496,0
18498,0
18499,1
18501,1
18502,0
18506,0
18509,0
18510,0
18511,0
18512,1
18513,0
18518,0
18524,0
18526,1
18529,0
18532,1
18533,0
18534,0
18535,0
18536,0
18537,1
18538,1
18543,1
18545,0
18548,1
18550,0
18551,1
18552,1
18554,1
18556,0
18557,0
18558,1
18560,0
18561,1
18562,0
18569,0
18571,0
18572,0
18579,0
18582,0
18583,1
18584,0
18586,1
18587,0
18588,1
18594,0
18596,1
18598,1
18599,0
18600,1
18601,0
18606,1
18607,1
18609,1
18610,1
18611,0
18614,0
18621,1
18627,1
18630,1
18632,1
18633,0
18635,0
18636,0
18637,0
18639,1
18642,1
18644,0
18647,1
18648,1
18651,0
18653,1
18654,1
18658,1
18664,1
18665,1
18667,0
18668,0
18669,1
18670,0
18675,0
18676,1
18679,1
18680,1
18688,0
18689,1
18691,1
18692,1
18693,1
18695,1
18696,0
18698,1
18703,0
18704,1
18705,0
18711,1
18713,0
18717,1
18720,0
18724,0
18726,0
18728,1
18730,1
18731,1
18733,1
18737,1
18746,0
18747,1
18749,0
18750,0
18753,0
18754,1
18755,0
18758,0
18759,1
18760,0
18762,0
18763,0
18764,1
18765,1
18767,1
18769,1
18770,0
18774,1
18777,0
18782,1
18785,0
18786,0
18788,0
18789,0
18791,0
18792,0
18801,0
18804,0
18812,1
18813,1
18814,0
18819,0
18821,0
18824,1
18830,1
18832,1
18844,1
18854,0
18855,0
18856,0
18858,1
18864,0
18865,0
18866,0
18867,1
18868,1
18869,1
18870,1
18871,0
18873,0
18875,0
18877,1
18879,1
18881,1
18883,1
18884,0
18887,0
18889,1
18890,0
18896,1
18904,0
18906,0
18908,0
18909,0
18912,1
18919,1
18920,0
18922,1
18923,0
18925,1
18930,1
18934,1
18935,0
18938,0
18941,0
18943,0
18947,0
18949,1
18950,0
18958,0
18964,1
18966,0
18970,1
18974,1
18976,0
18977,0
18978,0
18983,1
18989,0
18994,1
18995,0
18996,0
19000,1
19002,1
19004,0
19005,0
19007,0
19008,0
19014,0
19015,0
19024,1
19027,0
19028,0
19030,1
19032,0
19035,1
19036,1
19042,1
19043,1
19044,1
19046,1
19047,1
19053,0
19054,1
19057,1
19059,0
19062,0
19063,0
19064,0
19066,0
19069,0
19073,1
19075,1
19077,1
19078,0
19079,0
19080,0
19084,1
19085,0
19086,1
19089,0
19094,0
19097,0
19098,1
19102,1
19106,0
19109,0
19113,1
19115,0
19117,0
19120,0
19121,1
19124,0
19126,0
19129,1
19134,1
19141,0
19143,0
19144,0
19147,1
19149,0
19153,1
19156,1
19157,1
19158,0
19159,0
19163,0
19166,0
19167,1
19169,0
19170,0
19171,0
19179,1
19181,1
19188,1
19191,0
19192,0
19193,1
19194,1
19196,1
19197,1
19198,0
19202,1
19205,1
19206,0
19207,1
19209,1
19210,0
19213,1
19215,0
19216,1
19217,1
19225,1
19227,1
19228,0
19229,0
19230,1
19231,0
19232,1
19236,0
19240,1
19244,1
19246,1
19249,0
19250,0
19251,1
19252,0
19256,0
19260,1
19263,0
19265,1
19267,0
19268,0
19270,0
19276,0
19277,0
19279,1
19281,0
19285,0
19287,1
19291,1
19292,1
19293,1
19295,0
19298,1
19299,1
19301,0
19302,0
19305,1
19308,0
19309,0
19310,0
19316,1
19317,0
19324,1
19325,0
19327,1
19328,1
19329,1
19330,0
19334,0
19337,1
19339,0
19340,0
19341,1
19345,0
19350,1
19353,1
19354,1
19357,1
19359,1
19361,0
19362,0
19364,0
19365,0
19370,1
19372,0
19373,1
19375,0
19377,1
19378,1
19380,1
19383,1
19384,0
19387,0
19388,0
19389,1
19390,0
19391,1
19392,0
19395,1
19396,0
19397,1
19399,1
19404,1
19407,1
19411,0
19415,1
19416,0
19417,0
19418,1
19420,1
19421,0
19422,0
19423,1
19424,0
19426,1
19427,1
19428,0
19429,0
19434,0
19440,0
19446,0
19447,0
19450,1
19452,0
19456,1
19459,1
19462,0
19463,0
19465,0
19467,0
19468,1
19471,0
19472,1
19475,1
19477,1
19480,0
19482,1
19491,0
19493,1
19496,1
19498,0
19499,0
19501,0
19506,0
19507,0
19513,1
19514,0
19515,0
19517,0
19524,1
19530,1
19539,0
19540,0
19543,0
19544,0
19545,1
19546,0
19547,1
19550,1
19551,1
19552,0
19556,1
19557,0
19560,1
19561,1
19564,0
19568,1
19573,1
19574,0
19576,1
19579,1
19590,0
19593,1
19594,1
19600,0
19607,0
19610,1
19616,0
19619,1
19620,0
19626,0
19628,0
19635,1
19638,1
19639,0
19645,1
19646,1
19648,0
19649,0
19652,0
19653,1
19656,0
19660,0
19668,1
19669,0
19670,0
19673,1
19676,0
19678,0
19684,0
19685,0
19688,0
19694,0
19695,1
19699,0
19700,1
19701,1
19703,1
19707,0
19708,0
19715,1
19716,0
19721,0
19722,0
19727,0
19728,1
19729,1
19730,1
19731,0
19734,0
19736,1
19738,0
19745,1
19748,1
19752,1
19753,1
19754,0
19755,0
19760,1
19766,0
19769,0
19771,0
19772,1
19773,1
19776,0
19779,1
19780,0
19782,0
19784,1
19788,0
19791,0
19793,1
19794,0
19797,0
19798,1
19800,0
19802,0
19805,0
19806,0
19807,1
19810,1
19811,1
19813,1
19814,0
19818,1
19820,0
19823,1
19824,0
19827,1
19834,0
19840,1
19842,0
19846,0
19847,1
19849,0
19850,0
19851,1
19852,0
19853,1
19862,0
19863,0
19867,0
19868,1
19871,0
19872,0
19879,0
19883,0
19894,0
19895,0
19897,1
19902,1
19907,0
19908,0
19909,1
19911,1
19912,0
19914,0
19916,0
19918,0
19919,0
19920,0
19923,0
19924,1
19926,0
19927,0
19932,0
19933,0
19935,0
19937,1
19938,1
19939,1
19942,1
19947,0
19948,0
19952,0
19957,1
19958,1
19961,0
19962,1
19968,0
19971,1
19973,1
19977,0
19981,1
19982,0
19984,0
19987,0
19992,0
19993,0
19994,0
19995,0
20003,1
20006,0
20007,1
20008,0
20010,0
20014,1
20017,0
20018,0
20020,1
20021,1
20023,0
20024,1
20025,0
20026,0
20028,0
20029,0
20032,0
20033,0
20038,0
20043,0
20046,0
20047,0
20048,0
20049,0
20054,1
20055,1
20058,1
20059,1
20062,0
20063,1
20067,0
20068,0
20071,0
20075,0
20076,1
20078,0
20083,0
20085,0
20087,0
20093,1
20094,1
20095,0
20098,1
20102,1
20106,1
20108,0
20109,0
20113,1
20114,1
20116,1
20117,0
20119,1
20130,0
20132,1
20133,0
20134,0
20136,1
20140,0
20144,0
20147,0
20156,0
20157,1
20159,1
20165,1
20167,0
20169,1
20170,1
20171,1
20173,0
20174,0
20176,1
20178,1
20179,1
20180,1
20185,1
20189,0
20190,0
20196,1
20198,1
20199,1
20200,1
20203,1
20204,0
20205,1
20210,1
20216,0
20221,1
20229,1
20231,0
20234,1
20240,0
20241,1
20244,1
20245,0
20247,1
20255,1
20258,0
20259,1
20260,1
20262,0
20265,0
20266,0
20267,1
20269,0
20272,0
20273,0
20274,0
20275,1
20281,0
20289,1
20291,1
20292,1
20294,0
20297,1
20299,1
20302,0
20305,0
20308,0
20315,0
20316,0
20318,0
20320,0
20324,1
20325,1
20326,1
20327,0
20328,0
20329,1
20333,0
20335,0
20337,1
20340,1
20341,1
20342,1
20346,1
20348,1
20352,0
20354,1
20356,1
20357,0
20358,0
20360,0
20362,1
20363,0
20367,0
20368,1
20371,0
20373,1
20374,0
20377,1
20378,1
20379,0
20380,0
20382,1
20384,0
20390,1
20391,1
20392,0
20394,0
20398,0
20402,0
20407,1
20412,0
20414,0
20418,1
20419,1
20420,1
20421,0
20422,1
20430,1
20432,0
20434,0
20441,0
20442,0
20445,0
20446,0
20447,1
20449,1
20451,0
20455,0
20456,0
20460,1
20464,0
20465,0
20466,1
20468,1
20470,0
20475,1
20476,1
20478,1
20480,1
20481,0
20484,1
20489,0
20490,0
20494,0
20495,1
20498,1
20502,1
20510,1
20512,1
20516,0
20519,0
20522,0
20523,1
20526,1
20529,1
20531,1
20532,0
20533,1
20541,0
20545,1
20550,1
20554,0
20555,1
20561,0
20566,0
20568,0
20569,1
20571,1
20581,1
20582,1
20583,1
20590,0
20591,0
20592,0
20594,1
20595,1
20596,0
20600,1
20601,0
20603,1
20612,1
20616,0
20619,1
20622,0
20624,1
20631,0
20632,0
20641,0
20642,1
20644,1
20648,1
20654,0
20655,1
20658,0
20662,1
20663,1
20664,0
20667,1
20669,0
20672,1
20676,0
20678,0
20681,0
20686,0
20689,0
20691,1
20697,1
20699,1
20702,0
20703,1
20709,0
20715,1
20716,1
20723,0
20726,0
20738,0
20740,1
20741,1
20742,1
20746,0
20747,0
20748,0
20749,0
20750,0
20752,0
20754,1
20756,1
20759,1
20761,0
20762,0
20763,0
20774,1
20775,0
20781,0
20783,1
20790,1
20795,1
20799,0
20800,0
20802,0
20803,1
20805,1
20811,0
20812,0
20814,1
20817,1
20818,1
20819,1
20821,1
20822,0
20823,1
20826,1
20827,0
20830,0
20832,0
20835,1
20838,0
20841,0
20843,0
20845,1
20846,1
20847,0
20849,1
20853,1
20860,1
20861,1
20863,0
20865,0
20866,1
20868,1
20872,1
20873,1
20878,1
20879,0
20880,0
20882,0
20886,0
20891,0
20892,1
20900,0
20901,0
20902,0
20905,1
20906,1
20908,1
20910,0
20913,1
20915,0
20919,0
20921,0
20924,1
20926,1
20928,1
20930,0
20932,0
20933,0
20935,1
20936,0
20939,1
20940,0
20942,1
20945,0
20947,1
20949,0
20950,0
20953,1
20955,1
20958,0
20963,1
20964,0
20965,1
20973,1
20974,0
20979,1
20983,1
20984,1
20988,1
20989,1
20991,1
20995,1
20996,0
21000,1
21002,1
21004,0
21005,0
21006,0
21012,1
21014,1
21015,0
21016,1
21028,1
21034,1
21036,1
21037,0
21038,1
21042,0
21043,0
21046,0
21049,1
21055,1
21059,0
21062,0
21066,0
21068,0
21075,1
21077,0
21082,0
21083,1
21085,1
21086,1
21087,0
21088,1
21090,1
21100,0
21102,0
21105,1
21115,0
21124,1
21129,1
21132,0
21135,1
21139,1
21140,1
21142,0
21145,1
21148,1
21151,1
21155,0
21159,0
21160,1
21161,0
21162,0
21168,1
21169,0
21171,1
21174,0
21175,1
21177,1
21178,1
21180,0
21182,1
21183,0
21184,0
21185,1
21188,0
21191,0
21192,0
21193,1
21195,0
21196,1
21198,0
21199,1
21200,1
21206,1
21208,0
21213,0
21215,1
21217,1
21219,1
21220,0
21223,0
21228,1
21231,0
21237,1
21239,0
21242,0
21244,0
21250,1
21257,0
21258,0
21261,1
21267,0
21270,1
21271,1
21272,1
21274,0
21284,1
21286,1
21287,0
21288,1
21289,0
21293,0
21294,0
21298,1
21299,1
21302,0
21306,0
21307,1
21315,1
21316,0
21320,0
21321,1
21322,1
21326,1
21328,1
21331,1
21335,1
21338,0
21340,1
21344,0
21345,1
21347,1
21349,1
21351,1
21353,1
21355,1
21356,1
21358,0
21359,0
21361,0
21364,1
21367,1
21368,1
21372,1
21373,1
21376,1
21377,0
21378,0
21380,1
21382,1
21384,0
21385,0
21387,1
21389,0
21391,0
21392,0
21395,1
21398,0
21402,0
21403,0
21405,0
21406,1
21407,0
21410,1
21416,1
21417,0
21424,0
21426,0
21428,1
21429,0
21432,0
21433,0
21434,0
21437,0
21441,1
21443,1
21444,1
21446,1
21454,0
21455,1
21456,1
21457,0
21459,0
21460,1
21461,0
21462,0
21463,1
21465,0
21466,1
21467,1
21468,1
21469,1
21471,0
21477,0
21478,1
21480,1
21481,1
21486,1
21489,1
21490,0
21498,0
21500,0
21502,1
21505,0
21508,1
21509,0
21512,1
21515,0
21519,1
21520,0
21525,0
21526,0
21531,0
21536,0
21538,1
21541,0
21543,1
21544,1
21549,0
21550,0
21554,1
21555,1
21556,1
21558,1
21559,0
21562,1
21563,0
21567,1
21569,0
21571,0
21572,1
21575,1
21578,0
21580,1
21581,1
21582,0
21585,1
21588,0
21591,1
21592,0
21594,1
21596,1
21597,1
21598,1
21600,1
21601,0
21602,0
21605,0
21606,1
21607,1
21608,1
21609,0
21611,1
21613,1
21614,0
21616,0
21618,1
21620,1
21621,1
21622,1
21624,1
21626,0
21629,1
21632,0
21633,1
21634,1
21640,0
21641,0
21642,0
21644,0
21647,0
21648,0
21650,1
21652,1
21653,1
21657,0
21662,1
21667,0
21672,0
21673,0
21675,1
21677,0
21678,0
21680,0
21681,1
21682,0
21683,1
21685,0
21690,1
21699,0
21704,0
21705,0
21708,1
21710,1
21711,1
21713,0
21717,1
21723,0
21727,0
21738,1
21739,1
21740,0
21742,0
21743,0
21745,1
21747,0
21748,0
21756,1
21757,0
21758,1
21760,0
21761,0
21762,0
21764,0
21769,1
21773,1
21774,1
21778,1
21781,1
21782,1
21783,0
21784,0
21788,1
21791,1
21792,1
21795,0
21796,1
21797,1
21798,0
21799,0
21801,0
21803,1
21805,0
21806,0
21811,0
21812,1
21813,1
21818,1
21821,0
21823,0
21824,0
21825,1
21830,0
21833,0
21835,1
21838,1
21842,0
21843,1
21845,1
21846,0
21847,0
21848,1
21849,1
21850,1
21851,1
21852,1
21855,1
21857,0
21864,1
21865,0
21867,1
21868,0
21869,0
21879,1
21884,1
21885,1
21886,0
21887,0
21888,1
21892,0
21894,0
21896,0
21897,1
21898,0
21900,0
21901,1
21902,0
21903,0
21905,0
21907,1
21908,1
21910,0
21911,1
21913,1
21917,1
21921,0
21922,1
21924,1
21927,0
21929,1
21932,1
21940,1
21944,1
21947,1
21949,0
21950,1
21955,0
21958,0
21963,1
21966,1
21969,1
21972,1
21975,0
21977,0
21979,1
21981,1
21984,0
21987,1
21988,1
21991,1
21993,1
21995,1
21997,1
22001,0
22002,0
22003,0
22004,0
22009,0
22012,0
22014,0
22015,0
22016,0
22019,0
22020,0
22022,1
22025,1
22030,1
22031,0
22034,1
22038,0
22040,1
22044,0
22046,1
22048,1
22049,0
22050,1
22053,0
22055,1
22056,1
22059,1
22062,0
22065,1
22073,0
22074,1
22076,1
22085,0
22090,0
22091,1
22092,0
22093,0
22095,0
22098,1
22099,1
22100,0
22102,0
22103,1
22107,1
22108,1
22109,1
22115,0
22121,1
22122,0
22124,1
22127,1
22132,1
22133,0
22135,0
22138,0
22142,0
22143,0
22145,1
22150,1
22151,1
22154,1
22161,0
22166,1
22167,0
22169,0
22171,0
22173,0
22175,0
22176,0
22179,0
22181,0
22184,1
22185,0
22187,0
22188,0
22189,1
22190,1
22192,0
22195,0
22196,1
22202,0
22203,0
22205,1
22206,1
22210,1
22211,1
22212,0
22213,1
22216,1
22219,1
22220,0
22221,0
22224,0
22225,0
22226,0
22227,1
22229,0
22230,1
22233,0
22236,1
22237,1
22238,1
22247,0
22248,0
22254,1
22260,1
22266,0
22267,0
22269,0
22271,0
22272,0
22279,1
22280,0
22286,1
22289,0
22290,1
22292,1
22296,1
22300,1
22302,0
22306,1
22308,0
22310,1
22311,1
22313,0
22315,0
22320,1
22321,0
22322,1
22328,1
22330,0
22331,0
22333,0
22337,1
22339,0
22340,0
22343,0
22351,0
22355,0
22357,0
22358,0
22362,1
22363,0
22364,1
22365,0
22366,0
22369,0
22375,0
22376,0
22384,1
22385,1
22392,0
22393,1
22395,1
22396,0
22398,0
22399,0
22400,1
22402,0
22403,0
22405,1
22406,1
22407,0
22411,1
22413,0
22416,1
22418,0
22425,0
22427,1
22432,0
22443,0
22446,0
22452,0
22454,1
22455,1
22456,1
22457,0
22459,0
22462,1
22463,0
22465,0
22468,0
22469,0
22471,1
22474,0
22475,1
22478,0
22479,1
22486,0
22488,0
22491,0
22496,1
22497,1
22498,1
22502,1
22504,0
22505,1
22506,0
22511,0
22512,0
22515,0
22520,1
22526,1
22527,1
22530,0
22531,1
22532,0
22535,0
22537,0
22538,0
22539,1
22544,0
22545,1
22548,0
22552,1
22555,0
22556,1
22560,1
22565,1
22568,1
22571,1
22572,0
22574,0
22575,1
22580,0
22581,0
22583,1
22584,0
22585,1
22586,0
22588,1
22589,1
22591,0
22594,1
22595,0
22596,0
22599,1
22601,1
22603,1
22616,1
22620,1
22621,1
22622,1
22623,1
22624,0
22626,1
22628,1
22631,0
22632,0
22634,0
22635,0
22637,0
22639,1
22644,0
22647,0
22648,1
22649,1
22651,1
22652,1
22654,1
22665,0
22666,0
22670,1
22678,0
22684,1
22685,1
22687,0
22688,1
22690,0
22691,1
22692,0
22702,0
22704,0
22705,1
22706,0
22707,0
22710,0
22713,0
22718,0
22719,1
22722,0
22725,1
22726,0
22727,1
22728,0
22732,0
22739,0
22740,0
22742,0
22743,0
22745,0
22746,0
22748,1
22750,1
22752,1
22754,1
22755,0
22757,1
22758,1
22760,1
22761,1
22764,1
22767,1
22769,1
22770,0
22775,1
22783,0
22784,1
22790,1
22791,1
22800,1
22802,1
22804,0
22805,0
22809,0
22812,0
22814,1
22816,1
22818,0
22821,1
22825,1
22829,1
22832,1
22835,0
22838,0
22839,1
22840,0
22842,0
22843,0
22844,0
22846,0
22854,1
22855,0
22857,0
22858,0
22859,0
22861,0
22862,1
22863,1
22866,0
22870,1
22871,0
22875,0
22876,1
22878,0
22880,0
22883,1
22884,1
22885,0
22890,1
22893,0
22894,0
22896,0
22897,1
22898,1
22900,0
22901,0
22902,0
22907,0
22912,1
22918,0
22919,0
22920,0
22921,0
22923,1
22924,0
22925,0
22926,0
22928,0
22932,1
22933,0
22936,1
22937,0
22938,1
22939,1
22942,0
22945,1
22949,0
22952,0
22958,1
22959,1
22964,1
22966,1
22970,0
22974,0
22977,1
22983,0
22985,0
22992,1
22994,0
22999,0
23001,0
23003,0
23009,0
23016,0
23020,1
23022,0
23029,1
23030,0
23033,0
23035,0
23038,0
23039,0
23041,0
23042,0
23044,0
23050,0
23062,1
23063,1
23070,1
23073,0
23075,0
23077,1
23078,0
23079,0
23081,1
23083,1
23090,1
23091,1
23094,0
23100,0
23103,1
23106,0
23107,0
23109,1
23110,0
23114,1
23115,1
23116,1
23117,0
23119,0
23120,1
23121,1
23122,0
23126,0
23129,1
23132,1
23135,1
23146,0
23151,0
23152,1
23154,0
23156,1
23158,0
23160,1
23165,1
23169,1
23170,1
23172,1
23173,0
23174,0
23176,1
23177,0
23180,0
23187,1
23193,0
23198,1
23202,0
23204,0
23207,1
23208,0
23211,0
23214,0
23218,0
23221,1
23225,1
23226,0
23227,1
23228,1
23229,0
23235,0
23236,1
23240,0
23241,0
23242,1
23246,0
23247,1
23248,0
23260,0
23261,1
23263,0
23264,1
23270,0
23271,1
23272,0
23273,0
23275,1
23276,1
23277,0
23278,1
23283,1
23284,0
23288,1
23293,0
23295,1
23298,0
23299,1
23308,1
23312,0
23314,0
23315,0
23316,1
23319,0
23323,0
23328,1
23329,1
23333,1
23334,1
23335,0
23337,0
23340,1
23344,0
23346,0
23350,0
23353,1
23354,0
23358,1
23359,0
23364,1
23369,0
23373,1
23376,0
23377,1
23378,1
23381,0
23382,1
23385,1
23391,0
23396,0
23397,0
23399,1
23400,0
23401,0
23403,0
23404,0
23406,1
23407,1
23410,1
23411,1
23413,1
23415,0
23419,0
23420,1
23423,0
23426,1
23427,1
23429,1
23434,0
23439,1
23442,1
23443,0
23448,1
23449,1
23453,1
23454,1
23458,1
23460,0
23462,0
23463,0
23466,1
23470,1
23473,1
23475,1
23477,1
23480,0
23481,0
23484,1
23486,0
23488,1
23496,1
23500,0
23504,0
23505,1
23506,1
23507,0
23510,1
23515,0
23516,0
23519,1
23528,1
23529,0
23530,0
23532,0
23534,0
23538,0
23539,0
23541,1
23542,1
23545,0
23547,0
23548,1
23549,0
23550,0
23551,1
23557,0
23559,1
23561,0
23564,1
23565,1
23567,0
23568,0
23569,0
23570,1
23571,1
23572,0
23573,1
23576,1
23577,0
23578,0
23579,1
23584,0
23585,1
23586,1
23589,0
23593,0
23596,1
23597,0
23600,0
23605,1
23606,0
23609,0
23610,1
23612,0
23614,0
23615,1
23616,1
23620,0
23621,1
23624,1
23625,0
23626,0
23628,0
23629,1
23633,1
23645,0
23647,0
23648,1
23651,0
23656,0
23657,1
23658,0
23662,0
23663,0
23664,1
23672,0
23674,1
23676,1
23677,0
23678,1
23679,0
23680,1
23681,1
23682,0
23683,0
23688,0
23692,0
23694,0
23695,1
23696,1
23698,1
23704,0
23708,0
23710,0
23713,1
23714,1
23715,1
23718,1
23724,0
23725,1
23729,0
23730,0
23733,1
23736,0
23737,0
23740,1
23743,0
23748,1
23751,1
23752,0
23759,1
23762,0
23764,1
23768,1
23769,1
23773,0
23776,1
23780,0
23784,1
23786,1
23787,1
23790,0
23791,0
23792,0
23795,1
23796,1
23797,1
23803,0
23805,0
23806,0
23807,0
23813,0
23818,1
23819,0
23825,1
23827,0
23828,1
23829,1
23833,1
23834,1
23836,0
23843,0
23849,1
23850,0
23851,0
23855,1
23856,1
23861,1
23871,0
23872,1
23873,1
23880,0
23881,1
23882,0
23883,1
23885,0
23895,1
23897,1
23898,1
23900,1
23901,0
23902,0
23904,0
23905,1
23912,1
23913,0
23914,0
23917,1
23922,0
23923,0
23924,0
23925,0
23928,0
23929,1
23934,1
23935,0
23936,1
23939,1
23940,0
23941,0
23942,1
23943,1
23946,1
23948,1
23950,1
23963,0
23964,1
23971,1
23972,1
23975,1
23977,1
23979,0
23980,0
23982,0
23987,1
23988,0
23991,1
23994,0
23997,0
24000,1
24001,0
24002,1
24003,0
24005,1
24008,1
24010,1
24012,0
24013,0
24018,1
24019,1
24020,1
24022,0
24024,0
24029,0
24032,0
24033,1
24035,1
24036,0
24038,0
24041,0
24044,0
24048,1
24050,0
24052,1
24053,1
24055,1
24057,0
24061,0
24062,1
24063,1
24068,1
24073,1
24074,1
24075,0
24076,0
24077,1
24078,0
24079,0
24082,0
24084,0
24086,1
24088,1
24089,1
24090,1
24095,1
24096,0
24098,0
24102,0
24104,1
24107,1
24112,0
24113,1
24122,1
24123,1
24129,1
24134,1
24135,0
24136,0
24138,1
24147,0
24155,1
24161,1
24163,0
24167,0
24172,0
24173,1
24177,0
24186,1
24189,1
24191,0
24193,0
24197,1
24204,0
24206,1
24208,1
24209,0
24210,1
24212,0
24213,1
24214,1
24218,0
24219,0
24220,1
24223,0
24224,1
24229,1
24230,1
24232,0
24235,0
24236,1
24237,1
24239,0
24243,1
24245,1
24246,1
24248,0
24250,1
24253,0
24254,0
24258,1
24260,1
24262,0
24263,0
24264,1
24268,1
24270,0
24275,1
24277,0
24281,0
24283,0
24287,1
24288,1
24291,0
24299,0
24308,0
24309,0
24311,0
24312,1
24314,1
24316,0
24321,0
24324,0
24328,0
24329,1
24331,0
24333,1
24335,1
24336,0
24338,1
24340,1
24342,0
24344,1
24347,0
24349,0
24351,0
24352,0
24355,1
24356,1
24360,1
24370,0
24381,1
24382,1
24383,1
24384,1
24396,0
24397,0
24399,0
24404,0
24405,1
24406,0
24408,0
24410,0
24411,0
24414,1
24416,1
24419,1
24423,0
24424,1
24425,1
24427,1
24429,0
24434,1
24435,1
24436,0
24437,0
24439,1
24440,1
24443,0
24445,1
24449,1
24450,0
24451,0
24454,1
24457,1
24458,0
24462,1
24466,1
24468,0
24473,0
24475,1
24476,0
24477,0
24479,0
24482,0
24485,1
24488,0
24490,0
24492,1
24495,0
24496,1
24498,1
24500,0
24501,1
24504,0
24511,1
24515,0
24516,0
24517,0
24518,1
24519,1
24524,1
24526,0
24528,0
24531,0
24532,0
24534,1
24536,1
24537,1
24539,1
24540,1
24541,0
24543,1
24551,1
24552,0
24557,1
24560,0
24561,1
24571,0
24574,0
24575,0
24578,1
24581,1
24583,0
24585,1
24589,0
24593,1
24597,0
24600,0
24602,1
24607,0
24608,0
24613,0
24614,1
24616,1
24617,1
24619,0
24620,0
24621,0
24629,0
24633,1
24635,0
24636,1
24643,0
24644,0
24650,1
24651,1
24653,1
24654,0
24658,0
24660,0
24662,0
24664,0
24665,0
24666,0
24667,0
24668,1
24669,1
24670,1
24671,0
24674,1
24678,1
24679,1
24681,1
24683,1
24684,1
24686,0
24688,1
24691,1
24693,1
24698,0
24700,1
24701,0
24703,1
24704,0
24706,0
24708,0
24717,1
24721,1
24723,1
24724,0
24726,0
24728,0
24730,1
24732,1
24735,1
24741,0
24743,1
24749,1
24752,1
24754,0
24756,1
24760,0
24761,1
24763,0
24765,0
24772,1
24773,0
24774,1
24776,1
24777,1
24778,0
24784,0
24787,0
24790,1
24791,1
24793,0
24794,1
24796,0
24799,0
24800,1
24805,0
24806,0
24808,0
24810,1
24815,0
24823,1
24825,1
24827,0
24829,1
24831,0
24833,0
24834,0
24838,1
24841,1
24843,1
24846,1
24847,0
24848,0
24849,0
24853,0
24854,1
24855,0
24856,1
24858,1
24861,0
24862,1
24863,0
24871,1
24872,1
24874,1
24875,0
24879,0
24880,1
24882,1
24883,1
24884,1
24889,0
24891,0
24892,1
24894,1
24896,1
24902,1
24903,1
24907,1
24908,0
24910,0
24914,1
24915,0
24917,1
24921,1
24926,1
24927,1
24931,1
24934,0
24938,0
24939,0
24940,0
24941,1
24942,0
24943,0
24944,1
24947,1
24953,1
24954,0
24955,1
24956,0
24959,0
24961,0
24963,0
24965,0
24968,0
24971,1
24973,1
24978,1
24979,1
24983,1
24987,0
24988,1
24989,1
24993,1
24994,1
25000,1
25001,1
25006,0
25009,0
25012,1
25013,0
25016,1
25019,1
25023,0
25031,1
25032,1
25034,1
25037,0
25039,0
25040,0
25041,1
25042,1
25043,1
25044,1
25048,0
25049,0
25050,0
25052,0
25054,0
25056,1
25058,1
25059,0
25061,1
25064,0
25066,0
25067,1
25068,0
25069,1
25073,0
25074,0
25076,1
25077,0
25086,1
25091,1
25093,0
25096,0
25097,0
25098,0
25099,0
25100,0
25105,1
25108,0
25111,1
25112,1
25114,0
25122,1
25131,0
25132,1
25134,0
25137,1
25138,1
25139,0
25140,0
25143,0
25144,0
25146,1
25147,1
25148,0
25150,0
25152,0
25153,1
25155,1
25162,1
25163,0
25164,0
25165,1
25166,1
25168,0
25169,1
25171,1
25172,0
25177,0
25178,0
25179,0
25180,1
25182,0
25189,0
25190,0
25192,0
25193,0
25197,1
25198,1
25206,0
25215,0
25216,0
25218,0
25219,1
25222,0
25223,1
25225,0
25229,1
25230,0
25233,1
25234,0
25236,1
25237,0
25238,1
25240,1
25241,0
25242,1
25243,1
25245,0
25247,0
25248,0
25251,1
25254,1
25256,1
25258,0
25260,1
25261,1
25263,0
25264,0
25266,0
25276,0
25277,1
25280,0
25283,1
25286,1
25288,0
25290,1
25291,1
25293,0
25294,1
25296,0
25305,1
25312,0
25313,1
25315,0
25319,0
25320,0
25325,0
25327,0
25331,0
25333,0
25334,0
25335,0
25336,0
25341,0
25342,0
25346,1
25349,1
25352,1
25356,0
25358,1
25361,0
25363,0
25375,0
25376,0
25383,0
25386,0
25390,1
25393,1
25395,1
25399,0
25400,0
25404,1
25405,0
25406,0
25407,1
25408,0
25410,0
25412,0
25413,1
25415,1
25416,1
25417,1
25422,0
25423,1
25424,0
25425,0
25427,0
25430,1
25431,1
25432,0
25435,1
25442,1
25446,1
25449,1
25450,0
25451,1
25455,0
25457,1
25458,1
25459,1
25461,1
25462,0
25464,0
25465,1
25466,0
25467,1
25471,1
25473,1
25482,0
25483,0
25488,1
25493,0
25504,0
25505,0
25507,0
25510,0
25516,1
25518,1
25519,1
25520,1
25522,1
25526,0
25527,0
25530,1
25534,0
25536,0
25537,0
25540,1
25547,1
25548,1
25549,0
25551,1
25552,0
25553,0
25555,0
25556,0
25558,1
25561,1
25566,0
25567,1
25569,0
25571,1
25574,1
25576,1
25577,1
25579,0
25584,1
25585,1
25586,1
25588,0
25590,0
25591,1
25593,1
25594,0
25599,1
25600,1
25611,1
25613,0
25617,0
25620,0
25623,0
25625,1
25627,0
25628,0
25630,1
25632,1
25633,0
25634,0
25635,1
25637,0
25639,0
25643,1
25645,1
25647,0
25648,0
25649,1
25651,1
25656,0
25658,1
25659,0
25660,1
25662,0
25665,1
25667,1
25673,1
25675,0
25677,0
25678,0
25681,0
25682,0
25685,0
25686,1
25687,1
25690,0
25691,1
25692,1
25693,0
25694,0
25695,0
25699,0
25704,1
25707,1
25708,0
25709,1
25712,0
25722,0
25723,0
25727,1
25728,1
25729,1
25730,0
25734,0
25739,0
25740,1
25742,0
25744,0
25745,0
25748,0
25750,1
25752,0
25755,0
25758,1
25759,1
25760,1
25761,0
25764,0
25765,0
25769,0
25770,0
25773,1
25778,1
25779,0
25786,0
25789,0
25793,1
25796,1
25803,1
25804,0
25806,1
25808,0
25810,0
25813,1
25814,1
25817,1
25819,0
25821,0
25823,1
25829,0
25830,0
25832,1
25834,0
25838,1
25839,1
25840,0
25841,0
25842,0
25844,1
25847,1
25852,1
25854,0
25856,1
25858,1
25861,1
25867,1
25868,0
25872,0
25875,1
25876,1
25878,0
25879,0
25880,0
25882,0
25883,1
25887,1
25895,1
25896,1
25900,0
25905,0
25912,0
25914,1
25915,0
25917,1
25920,0
25923,1
25924,1
25925,1
25927,1
25931,0
25933,1
25936,0
25940,1
25944,1
25947,0
25948,0
25949,0
25951,1
25955,0
25956,1
25957,0
25958,0
25960,1
25962,1
25964,0
25966,1
25967,1
25970,0
25973,1
25974,1
25979,1
25981,0
25984,0
25985,0
25988,1
25994,0
25996,1
25997,0
25998,1
26000,0
26002,1
26004,0
26007,0
26008,0
26009,0
26010,0
26013,1
26016,1
26021,0
26032,0
26033,0
26034,0
26036,1
26037,0
26039,1
26040,0
26043,1
26045,0
26050,0
26054,0
26055,0
26056,0
26057,0
26059,0
26061,1
26063,1
26067,1
26069,0
26070,0
26071,1
26078,0
26081,1
26083,1
26088,0
26090,0
26093,0
26094,0
26101,1
26103,1
26108,0
26109,1
26111,1
26115,1
26116,1
26117,1
26124,0
26129,0
26131,0
26132,0
26136,1
26137,0
26140,0
26142,0
26147,0
26149,0
26151,1
26154,1
26157,1
26159,0
26160,0
26167,1
26173,1
26177,0
26178,0
26179,1
26181,1
26182,1
26184,0
26190,1
26191,0
26194,1
26195,0
26196,0
26198,0
26200,0
26201,0
26202,1
26203,0
26204,1
26206,1
26209,1
26210,0
26215,1
26218,0
26221,0
26222,1
26223,1
26224,1
26225,0
26228,1
26231,0
26234,0
26237,0
26239,1
26240,1
26243,1
26244,1
26245,0
26246,1
26248,0
26249,0
26251,0
26254,0
26255,0
26258,1
26259,0
26260,0
26262,1
26267,0
26269,0
26274,0
26277,1
26278,0
26279,0
26284,0
26288,0
26289,0
26292,0
26293,1
26294,0
26296,0
26298,0
26299,0
26303,0
26306,1
26307,1
26312,1
26314,0
26319,0
26320,1
26322,1
26329,0
26331,0
26333,1
26339,1
26341,1
26343,0
26346,0
26350,1
26351,0
26358,0
26360,0
26368,0
26371,1
26373,0
26379,1
26381,0
26382,0
26383,1
26384,0
26389,0
26395,0
26396,1
26397,1
26398,0
26400,0
26401,0
26411,1
26413,0
26414,0
26417,0
26421,0
26422,0
26423,0
26425,0
26429,1
26431,1
26432,0
26435,0
26437,1
26441,0
26442,1
26444,0
26445,0
26446,0
26447,1
26450,1
26451,0
26454,1
26455,1
26460,1
26464,1
26468,1
26473,0
26474,1
26480,1
26481,1
26484,1
26488,1
26491,1
26494,1
26496,0
26498,0
26500,0
26503,1
26504,0
26505,0
26506,0
26507,1
26509,0
26511,0
26512,0
26513,0
26514,0
26516,1
26522,1
26524,0
26525,0
26526,0
26527,0
26528,0
26529,0
26530,0
26533,1
26538,1
26543,0
26544,0
26552,1
26554,0
26555,0
26556,0
26560,1
26561,0
26562,0
26563,0
26565,0
26569,0
26570,0
26572,0
26573,0
26574,0
26576,0
26577,1
26586,0
26589,0
26590,1
26591,0
26592,0
26594,0
26595,0
26599,0
26600,0
26601,0
26604,1
26605,0
26608,0
26609,1
26610,0
26612,1
26613,1
26614,1
26615,0
26618,0
26619,1
26623,0
26627,1
26629,0
26631,1
26632,0
26634,0
26635,1
26636,0
26638,1
26646,0
26647,1
26648,1
26654,0
26655,1
26657,0
26660,1
26663,0
26664,0
26665,0
26670,0
26674,1
26677,0
26692,0
26695,1
26698,0
26699,1
26701,0
26702,0
26703,0
26704,0
26705,0
26707,0
26712,0
26714,0
26715,1
26717,0
26718,0
26719,1
26720,0
26721,0
26723,0
26726,0
26729,0
26733,1
26736,0
26743,0
26744,0
26747,0
26756,0
26767,0
26768,0
26770,1
26774,0
26775,1
26778,0
26779,0
26782,1
26786,1
26789,1
26791,0
26793,0
26797,0
26798,0
26800,0
26801,1
26804,0
26812,0
26830,1
26831,0
26833,1
26834,0
26835,0
26849,0
26853,0
26854,1
26855,0
26857,0
26861,0
26865,0
26866,0
26868,1
26869,1
26876,0
26879,0
26880,0
26881,0
26885,1
26886,1
26887,0
26889,0
26890,0
26892,1
26893,0
26894,0
26898,0
26900,1
26902,0
26903,0
26906,1
26910,0
26911,0
26916,1
26917,1
26918,0
26923,1
26924,0
26925,0
26933,0
26934,1
26936,0
26937,0
26938,0
26940,1
26941,0
26944,0
26945,0
26951,0
26952,0
26955,0
26962,0
26965,0
26967,1
26968,0
26974,0
26975,0
26976,1
26977,1
26978,1
26979,1
26982,1
26988,0
26994,0
26997,1
26998,0
27005,0
27009,1
27010,1
27011,1
27014,0
27015,0
27016,0
27017,0
27025,0
27027,0
27033,1
27037,0
27038,1
27042,1
27045,0
27046,1
27049,0
27051,0
27052,0
27053,0
27055,0
27057,0
27059,0
27060,0
27068,0
27069,0
27071,1
27075,1
27080,0
27081,0
27083,1
27085,0
27086,1
27087,0
27088,1
27091,0
27096,0
27097,1
27098,1
27101,0
27104,1
27105,0
27106,0
27109,1
27110,0
27116,1
27120,1
27122,0
27124,0
27125,1
27132,1
27133,0
27134,1
27135,0
27140,0
27142,1
27143,1
27144,0
27147,0
27148,0
27152,0
27154,0
27157,0
27158,0
27161,1
27162,0
27163,0
27167,1
27168,1
27178,0
27179,0
27180,1
27183,1
27185,1
27186,1
27189,1
27190,1
27197,1
27200,0
27201,1
27202,1
27204,1
27207,0
27209,1
27212,1
27214,0
27216,0
27220,0
27222,1
27224,0
27227,1
27228,1
27230,1
27231,1
27233,0
27234,0
27236,0
27239,0
27240,0
27243,0
27244,1
27250,1
27252,0
27254,0
27257,1
27258,0
27260,1
27263,0
27268,1
27271,1
27273,0
27276,0
27278,1
27279,0
27280,1
27281,0
27282,0
27284,0
27285,1
27287,1
27288,0
27289,0
27291,1
27293,0
27294,0
27297,0
27299,0
27300,1
27302,0
27303,1
27305,1
27307,0
27308,0
27309,0
27310,1
27315,0
27319,1
27328,0
27330,0
27331,0
27337,0
27339,0
27344,1
27346,1
27347,1
27348,0
27349,1
27350,0
27352,1
27356,1
27360,0
27368,0
27369,0
27371,1
27373,1
27377,0
27378,0
27379,0
27382,0
27383,1
27387,1
27388,1
27390,1
27391,1
27392,0
27393,0
27395,1
27396,0
27399,1
27401,0
27408,1
27412,0
27413,0
27416,0
27417,0
27421,0
27424,1
27426,1
27427,0
27428,0
27429,1
27430,1
27433,0
27436,1
27440,1
27441,0
27443,0
27445,1
27446,1
27447,0
27450,0
27454,0
27455,0
27456,0
27457,0
27458,0
27459,0
27461,0
27462,0
27466,1
27470,1
27471,0
27473,1
27474,1
27477,1
27479,1
27480,0
27482,0
27488,1
27492,0
27493,0
27495,1
27504,0
27507,0
27511,0
27512,1
27514,0
27517,1
27524,0
27525,1
27526,0
27535,0
27549,1
27551,0
27554,0
27555,1
27558,1
27560,1
27561,1
27563,0
27564,1
27566,1
27569,1
27571,0
27572,0
27573,1
27575,0
27579,0
27583,0
27584,0
27587,1
27588,1
27590,1
27593,0
27595,0
27598,0
27602,0
27609,1
27611,1
27613,1
27615,1
27618,1
27620,1
27621,0
27622,1
27625,0
27626,0
27627,0
27629,1
27634,1
27636,1
27637,1
27638,1
27639,0
27641,1
27644,0
27646,1
27651,0
27657,0
27658,0
27659,0
27661,1
27662,0
27671,1
27673,0
27676,1
27677,0
27679,0
27687,1
27691,0
27697,0
27701,0
27706,1
27710,0
27711,1
27712,1
27714,1
27717,1
27718,1
27720,1
27723,0
27724,1
27725,0
27726,1
27727,0
27730,0
27737,1
27741,0
27742,0
27743,1
27744,0
27745,0
27748,0
27750,0
27755,0
27756,1
27758,1
27759,0
27761,0
27763,0
27765,1
27768,0
27769,1
27771,1
27776,0
27778,0
27780,1
27783,1
27784,1
27789,1
27791,0
27795,0
27800,0
27801,0
27804,1
27806,0
27807,0
27813,1
27814,1
27817,0
27818,1
27819,1
27823,1
27828,0
27833,0
27835,0
27836,1
27837,1
27839,0
27841,0
27843,0
27844,1
27846,0
27848,0
27849,1
27852,0
27853,1
27855,0
27856,1
27857,0
27861,0
27864,0
27865,0
27867,0
27871,1
27873,0
27875,1
27876,1
27877,1
27880,0
27881,0
27885,0
27889,0
27890,1
27892,1
27896,1
27900,1
27902,1
27903,1
27904,0
27905,0
27908,1
27914,1
27915,1
27917,1
27919,0
27920,1
27921,0
27924,0
27925,1
27928,1
27932,1
27935,1
27936,1
27937,0
27941,0
27946,1
27947,1
27948,0
27949,1
27950,1
27952,1
27954,0
27962,1
27965,1
27967,0
27968,0
27970,1
27971,0
27975,0
27977,0
27978,1
27979,0
27980,1
27982,1
27984,0
27987,0
27988,0
27989,1
27993,1
27994,0
27997,1
28001,0
28002,0
28004,0
28010,0
28012,0
28013,1
28017,1
28019,0
28022,0
28024,0
28030,1
28032,1
28033,1
28034,0
28035,1
28036,0
28044,1
28045,1
28046,1
28049,1
28050,1
28051,0
28056,0
28059,1
28060,0
28062,1
28065,1
28067,0
28070,0
28073,0
28074,0
28075,0
28076,0
28077,1
28086,0
28087,0
28088,1
28091,0
28095,0
28097,1
28098,1
28101,0
28107,0
28109,1
28115,0
28118,0
28121,1
28123,0
28124,1
28125,0
28126,0
28128,1
28131,0
28136,0
28144,1
28146,0
28152,0
28157,0
28158,1
28162,1
28165,0
28169,0
28170,0
28171,0
28174,0
28175,1
28176,1
28177,1
28178,0
28179,1
28182,1
28187,1
28188,1
28189,0
28191,1
28192,0
28195,0
28196,1
28198,0
28199,0
28200,1
28202,1
28203,1
28206,1
28212,0
28214,0
28216,1
28217,0
28220,0
28221,1
28222,0
28225,1
28226,1
28228,1
28233,0
28235,1
28237,0
28240,1
28242,0
28244,1
28246,1
28247,0
28248,0
28249,1
28250,0
28252,1
28253,1
28259,0
28260,1
28262,0
28264,0
28269,0
28277,1
28282,0
28285,0
28289,1
28291,1
28297,0
28302,1
28303,1
28310,1
28311,1
28312,0
28313,0
28314,0
28317,1
28318,1
28322,0
28324,0
28327,0
28329,0
28330,1
28333,0
28337,1
28339,1
28342,1
28348,0
28350,0
28351,0
28355,1
28358,1
28359,1
28361,0
28362,1
28368,0
28370,1
28371,1
28372,0
28373,0
28374,1
28376,1
28382,1
28385,0
28389,1
28392,0
28394,1
28397,0
28400,0
28401,1
28402,1
28404,0
28405,1
28408,1
28409,1
28410,0
28411,0
28414,0
28418,0
28419,0
28423,0
28426,1
28428,1
28430,1
28431,0
28434,1
28435,1
28436,1
28441,0
28442,1
28443,0
28445,0
28450,1
28454,0
28455,0
28460,0
28461,0
28464,1
28466,0
28472,1
28475,1
28476,1
28480,1
28481,0
28482,0
28488,0
28492,0
28495,0
28497,0
28498,1
28501,0
28502,0
28503,0
28505,0
28511,1
28512,0
28516,0
28517,0
28518,0
28521,1
28522,0
28523,0
28524,1
28525,0
28526,1
28530,1
28531,1
28533,1
28534,1
28535,1
28537,1
28539,1
28540,1
28544,0
28549,1
28551,1
28552,1
28555,0
28562,0
28563,1
28566,1
28568,1
28570,1
28576,0
28581,0
28582,1
28589,1
28592,1
28593,0
28594,1
28596,0
28597,1
28598,0
28599,0
28601,1
28603,0
28607,0
28612,1
28613,0
28614,1
28616,1
28617,1
28619,1
28624,0
28626,0
28627,1
28628,1
28631,0
28634,0
28640,0
28641,1
28648,1
28649,0
28652,0
28654,0
28657,1
28659,0
28673,1
28674,1
28675,1
28676,1
28678,1
28680,0
28681,0
28691,1
28693,0
28697,1
28699,0
28702,0
28703,1
28704,0
28705,0
28706,1
28707,1
28709,1
28716,1
28718,0
28721,1
28723,0
28728,0
28729,0
28730,0
28735,0
28736,0
28738,0
28739,1
28741,0
28745,0
28746,0
28749,1
28751,0
28752,1
28758,1
28762,1
28763,0
28764,1
28769,0
28770,0
28771,0
28776,0
28777,1
28778,0
28779,1
28781,1
28785,0
28789,1
28790,0
28793,1
28794,0
28797,0
28798,0
28801,0
28803,1
28805,0
28806,0
28810,1
28812,1
28818,0
28819,1
28823,1
28825,1
28828,1
28829,1
28830,0
28831,1
28835,0
28837,0
28839,1
28844,1
28846,0
28848,1
28852,0
28855,1
28858,1
28861,0
28862,0
28863,1
28866,1
28870,0
28874,0
28875,0
28878,0
28882,0
28894,0
28898,1
28901,1
28902,1
28905,0
28907,1
28911,0
28913,0
28914,0
28917,0
28918,1
28920,1
28921,1
28922,1
28927,0
28931,0
28932,1
28933,0
28935,0
28936,0
28939,1
28942,0
28945,0
28948,0
28949,1
28950,0
28952,0
28954,0
28957,1
28959,0
28961,0
28962,0
28966,1
28969,1
28971,0
28972,1
28973,0
28974,1
28976,1
28977,0
28982,0
28983,0
28984,1
28985,0
28988,1
28996,0
28997,0
29002,1
29007,0
29009,1
29014,1
29015,1
29016,0
29018,0
29019,1
29020,1
29024,1
29025,0
29026,1
29031,0
29032,0
29035,0
29047,0
29049,0
29050,0
29051,1
29052,0
29053,1
29055,0
29058,0
29060,1
29061,0
29063,0
29066,0
29073,1
29074,0
29076,1
29078,0
29080,1
29083,1
29086,1
29089,1
29090,1
29091,1
29092,0
29099,0
29100,0
29105,1
29106,0
29107,1
29113,0
29114,0
29115,1
29116,0
29118,1
29120,1
29122,1
29124,0
29130,0
29132,1
29137,1
29139,1
29142,1
29143,1
29145,0
29146,0
29147,0
29148,0
29151,1
29153,1
29154,1
29162,0
29164,0
29166,1
29170,0
29171,0
29173,0
29176,0
29178,1
29180,1
29181,0
29185,0
29186,1
29189,1
29191,1
29192,1
29193,0
29196,0
29197,1
29198,1
29206,0
29210,0
29211,1
29215,0
29216,0
29222,0
29223,1
29224,0
29226,0
29228,0
29230,0
29233,1
29234,1
29236,1
29237,0
29238,1
29244,1
29245,0
29248,1
29253,0
29256,0
29261,0
29264,0
29267,1
29270,1
29271,0
29272,1
29274,1
29276,1
29279,0
29281,0
29283,1
29284,0
29285,1
29289,1
29291,1
29292,0
29295,0
29296,1
29297,1
29298,1
29299,1
29300,1
29301,0
29302,1
29310,1
29311,1
29315,0
29316,0
29322,0
29325,1
29331,1
29333,1
29336,0
29339,0
29350,0
29351,1
29354,0
29356,1
29357,1
29362,0
29371,0
29373,0
29374,0
29379,1
29380,1
29383,1
29385,0
29388,0
29390,0
29391,1
29393,0
29398,1
29399,1
29402,1
29403,0
29404,1
29409,1
29411,1
29412,0
29414,1
29415,0
29416,1
29418,1
29422,1
29423,1
29426,0
29427,1
29434,1
29435,0
29436,1
29437,0
29445,1
29447,1
29448,1
29449,0
29450,1
29453,1
29454,0
29456,1
29460,0
29463,1
29469,1
29473,1
29476,0
29477,1
29480,0
29481,1
29483,1
29486,1
29489,1
29493,1
29494,1
29495,0
29497,0
29499,0
29502,0
29506,1
29507,1
29509,1
29510,1
29513,0
29516,1
29523,1
29525,0
29528,1
29529,1
29531,0
29534,0
29536,1
29537,0
29539,1
29540,1
29541,0
29543,0
29545,0
29548,1
29555,1
29556,1
29559,1
29565,0
29566,0
29570,0
29571,0
29572,0
29573,1
29575,1
29576,0
29580,1
29581,0
29584,1
29586,0
29587,1
29588,1
29591,0
29593,1
29600,1
29603,0
29604,1
29606,0
29607,1
29612,1
29616,1
29618,1
29625,1
29630,0
29632,0
29633,1
29634,1
29637,0
29639,1
29642,1
29647,0
29648,0
29649,1
29652,0
29653,0
29654,1
29664,0
29667,1
29672,1
29673,0
29677,1
29682,1
29686,0
29690,1
29698,1
29705,1
29709,0
29710,0
29712,0
29713,1
29714,1
29717,0
29719,1
29720,0
29723,0
29725,0
29728,1
29729,0
29730,0
29731,1
29736,1
29737,1
29740,1
29741,0
29743,0
29747,1
29748,1
29752,0
29755,0
29757,0
29758,1
29761,0
29764,1
29773,1
29775,0
29776,1
29777,0
29778,1
29781,1
29783,0
29785,1
29788,1
29790,1
29791,1
29792,1
29794,1
29795,1
29796,0
29797,0
29799,1
29805,1
29807,0
29810,0
29811,0
29813,0
29821,0
29823,0
29825,1
29826,1
29827,0
29828,1
29829,1
29830,1
29831,1
29834,1
29836,0
29837,1
29845,1
29846,0
29848,1
29849,0
29851,0
29852,0
29854,0
29862,1
29865,1
29873,1
29874,1
29876,0
29879,0
29880,0
29882,1
29883,0
29885,1
29887,0
29888,1
29893,1
29895,0
29896,1
29901,0
29903,0
29907,1
29912,1
29915,1
29916,1
29920,1
29921,1
29922,1
29926,0
29930,1
29932,0
29933,0
29935,1
29938,0
29939,0
29940,1
29942,1
29944,0
29947,1
29951,0
29954,1
29956,0
29958,0
29962,0
29963,1
29971,1
29973,1
29975,0
29982,0
29987,1
29989,1
29990,0
29991,0
29992,0
29996,0
29997,1
29998,1
29999,1
30000,1
30002,0
30003,0
30005,1
30007,0
30010,0
30011,0
30012,0
30016,0
30019,0
30021,1
30029,1
30030,0
30031,1
30032,1
30038,0
30042,0
30043,0
30047,1
30048,1
30049,0
30052,0
30056,1
30057,1
30059,1
30060,1
30062,0
30063,0
30064,1
30070,1
30075,0
30076,1
30078,0
30080,0
30081,1
30084,1
30085,0
30086,0
30087,1
30089,0
30090,1
30092,1
30094,0
30098,0
30101,1
30103,0
30104,1
30105,1
30106,0
30111,0
30114,1
30117,1
30123,1
30125,1
30126,0
30131,1
30132,1
30133,1
30137,0
30140,0
30141,1
30145,0
30148,1
30149,0
30151,0
30152,0
30155,0
30156,1
30157,0
30159,0
30160,0
30161,1
30163,1
30164,0
30167,1
30168,0
30169,1
30171,0
30173,1
30174,0
30176,1
30181,0
30185,1
30187,0
30189,1
30194,1
30198,0
30200,0
30201,1
30202,1
30205,0
30206,1
30207,0
30208,1
30210,0
30213,1
30219,1
30227,1
30230,1
30231,0
30236,0
30237,0
30238,0
30242,0
30247,1
30249,0
30253,0
30254,0
30256,0
30257,1
30258,1
30260,0
30262,1
30267,1
30268,1
30270,1
30271,1
30273,0
30282,1
30283,0
30285,0
30286,0
30288,0
30300,1
30302,1
30307,0
30309,0
30312,1
30315,1
30317,1
30327,0
30328,1
30330,0
30331,1
30335,1
30336,0
30337,1
30342,1
30345,0
30347,1
30348,1
30349,1
30350,0
30351,1
30352,0
30353,0
30354,1
30356,0
30358,0
30359,1
30360,0
30361,1
30364,1
30366,1
30372,1
30376,1
30381,1
30383,1
30385,1
30390,0
30391,0
30393,0
30394,1
30395,0
30399,1
30407,1
30411,0
30414,1
30415,1
30417,0
30418,0
30419,0
30421,1
30423,0
30424,0
30429,0
30431,1
30432,0
30440,1
30444,1
30448,1
30449,1
30450,0
30451,0
30452,1
30456,1
30458,0
30459,0
30460,0
30461,0
30462,0
30463,1
30469,1
30470,1
30471,0
30472,0
30474,0
30476,1
30480,1
30482,0
30483,1
30485,1
30488,1
30493,1
30494,0
30495,0
30496,0
30498,0
30499,0
30502,0
30503,1
30504,1
30506,0
30507,1
30508,0
30513,1
30514,1
30518,1
30519,1
30520,0
30521,1
30528,0
30529,0
30532,0
30533,0
30534,0
30535,1
30536,1
30537,0
30538,1
30540,1
30541,1
30542,0
30543,1
30545,1
30546,1
30547,0
30548,0
30551,1
30553,1
30554,1
30556,1
30557,0
30566,0
30567,0
30568,0
30571,0
30578,0
30580,1
30581,0
30583,1
30584,0
30589,0
30593,1
30596,0
30599,1
30600,1
30601,0
30609,0
30611,1
30613,1
30617,0
30619,0
30621,1
30628,1
30631,1
30635,0
30636,0
30640,0
30642,0
30645,0
30646,0
30649,1
30651,0
30654,0
30656,0
30657,0
30660,0
30665,1
30666,1
30667,0
30668,1
30669,1
30670,1
30671,1
30677,1
30678,1
30679,1
30680,1
30686,0
30687,1
30689,1
30692,0
30695,0
30696,1
30697,0
30698,1
30702,1
30703,1
30714,1
30720,1
30721,0
30727,0
30728,1
30729,1
30730,0
30731,1
30733,0
30734,1
30737,1
30741,0
30742,1
30744,0
30746,1
30749,0
30752,0
30760,0
30765,0
30770,0
30772,1
30773,1
30775,0
30777,1
30779,0
30780,0
30784,0
30785,0
30789,0
30790,1
30791,0
30793,0
30796,1
30797,1
30798,0
30799,1
30801,1
30807,1
30808,0
30810,0
30812,1
30813,0
30815,1
30820,0
30821,1
30823,0
30825,1
30828,0
30830,0
30831,0
30832,0
30833,1
30835,0
30838,1
30846,0
30848,1
30849,0
30851,0
30852,1
30855,1
30856,0
30857,0
30860,0
30861,1
30867,0
30869,0
30871,0
30873,0
30874,0
30875,0
30880,0
30882,1
30885,0
30887,1
30889,1
30890,1
30891,1
30893,0
30894,1
30895,1
30896,0
30897,0
30899,0
30900,1
30902,0
30904,0
30905,1
30907,1
30909,0
30911,1
30912,0
30913,0
30916,0
30918,0
30919,0
30921,0
30925,1
30926,1
30927,1
30930,1
30932,1
30935,0
30938,1
30941,1
30945,1
30948,1
30951,0
30955,0
30957,0
30958,1
30961,0
30964,0
30968,1
30969,1
30971,0
30973,0
30974,1
30975,0
30976,1
30977,1
30979,0
30981,1
30985,1
30988,1
30989,1
30991,1
30994,1
30996,0
30999,1
31003,1
31005,0
31006,0
31010,1
31012,1
31014,0
31015,1
31017,0
31019,0
31020,1
31022,1
31023,1
31024,1
31026,1
31028,1
31029,0
31035,0
31038,1
31039,0
31048,0
31050,1
31051,0
31053,0
31055,0
31058,0
31060,0
31062,1
31063,0
31067,1
31068,1
31070,1
31071,1
31074,1
31078,0
31079,0
31080,0
31082,1
31085,1
31086,1
31088,1
31091,1
31093,1
31097,0
31101,1
31105,0
31107,1
31108,0
31111,1
31114,0
31119,0
31120,1
31124,1
31125,1
31127,0
31128,1
31129,1
31134,1
31136,1
31137,0
31138,0
31140,0
31143,1
31144,0
31148,0
31149,1
31152,1
31156,0
31158,0
31162,0
31174,1
31178,1
31179,0
31180,1
31183,0
31184,0
31186,1
31187,0
31188,0
31191,1
31199,0
31201,0
31203,1
31205,1
31207,0
31209,1
31211,0
31212,0
31215,0
31216,0
31217,0
31218,0
31220,1
31221,1
31222,0
31228,1
31230,1
31234,1
31240,1
31241,1
31243,0
31245,1
31249,1
31254,1
31260,1
31261,1
31264,1
31265,0
31268,1
31271,0
31276,0
31281,0
31282,1
31284,0
31286,1
31287,0
31289,0
31290,0
31291,0
31292,0
31294,0
31295,0
31296,0
31297,1
31299,0
31300,0
31303,0
31304,1
31305,0
31307,0
31316,0
31321,0
31323,1
31324,0
31325,0
31328,0
31331,0
31333,0
31334,1
31335,1
31337,0
31339,1
31340,1
31342,0
31343,1
31346,1
31348,1
31352,0
31354,1
31358,1
31360,1
31361,1
31362,1
31363,0
31365,0
31366,1
31367,1
31369,1
31370,0
31372,0
31379,0
31380,1
31381,0
31382,1
31385,0
31387,1
31389,0
31392,0
31394,1
31395,1
31396,1
31398,1
31399,1
31400,1
31404,0
31407,0
31408,0
31409,1
31410,0
31412,0
31415,1
31419,0
31420,0
31435,1
31436,0
31438,0
31441,1
31444,0
31449,0
31450,0
31451,1
31452,1
31457,1
31458,1
31460,0
31461,1
31465,1
31466,1
31468,1
31472,0
31474,0
31476,0
31478,1
31481,1
31484,1
31487,0
31491,0
31493,0
31494,0
31495,0
31496,1
31498,0
31499,0
31501,1
31502,1
31503,0
31507,0
31517,1
31518,0
31519,1
31524,0
31526,0
31529,0
31530,0
31532,1
31534,0
31538,1
31539,1
31540,1
31543,0
31546,0
31549,0
31550,1
31551,0
31553,0
31555,1
31557,0
31563,0
31566,0
31572,1
31574,1
31578,0
31580,1
31582,0
31583,0
31588,1
31589,1
31590,1
31593,1
31594,0
31595,0
31596,1
31600,0
31601,1
31606,0
31607,0
31608,1
31612,1
31613,0
31614,1
31615,0
31616,0
31618,0
31626,0
31627,1
31628,1
31629,1
31632,1
31635,1
31637,1
31640,0
31641,1
31642,1
31645,0
31647,0
31648,1
31650,1
31653,0
31656,0
31658,1
31664,1
31666,0
31669,0
31670,0
31671,1
31672,0
31673,0
31674,0
31681,1
31682,1
31689,0
31690,0
31694,0
31695,0
31697,1
31698,1
31700,1
31703,0
31704,0
31706,1
31707,1
31708,0
31712,0
31713,1
31714,0
31716,1
31717,0
31719,0
31722,1
31727,1
31728,0
31732,1
31734,1
31735,0
31736,0
31742,1
31747,0
31748,0
31749,0
31751,0
31752,0
31753,0
31754,0
31756,1
31759,1
31763,1
31766,0
31771,0
31774,0
31775,1
31776,0
31778,1
31780,1
31784,0
31785,0
31789,1
31790,1
31792,0
31793,0
31796,1
31799,1
31802,1
31804,0
31807,0
31808,0
31813,1
31816,1
31817,0
31818,1
31820,1
31821,0
31829,0
31832,0
31833,1
31834,1
31837,0
31842,1
31845,1
31847,0
31852,0
31854,0
31855,1
31856,0
31861,0
31863,0
31865,0
31871,1
31873,1
31876,0
31877,0
31880,1
31881,0
31885,1
31888,0
31889,1
31892,0
31894,0
31898,1
31899,0
31900,0
31906,1
31907,0
31909,1
31911,0
31912,1
31913,1
31917,1
31918,1
31920,1
31925,1
31926,0
31927,1
31930,1
31934,1
31935,1
31936,1
31937,0
31938,1
31939,1
31941,1
31942,0
31943,0
31947,0
31949,0
31951,1
31952,0
31953,0
31954,1
31962,1
31963,1
31965,1
31966,1
31968,1
31972,0
31973,1
31974,0
31975,0
31976,0
31979,0
31984,1
31986,0
31988,0
31989,1
31990,0
31991,1
31992,1
31994,0
32001,1
32004,0
32005,1
32006,0
32010,0
32011,1
32015,0
32017,0
32031,1
32032,1
32033,0
32034,1
32035,1
32036,1
32037,0
32038,0
32039,1
32041,1
32042,0
32047,0
32048,0
32050,1
32052,1
32053,1
32055,0
32056,1
32058,0
32059,0
32060,0
32067,0
32074,1
32075,1
32077,1
32080,1
32081,0
32082,1
32085,0
32088,1
32090,0
32094,1
32097,1
32098,0
32099,0
32104,0
32109,0
32115,0
32116,0
32118,0
32119,0
32130,0
32131,0
32132,0
32135,0
32136,0
32140,0
32145,1
32149,1
32150,0
32151,1
32153,0
32162,0
32165,0
32170,1
32175,0
32180,0
32181,1
32182,0
32183,0
32185,0
32188,0
32189,1
32194,1
32196,1
32203,0
32205,1
32206,0
32207,1
32208,0
32209,1
32210,0
32211,1
32220,1
32225,1
32233,0
32235,1
32236,1
32238,1
32240,1
32244,1
32246,0
32248,0
32250,1
32253,1
32254,1
32258,0
32261,1
32262,1
32264,0
32266,0
32268,0
32269,0
32272,1
32273,1
32277,0
32278,0
32281,0
32282,0
32288,0
32292,0
32295,1
32299,0
32301,1
32303,1
32306,0
32307,1
32309,1
32311,1
32313,0
32315,0
32316,1
32317,1
32325,0
32327,0
32329,1
32331,1
32332,0
32335,1
32337,1
32342,1
32346,1
32348,0
32350,0
32351,1
32352,0
32355,1
32356,1
32362,1
32365,0
32367,0
32368,1
32370,0
32372,0
32374,0
32378,0
32379,0
32381,0
32382,1
32389,1
32395,0
32396,0
32399,0
32400,0
32402,1
32405,0
32406,1
32412,1
32413,0
32414,0
32421,1
32423,1
32427,1
32435,0
32438,0
32440,0
32441,1
32443,0
32444,1
32445,1
32448,1
32450,0
32452,0
32454,1
32457,1
32460,1
32461,0
32462,0
32476,0
32477,0
32478,1
32479,1
32480,0
32483,1
32484,1
32485,0
32486,1
32488,0
32489,1
32492,1
32494,1
32495,1
32496,1
32506,0
32507,0
32515,0
32516,1
32518,1
32522,1
32523,0
32528,0
32530,0
32534,1
32535,0
32541,1
32543,0
32546,0
32548,0
32549,1
32550,0
32552,1
32554,1
32556,1
32561,0
32562,0
32564,1
32570,0
32571,0
32574,0
32578,1
32581,1
32585,1
32593,0
32595,0
32599,0
32605,0
32606,0
32608,0
32610,1
32611,0
32615,0
32616,0
32619,1
32621,0
32624,1
32625,0
32631,0
32633,1
32634,1
32635,1
32637,1
32639,0
32641,0
32645,0
32646,1
32647,1
32648,0
32649,0
32650,1
32651,0
32652,0
32654,1
32656,1
32661,1
32664,1
32666,0
32667,0
32669,0
32676,0
32677,1
32679,0
32682,0
32685,1
32686,1
32687,1
32692,1
32695,0
32697,0
32698,0
32699,0
32703,0
32705,0
32711,0
32714,0
32716,1
32720,1
32725,0
32728,0
32733,1
32734,0
32735,1
32740,0
32744,1
32746,0
32747,0
32748,0
32750,0
32751,0
32753,1
32754,1
32756,0
32757,1
32759,0
32761,1
32762,0
32763,1
32767,1
32770,0
32772,0
32773,0
32775,1
32777,1
32778,1
32781,0
32782,1
32786,0
32788,0
32789,1
32792,0
32795,1
32796,0
32798,0
32803,0
32805,0
32809,1
32812,0
32813,1
32816,1
32818,0
32819,1
32823,1
32824,0
32825,1
32829,1
32833,1
32836,1
32837,1
32839,0
32840,1
32841,0
32842,0
32847,1
32849,0
32850,0
32855,1
32858,0
32864,1
32869,1
32870,0
32872,0
32877,1
32878,1
32883,0
32885,0
32886,1
32887,1
32888,1
32889,0
32890,0
32891,1
32892,1
32893,1
32894,0
32895,1
32896,0
32898,0
32899,1
32900,1
32901,1
32902,1
32904,1
32906,1
32907,0
32908,1
32914,1
32915,1
32917,1
32919,1
32922,0
32923,1
32924,0
32925,0
32927,0
32928,0
32929,0
32931,1
32942,0
32944,0
32945,1
32951,0
32953,1
32954,0
32955,0
32958,1
32959,1
32960,0
32962,1
32965,0
32971,1
32973,0
32975,0
32976,0
32977,0
32982,0
32983,1
32986,1
32996,1
32999,1
33001,1
33003,0
33006,1
33011,0
33012,1
33014,1
33015,0
33023,1
33025,0
33027,0
33028,0
33031,0
33034,1
33035,0
33036,0
33037,1
33042,1
33057,1
33058,0
33068,0
33069,1
33070,0
33071,0
33073,0
33076,1
33081,0
33082,1
33085,0
33086,0
33088,1
33091,0
33092,0
33097,0
33100,1
33101,1
33103,1
33104,0
33106,1
33108,1
33110,0
33113,0
33116,0
33123,1
33124,0
33126,0
33128,1
33130,1
33133,1
33139,1
33141,0
33142,0
33144,0
33147,0
33148,1
33151,1
33152,1
33154,0
33157,0
33159,1
33160,0
33161,0
33167,0
33178,1
33179,1
33181,1
33183,1
33185,0
33186,1
33188,1
33190,0
33191,1
33192,1
33193,0
33194,1
33198,1
33200,1
33204,1
33206,0
33207,0
33208,1
33209,0
33211,0
33212,0
33213,0
33217,0
33224,0
33232,1
33233,0
33237,1
33242,1
33245,1
33246,0
33247,0
33248,1
33249,1
33250,1
33253,1
33256,1
33257,1
33263,1
33269,0
33271,1
33272,0
33274,1
33278,0
33280,0
33281,1
33283,1
33287,0
33290,0
33291,1
33294,1
33299,0
33309,0
33312,1
33313,1
33314,1
33315,1
33320,0
33322,1
33323,1
33325,1
33330,0
33332,1
33333,0
33334,1
33336,0
33343,1
33344,1
33345,1
33347,0
33349,1
33351,1
33356,1
33357,1
33359,1
33363,0
33364,0
33365,1
33366,1
33367,0
33373,1
33381,1
33383,1
33384,0
33388,1
33392,1
33396,1
33397,0
33403,0
33406,0
33408,0
33410,1
33412,1
33413,0
33423,1
33424,0
33425,0
33428,1
33431,0
33432,1
33437,0
33438,0
33440,0
33441,1
33442,0
33443,1
33444,0
33445,1
33452,1
33459,0
33460,0
33468,0
33470,0
33471,0
33472,1
33473,0
33477,1
33478,0
33482,0
33483,1
33484,0
33485,0
33491,0
33492,0
33494,1
33495,0
33496,0
33499,1
33502,1
33505,1
33508,0
33510,0
33514,0
33518,1
33519,0
33521,1
33522,1
33524,0
33527,0
33530,1
33536,1
33537,0
33539,1
33540,0
33541,1
33543,0
33545,1
33552,0
33554,0
33556,1
33559,0
33561,1
33563,0
33566,0
33567,0
33571,1
33573,0
33576,1
33583,1
33584,1
33588,1
33594,0
33597,1
33602,0
33605,0
33606,1
33607,1
33609,0
33610,1
33612,1
33614,1
33615,0
33616,1
33618,1
33619,0
33620,1
33626,1
33627,1
33630,0
33632,1
33634,0
33635,0
33637,0
33640,0
33643,0
33644,1
33645,1
33646,0
33648,0
33651,0
33653,0
33656,1
33658,1
33659,1
33663,0
33664,0
33666,0
33667,0
33668,0
33669,1
33670,0
33673,0
33677,1
33678,0
33682,1
33684,0
33685,1
33686,0
33687,0
33691,1
33695,0
33696,0
33697,0
33700,0
33702,0
33704,0
33705,1
33714,0
33719,1
33723,1
33724,0
33728,1
33732,0
33734,0
33735,0
33738,0
33743,0
33744,1
33745,1
33747,0
33748,0
33749,1
33750,1
33751,0
33752,0
33757,0
33758,1
33767,1
33769,0
33771,0
33778,0
33781,0
33784,1
33788,1
33790,0
33791,1
33793,1
33796,0
33798,1
33801,1
33806,1
33808,0
33810,0
33811,0
33814,1
33816,0
33817,1
33818,1
33821,0
33823,0
33827,0
33828,0
33831,1
33832,1
33834,1
33837,1
33838,0
33840,1
33843,0
33846,1
33847,0
33848,0
33849,0
33850,1
33851,0
33852,1
33853,0
33854,0
33856,0
33859,0
33865,0
33868,0
33870,0
33872,0
33876,0
33885,1
33887,1
33889,0
33891,0
33892,1
33893,1
33894,1
33898,0
33899,1
33901,0
33902,0
33903,0
33904,0
33907,1
33910,0
33920,0
33921,1
33924,1
33925,1
33927,0
33928,1
33930,1
33931,0
33933,1
33944,0
33945,0
33946,0
33947,1
33949,1
33954,0
33955,0
33956,0
33957,1
33959,0
33962,0
33964,1
33966,1
33967,1
33975,0
33976,0
33979,0
33980,0
33981,0
33984,0
33986,0
33989,1
33990,0
33991,1
33992,1
33996,0
34006,0
34007,0
34011,0
34012,1
34013,1
34014,0
34015,0
34017,0
34018,1
34019,1
34020,0
34022,0
34026,1
34030,0
34033,0
34036,0
34038,1
34040,0
34050,1
34051,0
34053,1
34055,1
34057,1
34058,0
34060,1
34066,1
34068,0
34070,0
34075,0
34077,0
34078,1
34079,1
34083,0
34084,0
34086,0
34087,0
34088,0
34089,0
34090,0
34092,1
34094,0
34097,0
34099,1
34103,1
34105,1
34107,0
34108,1
34110,0
34114,0
34124,0
34126,0
34129,0
34135,0
34141,1
34143,0
34145,0
34146,1
34148,1
34149,0
34150,0
34151,0
34154,1
34155,0
34158,0
34160,1
34161,0
34163,0
34173,1
34174,1
34175,1
34176,1
34182,0
34187,1
34189,1
34190,1
34193,1
34194,1
34195,0
34200,0
34201,0
34203,1
34206,0
34215,0
34218,1
34221,0
34223,0
34227,0
34234,1
34235,0
34237,1
34239,1
34250,0
34252,1
34256,0
34258,0
34265,1
34267,0
34271,0
34272,0
34275,1
34276,0
34277,0
34278,0
34280,0
34281,1
34286,0
34287,1
34289,1
34291,1
34300,0
34301,0
34302,0
34316,0
34317,0
34318,1
34320,0
34321,0
34324,0
34325,1
34331,0
34332,1
34333,0
34338,0
34342,1
34343,0
34351,1
34354,0
34358,1
34359,1
34360,0
34363,0
34365,1
34368,1
34370,1
34373,1
34375,1
34377,0
34378,0
34379,0
34381,0
34383,1
34385,0
34387,1
34389,1
34393,0
34394,0
34396,1
34397,1
34400,1
34410,1
34412,0
34414,0
34416,0
34417,0
34419,0
34420,1
34421,0
34422,0
34425,0
34427,0
34428,1
34429,1
34432,0
34433,0
34439,1
34441,0
34444,0
34446,0
34447,1
34449,1
34451,1
34452,0
34454,0
34455,1
34456,0
34457,0
34458,0
34463,1
34464,1
34465,0
34468,0
34469,0
34470,0
34471,0
34474,0
34475,0
34476,1
34480,1
34481,1
34482,0
34483,0
34486,1
34491,1
34492,1
34498,1
34499,1
34500,0
34503,1
34507,0
34509,0
34512,0
34513,0
34514,0
34515,0
34516,0
34517,0
34522,1
34527,1
34528,1
34529,1
34531,0
34534,0
34539,0
34545,1
34546,0
34547,1
34548,1
34549,1
34553,0
34555,1
34557,0
34560,0
34561,1
34563,0
34564,1
34570,1
34571,1
34572,1
34574,0
34578,0
34581,0
34582,0
34583,1
34585,1
34586,0
34588,0
34593,1
34594,0
34597,0
34598,0
34599,0
34600,1
34603,1
34604,1
34605,1
34607,1
34609,0
34613,0
34614,0
34618,0
34620,0
34626,1
34629,1
34630,0
34638,1
34639,0
34641,1
34642,0
34645,0
34649,1
34650,1
34651,0
34653,1
34655,0
34657,0
34658,1
34663,0
34664,0
34665,1
34666,1
34667,1
34668,0
34676,0
34680,0
34685,1
34687,0
34688,0
34689,0
34692,1
34695,0
34696,1
34697,0
34699,0
34703,0
34706,1
34709,0
34715,1
34716,0
34723,0
34728,0
34729,1
34730,1
34733,1
34735,0
34739,1
34740,1
34746,0
34749,1
34750,0
34755,1
34758,0
34759,0
34760,0
34768,1
34769,0
34771,0
34772,0
34773,1
34775,0
34780,1
34781,1
34789,0
34790,0
34792,0
34793,0
34798,0
34802,1
34804,0
34805,1
34809,0
34814,1
34815,1
34816,1
34818,1
34819,1
34822,1
34823,1
34824,0
34825,0
34826,0
34827,1
34828,0
34829,0
34831,0
34834,0
34836,1
34844,1
34845,0
34848,1
34849,0
34850,1
34855,0
34856,0
34860,1
34866,0
34867,1
34869,1
34871,1
34873,0
34874,0
34875,0
34877,1
34878,0
34880,0
34882,1
34883,0
34885,0
34886,1
34887,0
34889,1
34890,1
34896,0
34898,1
34899,1
34900,1
34901,1
34902,1
34905,0
34907,0
34911,0
34912,0
34913,0
34914,0
34915,1
34916,0
34920,0
34922,0
34924,0
34926,0
34927,1
34928,0
34932,1
34933,0
34938,0
34941,0
34943,0
34946,1
34948,0
34949,0
34950,0
34953,0
34954,1
34960,1
34963,0
34971,0
34972,0
34973,0
34974,0
34976,1
34979,0
34980,0
34984,1
34985,0
34993,1
34995,0
34997,1
35000,1
35002,1
35003,1
35004,1
35009,0
35010,1
35013,1
35014,0
35015,0
35019,0
35020,1
35024,1
35025,1
35029,1
35030,0
35033,0
35035,0
35040,1
35047,0
35048,0
35050,1
35051,0
35055,0
35057,1
35059,1
35060,1
35061,1
35062,1
35063,1
35064,1
35065,1
35066,1
35067,1
35068,0
35072,1
35077,1
35078,0
35081,0
35086,0
35089,1
35090,1
35096,0
35100,1
35101,0
35102,1
35104,0
35105,0
35107,1
35108,1
35109,0
35110,1
35115,0
35120,1
35121,0
35123,0
35125,1
35126,1
35127,0
35129,1
35130,0
35132,1
35133,1
35137,0
35138,0
35141,0
35143,0
35144,0
35146,0
35149,0
35150,0
35154,1
35158,0
35159,0
35165,0
35166,1
35167,0
35169,0
35170,1
35173,0
35175,0
35177,0
35180,0
35181,1
35182,1
35185,1
35188,0
35189,1
35190,1
35191,1
35193,1
35196,0
35202,0
35204,1
35206,0
35208,0
35209,1
35210,1
35211,0
35220,0
35222,0
35223,1
35228,1
35234,1
35236,0
35237,0
35238,0
35241,0
35243,1
35245,0
35248,0
35249,1
35253,1
35257,1
35259,0
35260,0
35267,0
35270,0
35271,0
35275,1
35276,0
35278,1
35283,1
35286,0
35287,1
35288,0
35292,1
35296,1
35297,0
35306,1
35315,1
35316,1
35321,1
35322,0
35325,1
35327,1
35330,0
35333,1
35334,1
35335,0
35337,1
35339,1
35341,0
35344,0
35347,1
35349,0
35351,1
35354,0
35356,1
35359,0
35362,1
35363,0
35364,0
35366,1
35367,0
35371,1
35374,1
35380,0
35381,0
35387,0
35390,0
35391,0
35392,0
35395,1
35397,1
35398,1
35401,1
35406,1
35408,0
35411,0
35414,0
35415,1
35418,1
35431,0
35437,1
35438,0
35439,1
35444,1
35446,1
35451,0
35453,0
35458,0
35460,1
35461,0
35462,1
35465,1
35466,1
35467,0
35470,1
35471,1
35473,1
35474,0
35475,0
35477,0
35479,0
35480,0
35481,1
35482,1
35486,1
35487,0
35488,0
35490,1
35491,0
35492,1
35495,0
35497,1
35500,0
35502,0
35507,0
35510,0
35512,1
35513,1
35514,0
35515,0
35517,0
35522,1
35523,1
35524,0
35525,1
35529,0
35530,1
35539,1
35542,1
35547,0
35549,1
35550,0
35556,1
35559,1
35561,1
35565,0
35566,0
35567,1
35568,1
35570,0
35571,0
35573,0
35574,1
35575,1
35576,0
35580,1
35582,0
35588,1
35590,0
35592,0
35595,1
35598,0
35601,1
35603,1
35605,1
35609,0
35610,0
35611,1
35614,0
35616,0
35617,0
35622,0
35626,1
35627,1
35628,0
35631,0
35632,1
35633,1
35640,0
35645,0
35647,1
35651,0
35653,1
35655,1
35656,1
35657,0
35660,1
35663,0
35666,0
35667,0
35672,1
35673,1
35676,1
35678,0
35680,0
35682,1
35684,0
35687,1
35688,1
35689,1
35691,0
35692,1
35699,0
35701,1
35702,1
35703,1
35705,0
35708,1
35710,0
35712,1
35713,0
35716,1
35717,0
35719,0
35722,0
35725,0
35726,1
35731,1
35734,1
35735,1
35736,1
35738,0
35740,1
35743,0
35744,1
35745,0
35746,0
35754,0
35758,1
35761,1
35762,0
35766,1
35770,0
35771,0
35772,1
35773,1
35774,1
35775,1
35777,1
35779,0
35783,1
35784,1
35787,1
35792,0
35796,0
35797,1
35799,0
35800,0
35802,1
35803,1
35804,0
35809,1
35813,0
35817,1
35818,0
35819,1
35821,1
35822,1
35828,0
35829,1
35832,0
35835,0
35836,1
35837,1
35838,1
35839,0
35840,1
35844,0
35846,1
35848,1
35852,1
35853,0
35855,1
35858,1
35859,1
35861,0
35862,0
35867,0
35868,1
35871,0
35872,1
35875,1
35879,1
35880,1
35883,1
35885,1
35891,0
35893,1
35895,0
35901,0
35903,0
35907,0
35910,1
35911,1
35914,1
35917,0
35919,1
35927,0
35929,1
35934,1
35937,1
35938,0
35941,1
35942,0
35943,1
35944,0
35945,1
35948,0
35952,1
35958,1
35961,1
35962,0
35963,0
35964,1
35966,0
35967,1
35969,1
35972,0
35975,0
35978,0
35982,1
35988,0
35994,1
35996,1
35998,0
36001,0
36002,0
36004,1
36007,1
36009,0
36014,0
36015,0
36016,1
36017,0
36018,0
36021,1
36022,0
36026,0
36031,0
36033,0
36034,0
36036,0
36039,0
36044,0
36045,0
36046,0
36051,1
36053,1
36055,0
36058,1
36060,0
36061,0
36068,1
36070,0
36072,0
36073,0
36074,1
36076,1
36080,1
36082,1
36084,0
36086,0
36090,0
36091,1
36092,0
36095,0
36100,0
36102,1
36103,0
36104,0
36111,0
36112,1
36117,1
36118,1
36119,0
36120,0
36121,0
36125,0
36129,1
36130,1
36131,0
36134,0
36137,1
36140,1
36141,1
36142,1
36147,0
36150,1
36152,1
36153,1
36156,1
36157,0
36165,1
36169,1
36170,1
36171,1
36172,1
36174,1
36175,0
36177,0
36181,1
36191,1
36192,1
36194,1
36195,0
36198,1
36199,0
36200,1
36202,1
36203,0
36205,1
36206,0
36208,1
36210,1
36211,1
36214,1
36218,1
36220,0
36225,0
36226,0
36229,0
36230,0
36232,1
36235,0
36243,0
36244,0
36246,0
36250,0
36251,0
36253,0
36254,0
36263,1
36265,1
36268,0
36280,0
36283,0
36285,0
36287,1
36288,1
36289,1
36290,1
36292,1
36294,1
36297,1
36300,0
36302,1
36304,0
36307,1
36311,0
36312,0
36314,0
36315,0
36317,1
36319,1
36322,1
36323,0
36325,1
36327,0
36328,1
36329,1
36336,0
36337,1
36338,1
36339,0
36341,0
36344,1
36345,1
36346,1
36347,0
36351,1
36354,0
36355,1
36357,1
36359,0
36363,0
36364,1
36365,1
36368,1
36372,0
36378,0
36379,0
36381,0
36384,0
36385,0
36393,0
36395,1
36396,0
36397,0
36398,1
36401,1
36404,1
36406,1
36408,0
36409,1
36410,0
36419,1
36420,0
36426,1
36427,0
36429,1
36431,1
36432,0
36433,1
36434,0
36437,1
36439,1
36440,1
36442,0
36446,0
36450,0
36453,0
36454,0
36456,1
36458,0
36462,1
36463,0
36464,1
36465,1
36466,1
36467,0
36468,1
36469,0
36472,0
36474,1
36476,1
36477,0
36478,0
36479,0
36484,0
36486,0
36494,1
36499,0
36502,0
36503,1
36504,0
36506,0
36508,0
36510,0
36513,0
36516,1
36523,1
36532,1
36535,1
36537,1
36540,1
36542,0
36543,1
36544,0
36545,1
36548,0
36549,1
36556,0
36558,0
36559,0
36563,1
36565,1
36571,0
36574,0
36582,1
36586,1
36590,1
36592,0
36593,0
36594,0
36595,0
36599,0
36602,0
36604,0
36606,1
36608,1
36610,0
36612,1
36613,0
36615,1
36620,0
36625,1
36627,1
36630,0
36632,0
36633,1
36634,0
36635,0
36636,0
36637,1
36641,1
36643,0
36646,0
36650,1
36653,0
36655,0
36657,0
36658,0
36660,1
36661,1
36663,1
36668,0
36671,0
36681,1
36685,1
36687,1
36688,0
36689,1
36695,0
36696,1
36700,1
36701,1
36703,0
36704,1
36708,1
36717,0
36718,0
36721,1
36725,1
36726,0
36729,0
36730,1
36732,0
36733,0
36736,1
36742,0
36743,1
36745,1
36747,1
36749,1
36757,1
36759,0
36760,1
36764,0
36765,0
36771,0
36772,1
36773,1
36776,0
36777,0
36779,1
36782,1
36787,0
36788,0
36789,0
36790,1
36792,0
36793,0
36796,1
36797,0
36798,0
36799,1
36806,0
36808,0
36810,0
36812,1
36818,0
36820,1
36822,1
36827,1
36828,1
36834,1
36837,0
36841,1
36842,1
36844,0
36846,0
36850,1
36853,1
36854,0
36859,0
36865,0
36867,0
36873,1
36878,1
36879,1
36882,1
36888,0
36892,1
36894,0
36906,1
36907,1
36909,0
36912,0
36913,0
36914,1
36916,0
36917,0
36918,0
36924,0
36925,0
36928,1
36929,0
36930,0
36931,0
36932,1
36937,1
36939,1
36941,0
36942,1
36945,1
36949,1
36951,0
36952,1
36955,1
36961,1
36962,1
36964,0
36965,1
36966,0
36971,0
36972,0
36973,1
36974,1
36975,0
36976,0
36978,1
36980,0
36981,1
36982,0
36985,0
36986,0
36987,0
36988,1
36989,1
36991,0
36993,1
36996,0
36998,1
37002,1
37003,0
37004,0
37005,1
37006,0
37007,1
37008,0
37009,1
37013,1
37015,0
37021,0
37025,0
37027,1
37028,1
37030,1
37031,0
37035,1
37036,1
37037,0
37040,1
37045,0
37046,1
37047,0
37048,1
37049,1
37050,1
37052,0
37053,1
37054,1
37055,1
37056,1
37060,1
37061,1
37065,1
37068,1
37069,1
37073,1
37078,0
37081,0
37084,0
37086,0
37094,1
37095,0
37101,0
37104,0
37106,1
37108,1
37109,0
37110,1
37111,0
37113,0
37115,0
37116,1
37123,0
37124,1
37127,1
37129,1
37137,0
37140,1
37144,0
37145,0
37146,0
37147,0
37151,0
37152,1
37156,0
37159,0
37163,1
37167,1
37173,1
37175,1
37176,0
37179,1
37180,0
37181,0
37186,0
37191,0
37193,0
37195,1
37197,0
37206,1
37211,1
37213,1
37214,0
37217,1
37220,0
37225,0
37232,1
37233,0
37235,1
37236,1
37237,0
37238,0
37240,1
37242,1
37245,0
37246,1
37249,1
37253,1
37258,1
37259,0
37260,1
37262,0
37265,1
37278,0
37280,0
37288,1
37293,0
37298,0
37299,1
37301,0
37302,0
37305,0
37312,0
37313,0
37317,1
37318,1
37319,1
37321,0
37322,1
37333,1
37335,0
37338,1
37339,0
37341,1
37343,1
37348,1
37349,0
37351,1
37352,0
37353,1
37355,1
37356,1
37357,1
37358,1
37360,0
37361,0
37362,1
37364,0
37367,0
37368,1
37371,0
37378,0
37379,0
37380,0
37382,1
37383,1
37384,0
37388,0
37391,0
37392,1
37393,0
37395,1
37396,1
37397,0
37398,1
37401,1
37402,0
37406,1
37407,1
37412,0
37413,0
37414,1
37417,1
37418,1
37420,1
37425,0
37427,0
37438,1
37441,1
37444,1
37446,1
37447,1
37448,1
37449,1
37450,0
37451,0
37452,1
37454,1
37457,1
37461,1
37463,1
37464,1
37465,1
37466,1
37467,1
37468,0
37469,0
37472,0
37475,1
37476,1
37477,0
37481,0
37487,1
37488,0
37491,0
37493,1
37500,0
37501,0
37502,1
37506,0
37507,0
37508,0
37512,1
37514,1
37516,1
37517,0
37528,1
37535,0
37540,1
37541,1
37542,1
37544,0
37549,1
37550,0
37551,1
37555,0
37558,1
37560,0
37561,1
37562,1
37563,1
37565,0
37566,0
37569,1
37570,0
37571,0
37573,1
37575,1
37578,0
37579,0
37581,0
37582,0
37583,1
37586,1
37587,0
37590,0
37599,0
37601,0
37606,0
37607,1
37609,0
37611,1
37612,0
37613,1
37614,1
37616,1
37619,0
37620,0
37622,0
37624,0
37625,1
37628,1
37629,0
37631,1
37633,0
37634,1
37639,0
37641,1
37642,0
37643,0
37644,0
37647,0
37649,1
37651,1
37652,0
37654,1
37655,1
37658,0
37661,0
37662,1
37663,1
37670,1
37673,1
37675,1
37676,1
37679,0
37681,0
37684,1
37688,0
37690,1
37692,1
37700,0
37701,1
37704,0
37705,1
37706,0
37708,1
37709,0
37710,1
37711,1
37712,0
37720,1
37722,1
37723,0
37724,0
37725,1
37727,1
37731,1
37736,0
37742,1
37743,1
37746,0
37750,1
37752,0
37753,1
37755,1
37759,1
37762,1
37765,0
37766,1
37767,0
37771,0
37772,1
37776,1
37777,1
37778,0
37781,0
37787,0
37788,1
37793,0
37795,1
37796,0
37797,0
37798,0
37801,0
37804,1
37808,0
37809,0
37812,0
37817,0
37821,0
37823,1
37824,1
37825,1
37827,1
37830,0
37832,0
37834,0
37835,0
37836,1
37842,1
37843,1
37844,0
37845,0
37850,0
37852,1
37853,1
37855,0
37856,1
37857,0
37859,0
37860,1
37861,1
37862,1
37865,1
37867,1
37868,1
37869,1
37871,1
37872,0
37874,0
37879,0
37885,1
37886,0
37887,0
37889,1
37891,0
37896,1
37898,0
37901,0
37905,0
37907,1
37911,1
37912,0
37913,1
37916,1
37917,0
37918,0
37919,1
37922,0
37925,1
37929,0
37932,0
37934,0
37936,1
37938,0
37940,0
37942,0
37948,1
37949,0
37951,1
37956,0
37957,0
37962,1
37963,0
37965,1
37967,1
37971,1
37972,0
37974,1
37976,1
37977,1
37979,1
37981,0
37983,0
37986,0
37987,1
37990,1
37996,0
37998,1
38001,0
38005,0
38008,0
38009,0
38010,1
38011,0
38017,0
38019,0
38020,0
38023,1
38025,0
38031,0
38033,1
38034,1
38035,1
38043,1
38046,0
38050,1
38054,1
38056,1
38057,1
38067,1
38070,1
38073,0
38076,0
38077,1
38080,1
38081,0
38085,0
38086,0
38088,1
38090,0
38092,0
38094,0
38100,1
38102,0
38103,1
38104,0
38105,1
38108,1
38114,0
38115,0
38117,1
38118,1
38121,1
38123,0
38124,0
38128,0
38132,0
38134,1
38136,0
38138,0
38144,1
38145,1
38148,1
38149,1
38150,1
38152,0
38153,1
38154,1
38156,0
38158,1
38160,1
38162,1
38163,1
38164,0
38165,1
38171,0
38176,0
38178,1
38181,0
38182,1
38184,0
38196,1
38197,1
38199,0
38203,1
38204,1
38207,1
38209,0
38211,1
38216,0
38219,0
38221,1
38224,0
38226,1
38232,1
38233,0
38235,0
38236,1
38237,0
38243,1
38245,0
38250,0
38251,1
38254,0
38258,1
38263,1
38264,1
38267,0
38271,1
38273,0
38274,0
38280,0
38282,1
38284,0
38285,1
38287,0
38288,1
38290,0
38291,0
38292,1
38293,0
38299,0
38301,0
38302,0
38303,1
38307,0
38308,0
38310,1
38315,1
38319,1
38320,0
38322,0
38323,1
38326,1
38327,0
38328,0
38329,1
38331,1
38332,1
38333,0
38334,1
38335,0
38337,0
38338,0
38339,0
38341,0
38342,1
38344,1
38345,0
38346,1
38348,0
38350,1
38351,0
38356,1
38358,1
38362,0
38363,0
38367,0
38368,1
38369,1
38371,0
38372,0
38373,1
38374,1
38377,0
38385,1
38386,0
38388,0
38391,1
38394,0
38395,1
38396,0
38399,0
38403,1
38405,1
38407,0
38412,1
38415,0
38420,1
38424,0
38426,0
38430,1
38432,1
38433,0
38438,0
38441,0
38446,1
38449,0
38450,1
38455,1
38458,0
38462,1
38465,0
38467,0
38468,0
38469,1
38470,0
38471,1
38472,0
38474,0
38475,0
38480,0
38485,0
38486,0
38488,0
38489,0
38491,0
38492,1
38499,1
38503,0
38504,0
38507,1
38512,1
38513,1
38514,1
38515,0
38516,1
38517,0
38519,1
38524,1
38531,1
38534,1
38539,0
38542,1
38547,1
38549,0
38551,1
38552,1
38555,1
38556,0
38567,0
38568,0
38569,1
38574,1
38576,0
38577,1
38578,0
38579,1
38580,1
38583,0
38584,0
38591,0
38592,0
38596,0
38598,0
38604,1
38615,1
38617,0
38618,1
38623,0
38627,1
38631,0
38632,1
38635,1
38638,1
38640,1
38642,0
38643,1
38644,0
38646,1
38647,0
38648,1
38650,0
38651,0
38654,1
38655,0
38658,0
38661,1
38663,1
38665,0
38668,0
38670,0
38671,1
38674,0
38675,0
38676,0
38680,0
38682,1
38685,0
38690,0
38695,0
38700,0
38703,0
38705,0
38706,0
38707,1
38709,0
38710,0
38711,0
38715,1
38719,0
38721,0
38722,1
38723,0
38725,0
38727,0
38729,1
38731,1
38733,1
38735,1
38743,1
38744,0
38749,1
38750,1
38751,1
38752,1
38753,0
38755,1
38756,1
38759,0
38761,0
38768,1
38772,0
38773,1
38777,0
38778,1
38781,1
38783,0
38784,0
38786,0
38787,1
38789,1
38791,0
38792,0
38793,1
38794,1
38795,1
38796,1
38798,0
38799,0
38800,0
38803,0
38805,0
38808,0
38811,0
38815,0
38817,1
38822,0
38824,0
38830,1
38833,0
38834,1
38835,1
38838,1
38840,1
38841,1
38850,0
38852,1
38853,1
38855,1
38856,1
38857,0
38860,1
38864,0
38866,1
38867,0
38868,0
38869,1
38872,1
38875,1
38880,0
38885,1
38889,1
38891,0
38892,0
38898,1
38901,0
38904,1
38906,0
38909,1
38911,1
38912,0
38915,0
38916,1
38923,1
38925,1
38926,1
38929,0
38930,0
38933,1
38934,0
38935,0
38937,0
38943,1
38944,1
38948,1
38949,1
38951,1
38952,0
38953,0
38954,1
38956,0
38958,0
38964,1
38966,1
38971,0
38972,0
38973,0
38977,0
38978,0
38979,0
38986,0
38987,1
38988,1
38990,0
38993,0
38994,0
38996,0
38998,1
39002,1
39005,1
39006,1
39011,0
39016,1
39019,0
39020,1
39023,1
39024,1
39025,0
39030,1
39036,1
39038,1
39039,0
39040,0
39042,1
39043,1
39045,1
39047,0
39051,1
39052,1
39053,0
39057,0
39058,0
39059,1
39060,0
39065,1
39069,0
39070,0
39072,0
39073,0
39078,0
39079,1
39081,0
39086,1
39087,0
39088,1
39089,0
39090,1
39095,0
39097,1
39098,0
39099,1
39100,0
39102,0
39108,0
39109,1
39110,0
39119,0
39120,1
39123,0
39125,1
39133,0
39134,1
39136,1
39140,0
39141,1
39143,0
39145,0
39146,1
39149,0
39152,0
39158,0
39160,0
39161,1
39162,1
39166,0
39167,1
39169,1
39171,1
39172,1
39173,1
39174,0
39175,1
39177,0
39178,1
39186,0
39190,1
39193,0
39200,0
39201,1
39202,1
39205,1
39206,0
39212,1
39214,1
39220,1
39223,1
39225,1
39230,0
39234,1
39235,0
39240,1
39243,1
39245,1
39249,0
39251,1
39252,1
39254,0
39255,1
39257,0
39260,1
39263,0
39265,0
39269,1
39270,0
39281,0
39283,1
39285,0
39286,0
39290,1
39296,0
39297,1
39298,0
39303,1
39304,0
39305,1
39307,0
39308,1
39309,1
39315,1
39316,1
39317,0
39319,1
39320,1
39322,1
39323,1
39326,1
39333,1
39334,1
39338,1
39347,1
39348,0
39349,0
39350,1
39352,1
39356,1
39357,0
39359,0
39360,0
39364,0
39365,1
39367,0
39368,1
39370,1
39371,0
39373,1
39374,0
39375,1
39376,1
39381,1
39386,1
39388,1
39394,1
39395,0
39399,0
39402,0
39403,0
39405,1
39410,1
39414,0
39419,0
39420,0
39426,1
39436,1
39438,0
39440,0
39444,0
39445,0
39448,0
39453,1
39456,0
39457,1
39460,1
39469,1
39470,1
39472,0
39473,1
39479,0
39491,0
39492,1
39493,1
39496,0
39498,1
39500,0
39502,1
39504,1
39507,1
39514,0
39517,0
39518,0
39520,0
39524,0
39525,0
39533,1
39534,1
39536,0
39538,1
39539,0
39545,0
39547,0
39549,0
39551,0
39552,0
39553,1
39556,1
39559,0
39562,0
39564,1
39569,0
39570,0
39572,0
39577,1
39578,1
39579,1
39580,0
39582,0
39583,0
39586,0
39587,0
39591,0
39594,0
39595,0
39600,1
39601,1
39602,0
39603,1
39604,1
39606,0
39611,1
39614,1
39617,0
39618,0
39620,0
39623,1
39626,1
39628,0
39631,0
39636,0
39638,1
39639,0
39650,0
39651,0
39654,1
39656,1
39661,1
39662,0
39663,0
39664,0
39665,0
39675,0
39682,0
39683,0
39684,0
39685,0
39695,1
39696,0
39698,0
39701,0
39707,0
39710,0
39713,0
39717,0
39720,0
39726,0
39729,0
39730,0
39734,1
39737,0
39739,1
39740,1
39741,0
39746,1
39749,0
39750,1
39756,0
39760,0
39765,0
39766,0
39767,1
39768,0
39771,0
39772,0
39774,1
39775,0
39776,1
39777,1
39778,1
39780,0
39781,0
39782,1
39783,0
39785,1
39791,1
39792,0
39793,1
39794,0
39795,0
39797,1
39798,1
39799,0
39804,0
39807,1
39808,1
39810,0
39811,1
39812,0
39816,0
39817,0
39819,0
39820,0
39823,0
39826,1
39827,0
39831,0
39832,1
39836,1
39837,1
39838,0
39845,1
39847,1
39850,1
39855,1
39859,1
39861,1
39862,0
39863,0
39864,0
39865,0
39867,0
39868,1
39869,1
39871,1
39875,1
39876,0
39879,1
39880,0
39883,1
39884,1
39891,1
39896,0
39897,0
39899,1
39900,0
39903,1
39905,0
39906,1
39909,0
39912,1
39914,0
39915,1
39917,1
39924,0
39927,0
39931,0
39932,0
39935,0
39938,0
39941,0
39944,1
39946,0
39949,1
39958,1
39964,0
39970,1
39971,1
39972,1
39976,0
39979,1
39980,0
39982,0
39983,1
39985,0
39987,0
39992,1
39996,0
39998,0
40007,1
40011,1
40016,1
40017,0
40019,1
40020,0
40022,0
40028,0
40030,0
40032,0
40035,0
40038,0
40044,0
40046,0
40047,0
40050,0
40053,0
40060,1
40061,1
40063,1
40064,0
40066,1
40068,1
40073,1
40078,1
40079,1
40081,1
40084,0
40089,1
40091,1
40094,1
40096,1
40097,1
40099,1
40100,0
40101,0
40104,1
40108,1
40109,0
40110,1
40113,0
40114,0
40115,1
40124,0
40126,0
40127,1
40128,1
40131,0
40133,1
40134,1
40136,0
40138,1
40139,0
40142,1
40145,0
40147,0
40151,1
40152,0
40154,0
40156,0
40157,0
40160,0
40164,1
40165,1
40168,0
40171,1
40176,0
40179,1
40184,0
40185,0
40187,0
40189,0
40190,1
40192,0
40193,0
40194,1
40195,0
40196,0
40201,0
40203,0
40205,1
40207,1
40211,0
40212,1
40213,0
40217,0
40223,0
40224,0
40226,1
40229,0
40232,1
40233,0
40244,1
40246,1
40247,1
40249,0
40252,0
40262,0
40264,1
40266,0
40267,1
40268,0
40277,0
40278,1
40282,1
40284,0
40286,0
40288,0
40291,0
40292,1
40294,0
40300,0
40301,1
40302,1
40303,1
40305,0
40307,0
40312,1
40313,1
40319,0
40320,1
40324,0
40325,0
40330,1
40342,0
40347,0
40349,1
40350,0
40353,1
40354,1
40355,1
40358,1
40366,1
40367,1
40371,1
40372,0
40373,0
40379,0
40383,0
40385,0
40390,1
40393,1
40394,0
40399,1
40402,0
40404,0
40406,0
40408,0
40409,0
40413,1
40414,1
40416,0
40418,1
40420,1
40421,0
40424,0
40426,1
40429,0
40431,0
40435,1
40444,1
40446,0
40451,0
40454,1
40456,1
40457,1
40458,1
40461,0
40463,0
40466,1
40467,1
40468,0
40470,0
40472,1
40479,1
40480,0
40481,1
40482,0
40485,1
40486,1
40487,1
40488,1
40490,0
40491,1
40493,1
40494,1
40496,1
40497,0
40498,1
40499,0
40501,0
40502,0
40504,0
40507,1
40509,1
40510,1
40511,0
40512,0
40513,0
40516,0
40525,1
40530,0
40534,1
40535,1
40539,1
40541,0
40542,0
40544,0
40545,0
40546,1
40549,1
40552,1
40556,0
40558,0
40559,0
40560,1
40561,1
40562,0
40564,1
40565,1
40578,1
40579,0
40583,0
40586,0
40587,0
40588,0
40593,0
40594,1
40599,1
40601,0
40604,0
40612,0
40615,0
40616,0
40617,1
40621,1
40628,1
40638,1
40640,1
40641,0
40642,1
40644,1
40645,1
40648,0
40653,1
40654,1
40656,0
40658,0
40662,1
40667,0
40670,0
40671,0
40678,1
40679,1
40682,1
40683,0
40684,0
40686,0
40688,1
40690,0
40691,1
40693,1
40696,0
40697,0
40701,1
40706,0
40707,1
40711,1
40715,0
40716,0
40717,1
40718,0
40720,0
40722,0
40723,0
40725,1
40726,1
40727,0
40729,0
40730,1
40732,0
40733,0
40739,1
40740,0
40741,0
40743,1
40744,0
40745,1
40746,0
40748,0
40749,1
40751,0
40752,0
40753,1
40754,0
40758,1
40759,0
40768,0
40775,1
40780,1
40782,1
40785,1
40786,0
40788,0
40791,0
40793,0
40794,1
40795,1
40797,0
40799,1
40803,0
40804,0
40816,1
40820,0
40822,1
40823,1
40829,0
40834,0
40835,0
40841,1
40842,1
40848,1
40851,0
40854,0
40855,0
40857,0
40858,1
40859,0
40861,0
40868,1
40874,1
40878,1
40880,0
40884,0
40891,0
40892,1
40894,0
40895,0
40896,1
40899,1
40900,0
40901,0
40903,1
40907,0
40914,0
40926,0
40929,0
40931,1
40932,0
40939,0
40943,0
40945,0
40946,0
40951,1
40955,1
40958,1
40960,1
40966,1
40968,1
40972,0
40973,0
40974,0
40975,1
40979,0
40980,1
40981,1
40986,1
40987,0
40988,0
40989,0
41002,1
41003,1
41009,0
41011,0
41015,0
41016,0
41017,0
41019,1
41022,0
41023,0
41026,0
41027,1
41028,1
41029,0
41030,1
41032,1
41036,1
41037,1
41040,1
41041,1
41044,0
41046,1
41047,0
41052,0
41053,1
41054,1
41055,0
41056,0
41057,0
41058,0
41060,1
41063,1
41064,0
41065,0
41068,0
41070,1
41071,1
41073,0
41074,1
41075,0
41077,1
41078,1
41081,0
41082,0
41083,1
41086,0
41089,1
41090,0
41091,0
41096,0
41099,0
41102,1
41108,0
41111,0
41112,1
41115,1
41116,0
41117,1
41118,1
41121,0
41122,1
41123,1
41125,1
41131,1
41132,0
41134,0
41135,1
41139,1
41140,1
41142,0
41147,1
41149,1
41150,1
41152,0
41157,0
41159,1
41163,1
41166,0
41167,0
41169,0
41170,0
41173,0
41175,1
41176,1
41181,0
41182,0
41183,1
41185,0
41188,0
41198,0
41201,1
41202,0
41203,1
41205,0
41209,0
41213,1
41214,1
41216,1
41218,0
41219,0
41220,0
41221,0
41225,0
41226,1
41228,0
41229,1
41233,1
41235,0
41240,1
41241,0
41244,0
41246,0
41247,1
41248,1
41249,1
41250,0
41254,1
41257,0
41258,0
41260,0
41265,0
41267,1
41268,0
41277,1
41280,0
41281,1
41282,1
41285,0
41291,0
41293,0
41297,1
41301,1
41303,0
41307,0
41310,1
41314,1
41316,0
41317,0
41319,1
41320,1
41325,1
41327,1
41328,1
41331,1
41335,0
41339,0
41343,0
41344,0
41345,1
41346,0
41347,1
41348,0
41350,0
41351,1
41354,0
41360,0
41361,0
41368,1
41371,1
41374,1
41378,0
41387,1
41394,1
41397,0
41401,1
41403,1
41405,0
41407,1
41414,0
41415,0
41417,0
41421,1
41428,1
41430,0
41431,0
41432,0
41433,0
41434,1
41436,0
41437,1
41442,0
41443,0
41446,1
41448,0
41453,1
41455,1
41456,1
41458,0
41461,1
41462,1
41464,1
41465,1
41467,1
41468,1
41474,1
41478,0
41479,0
41480,1
41483,0
41485,0
41486,1
41487,0
41488,1
41494,0
41498,0
41501,1
41503,0
41504,1
41507,0
41509,0
41511,1
41513,0
41514,0
41515,0
41516,0
41517,0
41519,0
41522,1
41523,0
41524,0
41527,1
41528,0
41531,0
41535,1
41536,1
41540,1
41544,1
41547,1
41549,0
41551,1
41558,0
41559,0
41561,0
41562,0
41563,0
41567,1
41568,1
41570,0
41571,1
41573,1
41582,0
41584,1
41585,0
41588,1
41590,1
41592,1
41593,0
41594,0
41596,0
41597,0
41599,0
41601,0
41602,0
41608,1
41611,1
41612,1
41614,0
41617,1
41619,0
41622,1
41628,1
41630,1
41636,1
41639,0
41642,1
41643,0
41644,1
41649,0
41651,1
41652,0
41657,1
41660,0
41663,0
41665,1
41669,0
41670,1
41671,1
41674,0
41675,1
41677,1
41680,1
41682,1
41683,0
41690,0
41692,1
41694,1
41701,0
41707,1
41708,0
41710,1
41712,0
41715,1
41717,0
41718,0
41720,0
41721,0
41729,0
41733,0
41734,1
41735,1
41742,1
41745,1
41749,1
41750,0
41754,1
41755,0
41759,1
41760,1
41761,0
41762,0
41763,0
41765,1
41766,1
41767,1
41768,1
41770,0
41771,1
41774,0
41775,0
41777,1
41778,1
41780,1
41784,0
41786,1
41787,0
41788,0
41794,0
41795,0
41798,0
41801,0
41802,1
41803,0
41805,0
41809,1
41810,1
41811,1
41813,1
41820,0
41822,1
41823,0
41825,1
41826,0
41829,0
41831,1
41833,0
41835,0
41836,0
41837,0
41839,1
41840,0
41843,0
41846,0
41848,1
41852,1
41854,1
41857,0
41860,1
41862,0
41863,0
41864,0
41865,1
41868,1
41872,1
41873,1
41875,0
41880,1
41882,1
41883,0
41887,1
41891,1
41894,0
41896,0
41897,0
41900,1
41901,0
41905,0
41909,0
41911,0
41912,0
41913,1
41917,1
41918,1
41919,0
41923,0
41926,0
41927,0
41928,0
41930,1
41932,1
41933,1
41937,0
41939,1
41940,0
41941,1
41942,1
41944,1
41947,0
41950,1
41955,1
41956,0
41958,1
41961,0
41963,0
41964,1
41971,0
41976,0
41978,0
41985,1
41988,0
41989,1
41996,0
41998,1
41999,1
42001,1
42006,1
42008,1
42010,0
42012,0
42015,0
42016,0
42017,0
42019,1
42020,0
42021,0
42022,0
42023,0
42024,1
42026,1
42028,0
42030,1
42031,0
42032,0
42033,0
42036,0
42041,1
42048,1
42049,0
42054,1
42055,0
42056,1
42060,1
42066,1
42070,1
42071,0
42073,1
42076,0
42078,1
42080,0
42081,1
42082,1
42088,1
42090,0
42092,0
42096,0
42097,1
42099,1
42104,0
42106,1
42111,1
42113,0
42116,1
42118,1
42120,0
42123,0
42126,0
42128,1
42129,0
42133,1
42137,0
42139,0
42145,0
42147,1
42148,0
42153,0
42157,0
42160,1
42161,1
42162,0
42164,0
42168,1
42174,0
42175,1
42176,0
42178,0
42182,0
42186,1
42187,1
42188,0
42194,1
42195,1
42202,1
42203,0
42204,1
42207,0
42209,1
42211,0
42213,1
42217,0
42219,0
42221,1
42223,1
42224,1
42230,0
42231,1
42232,1
42234,0
42235,1
42237,1
42238,1
42239,0
42240,1
42241,0
42247,1
42254,0
42255,1
42256,1
42261,0
42262,1
42266,0
42267,0
42270,0
42271,1
42272,0
42274,0
42276,1
42280,0
42290,0
42291,0
42294,0
42297,1
42307,0
42309,0
42314,0
42316,0
42317,1
42322,1
42323,0
42324,1
42325,0
42327,1
42328,1
42329,0
42330,1
42331,1
42332,1
42337,1
42338,0
42340,1
42344,0
42346,1
42366,1
42367,1
42372,1
42375,0
42377,1
42379,0
42383,0
42387,1
42388,0
42389,1
42390,0
42392,1
42393,1
42396,1
42399,0
42400,1
42403,1
42404,1
42406,0
42411,1
42413,0
42414,0
42415,1
42418,1
42419,1
42421,1
42425,0
42430,1
42431,1
42435,0
42436,0
42439,0
42440,0
42441,0
42444,0
42445,0
42446,0
42447,0
42448,0
42451,0
42453,1
42455,0
42456,0
42460,0
42461,1
42463,0
42467,0
42469,0
42470,0
42474,0
42479,1
42483,0
42485,0
42487,1
42489,1
42491,1
42493,1
42494,1
42495,1
42496,1
42500,0
42502,0
42505,0
42508,1
42511,0
42512,1
42513,0
42515,0
42516,0
42517,0
42518,1
42521,0
42536,0
42537,1
42538,1
42539,0
42545,1
42547,0
42552,0
42556,0
42559,0
42560,0
42563,1
42569,1
42572,0
42576,1
42577,1
42578,0
42580,0
42582,1
42583,1
42585,1
42589,1
42590,1
42598,0
42599,0
42607,0
42610,1
42611,1
42613,1
42614,0
42615,0
42616,0
42617,1
42622,1
42623,1
42625,0
42632,0
42633,1
42634,0
42636,0
42641,0
42642,1
42650,1
42651,0
42654,1
42656,1
42658,0
42659,1
42661,0
42664,0
42665,0
42667,1
42671,1
42672,0
42673,1
42674,1
42675,0
42676,1
42680,1
42682,0
42685,0
42688,0
42689,1
42690,0
42694,1
42695,1
42697,0
42701,0
42705,0
42706,1
42707,1
42709,1
42710,0
42711,1
42713,0
42714,1
42718,1
42721,0
42722,0
42724,0
42726,1
42727,1
42731,0
42732,0
42733,0
42734,0
42735,0
42736,1
42737,1
42739,0
42740,0
42742,0
42747,1
42751,0
42752,0
42753,1
42755,0
42759,1
42760,1
42770,0
42772,1
42774,1
42779,0
42780,1
42786,0
42792,1
42794,0
42795,0
42799,1
42800,1
42805,1
42807,0
42808,1
42810,1
42811,1
42812,0
42813,0
42815,1
42816,1
42817,0
42821,0
42822,1
42828,1
42829,0
42830,1
42831,1
42833,0
42834,1
42835,0
42836,1
42838,1
42839,0
42845,0
42848,1
42851,1
42852,1
42854,1
42855,1
42858,0
42860,0
42866,0
42868,0
42871,1
42872,0
42881,0
42882,0
42883,1
42884,1
42885,0
42886,0
42888,0
42891,0
42892,0
42893,1
42897,1
42898,1
42900,1
42903,0
42905,1
42906,1
42907,1
42911,0
42913,1
42916,0
42920,0
42923,0
42930,0
42933,0
42935,0
42937,1
42938,0
42943,1
42951,1
42953,1
42955,1
42956,1
42957,1
42959,1
42960,0
42963,1
42965,1
42966,1
42967,0
42968,0
42969,0
42977,0
42978,1
42980,1
42981,0
42982,0
42983,0
42984,1
42985,0
42986,1
42989,0
42996,1
43000,1
43001,1
43003,0
43004,0
43007,1
43011,1
43013,1
43015,1
43024,1
43026,1
43031,0
43033,1
43036,1
43038,0
43039,1
43042,1
43044,0
43045,0
43046,0
43047,0
43050,1
43052,1
43057,0
43059,0
43064,0
43065,0
43067,0
43068,0
43071,1
43074,0
43075,0
43076,0
43079,1
43085,0
43086,1
43091,1
43096,0
43099,1
43101,1
43106,1
43109,0
43114,1
43116,1
43117,0
43119,0
43120,0
43121,1
43122,0
43123,1
43125,0
43138,1
43145,0
43152,1
43154,1
43155,0
43159,0
43164,0
43165,1
43168,0
43169,0
43170,1
43173,0
43179,0
43184,0
43185,0
43187,0
43188,0
43192,0
43193,1
43194,0
43196,1
43204,0
43206,1
43208,1
43209,0
43212,0
43216,1
43227,1
43228,0
43229,0
43231,1
43232,0
43235,0
43237,1
43238,1
43242,0
43244,0
43247,0
43251,0
43252,0
43254,1
43255,0
43258,1
43260,1
43261,1
43262,0
43270,1
43272,0
43280,1
43282,0
43287,0
43288,0
43290,0
43291,0
43292,1
43293,0
43297,1
43298,1
43300,1
43302,0
43304,1
43306,0
43309,0
43310,0
43311,1
43312,0
43313,1
43315,0
43316,1
43317,1
43319,0
43321,0
43322,0
43323,1
43327,0
43328,0
43329,1
43332,0
43336,1
43338,0
43340,0
43346,1
43351,0
43353,0
43357,0
43358,0
43363,0
43364,1
43367,1
43377,0
43378,0
43379,1
43382,0
43387,0
43390,1
43395,1
43401,1
43406,0
43407,0
43409,0
43412,1
43414,1
43418,1
43419,0
43420,0
43424,1
43428,0
43429,1
43437,0
43441,0
43442,1
43444,0
43447,0
43449,0
43451,1
43452,1
43453,1
43456,1
43459,1
43461,1
43463,1
43470,1
43472,1
43473,1
43474,1
43476,1
43479,0
43481,0
43485,0
43488,0
43489,0
43491,1
43494,0
43495,1
43496,1
43498,1
43499,1
43500,0
43501,0
43505,0
43507,1
43508,0
43509,1
43510,1
43513,0
43515,0
43518,1
43519,0
43521,0
43524,1
43525,0
43526,1
43528,0
43529,0
43530,1
43531,1
43533,0
43538,0
43541,1
43546,0
43551,0
43552,0
43554,0
43573,1
43577,1
43578,1
43580,0
43581,0
43583,1
43584,1
43585,1
43588,0
43590,1
43593,1
43594,1
43595,0
43598,1
43606,1
43608,1
43610,1
43612,1
43614,0
43620,1
43621,0
43623,1
43624,1
43625,1
43626,0
43629,0
43631,1
43633,0
43635,1
43636,1
43637,0
43638,0
43641,0
43645,0
43647,0
43649,0
43654,0
43656,1
43659,1
43662,1
43664,1
43665,1
43666,0
43667,0
43668,0
43669,0
43675,0
43677,0
43679,0
43682,0
43683,0
43684,0
43685,0
43691,0
43693,1
43696,1
43699,0
43701,1
43709,0
43710,0
43712,1
43715,0
43721,1
43722,0
43725,1
43737,1
43746,0
43747,0
43749,0
43750,1
43751,0
43755,1
43756,1
43757,0
43758,1
43760,0
43761,0
43762,1
43768,1
43769,0
43771,1
43772,0
43773,1
43776,1
43777,0
43779,0
43780,1
43781,1
43783,0
43785,0
43786,0
43788,1
43791,1
43793,0
43794,0
43796,1
43797,0
43799,1
43805,1
43806,0
43808,0
43809,1
43811,0
43812,0
43815,1
43818,1
43819,0
43820,1
43824,1
43827,0
43828,0
43832,1
43837,1
43839,0
43842,0
43843,0
43846,0
43847,0
43848,0
43851,1
43853,0
43855,0
43857,1
43859,0
43861,1
43862,0
43864,0
43870,0
43871,0
43876,1
43880,0
43881,1
43883,1
43884,1
43887,0
43892,0
43894,1
43895,0
43901,0
43904,0
43906,0
43908,0
43912,1
43913,1
43916,1
43922,0
43923,0
43924,0
43929,1
43930,1
43936,1
43937,1
43938,1
43939,1
43947,1
43949,1
43950,0
43951,0
43955,1
43957,1
43958,0
43959,0
43960,0
43961,0
43962,0
43969,0
43971,0
43972,1
43985,0
43986,0
43987,1
43988,0
43990,1
43991,0
43996,0
44000,1
44001,1
44002,1
44004,1
44005,0
44006,0
44009,0
44015,1
44017,1
44019,0
44020,1
44021,1
44022,0
44023,0
44024,1
44026,0
44028,1
44031,1
44033,0
44038,1
44039,1
44041,1
44042,1
44044,0
44048,0
44049,1
44050,1
44053,1
44054,0
44058,1
44063,0
44065,1
44066,1
44067,0
44068,0
44074,0
44077,0
44079,1
44086,0
44088,0
44093,1
44095,0
44097,0
44098,1
44099,1
44102,1
44103,1
44106,0
44110,1
44111,0
44112,0
44113,1
44116,0
44122,0
44127,1
44128,1
44132,1
44134,1
44139,1
44140,0
44143,0
44144,1
44145,0
44146,0
44150,1
44151,0
44153,0
44154,1
44160,0
44165,0
44167,0
44168,0
44176,1
44178,0
44180,0
44182,0
44183,1
44187,1
44189,1
44194,0
44195,0
44196,0
44197,0
44198,1
44201,1
44202,0
44203,1
44205,1
44206,1
44208,0
44214,0
44215,0
44218,1
44222,1
44226,1
44229,0
44232,0
44233,1
44237,1
44240,1
44243,0
44244,1
44246,1
44247,0
44249,0
44252,0
44254,0
44261,0
44262,1
44272,1
44274,1
44276,0
44278,1
44279,1
44280,0
44282,1
44283,1
44289,1
44292,1
44293,0
44294,1
44297,0
44298,0
44299,0
44301,0
44306,0
44307,1
44309,0
44312,0
44313,1
44314,1
44315,0
44316,0
44318,0
44320,1
44321,0
44323,1
44326,1
44328,0
44330,1
44331,1
44334,0
44336,1
44339,0
44340,0
44341,0
44345,1
44348,0
44349,0
44350,0
44356,0
44361,1
44363,1
44366,1
44368,1
44371,0
44372,1
44374,0
44377,1
44378,1
44385,0
44387,1
44388,1
44389,1
44390,1
44391,0
44392,1
44393,1
44396,1
44397,0
44399,0
44402,0
44405,0
44406,1
44409,1
44410,1
44411,0
44412,0
44414,0
44418,1
44419,0
44420,0
44421,1
44423,0
44426,0
44429,0
44434,1
44436,1
44438,0
44442,0
44443,0
44444,0
44446,1
44448,1
44452,0
44458,1
44459,0
44460,0
44466,1
44471,0
44472,0
44475,1
44476,1
44477,0
44480,1
44481,1
44482,1
44483,1
44488,1
44490,1
44494,1
44496,0
44497,0
44499,0
44500,1
44501,0
44507,0
44508,1
44509,0
44511,1
44514,0
44517,1
44518,1
44519,1
44521,0
44522,0
44525,1
44530,1
44535,1
44540,0
44541,1
44544,1
44545,0
44547,0
44550,0
44553,0
44556,0
44557,1
44558,0
44559,0
44561,1
44562,0
44563,1
44565,1
44566,1
44571,0
44572,1
44573,1
44576,1
44577,1
44579,0
44580,0
44581,0
44589,1
44590,0
44599,0
44600,1
44602,1
44604,1
44608,0
44609,1
44612,1
44614,0
44616,1
44617,1
44621,1
44626,0
44631,1
44638,0
44639,0
44640,0
44642,0
44643,0
44649,1
44655,0
44656,0
44658,1
44664,1
44665,1
44666,0
44668,1
44670,0
44671,0
44673,0
44678,0
44682,1
44688,0
44690,1
44693,0
44696,1
44701,0
44702,1
44705,0
44708,1
44710,0
44712,0
44714,0
44717,1
44719,0
44722,0
44726,0
44728,1
44729,0
44738,0
44739,0
44742,0
44743,1
44745,0
44746,1
44748,0
44750,1
44751,1
44752,1
44756,1
44757,0
44759,0
44767,1
44774,0
44776,1
44777,0
44779,1
44780,0
44783,0
44784,0
44790,1
44793,0
44794,1
44795,0
44797,0
44798,0
44801,0
44802,1
44803,0
44804,1
44806,1
44807,1
44808,1
44809,0
44813,0
44816,0
44817,1
44821,1
44822,0
44829,1
44830,1
44831,0
44835,1
44836,0
44841,0
44845,1
44846,1
44847,1
44848,0
44853,0
44855,1
44857,0
44861,1
44863,0
44864,1
44865,1
44871,1
44872,0
44882,1
44884,1
44888,1
44890,1
44891,0
44892,1
44893,1
44894,1
44895,1
44897,0
44903,0
44904,1
44905,0
44908,1
44909,0
44910,1
44916,1
44918,1
44919,1
44920,0
44921,1
44922,0
44923,1
44924,0
44925,1
44928,0
44930,1
44931,1
44933,0
44934,0
44936,1
44937,1
44940,1
44945,1
44946,1
44947,1
44948,0
44950,0
44953,0
44956,1
44957,0
44959,1
44962,1
44963,1
44964,0
44965,0
44966,0
44967,1
44970,0
44971,1
44973,1
44974,0
44976,1
44984,0
44985,0
44986,0
44988,0
44989,1
44990,1
44991,0
44995,1
44996,0
45000,1
45002,0
45009,0
45011,0
45013,0
45014,0
45015,0
45016,0
45025,1
45028,1
45029,1
45033,1
45036,1
45037,0
45038,0
45039,1
45042,0
45044,1
45045,1
45046,0
45047,0
45057,0
45058,1
45059,1
45060,0
45062,0
45063,0
45064,0
45072,0
45077,1
45079,0
45081,0
45082,0
45083,0
45084,1
45085,1
45087,1
45088,1
45093,1
45094,0
45096,0
45099,1
45101,0
45104,0
45105,0
45109,0
45114,0
45116,1
45118,0
45121,0
45122,0
45124,1
45125,0
45128,0
45129,0
45131,0
45139,1
45142,1
45143,0
45145,1
45146,1
45147,0
45150,1
45153,0
45164,1
45166,0
45175,1
45177,1
45179,0
45189,0
45190,1
45193,0
45194,1
45202,0
45207,1
45208,1
45212,1
45213,0
45219,0
45220,0
45221,1
45223,1
45227,1
45229,1
45238,0
45239,1
45240,0
45241,0
45243,1
45246,0
45247,0
45248,1
45250,1
45255,0
45256,1
45263,0
45264,1
45268,1
45269,1
45273,0
45274,1
45276,1
45277,1
45278,0
45279,0
45282,1
45283,0
45285,0
45286,1
45287,1
45293,0
45294,1
45295,1
45296,0
45297,0
45300,1
45305,1
45306,1
45309,1
45310,1
45313,1
45319,0
45324,0
45328,0
45330,0
45332,0
45334,0
45338,0
45341,0
45343,1
45347,0
45348,1
45351,0
45357,1
45358,0
45360,1
45361,0
45362,0
45366,1
45368,1
45370,1
45373,0
45374,0
45375,0
45376,1
45377,0
45379,0
45380,0
45382,1
45389,1
45390,1
45393,0
45395,0
45397,1
45403,0
45404,1
45406,1
45412,0
45413,0
45416,0
45418,1
45421,0
45422,0
45423,1
45424,0
45426,1
45429,0
45430,0
45432,0
45434,0
45435,1
45436,0
45440,1
45446,1
45447,0
45449,0
45455,1
45456,1
45458,0
45459,1
45463,0
45464,1
45467,1
45468,1
45470,1
45473,1
45478,1
45479,0
45482,1
45484,1
45485,0
45488,0
45492,1
45493,0
45498,1
45499,0
45500,1
45501,1
45502,1
45505,1
45507,0
45508,0
45509,0
45517,0
45522,0
45523,1
45524,1
45525,1
45530,1
45532,1
45536,0
45539,0
45540,1
45541,0
45546,0
45548,0
45551,0
45553,0
45554,0
45555,0
45557,1
45559,1
45561,0
45562,1
45563,0
45566,0
45569,0
45572,1
45580,0
45583,0
45586,1
45587,0
45589,1
45592,0
45593,1
45594,1
45595,1
45598,1
45599,1
45600,1
45601,1
45603,0
45605,1
45606,1
45607,0
45609,1
45610,0
45613,0
45616,0
45619,0
45620,0
45621,0
45624,0
45631,0
45633,0
45635,0
45636,0
45639,1
45643,1
45644,1
45648,1
45653,0
45654,1
45655,1
45659,1
45665,0
45670,1
45671,1
45673,1
45675,0
45676,0
45677,0
45678,1
45679,1
45680,0
45684,1
45687,1
45689,1
45691,1
45693,0
45696,0
45697,0
45698,0
45700,0
45701,1
45703,0
45706,0
45707,0
45721,0
45722,0
45723,1
45727,0
45730,0
45738,1
45739,1
45741,0
45743,0
45745,0
45746,1
45747,0
45748,0
45754,1
45756,0
45757,0
45759,0
45760,0
45764,1
45765,1
45766,1
45772,0
45776,1
45779,1
45783,0
45785,1
45786,1
45788,1
45790,0
45791,0
45792,1
45798,0
45799,0
45800,0
45801,1
45805,1
45806,0
45807,1
45809,0
45811,0
45812,1
45813,0
45815,0
45817,0
45820,0
45821,0
45822,0
45825,0
45826,1
45828,0
45829,1
45830,0
45832,1
45835,0
45841,0
45842,1
45845,0
45846,0
45847,1
45849,1
45851,0
45857,1
45861,1
45862,1
45865,1
45866,1
45872,0
45878,1
45887,0
45891,1
45899,1
45900,0
45904,1
45905,1
45907,1
45909,0
45914,1
45917,1
45918,1
45923,0
45924,1
45925,0
45927,1
45932,0
45934,1
45935,1
45939,0
45940,0
45942,1
45943,1
45945,1
45947,0
45950,1
45956,0
45958,0
45960,1
45961,1
45963,0
45964,0
45972,0
45973,0
45979,0
45985,0
45986,1
45987,1
45990,0
45993,1
45994,0
46003,0
46005,0
46008,1
46011,0
46012,0
46015,1
46016,0
46020,0
46021,0
46023,1
46024,1
46026,0
46027,1
46029,0
46031,1
46032,0
46034,0
46035,0
46036,0
46037,0
46038,1
46039,0
46048,1
46051,0
46054,1
46056,0
46058,0
46059,1
46065,1
46067,0
46069,0
46072,0
46074,0
46077,0
46078,0
46080,0
46081,1
46082,0
46083,0
46086,0
46092,0
46095,0
46096,0
46100,0
46101,0
46106,0
46107,1
46108,0
46109,1
46110,1
46113,1
46120,0
46122,0
46123,0
46124,1
46125,1
46130,0
46133,0
46135,1
46138,0
46140,0
46141,1
46143,0
46144,0
46145,0
46146,1
46152,0
46154,1
46158,0
46162,0
46164,1
46165,0
46166,0
46167,1
46168,1
46170,0
46171,0
46174,0
46176,1
46179,1
46186,0
46189,1
46190,1
46196,1
46198,1
46204,1
46206,0
46207,0
46209,0
46210,0
46213,0
46215,0
46217,0
46218,0
46223,1
46231,0
46232,0
46235,0
46239,1
46240,1
46246,1
46249,1
46252,1
46254,0
46255,0
46257,0
46261,0
46262,0
46263,1
46264,0
46266,1
46268,0
46270,0
46272,1
46273,1
46274,0
46278,0
46279,0
46283,0
46285,0
46287,0
46290,1
46293,0
46294,1
46295,1
46302,0
46306,0
46308,0
46309,0
46311,1
46315,0
46317,1
46318,0
46324,0
46327,0
46330,0
46331,1
46333,1
46334,0
46335,0
46336,1
46337,1
46338,0
46341,0
46342,0
46345,0
46346,0
46348,0
46351,0
46353,1
46355,0
46356,1
46357,1
46364,0
46369,0
46372,1
46378,0
46385,1
46386,1
46387,0
46388,0
46392,0
46393,0
46394,1
46398,1
46407,0
46409,0
46410,1
46413,0
46414,1
46418,1
46420,0
46427,0
46428,0
46429,1
46435,0
46436,1
46437,0
46439,1
46444,1
46445,0
46448,1
46449,0
46451,1
46456,0
46459,0
46461,1
46462,0
46463,1
46465,1
46466,0
46467,0
46470,1
46471,0
46477,0
46482,1
46486,0
46487,1
46488,1
46490,1
46494,1
46496,0
46499,0
46500,1
46503,1
46507,0
46509,0
46512,0
46514,1
46515,0
46521,0
46522,0
46524,0
46526,1
46529,0
46531,0
46532,1
46534,1
46535,1
46538,1
46543,0
46544,0
46545,0
46547,1
46548,0
46550,0
46551,1
46558,0
46559,1
46561,0
46562,1
46566,1
46569,0
46571,0
46572,0
46578,0
46581,0
46582,0
46584,0
46585,1
46593,1
46594,0
46595,0
46596,1
46600,1
46602,0
46604,0
46606,1
46607,1
46609,0
46610,0
46612,1
46613,0
46614,0
46617,0
46618,0
46619,0
46622,1
46626,1
46627,0
46628,0
46629,0
46630,0
46632,0
46637,1
46639,0
46641,1
46642,0
46644,1
46646,0
46647,1
46651,1
46652,0
46653,0
46657,1
46658,0
46662,1
46665,0
46666,0
46670,0
46673,0
46674,0
46676,0
46678,1
46679,1
46681,0
46683,0
46685,0
46689,1
46697,1
46701,0
46704,0
46706,1
46708,1
46709,1
46710,1
46711,0
46713,1
46715,0
46717,1
46723,1
46725,1
46728,0
46729,0
46730,0
46732,0
46735,1
46738,0
46739,0
46743,0
46746,0
46751,0
46755,1
46756,1
46760,1
46763,1
46766,1
46767,0
46768,0
46772,0
46773,1
46779,0
46781,0
46785,0
46787,1
46789,0
46791,0
46792,0
46793,0
46796,1
46798,0
46803,0
46806,0
46811,1
46812,0
46813,0
46814,1
46815,0
46819,1
46820,0
46823,0
46830,0
46831,1
46834,1
46835,1
46837,0
46839,0
46842,0
46843,0
46844,1
46847,0
46848,1
46849,0
46851,1
46854,0
46855,1
46856,1
46859,1
46866,1
46867,1
46872,1
46873,1
46874,0
46875,1
46876,0
46879,0
46880,0
46881,1
46883,1
46884,1
46885,0
46891,0
46895,1
46896,0
46900,1
46903,0
46908,1
46912,0
46914,0
46916,1
46919,1
46920,1
46922,0
46925,0
46928,0
46930,1
46934,0
46938,1
46940,1
46941,1
46945,0
46947,1
46948,1
46950,1
46960,1
46965,0
46966,1
46967,0
46969,0
46971,1
46972,0
46973,0
46974,1
46975,1
46977,1
46978,0
46979,1
46981,1
46983,0
46984,0
46985,1
46986,1
46992,0
46994,0
46997,1
46998,0
46999,0
47003,0
47009,0
47010,0
47013,0
47015,0
47022,1
47023,1
47025,1
47029,1
47034,0
47036,1
47041,1
47042,1
47043,0
47044,0
47045,1
47047,0
47048,0
47049,1
47052,1
47053,1
47055,0
47056,0
47059,1
47060,1
47062,0
47064,1
47077,0
47079,1
47082,0
47085,0
47086,0
47087,0
47088,0
47089,0
47090,1
47094,0
47096,0
47097,1
47098,0
47100,0
47101,0
47102,0
47105,0
47106,0
47108,0
47109,1
47110,0
47112,1
47115,0
47124,1
47126,0
47127,1
47134,0
47137,1
47139,1
47143,0
47144,1
47145,0
47147,1
47149,1
47150,0
47151,0
47154,0
47157,1
47159,0
47160,1
47163,0
47165,1
47170,0
47172,0
47174,1
47176,1
47177,1
47183,0
47186,0
47187,1
47192,1
47194,0
47197,1
47203,1
47207,1
47208,1
47215,1
47216,1
47217,0
47218,1
47219,1
47220,1
47223,1
47224,0
47225,0
47227,1
47229,1
47230,1
47234,0
47235,1
47238,1
47242,0
47245,0
47247,1
47251,0
47253,0
47254,1
47258,0
47261,0
47262,1
47263,0
47264,0
47265,0
47268,0
47272,1
47274,1
47276,0
47281,0
47282,1
47285,1
47286,0
47288,0
47289,1
47291,1
47292,1
47298,0
47300,0
47301,1
47307,0
47308,1
47310,0
47317,0
47318,0
47324,0
47327,1
47330,1
47331,1
47333,0
47340,0
47344,1
47345,0
47347,0
47350,1
47351,0
47355,1
47358,0
47363,1
47366,0
47371,0
47375,1
47382,0
47383,1
47391,1
47392,0
47397,1
47398,0
47401,0
47402,0
47403,1
47404,1
47407,0
47408,0
47409,1
47413,0
47418,0
47420,0
47421,1
47423,1
47426,1
47429,0
47430,0
47431,1
47440,0
47442,0
47452,0
47457,1
47467,1
47474,1
47475,0
47480,1
47485,0
47489,1
47490,1
47494,0
47496,1
47497,0
47503,0
47506,1
47508,0
47510,0
47511,1
47518,0
47520,0
47524,1
47528,1
47529,1
47532,0
47536,1
47537,0
47546,0
47547,0
47549,0
47555,1
47557,0
47559,1
47562,1
47563,1
47564,1
47566,1
47578,0
47580,1
47581,0
47582,1
47583,1
47585,1
47588,1
47589,0
47594,0
47597,0
47601,1
47603,1
47605,1
47607,1
47611,1
47613,1
47617,1
47621,0
47623,0
47625,0
47626,1
47627,0
47628,0
47631,1
47633,0
47638,0
47639,1
47641,0
47642,0
47643,0
47652,0
47654,0
47656,0
47658,0
47660,1
47664,1
47667,1
47671,0
47673,0
47674,1
47676,0
47677,0
47678,1
47680,0
47681,1
47682,0
47683,0
47688,1
47689,0
47693,0
47694,0
47698,0
47703,0
47705,0
47706,1
47707,1
47708,1
47709,0
47716,1
47717,1
47718,1
47720,0
47726,1
47728,1
47729,1
47731,0
47732,0
47733,0
47735,0
47739,0
47741,1
47751,0
47753,0
47756,0
47757,1
47759,0
47760,1
47761,0
47766,0
47768,0
47769,0
47770,1
47777,1
47779,1
47780,1
47784,0
47785,1
47786,1
47787,0
47788,1
47789,1
47792,1
47794,0
47795,0
47799,0
47805,0
47806,1
47807,1
47811,0
47812,0
47814,1
47815,0
47818,1
47820,0
47821,1
47825,0
47829,0
47836,1
47837,0
47840,0
47841,1
47845,0
47849,1
47851,0
47852,1
47856,0
47859,0
47861,0
47862,0
47863,1
47866,1
47867,0
47868,1
47874,1
47876,0
47877,0
47881,1
47886,0
47889,1
47892,0
47893,0
47894,1
47895,1
47897,1
47903,1
47904,1
47905,1
47910,0
47911,1
47913,0
47917,0
47920,1
47921,0
47923,0
47925,1
47928,1
47931,1
47934,1
47935,1
47938,1
47939,1
47940,1
47941,1
47944,1
47947,1
47950,0
47953,1
47954,1
47958,0
47960,1
47961,1
47962,0
47964,0
47965,0
47969,1
47975,0
47977,0
47980,1
47982,0
47983,0
47992,0
47994,0
47999,0
48003,0
48004,0
48005,1
48006,1
48007,0
48009,1
48012,1
48013,0
48014,0
48015,1
48020,1
48021,1
48023,1
48024,1
48029,1
48031,0
48032,1
48038,0
48043,0
48044,1
48045,0
48059,1
48060,1
48062,1
48064,0
48066,1
48067,0
48068,1
48069,1
48070,1
48073,0
48074,0
48076,1
48077,0
48079,0
48086,1
48088,1
48091,1
48094,0
48096,0
48100,1
48101,0
48102,1
48106,0
48109,1
48111,1
48112,0
48114,1
48118,0
48126,1
48127,0
48128,0
48129,0
48134,0
48135,1
48138,1
48142,0
48143,1
48144,1
48148,0
48149,1
48152,0
48154,1
48155,1
48156,1
48159,1
48161,0
48162,0
48163,0
48165,0
48167,0
48168,0
48170,0
48182,0
48185,0
48186,1
48189,0
48190,1
48191,0
48192,1
48196,1
48197,0
48199,1
48201,1
48205,0
48207,0
48210,1
48211,1
48212,0
48218,1
48221,1
48222,0
48229,1
48233,0
48240,0
48243,0
48245,0
48248,1
48252,0
48255,1
48256,0
48257,0
48260,1
48261,1
48262,1
48265,0
48266,0
48267,1
48268,1
48270,1
48277,0
48279,0
48280,0
48281,0
48283,1
48284,1
48285,1
48286,1
48287,1
48289,1
48292,0
48293,0
48295,1
48297,1
48298,0
48301,1
48311,0
48314,0
48315,0
48317,0
48320,1
48322,1
48325,1
48326,0
48328,1
48333,1
48334,0
48336,0
48339,0
48340,1
48346,1
48350,0
48352,0
48354,1
48355,0
48356,1
48366,1
48367,1
48369,0
48373,0
48374,0
48377,1
48380,1
48390,0
48392,0
48399,0
48401,0
48403,0
48406,0
48407,0
48408,1
48410,0
48412,0
48413,0
48414,0
48415,0
48417,0
48421,0
48423,0
48425,1
48426,0
48427,0
48428,0
48429,0
48435,1
48436,0
48437,0
48439,1
48440,1
48444,1
48446,0
48447,0
48452,1
48454,1
48456,1
48461,1
48467,0
48468,1
48469,0
48470,0
48471,0
48473,0
48475,1
48477,0
48479,0
48482,0
48486,0
48489,1
48490,1
48491,1
48495,0
48496,0
48497,1
48500,1
48501,1
48506,1
48509,0
48511,0
48516,0
48517,1
48518,1
48520,1
48528,1
48529,1
48530,0
48531,0
48538,1
48541,0
48542,0
48544,0
48548,1
48549,1
48554,1
48557,1
48558,1
48560,1
48561,1
48565,0
48566,1
48572,1
48578,0
48579,0
48580,1
48584,0
48586,0
48591,0
48593,1
48597,0
48601,0
48603,0
48607,1
48610,0
48613,1
48614,1
48616,0
48619,1
48620,0
48621,0
48622,0
48624,1
48630,0
48634,0
48635,0
48637,0
48640,1
48642,0
48647,0
48648,0
48651,0
48654,0
48655,1
48657,0
48663,1
48664,0
48673,1
48681,1
48682,0
48686,1
48688,1
48691,0
48695,0
48696,1
48701,0
48702,0
48704,1
48707,1
48708,1
48710,0
48717,1
48720,1
48721,1
48724,0
48726,0
48728,1
48735,1
48736,1
48737,0
48738,1
48741,1
48742,1
48747,0
48749,0
48752,0
48753,0
48755,1
48758,1
48762,0
48765,0
48766,0
48767,1
48770,1
48772,1
48773,1
48775,1
48779,0
48782,1
48784,1
48793,0
48795,1
48798,1
48799,0
48803,0
48804,1
48805,1
48811,0
48812,0
48813,1
48814,1
48817,0
48820,0
48821,0
48822,0
48823,0
48827,1
48830,1
48833,1
48837,1
48838,1
48843,1
48844,1
48845,1
48846,1
48847,1
48849,1
48851,0
48853,1
48856,1
48857,0
48863,1
48864,1
48866,0
48867,0
48873,0
48875,0
48878,1
48879,0
48885,0
48886,0
48889,0
48891,0
48892,0
48898,0
48900,0
48902,0
48908,0
48909,1
48914,0
48915,1
48916,1
48917,0
48927,0
48928,1
48929,1
48930,0
48931,1
48933,1
48934,1
48937,0
48938,0
48941,1
48943,1
48945,0
48946,1
48948,0
48953,1
48957,1
48960,1
48961,0
48963,1
48967,1
48968,0
48969,0
48971,0
48976,0
48977,0
48978,0
48982,1
48984,1
48985,1
48986,0
48987,0
48998,0
49002,0
49003,0
49008,1
49011,0
49012,0
49016,1
49017,1
49021,0
49025,1
49027,1
49028,0
49031,0
49038,0
49043,0
49044,0
49047,0
49056,1
49065,0
49066,1
49067,1
49069,1
49070,1
49072,0
49073,1
49076,1
49080,0
49082,1
49085,1
49089,1
49090,0
49091,1
49092,1
49093,0
49094,1
49097,1
49101,1
49104,0
49105,1
49106,0
49107,1
49108,0
49109,1
49111,0
49112,1
49114,0
49115,0
49117,1
49118,0
49123,0
49129,0
49135,0
49136,1
49138,1
49139,1
49145,1
49146,0
49147,0
49148,0
49157,0
49160,0
49162,1
49166,0
49168,1
49169,0
49172,0
49174,1
49175,0
49180,1
49181,0
49187,0
49190,0
49192,1
49193,1
49194,0
49195,1
49200,0
49201,1
49204,1
49205,1
49206,0
49207,0
49208,0
49221,1
49223,0
49225,0
49228,0
49229,1
49230,0
49236,0
49237,0
49238,0
49244,1
49246,1
49248,0
49249,1
49251,1
49252,1
49254,1
49256,0
49257,1
49262,0
49265,0
49268,1
49270,1
49272,0
49274,0
49278,1
49281,0
49282,0
49283,1
49286,0
49288,0
49294,0
49296,0
49300,0
49302,1
49305,1
49308,0
49310,1
49313,0
49316,0
49317,1
49318,1
49323,0
49324,0
49325,0
49326,1
49328,0
49329,0
49333,1
49336,0
49337,0
49338,0
49340,0
49342,0
49345,0
49346,0
49347,0
49348,0
49350,0
49354,0
49357,0
49359,1
49362,1
49368,0
49372,1
49374,0
49377,1
49378,1
49379,0
49380,1
49387,0
49390,0
49395,1
49398,0
49401,0
49403,0
49409,1
49414,0
49418,0
49422,0
49423,0
49426,0
49431,1
49432,1
49436,0
49437,1
49440,1
49441,1
49444,0
49446,0
49450,1
49452,0
49455,0
49456,1
49457,1
49458,0
49460,0
49461,1
49465,0
49466,0
49467,1
49468,1
49472,1
49473,1
49474,0
49476,0
49479,0
49480,0
49488,1
49490,0
49494,1
49495,1
49498,1
49499,1
49501,1
49503,1
49505,0
49512,0
49516,1
49517,0
49518,0
49520,0
49524,0
49529,1
49531,0
49532,1
49538,0
49539,1
49541,0
49542,0
49545,1
49546,1
49547,1
49548,1
49551,1
49554,1
49556,1
49560,0
49563,1
49567,1
49568,0
49569,0
49572,1
49574,1
49576,0
49577,0
49579,1
49582,1
49583,0
49585,0
49586,1
49591,0
49592,1
49597,0
49600,0
49602,0
49606,1
49607,1
49608,1
49611,1
49612,1
49613,0
49614,1
49615,1
49621,0
49622,0
49623,1
49625,1
49627,0
49629,1
49630,0
49633,0
49635,0
49636,0
49638,0
49643,1
49644,0
49648,1
49666,1
49667,0
49674,0
49676,0
49680,1
49687,1
49690,1
49691,0
49692,0
49694,0
49695,1
49696,0
49697,0
49698,0
49699,1
49700,0
49701,0
49702,0
49705,1
49707,1
49713,0
49717,0
49722,0
49723,1
49724,0
49725,0
49726,0
49727,0
49734,1
49735,0
49737,0
49746,0
49747,0
49748,0
49752,1
49753,1
49754,1
49761,0
49763,0
49767,0
49768,1
49769,1
49771,1
49772,0
49774,0
49775,0
49776,0
49779,1
49780,0
49781,0
49782,0
49783,1
49785,0
49786,0
49787,0
49790,1
49793,0
49794,0
49796,1
49797,1
49801,0
49807,1
49808,0
49811,1
49815,1
49820,1
49824,1
49826,1
49829,0
49838,0
49839,0
49841,1
49844,0
49845,0
49847,0
49851,0
49855,1
49857,0
49860,1
49865,1
49866,0
49868,0
49870,1
49871,0
49872,0
49874,0
49876,0
49878,1
49880,1
49885,1
49888,0
49890,0
49891,0
49895,0
49900,1
49901,1
49906,1
49907,0
49908,0
49911,0
49914,1
49917,1
49920,1
49921,0
49922,0
49925,0
49926,0
49929,0
49934,0
49937,0
49939,0
49940,1
49941,1
49943,0
49951,1
49952,1
49955,1
49959,1
49960,0
49966,0
49969,1
49981,1
49986,0
49987,0
49988,1
49992,0
49994,1
49998,0
50000,0
50001,1
50010,0
50011,1
50015,0
50016,0
50017,1
50021,1
50026,1
50027,0
50033,0
50035,0
50036,0
50038,0
50043,0
50045,1
50050,1
50052,1
50054,0
50056,0
50057,1
50058,0
50061,1
50064,1
50066,0
50071,0
50073,0
50077,0
50080,1
50081,0
50082,0
50084,1
50086,0
50092,1
50093,0
50095,1
50100,0
50101,1
50102,0
50108,0
50109,0
50111,0
50113,1
50116,0
50117,1
50118,0
50119,1
50121,1
50124,1
50127,0
50130,1
50132,1
50133,1
50136,1
50140,0
50141,0
50142,0
50143,0
50144,1
50149,1
50150,0
50156,1
50157,1
50162,0
50165,0
50168,1
50172,0
50174,0
50179,1
50181,0
50182,0
50184,1
50186,1
50187,0
50192,0
50193,0
50194,1
50196,0
50200,0
50201,0
50205,0
50207,1
50209,0
50211,0
50214,1
50218,0
50220,0
50222,1
50223,0
50225,0
50233,1
50235,1
50236,0
50238,1
50242,0
50248,1
50249,0
50252,0
50254,1
50255,1
50256,1
50257,0
50258,0
50259,1
50260,0
50264,0
50265,0
50269,0
50273,0
50275,0
50277,0
50278,1
50280,0
50286,1
50288,0
50290,0
50294,1
50298,0
50300,1
50303,0
50304,0
50306,1
50307,0
50311,0
50314,1
50317,0
50318,1
50319,1
50322,0
50324,0
50329,0
50331,0
50332,1
50335,1
50336,1
50340,0
50343,0
50344,1
50347,1
50350,0
50353,1
50356,1
50357,1
50361,0
50362,0
50367,0
50370,1
50371,0
50374,0
50383,0
50393,0
50394,1
50396,1
50397,0
50399,1
50400,1
50407,0
50408,0
50413,0
50415,0
50416,0
50421,0
50424,0
50426,1
50428,1
50430,0
50440,0
50441,1
50442,1
50444,0
50447,1
50448,0
50451,0
50452,0
50454,1
50455,0
50456,0
50459,0
50464,0
50465,0
50467,0
50468,0
50473,0
50474,0
50477,0
50480,1
50484,1
50489,0
50490,0
50492,0
50495,1
50498,0
50499,1
50500,0
50501,1
50502,1
50503,1
50504,1
50505,1
50509,0
50512,0
50513,1
50515,1
50516,0
50521,1
50523,0
50525,1
50527,1
50534,0
50538,1
50540,0
50546,1
50547,1
50549,0
50550,0
50555,0
50562,0
50563,0
50566,0
50569,0
50570,1
50572,0
50576,1
50580,1
50581,0
50589,1
50592,1
50593,1
50599,0
50600,0
50601,1
50607,1
50608,1
50609,0
50612,1
50614,0
50615,1
50620,0
50624,0
50627,1
50629,0
50631,0
50634,1
50635,0
50636,0
50638,1
50640,1
50651,0
50653,1
50656,0
50657,0
50662,1
50664,0
50665,1
50667,0
50669,1
50670,0
50673,0
50675,0
50679,1
50681,1
50683,1
50686,1
50693,0
50694,1
50696,1
50698,0
50706,0
50712,0
50721,0
50722,1
50724,1
50730,1
50731,1
50732,1
50736,1
50743,1
50745,0
50746,1
50747,0
50748,0
50750,1
50752,1
50753,1
50760,0
50762,0
50764,0
50767,1
50768,0
50770,0
50779,1
50780,1
50784,1
50791,1
50795,1
50797,0
50799,0
50805,1
50806,0
50807,0
50808,1
50810,0
50814,1
50817,0
50818,1
50819,0
50820,1
50822,0
50823,0
50825,0
50826,1
50827,1
50828,0
50829,1
50832,0
50837,1
50843,1
50847,1
50851,0
50856,0
50859,0
50861,0
50862,0
50866,0
50868,0
50869,0
50871,0
50875,1
50876,0
50878,0
50880,0
50884,1
50887,1
50888,1
50890,1
50891,1
50896,0
50898,1
50904,1
50906,1
50911,0
50912,1
50914,1
50916,1
50918,1
50919,1
50922,0
50924,1
50927,0
50928,0
50930,1
50931,1
50933,0
50935,0
50936,0
50937,1
50938,1
50939,1
50940,0
50941,1
50943,0
50944,1
50946,1
50947,1
50948,1
50955,0
50956,0
50957,1
50959,1
50960,1
50961,1
50964,1
50971,1
50972,0
50974,0
50975,1
50986,1
50989,1
50991,1
50993,1
50995,0
50996,0
50997,1
50998,0
50999,1
51000,1
51002,0
51003,1
51004,1
51005,1
51006,1
51007,1
51009,0
51010,0
51011,0
51021,0
51024,1
51025,0
51026,1
51027,0
51028,0
51030,0
51033,1
51034,0
51037,1
51042,0
51046,0
51049,1
51050,0
51052,1
51054,0
51057,1
51063,0
51066,1
51067,0
51070,1
51071,0
51073,1
51074,0
51075,0
51076,0
51077,0
51078,0
51083,1
51090,0
51095,0
51096,1
51097,0
51098,0
51102,1
51103,1
51109,0
51110,0
51111,0
51113,1
51116,0
51120,1
51123,1
51124,0
51125,0
51130,1
51133,1
51135,0
51136,1
51138,1
51143,1
51145,0
51147,0
51151,0
51152,1
51153,0
51154,1
51155,1
51156,0
51157,0
51162,1
51163,0
51169,1
51174,0
51175,1
51178,0
51180,1
51182,1
51185,1
51188,1
51191,0
51194,1
51197,0
51198,1
51199,0
51200,0
51202,1
51205,0
51208,1
51210,0
51211,1
51213,0
51217,0
51219,1
51221,0
51223,1
51226,1
51230,1
51234,0
51237,1
51238,0
51239,0
51241,0
51245,1
51246,1
51247,1
51252,0
51253,1
51254,1
51256,0
51257,0
51258,0
51259,1
51263,0
51266,0
51267,1
51270,0
51272,0
51275,0
51279,1
51283,1
51284,0
51286,0
51287,0
51288,0
51295,1
51297,1
51298,1
51300,0
51303,1
51307,1
51309,1
51310,0
51312,1
51315,1
51318,1
51319,1
51321,1
51322,1
51326,0
51327,0
51328,1
51330,1
51338,1
51339,1
51343,1
51344,0
51347,1
51350,1
51353,0
51354,0
51355,1
51358,0
51359,1
51361,0
51363,0
51365,0
51370,1
51373,0
51376,1
51377,1
51380,1
51381,1
51383,0
51384,0
51388,1
51389,0
51391,1
51395,0
51396,1
51398,1
51402,1
51405,0
51411,0
51412,1
51415,0
51417,0
51420,0
51421,1
51426,0
51427,0
51429,0
51435,1
51439,1
51442,0
51445,0
51446,1
51451,1
51452,1
51453,1
51455,0
51456,0
51467,1
51468,1
51470,0
51472,0
51475,1
51476,1
51477,1
51480,0
51481,0
51483,1
51486,0
51494,1
51495,1
51496,0
51497,0
51498,0
51499,1
51502,0
51505,1
51506,0
51513,1
51516,0
51520,1
51525,1
51534,0
51535,0
51536,1
51537,1
51538,1
51541,1
51542,1
51550,0
51551,0
51552,0
51553,0
51555,0
51557,1
51563,0
51565,0
51568,0
51570,0
51571,0
51572,0
51573,0
51576,1
51578,1
51581,0
51584,0
51586,1
51587,1
51589,1
51591,0
51592,1
51593,1
51598,1
51601,1
51602,0
51604,1
51605,0
51609,1
51610,0
51614,0
51615,1
51616,1
51620,0
51621,0
51623,0
51627,0
51628,1
51630,0
51632,1
51636,0
51637,0
51639,0
51641,1
51642,0
51644,0
51651,1
51654,1
51656,0
51661,1
51662,0
51663,1
51664,0
51665,0
51667,0
51670,1
51671,0
51675,0
51678,0
51679,0
51681,0
51682,0
51683,0
51689,0
51691,1
51692,1
51704,0
51712,0
51720,0
51721,0
51724,0
51726,0
51729,0
51730,1
51731,1
51732,1
51735,0
51739,1
51740,0
51741,1
51744,0
51745,0
51750,1
51753,0
51755,0
51758,1
51759,0
51762,0
51763,1
51764,0
51765,1
51766,0
51770,1
51771,0
51777,1
51778,0
51780,1
51782,0
51787,1
51790,1
51793,0
51794,0
51796,0
51799,1
51800,1
51801,0
51803,1
51806,1
51809,0
51814,1
51815,1
51817,0
51824,1
51827,0
51829,0
51832,0
51836,1
51838,1
51842,1
51843,0
51849,1
51851,1
51852,0
51853,0
51854,0
51857,0
51858,0
51859,0
51860,0
51868,0
51870,1
51872,0
51874,1
51878,0
51883,0
51886,0
51887,1
51888,0
51891,0
51895,0
51897,1
51901,1
51902,1
51905,0
51909,1
51910,1
51913,1
51914,1
51915,0
51918,0
51922,1
51925,0
51928,0
51932,0
51935,1
51938,1
51940,0
51941,0
51942,0
51943,1
51944,1
51946,0
51953,0
51955,0
51958,0
51960,1
51961,1
51968,1
51977,0
51979,1
51980,0
51981,1
51983,1
51984,1
51985,1
51987,1
51988,1
51993,1
51995,0
51997,1
52001,1
52006,0
52008,1
52009,1
52011,1
52013,1
52019,1
52022,0
52025,1
52027,0
52030,1
52032,0
52036,0
52038,0
52041,1
52042,0
52044,1
52045,0
52049,0
52051,1
52055,1
52056,0
52057,0
52059,0
52062,1
52068,1
52073,0
52075,0
52079,1
52082,1
52086,1
52087,1
52088,1
52090,1
52095,0
52097,1
52099,0
52102,1
52103,0
52106,1
52108,1
52112,0
52114,0
52120,1
52121,0
52122,1
52124,1
52127,1
52128,1
52135,1
52137,0
52138,1
52139,1
52142,1
52143,1
52145,0
52147,0
52148,0
52157,0
52159,0
52165,1
52166,0
52167,1
52171,0
52172,1
52174,1
52176,1
52177,1
52178,1
52179,1
52180,1
52182,1
52183,1
52189,1
52190,0
52191,1
52192,0
52195,1
52197,1
52204,0
52207,1
52209,0
52210,0
52216,1
52220,1
52222,0
52223,0
52230,1
52232,0
52235,0
52237,0
52239,0
52240,1
52248,0
52256,1
52257,0
52259,1
52262,0
52264,1
52269,0
52272,0
52274,1
52277,0
52279,0
52280,0
52283,0
52287,0
52294,0
52295,1
52296,1
52305,1
52306,0
52308,0
52310,0
52314,0
52315,1
52317,0
52319,1
52327,1
52330,0
52331,0
52335,0
52337,1
52342,0
52345,1
52347,0
52348,0
52349,0
52352,1
52353,1
52357,1
52358,0
52360,0
52361,0
52367,1
52371,1
52373,0
52375,1
52378,1
52381,0
52382,1
52386,1
52389,1
52392,1
52393,0
52394,0
52395,1
52401,1
52402,0
52404,0
52405,0
52406,0
52410,0
52411,0
52415,1
52417,0
52418,1
52422,0
52427,1
52428,1
52431,1
52433,0
52435,0
52437,1
52439,0
52443,1
52445,1
52446,0
52447,1
52450,1
52452,0
52456,1
52457,1
52458,0
52460,0
52462,0
52467,0
52471,1
52475,1
52479,0
52481,1
52484,0
52485,1
52486,0
52488,1
52489,0
52491,1
52492,0
52499,1
52501,1
52502,1
52504,1
52505,0
52508,1
52509,1
52510,0
52512,0
52514,0
52516,0
52522,1
52523,0
52524,0
52525,0
52526,0
52527,1
52534,0
52539,0
52540,1
52542,0
52545,1
52546,0
52548,1
52549,1
52552,1
52558,0
52561,0
52564,1
52565,0
52566,0
52568,0
52570,1
52575,0
52577,0
52579,0
52580,0
52581,1
52585,1
52586,1
52589,1
52594,1
52595,0
52596,1
52602,1
52603,0
52605,1
52606,1
52607,1
52611,0
52613,0
52615,1
52617,0
52618,0
52621,0
52629,0
52630,1
52632,1
52633,1
52636,1
52642,0
52644,0
52645,1
52646,1
52648,0
52650,0
52651,1
52653,1
52654,1
52655,0
52657,0
52661,0
52662,0
52663,0
52665,0
52669,1
52670,1
52673,1
52675,1
52677,0
52681,1
52682,0
52683,0
52685,0
52693,0
52694,1
52695,1
52697,0
52698,0
52699,0
52703,1
52705,0
52706,0
52707,0
52709,0
52712,0
52716,0
52718,1
52719,0
52724,1
52727,1
52728,1
52730,0
52731,1
52733,0
52741,0
52742,1
52746,0
52747,1
52750,0
52754,0
52757,1
52768,0
52770,1
52771,0
52772,0
52774,1
52775,0
52778,1
52780,0
52782,0
52783,1
52784,0
52786,0
52787,1
52788,1
52789,1
52792,0
52796,0
52797,0
52800,0
52804,0
52805,1
52806,0
52809,1
52810,1
52813,1
52815,1
52822,1
52825,0
52826,1
52832,0
52834,1
52838,0
52839,1
52840,1
52843,0
52845,0
52848,0
52849,1
52851,1
52853,1
52855,0
52861,1
52866,1
52869,1
52871,0
52872,1
52873,0
52874,0
52875,0
52876,0
52879,0
52880,0
52885,1
52891,1
52895,0
52898,0
52900,1
52903,0
52905,1
52906,0
52909,0
52913,0
52914,1
52915,0
52917,0
52918,0
52919,1
52923,1
52925,0
52926,0
52929,1
52931,0
52932,0
52933,0
52934,1
52936,0
52942,1
52943,1
52948,0
52952,1
52953,1
52955,0
52956,1
52957,0
52959,0
52963,0
52965,0
52968,1
52970,0
52971,0
52973,1
52974,0
52976,1
52979,0
52982,1
52984,0
52985,1
52986,1
52989,0
52992,1
52993,0
52994,0
52999,1
53002,1
53004,1
53005,1
53006,0
53007,0
53010,0
53011,1
53015,0
53018,0
53021,1
53022,1
53027,1
53033,0
53047,1
53048,1
53049,0
53051,1
53052,0
53055,0
53056,0
53061,0
53062,1
53063,0
53066,1
53068,0
53070,1
53080,1
53083,0
53085,1
53087,1
53099,1
53100,1
53101,0
53103,0
53108,1
53111,1
53118,0
53119,1
53120,0
53121,1
53127,0
53129,0
53132,0
53134,0
53136,0
53141,1
53145,1
53146,0
53149,0
53150,1
53151,0
53159,1
53162,0
53163,0
53167,1
53170,1
53184,1
53187,0
53191,1
53192,0
53195,0
53196,1
53201,0
53204,0
53206,0
53210,0
53212,1
53213,0
53217,1
53221,0
53222,1
53223,0
53225,1
53226,0
53230,1
53231,1
53233,0
53243,0
53244,0
53245,1
53246,0
53253,0
53254,1
53259,0
53262,1
53263,1
53266,1
53270,1
53273,0
53276,0
53277,0
53279,0
53280,1
53284,1
53286,1
53291,1
53294,1
53296,0
53297,0
53298,0
53302,0
53308,0
53311,1
53312,0
53314,1
53315,0
53316,0
53317,0
53321,1
53322,0
53326,0
53327,1
53329,1
53332,0
53335,0
53337,0
53340,1
53343,0
53344,1
53347,1
53353,1
53354,0
53356,1
53357,0
53360,1
53362,1
53364,0
53370,1
53371,1
53375,1
53376,0
53377,1
53380,0
53381,0
53382,0
53384,0
53388,0
53390,1
53397,1
53398,0
53399,0
53406,1
53408,0
53409,1
53418,0
53419,0
53422,0
53423,1
53425,0
53426,1
53433,0
53437,0
53440,0
53443,0
53447,0
53450,1
53456,1
53460,0
53464,0
53466,1
53467,1
53468,1
53469,1
53470,1
53471,0
53473,0
53475,1
53476,0
53477,0
53479,1
53480,1
53483,1
53487,0
53489,1
53492,1
53493,1
53495,0
53497,0
53499,1
53501,0
53504,1
53506,1
53508,1
53511,0
53512,0
53513,0
53515,1
53517,0
53520,1
53521,0
53524,1
53530,1
53533,0
53535,0
53536,1
53537,0
53540,1
53541,1
53542,0
53543,0
53544,1
53546,0
53550,0
53552,0
53554,0
53557,0
53559,1
53562,1
53564,0
53565,1
53566,0
53572,1
53574,0
53575,0
53577,1
53585,0
53586,0
53587,0
53591,0
53593,1
53594,1
53596,1
53597,0
53599,0
53601,0
53603,0
53605,0
53614,0
53616,0
53617,0
53619,1
53623,0
53627,1
53630,0
53632,1
53634,0
53635,1
53636,0
53640,1
53641,1
53642,0
53644,1
53659,1
53662,1
53664,1
53665,1
53666,1
53667,1
53671,0
53672,1
53673,0
53675,1
53679,0
53682,0
53687,1
53689,0
53690,1
53692,1
53700,1
53701,1
53702,1
53703,0
53705,1
53708,1
53710,1
53711,0
53712,1
53716,1
53720,1
53730,1
53732,1
53733,1
53738,0
53741,1
53744,1
53745,1
53749,1
53753,1
53755,0
53757,1
53758,0
53760,0
53761,0
53762,1
53763,1
53764,1
53769,0
53772,1
53774,0
53783,1
53788,1
53789,0
53795,0
53796,0
53799,0
53800,0
53801,1
53808,0
53810,1
53812,1
53815,1
53818,1
53820,0
53821,0
53822,1
53823,1
53824,1
53826,1
53829,1
53831,1
53832,0
53835,1
53836,1
53837,0
53838,1
53840,0
53841,1
53843,0
53844,1
53849,1
53851,0
53852,1
53854,1
53860,0
53861,0
53866,0
53869,0
53871,0
53872,0
53878,0
53879,1
53881,0
53885,0
53888,1
53889,1
53890,1
53891,0
53892,0
53894,1
53896,0
53898,1
53899,1
53901,1
53903,0
53905,1
53906,1
53909,1
53914,0
53917,1
53926,0
53928,0
53930,1
53931,1
53932,1
53934,0
53941,0
53943,0
53945,0
53949,0
53950,0
53954,0
53956,0
53958,1
53959,0
53960,0
53963,0
53968,1
53969,1
53970,0
53976,1
53978,1
53981,1
53982,0
53985,0
53986,0
53987,0
53989,0
53990,1
53992,1
53993,0
53994,0
53995,1
53996,1
53999,0
54000,1
54001,0
54005,0
54009,1
54010,1
54011,1
54015,0
54023,1
54024,0
54026,0
54028,1
54029,0
54032,1
54035,1
54036,1
54037,0
54040,0
54044,1
54046,1
54047,0
54048,0
54050,0
54052,1
54056,0
54057,1
54059,0
54063,0
54064,1
54065,0
54069,0
54072,1
54073,1
54076,0
54081,1
54082,1
54085,0
54087,1
54088,0
54095,0
54097,1
54102,0
54108,1
54112,1
54114,1
54118,0
54119,1
54120,0
54123,0
54124,0
54126,1
54129,0
54132,1
54138,1
54141,0
54142,0
54146,1
54151,0
54152,0
54159,1
54160,0
54162,0
54164,0
54166,0
54167,0
54170,0
54173,0
54178,0
54179,1
54180,1
54181,1
54182,0
54184,0
54185,0
54186,1
54188,0
54190,1
54192,1
54193,0
54196,0
54197,1
54198,1
54201,0
54202,0
54203,0
54204,1
54206,0
54209,1
54210,0
54218,0
54219,1
54221,0
54225,1
54228,0
54238,1
54239,1
54242,0
54247,0
54248,1
54251,1
54252,0
54254,0
54255,0
54256,1
54257,1
54258,0
54264,0
54271,1
54273,1
54275,1
54276,0
54279,1
54280,1
54284,1
54288,0
54293,1
54295,0
54296,0
54299,0
54301,0
54304,1
54309,0
54310,1
54318,0
54322,0
54323,1
54331,0
54333,1
54340,0
54341,0
54346,1
54347,1
54351,1
54352,1
54353,0
54355,1
54359,0
54361,1
54362,1
54363,0
54364,1
54367,1
54380,1
54386,0
54389,1
54398,0
54401,1
54402,1
54403,0
54405,1
54406,0
54408,0
54409,0
54412,1
54414,0
54416,0
54417,0
54422,0
54423,1
54425,0
54426,1
54428,0
54435,0
54437,1
54439,1
54443,0
54445,0
54447,0
54448,0
54449,1
54451,1
54461,0
54465,0
54468,0
54471,1
54472,1
54473,0
54474,1
54476,0
54480,0
54481,1
54482,1
54483,0
54484,0
54485,1
54486,0
54488,0
54491,1
54492,0
54494,1
54500,0
54501,1
54502,1
54504,1
54505,0
54506,0
54507,0
54508,0
54509,0
54512,1
54518,0
54521,0
54532,0
54534,1
54535,0
54537,1
54539,0
54541,1
54551,0
54552,1
54553,1
54554,0
54555,0
54559,0
54563,1
54564,0
54566,1
54567,1
54568,0
54569,0
54579,1
54580,0
54581,1
54583,1
54585,1
54586,1
54593,0
54595,1
54601,0
54602,0
54605,0
54608,0
54609,0
54610,0
54612,0
54617,1
54620,1
54621,0
54624,1
54630,0
54631,1
54637,0
54642,1
54646,0
54647,0
54648,1
54654,1
54656,0
54661,1
54662,1
54663,0
54664,0
54672,1
54673,1
54674,1
54675,0
54677,1
54682,1
54683,1
54688,1
54690,1
54693,0
54694,1
54696,1
54700,0
54701,0
54704,0
54705,1
54707,0
54708,1
54711,1
54712,1
54714,1
54722,0
54723,1
54725,0
54728,1
54732,0
54736,1
54737,0
54738,0
54739,1
54741,1
54742,0
54743,0
54744,0
54745,1
54750,0
54755,0
54756,1
54759,1
54760,1
54765,0
54767,0
54779,1
54781,0
54783,1
54784,0
54788,0
54789,0
54790,1
54795,1
54796,1
54801,0
54802,0
54811,0
54814,0
54815,0
54816,1
54817,0
54820,1
54822,1
54825,0
54828,0
54829,1
54832,1
54833,1
54838,0
54841,1
54844,0
54845,0
54847,0
54848,1
54849,1
54852,0
54853,0
54854,1
54855,0
54856,1
54858,0
54860,0
54863,1
54866,1
54868,0
54871,1
54872,0
54874,0
54879,1
54887,0
54888,1
54889,1
54890,1
54891,0
54893,1
54894,0
54895,1
54896,0
54897,1
54898,0
54899,0
54902,1
54927,1
54928,1
54932,0
54934,1
54937,1
54945,0
54950,0
54952,1
54956,0
54958,0
54959,0
54960,1
54961,0
54964,0
54969,0
54972,1
54977,1
54978,1
54985,0
54986,1
54991,0
54996,1
55002,1
55004,1
55005,1
55006,1
55011,1
55013,0
55014,0
55020,1
55022,0
55029,1
55032,0
55033,1
55034,0
55035,1
55041,1
55043,0
55044,0
55045,0
55046,0
55048,1
55053,0
55055,0
55058,1
55062,0
55063,1
55067,1
55068,1
55069,1
55070,1
55072,1
55074,1
55077,1
55079,0
55082,1
55083,0
55085,1
55088,0
55089,0
55090,0
55091,1
55092,1
55094,0
55095,1
55098,1
55101,0
55103,0
55108,1
55112,0
55113,1
55114,1
55115,0
55121,0
55123,1
55124,0
55125,0
55139,1
55140,0
55142,1
55144,1
55146,0
55148,0
55149,0
55151,0
55154,0
55155,1
55157,0
55160,1
55162,1
55163,0
55171,0
55174,1
55175,1
55176,1
55181,0
55184,1
55185,0
55188,0
55193,1
55194,1
55196,1
55199,1
55200,0
55204,1
55205,1
55210,1
55211,0
55212,0
55215,1
55218,0
55219,0
55224,1
55231,0
55233,1
55241,1
55242,1
55246,0
55247,0
55248,0
55249,1
55253,0
55254,1
55256,1
55257,1
55258,0
55261,1
55267,1
55270,0
55271,1
55273,1
55277,0
55278,1
55281,0
55282,1
55284,0
55286,1
55288,0
55289,1
55290,0
55292,0
55294,1
55295,0
55297,0
55299,1
55302,0
55303,1
55308,0
55310,0
55312,1
55313,1
55315,0
55317,1
55319,1
55327,0
55330,0
55335,1
55343,0
55345,0
55348,1
55350,1
55352,0
55354,0
55356,0
55357,1
55361,0
55362,1
55364,0
55365,0
55369,1
55370,1
55372,1
55373,0
55374,0
55376,1
55377,0
55378,1
55379,1
55380,0
55381,1
55385,1
55386,1
55388,0
55400,1
55401,0
55403,0
55405,0
55406,1
55410,1
55412,1
55413,1
55414,0
55415,1
55418,0
55423,0
55424,0
55425,0
55426,1
55430,1
55434,1
55435,0
55436,1
55437,1
55438,0
55439,0
55443,1
55448,1
55450,0
55455,0
55458,1
55460,0
55461,0
55462,1
55463,1
55464,0
55467,0
55468,1
55469,0
55470,1
55473,0
55474,1
55475,0
55476,1
55477,0
55479,0
55480,1
55482,0
55484,0
55492,1
55493,1
55494,0
55499,1
55503,1
55504,1
55505,1
55507,0
55510,0
55511,0
55515,1
55517,1
55518,1
55522,1
55528,1
55530,1
55532,1
55534,1
55536,1
55539,1
55541,1
55542,0
55545,1
55546,1
55547,1
55548,1
55550,0
55551,0
55552,0
55554,0
55556,1
55558,0
55559,1
55560,0
55561,0
55562,0
55563,1
55567,1
55569,0
55570,0
55573,1
55586,0
55587,1
55591,1
55593,1
55595,0
55596,0
55600,1
55605,1
55610,1
55613,0
55617,0
55619,0
55620,0
55624,0
55628,1
55629,1
55631,0
55633,0
55634,1
55637,1
55638,1
55639,1
55640,1
55644,0
55648,1
55650,1
55651,0
55655,0
55656,0
55658,0
55659,1
55660,1
55661,0
55662,0
55665,0
55668,0
55672,0
55673,1
55675,0
55682,1
55688,1
55694,1
55697,0
55698,0
55701,0
55702,0
55704,0
55705,1
55706,1
55709,0
55711,1
55713,1
55715,0
55718,1
55721,1
55726,1
55731,0
55739,0
55740,1
55744,0
55745,1
55747,1
55748,1
55750,1
55752,0
55756,0
55757,0
55758,0
55760,0
55763,1
55765,1
55777,0
55783,1
55785,0
55786,0
55789,1
55793,1
55794,1
55795,1
55796,0
55798,1
55800,0
55806,0
55807,1
55808,0
55811,0
55812,0
55813,0
55814,1
55817,1
55818,0
55819,1
55820,1
55821,0
55822,1
55823,1
55824,0
55826,1
55827,0
55828,1
55830,0
55831,0
55833,0
55839,0
55840,1
55843,0
55845,1
55852,1
55853,0
55856,0
55859,0
55862,0
55864,1
55866,1
55867,0
55872,1
55873,1
55875,0
55876,1
55878,0
55884,0
55885,1
55886,0
55887,0
55888,1
55889,0
55893,1
55898,0
55899,0
55901,0
55904,0
55907,1
55908,0
55910,1
55912,0
55915,0
55919,0
55920,0
55921,0
55923,1
55924,1
55926,0
55927,0
55928,0
55935,1
55937,0
55942,0
55947,0
55948,1
55951,0
55953,0
55957,0
55959,1
55961,0
55962,1
55965,0
55966,1
55967,1
55973,1
55975,1
55977,0
55979,1
55980,1
55982,1
55984,1
55985,0
55987,1
55988,1
55989,1
55990,0
55995,0
55997,0
56001,1
56003,0
56004,0
56005,0
56009,0
56011,0
56014,0
56015,0
56016,0
56017,1
56021,1
56022,0
56023,0
56027,1
56028,1
56029,0
56031,1
56034,0
56037,1
56038,1
56040,0
56042,0
56046,0
56047,1
56056,0
56061,1
56062,1
56066,1
56070,1
56074,0
56077,1
56078,0
56081,0
56084,0
56086,1
56088,0
56089,1
56094,0
56097,0
56099,0
56101,1
56104,1
56111,0
56113,1
56115,1
56120,1
56121,0
56125,0
56130,0
56131,1
56132,0
56135,0
56136,1
56139,0
56140,0
56142,0
56143,1
56144,0
56145,0
56149,1
56151,0
56153,1
56155,1
56156,1
56159,1
56162,1
56164,0
56165,0
56173,0
56174,0
56175,0
56176,0
56177,1
56178,0
56180,0
56182,1
56188,0
56192,1
56194,1
56197,1
56201,1
56202,0
56203,1
56204,0
56205,1
56206,1
56208,0
56213,0
56215,0
56218,1
56222,0
56223,0
56224,0
56225,0
56226,0
56227,0
56231,0
56233,0
56235,1
56240,1
56241,0
56247,0
56251,1
56252,1
56253,0
56257,0
56259,0
56261,1
56266,0
56269,1
56270,1
56273,0
56274,1
56276,0
56278,0
56281,0
56282,0
56283,1
56286,1
56287,0
56293,0
56295,1
56298,1
56299,0
56305,0
56307,0
56311,0
56312,1
56313,0
56316,0
56317,1
56318,1
56319,0
56320,0
56321,1
56323,1
56325,0
56326,1
56328,1
56331,0
56332,1
56338,0
56339,1
56340,0
56342,0
56343,0
56344,0
56347,0
56348,0
56350,0
56357,1
56359,0
56360,0
56363,1
56365,1
56368,0
56369,1
56374,0
56376,0
56378,0
56379,1
56383,0
56384,1
56386,0
56388,1
56392,0
56396,1
56399,0
56401,1
56405,0
56407,1
56408,0
56409,0
56412,0
56416,1
56418,0
56420,0
56421,1
56423,0
56426,1
56433,1
56434,1
56436,0
56437,1
56438,0
56439,0
56440,1
56442,0
56443,0
56445,1
56446,1
56447,0
56448,1
56449,0
56450,1
56452,0
56456,1
56457,0
56458,1
56464,0
56468,1
56469,1
56471,0
56473,0
56474,0
56477,0
56483,1
56484,1
56486,1
56487,0
56489,0
56490,0
56496,1
56499,1
56500,0
56502,0
56507,1
56508,1
56510,1
56517,1
56520,1
56521,0
56523,1
56527,0
56529,0
56532,1
56539,0
56545,0
56546,1
56549,0
56552,0
56553,1
56560,0
56563,1
56566,1
56569,0
56571,0
56573,0
56575,0
56579,0
56580,0
56581,1
56583,0
56585,1
56589,1
56591,1
56593,0
56595,1
56598,1
56599,0
56600,0
56603,0
56604,1
56605,0
56606,1
56607,0
56608,1
56609,1
56611,1
56613,0
56616,1
56617,0
56620,0
56621,1
56622,1
56623,0
56626,0
56636,1
56637,0
56638,0
56639,0
56640,0
56642,1
56644,0
56646,0
56649,0
56651,1
56655,0
56659,1
56660,1
56662,1
56666,0
56668,0
56673,0
56676,0
56679,1
56680,0
56681,0
56682,1
56684,1
56685,1
56686,1
56688,0
56690,1
56692,0
56693,0
56694,0
56695,1
56703,0
56704,0
56707,0
56708,0
56709,0
56712,1
56714,1
56717,1
56718,0
56720,1
56721,0
56723,0
56725,0
56726,0
56727,0
56728,1
56736,0
56741,1
56746,1
56750,1
56751,0
56755,0
56756,0
56757,0
56758,1
56759,1
56761,1
56762,1
56763,0
56765,0
56766,0
56769,0
56771,0
56778,1
56781,1
56785,1
56793,0
56798,0
56804,0
56805,0
56810,1
56811,1
56812,1
56813,0
56814,0
56816,0
56817,0
56818,1
56820,1
56821,0
56822,0
56826,1
56828,1
56829,1
56831,1
56834,0
56835,1
56836,0
56841,0
56856,0
56859,0
56862,0
56863,0
56864,1
56865,0
56866,0
56869,0
56870,0
56871,0
56872,0
56875,0
56877,1
56879,1
56880,0
56882,1
56884,1
56886,0
56889,1
56890,0
56891,0
56892,1
56895,1
56899,1
56900,0
56901,1
56904,1
56905,0
56908,0
56910,1
56916,0
56917,0
56919,1
56921,0
56923,1
56926,1
56931,0
56933,0
56934,1
56935,0
56936,0
56937,0
56939,0
56943,0
56944,1
56949,0
56950,0
56951,1
56955,1
56956,1
56957,0
56959,1
56963,0
56964,1
56966,0
56971,0
56972,1
56973,1
56974,1
56979,1
56982,1
56984,0
56986,0
56991,1
56993,1
56995,0
57000,0
57001,0
57009,0
57010,1
57016,1
57018,1
57023,1
57026,0
57030,0
57035,1
57044,0
57049,0
57050,1
57051,1
57052,0
57053,1
57054,1
57056,0
57057,0
57063,0
57066,1
57072,1
57076,0
57078,1
57083,1
57084,1
57085,0
57086,0
57087,0
57090,1
57092,0
57099,1
57100,1
57102,0
57103,0
57105,1
57107,0
57111,0
57117,1
57119,1
57120,1
57122,1
57124,1
57125,0
57127,0
57128,0
57129,1
57130,0
57134,0
57137,0
57138,1
57139,1
57140,1
57143,1
57149,1
57152,1
57153,0
57154,1
57156,0
57157,0
57161,0
57163,1
57173,0
57174,1
57175,1
57176,1
57178,0
57180,1
57181,1
57182,1
57183,1
57188,0
57191,1
57195,0
57200,1
57201,0
57207,1
57208,1
57209,0
57216,0
57220,0
57221,0
57222,0
57223,1
57224,0
57229,0
57230,1
57232,0
57234,1
57236,1
57238,0
57239,1
57240,1
57241,1
57242,0
57244,0
57247,1
57249,0
57250,1
57256,1
57258,1
57260,0
57261,0
57262,1
57264,0
57266,0
57268,1
57272,0
57273,0
57274,0
57275,1
57278,0
57280,1
57288,0
57289,1
57291,1
57294,1
57295,1
57296,0
57298,0
57300,0
57301,0
57302,1
57306,0
57307,0
57310,1
57311,1
57313,1
57316,0
57318,1
57319,0
57322,1
57324,0
57325,0
57327,1
57332,0
57339,1
57343,0
57346,1
57348,1
57349,0
57351,0
57356,0
57357,1
57359,0
57361,1
57362,1
57366,0
57369,1
57370,0
57373,1
57375,0
57382,0
57385,1
57388,1
57391,0
57392,1
57393,0
57398,0
57399,1
57400,0
57402,0
57403,0
57405,1
57408,1
57411,1
57421,1
57422,1
57424,0
57425,1
57426,1
57431,0
57438,1
57448,0
57450,1
57451,0
57454,0
57455,0
57458,0
57460,0
57466,1
57468,1
57469,1
57470,1
57471,1
57473,0
57477,0
57478,0
57479,0
57481,0
57485,0
57488,0
57494,1
57495,0
57498,0
57500,0
57503,0
57505,0
57507,1
57509,0
57511,1
57513,0
57515,0
57519,0
57520,1
57523,1
57528,1
57530,1
57531,1
57533,0
57534,0
57538,0
57540,1
57545,0
57547,0
57548,1
57556,1
57558,1
57559,0
57564,1
57565,0
57568,1
57576,1
57577,1
57580,0
57582,0
57585,0
57588,1
57592,1
57593,0
57594,1
57595,0
57600,0
57601,0
57602,1
57605,0
57607,1
57608,0
57611,1
57612,0
57614,0
57618,1
57620,1
57624,0
57628,1
57630,1
57633,1
57634,0
57636,1
57643,0
57644,0
57648,0
57652,0
57654,0
57658,1
57664,0
57666,1
57671,1
57678,0
57680,1
57681,1
57683,0
57684,1
57685,0
57686,0
57689,0
57692,0
57693,1
57699,1
57701,1
57702,1
57703,1
57705,1
57711,0
57713,0
57714,0
57716,0
57718,0
57726,0
57731,0
57732,1
57733,1
57737,1
57739,0
57740,1
57741,1
57742,0
57744,0
57746,1
57747,1
57748,1
57752,0
57756,0
57757,1
57763,0
57765,1
57766,0
57769,1
57770,1
57771,0
57772,0
57773,0
57774,1
57775,0
57776,0
57777,1
57778,0
57781,1
57783,0
57784,0
57785,1
57791,0
57796,0
57797,1
57799,1
57807,0
57816,0
57817,0
57818,1
57823,0
57826,0
57827,1
57828,0
57829,1
57830,0
57832,1
57835,0
57841,1
57843,1
57849,0
57854,1
57856,0
57857,1
57859,1
57860,1
57861,1
57863,1
57865,1
57877,0
57878,1
57885,0
57889,0
57894,0
57895,0
57898,0
57899,0
57900,0
57904,1
57906,1
57909,1
57910,0
57912,1
57913,1
57914,1
57916,1
57917,0
57918,1
57921,0
57927,0
57928,1
57929,0
57931,0
57932,0
57933,0
57934,0
57935,1
57940,0
57942,0
57943,0
57945,1
57949,0
57951,0
57953,0
57959,1
57960,0
57962,0
57963,0
57965,1
57966,1
57969,1
57974,0
57983,1
57984,1
57985,0
57986,1
57989,0
57991,0
57992,0
57998,0
58001,0
58002,1
58005,0
58006,1
58007,1
58008,0
58010,1
58011,1
58018,1
58019,0
58023,0
58029,1
58030,1
58032,0
58033,1
58034,1
58036,0
58037,1
58039,1
58041,1
58047,1
58049,1
58051,1
58053,1
58054,0
58056,0
58059,1
58062,0
58065,0
58066,0
58068,0
58069,1
58071,0
58072,1
58073,0
58074,0
58078,0
58079,0
58083,1
58085,1
58088,1
58089,1
58092,1
58099,1
58101,0
58102,0
58107,1
58108,1
58113,0
58114,0
58117,1
58118,1
58119,1
58122,1
58123,1
58124,0
58128,0
58130,0
58135,1
58137,0
58138,1
58143,0
58144,1
58145,0
58148,0
58149,0
58151,0
58152,0
58153,1
58156,1
58157,1
58158,1
58159,1
58161,0
58167,1
58175,1
58176,0
58177,1
58179,1
58182,0
58183,1
58184,0
58187,1
58190,1
58192,0
58196,0
58197,0
58205,0
58212,1
58214,0
58215,0
58217,1
58221,0
58222,0
58226,0
58227,0
58230,1
58232,0
58242,0
58245,0
58247,1
58249,1
58250,1
58251,1
58255,0
58258,0
58260,0
58263,0
58265,1
58267,1
58268,0
58269,1
58271,1
58274,1
58275,1
58276,0
58278,1
58279,0
58280,0
58281,0
58283,1
58285,1
58286,1
58289,0
58291,1
58292,0
58296,1
58297,1
58298,0
58299,1
58300,1
58301,1
58302,0
58305,1
58308,1
58311,0
58312,0
58314,0
58315,1
58318,0
58321,0
58322,1
58323,0
58329,0
58330,1
58333,0
58336,0
58341,1
58342,1
58347,1
58348,1
58349,0
58351,1
58352,0
58353,0
58358,1
58360,0
58362,0
58363,0
58367,1
58370,1
58374,0
58375,1
58377,0
58378,0
58380,0
58384,1
58385,1
58388,0
58389,0
58391,1
58393,1
58394,1
58396,0
58398,1
58399,0
58400,1
58401,1
58405,0
58407,0
58409,0
58410,0
58412,0
58416,0
58419,1
58421,1
58422,1
58423,1
58424,1
58425,0
58426,1
58431,1
58434,0
58436,1
58439,0
58442,0
58446,1
58447,0
58451,1
58453,1
58455,0
58457,1
58458,0
58459,0
58464,0
58465,1
58470,1
58473,1
58477,0
58481,0
58487,0
58489,0
58497,1
58500,1
58509,0
58510,0
58511,1
58514,0
58516,0
58517,0
58520,1
58522,1
58524,1
58526,1
58528,1
58539,0
58547,1
58549,1
58552,0
58555,0
58557,1
58562,1
58565,0
58566,1
58567,0
58569,0
58570,1
58573,1
58575,0
58577,1
58579,0
58580,0
58581,1
58584,0
58585,0
58590,1
58591,0
58598,0
58609,0
58610,0
58614,0
58617,1
58618,0
58621,0
58623,0
58624,1
58627,0
58628,1
58629,0
58630,1
58632,0
58635,1
58636,0
58638,1
58640,1
58642,0
58646,1
58649,1
58650,1
58652,0
58656,1
58661,1
58662,0
58663,1
58664,1
58665,0
58666,0
58667,1
58669,1
58670,1
58672,1
58673,0
58674,1
58675,1
58678,1
58681,1
58687,1
58688,0
58691,1
58692,1
58697,0
58698,1
58708,1
58711,0
58715,0
58719,0
58726,0
58727,1
58729,0
58730,1
58732,1
58736,1
58737,1
58744,1
58745,0
58746,0
58747,0
58748,0
58753,0
58755,1
58760,1
58761,0
58762,0
58763,0
58770,0
58771,1
58772,0
58774,0
58782,0
58787,0
58788,1
58790,1
58791,1
58797,0
58799,1
58801,1
58802,0
58804,1
58806,1
58808,1
58812,1
58813,0
58814,0
58815,1
58816,0
58818,0
58819,0
58821,0
58823,1
58828,1
58829,1
58830,1
58832,0
58833,1
58836,1
58842,0
58845,0
58847,0
58851,0
58856,0
58857,1
58858,1
58860,0
58862,0
58864,1
58867,1
58868,0
58878,0
58879,0
58880,1
58881,0
58883,1
58884,1
58885,0
58886,1
58887,1
58892,1
58894,1
58895,1
58898,1
58905,1
58906,1
58911,0
58912,1
58914,0
58915,1
58917,0
58918,0
58920,1
58921,1
58927,1
58928,0
58930,1
58931,1
58932,0
58935,0
58936,0
58937,1
58938,0
58940,0
58941,0
58942,1
58945,1
58946,1
58950,1
58951,1
58955,0
58957,0
58960,1
58961,0
58964,1
58967,0
58977,1
58985,1
58987,1
58989,1
58992,0
58993,0
58996,0
58998,1
59004,1
59005,1
59008,1
59010,1
59011,0
59015,1
59018,1
59019,0
59020,0
59022,0
59023,1
59033,1
59034,0
59039,1
59040,0
59041,1
59042,0
59045,0
59046,1
59048,0
59054,1
59057,1
59058,1
59059,0
59060,0
59062,1
59064,0
59065,1
59068,1
59069,0
59074,1
59076,0
59077,1
59083,1
59084,0
59086,0
59087,0
59088,1
59094,1
59095,1
59100,0
59103,0
59104,0
59107,1
59108,1
59111,0
59112,0
59113,0
59117,1
59126,0
59128,1
59130,1
59131,0
59135,0
59139,0
59144,0
59148,1
59153,1
59155,0
59165,0
59166,1
59170,1
59176,1
59180,1
59181,1
59182,0
59183,0
59185,0
59189,0
59190,1
59191,1
59198,0
59199,0
59202,1
59204,0
59214,1
59217,0
59221,1
59222,0
59224,0
59225,0
59226,1
59229,0
59232,1
59233,1
59234,0
59239,0
59240,0
59241,0
59246,0
59247,1
59248,1
59249,1
59252,0
59253,1
59262,1
59263,1
59264,0
59265,0
59266,1
59268,0
59274,1
59277,1
59279,1
59281,0
59285,1
59288,0
59295,0
59300,1
59303,1
59306,0
59308,1
59313,1
59316,0
59322,1
59323,0
59324,1
59328,1
59329,1
59330,1
59331,0
59334,1
59335,0
59336,0
59342,0
59345,0
59350,0
59351,0
59359,0
59360,0
59363,1
59365,1
59369,0
59370,0
59373,1
59376,1
59379,0
59380,0
59381,1
59383,0
59386,0
59389,1
59391,0
59396,0
59397,0
59399,1
59403,0
59404,1
59408,1
59416,1
59417,0
59418,0
59419,0
59423,0
59425,1
59427,0
59431,1
59432,0
59433,0
59436,1
59437,0
59438,0
59439,1
59444,1
59445,0
59446,1
59449,0
59450,0
59454,1
59455,1
59459,1
59460,1
59462,0
59467,0
59468,0
59471,1
59473,1
59474,0
59479,1
59480,1
59485,1
59486,0
59490,1
59493,1
59498,1
59506,0
59510,0
59513,1
59514,0
59521,1
59522,1
59528,0
59530,1
59531,1
59535,1
59536,1
59546,0
59549,0
59551,1
59553,0
59556,0
59564,1
59565,1
59566,0
59574,0
59575,0
59577,0
59582,1
59587,1
59599,0
59601,1
59603,0
59604,1
59610,0
59612,1
59614,1
59615,1
59617,1
59618,0
59623,0
59625,0
59627,1
59629,1
59636,0
59637,1
59640,0
59647,0
59648,0
59649,0
59651,1
59653,1
59654,1
59655,1
59657,1
59659,1
59664,1
59667,1
59668,1
59669,0
59670,1
59671,1
59673,0
59674,1
59675,0
59676,1
59677,0
59678,1
59679,0
59680,0
59683,0
59689,1
59690,0
59692,1
59694,0
59700,0
59702,0
59707,0
59712,0
59721,1
59723,1
59734,1
59737,1
59742,1
59744,1
59745,0
59746,0
59747,0
59748,0
59750,1
59753,0
59754,0
59759,0
59760,1
59763,0
59767,1
59768,0
59769,1
59771,1
59775,0
59776,0
59779,0
59784,1
59786,1
59790,1
59797,0
59799,1
59803,0
59807,0
59808,0
59809,0
59810,0
59811,1
59814,1
59815,0
59819,1
59825,0
59826,0
59828,0
59829,1
59830,1
59831,1
59832,0
59836,0
59838,1
59839,0
59854,1
59857,0
59861,0
59862,1
59863,1
59864,0
59866,1
59867,1
59870,0
59873,0
59874,0
59878,0
59880,1
59882,1
59883,1
59885,0
59886,1
59888,1
59889,1
59890,0
59893,1
59894,1
59896,0
59897,0
59901,0
59903,1
59905,1
59907,0
59912,0
59913,1
59914,1
59916,1
59922,0
59923,0
59931,1
59932,0
59939,1
59940,1
59943,0
59945,1
59946,1
59949,0
59951,1
59952,0
59955,0
59958,1
59959,1
59960,1
59961,1
59965,0
59967,0
59972,1
59974,0
59976,0
59977,0
59980,1
59985,1
59992,1
59995,0
59999,1
60001,0
60003,1
60006,0
60009,0
60010,0
60014,1
60016,1
60017,1
60018,1
60019,0
60020,1
60021,0
60025,0
60028,0
60030,1
60031,0
60032,0
60035,0
60037,0
60039,1
60040,0
60043,0
60045,1
60049,0
60054,1
60055,0
60057,0
60061,1
60062,0
60066,1
60070,0
60074,1
60075,0
60076,0
60077,0
60080,0
60089,0
60090,1
60093,0
60095,1
60096,0
60102,0
60109,0
60111,0
60113,1
60114,0
60118,1
60119,0
60120,1
60121,0
60124,1
60131,0
60134,0
60135,0
60136,0
60138,1
60139,0
60142,0
60145,0
60150,1
60151,0
60152,1
60153,0
60154,1
60157,0
60159,1
60160,1
60161,1
60164,1
60166,1
60173,0
60174,1
60181,1
60186,0
60188,0
60189,0
60190,1
60192,0
60197,0
60199,1
60201,1
60202,0
60203,0
60204,1
60205,1
60210,1
60212,1
60213,1
60219,1
60221,1
60222,0
60223,1
60226,1
60228,1
60230,1
60232,1
60237,0
60238,1
60241,1
60245,0
60246,0
60249,1
60250,0
60251,1
60253,0
60255,1
60258,0
60264,1
60265,0
60266,0
60271,1
60272,1
60274,1
60275,1
60281,1
60284,0
60285,0
60286,1
60287,1
60288,0
60293,0
60297,0
60298,0
60300,0
60302,1
60306,0
60313,1
60315,0
60316,0
60317,0
60318,1
60320,0
60321,0
60322,0
60323,1
60324,0
60327,1
60335,0
60339,0
60340,1
60343,0
60347,0
60348,0
60349,1
60353,1
60354,1
60358,0
60359,1
60360,0
60361,0
60363,1
60367,0
60368,0
60374,1
60376,0
60377,0
60378,1
60380,0
60392,1
60393,1
60397,1
60401,1
60409,0
60417,0
60420,0
60423,0
60428,0
60434,0
60435,1
60436,0
60439,0
60440,0
60441,1
60443,0
60445,0
60446,1
60447,1
60452,1
60453,0
60455,0
60456,1
60460,1
60467,0
60477,0
60482,0
60483,0
60485,0
60487,1
60491,1
60496,1
60497,0
60501,1
60509,0
60510,1
60511,1
60520,0
60521,1
60524,0
60525,0
60527,1
60531,0
60532,0
60533,0
60536,1
60537,0
60538,1
60540,1
60544,1
60547,1
60548,1
60549,1
60551,0
60555,0
60556,1
60558,1
60562,1
60565,0
60574,0
60576,0
60577,0
60580,0
60581,0
60583,1
60584,1
60587,0
60588,1
60593,1
60601,1
60603,0
60605,1
60606,1
60608,1
60610,0
60611,0
60612,0
60613,1
60614,1
60616,0
60620,1
60621,1
60622,1
60624,0
60625,1
60630,0
60633,1
60634,1
60640,0
60641,1
60642,0
60644,1
60645,0
60646,1
60648,1
60651,0
60654,1
60658,0
60663,0
60666,0
60667,1
60668,0
60676,1
60677,1
60680,1
60684,1
60685,0
60686,1
60689,1
60692,0
60693,0
60696,1
60698,1
60701,0
60702,0
60703,0
60704,0
60705,1
60710,0
60711,1
60712,0
60718,0
60719,0
60725,0
60727,0
60728,0
60730,0
60734,0
60735,0
60739,0
60742,1
60744,1
60745,1
60746,1
60750,1
60751,0
60754,1
60760,1
60762,0
60764,1
60765,0
60766,1
60770,1
60775,0
60776,1
60777,1
60780,1
60781,0
60784,0
60785,0
60792,0
60796,1
60797,1
60799,1
60800,0
60801,1
60802,1
60803,1
60804,0
60808,1
60814,1
60815,1
60817,1
60818,1
60819,0
60821,0
60823,1
60824,1
60826,1
60830,1
60834,1
60838,0
60839,0
60841,1
60842,0
60843,0
60844,1
60847,1
60852,0
60853,0
60854,1
60856,1
60857,0
60859,0
60860,0
60863,0
60864,0
60866,0
60869,1
60871,0
60872,1
60873,1
60879,0
60882,0
60886,0
60894,1
60897,0
60899,0
60901,0
60903,0
60904,1
60908,0
60911,0
60914,0
60917,1
60919,0
60920,0
60921,0
60924,1
60926,1
60928,1
60929,0
60930,1
60931,1
60935,0
60938,0
60940,0
60942,0
60943,1
60944,1
60948,1
60952,0
60953,1
60958,0
60959,1
60963,0
60964,0
60968,1
60971,1
60976,1
60977,0
60979,1
60986,1
60990,0
61001,1
61002,1
61005,0
61006,1
61008,1
61009,0
61013,0
61016,1
61018,1
61020,0
61022,1
61024,0
61026,0
61027,1
61029,1
61031,1
61034,0
61038,1
61039,1
61040,0
61045,1
61046,1
61047,1
61048,0
61050,0
61051,0
61052,0
61058,0
61064,1
61070,0
61074,0
61081,1
61083,0
61084,0
61085,0
61088,1
61090,1
61091,1
61095,1
61098,0
61099,0
61100,1
61101,0
61102,0
61103,1
61104,1
61113,1
61114,1
61116,1
61120,0
61123,1
61125,0
61128,1
61129,0
61133,0
61148,1
61151,1
61161,0
61163,0
61164,1
61168,1
61170,0
61171,1
61172,0
61175,0
61178,0
61182,1
61183,0
61189,0
61192,0
61197,0
61198,1
61199,0
61201,1
61205,0
61210,1
61216,1
61217,1
61218,1
61219,0
61220,0
61221,1
61222,0
61225,0
61226,0
61227,0
61231,0
61233,1
61234,1
61238,0
61241,0
61245,0
61246,1
61249,0
61250,1
61251,0
61253,1
61255,0
61256,0
61257,0
61267,1
61268,1
61270,0
61271,0
61275,0
61276,0
61281,1
61283,0
61284,1
61285,1
61286,1
61290,0
61292,0
61293,0
61295,1
61297,0
61302,1
61308,1
61313,0
61315,0
61318,1
61319,1
61320,0
61322,0
61323,1
61326,1
61328,0
61336,1
61338,1
61339,1
61340,0
61342,1
61343,1
61350,0
61353,1
61354,0
61357,0
61360,0
61362,1
61363,0
61365,1
61367,0
61371,0
61374,1
61375,0
61377,0
61378,0
61383,0
61385,0
61386,0
61387,1
61391,0
61392,1
61395,0
61396,1
61405,0
61408,1
61411,0
61415,0
61416,0
61419,0
61420,0
61425,0
61426,0
61427,0
61429,0
61434,1
61435,1
61439,0
61440,1
61441,0
61445,0
61448,0
61449,1
61450,0
61451,0
61453,0
61457,1
61467,0
61469,1
61473,0
61478,0
61481,0
61484,0
61489,1
61490,1
61493,1
61494,0
61495,1
61496,0
61498,1
61499,0
61505,0
61507,1
61510,1
61512,0
61514,1
61516,0
61517,0
61519,0
61520,1
61522,1
61529,0
61531,0
61534,1
61535,0
61536,0
61537,1
61538,0
61541,1
61542,0
61549,0
61554,1
61555,0
61557,0
61560,0
61561,0
61563,1
61564,0
61572,0
61573,1
61577,0
61578,0
61579,0
61581,0
61583,0
61585,1
61587,0
61590,1
61592,0
61594,1
61595,0
61598,0
61600,0
61602,0
61603,0
61606,1
61611,1
61612,1
61614,0
61616,0
61620,1
61622,1
61623,0
61626,1
61631,1
61632,1
61636,0
61642,0
61647,1
61652,0
61656,1
61657,1
61660,1
61666,1
61668,1
61669,1
61670,0
61671,1
61675,1
61676,0
61682,0
61684,0
61685,1
61688,1
61689,0
61691,0
61695,0
61696,0
61697,1
61699,0
61707,0
61710,1
61711,1
61714,1
61715,1
61721,0
61722,0
61723,0
61725,0
61728,1
61730,1
61731,1
61732,1
61733,1
61735,1
61736,0
61737,0
61742,0
61743,0
61744,0
61745,0
61746,0
61747,1
61755,1
61756,0
61757,0
61759,1
61763,1
61764,1
61765,0
61767,1
61769,1
61770,0
61771,0
61772,0
61774,0
61775,0
61778,0
61780,1
61781,1
61785,1
61787,1
61788,0
61789,0
61790,0
61791,0
61792,0
61794,1
61795,1
61796,0
61797,0
61798,1
61799,0
61801,1
61802,1
61804,1
61805,1
61807,0
61808,1
61816,0
61817,0
61818,0
61823,1
61827,0
61828,0
61834,1
61835,0
61838,0
61839,0
61840,1
61841,0
61844,0
61848,0
61851,1
61852,1
61853,1
61854,0
61855,0
61857,0
61867,1
61868,1
61869,1
61872,1
61874,0
61875,0
61876,0
61877,1
61878,1
61882,0
61885,1
61888,1
61890,1
61892,1
61893,1
61895,0
61896,0
61898,0
61901,1
61906,0
61911,1
61914,1
61915,0
61920,0
61921,0
61925,0
61926,0
61927,0
61930,1
61932,0
61933,0
61934,1
61935,1
61937,1
61939,0
61944,0
61948,0
61949,1
61952,0
61953,0
61956,0
61957,0
61959,0
61962,1
61966,1
61968,0
61969,1
61970,1
61972,0
61973,0
61976,1
61977,0
61979,1
61986,1
61989,0
61994,0
61995,0
61997,0
61998,0
61999,0
62000,1
62001,1
62002,0
62003,0
62004,1
62006,1
62008,0
62009,1
62011,1
62012,0
62015,0
62016,0
62019,1
62021,0
62022,0
62024,0
62025,0
62027,0
62028,1
62031,1
62033,0
62034,0
62035,0
62042,0
62044,1
62047,1
62051,1
62052,0
62054,1
62059,1
62060,0
62061,0
62067,0
62071,0
62073,0
62074,0
62083,0
62084,0
62085,1
62092,0
62094,1
62099,1
62100,0
62101,0
62103,0
62104,1
62106,1
62109,1
62119,0
62120,0
62122,1
62125,0
62128,0
62130,0
62137,1
62141,0
62143,0
62146,0
62149,1
62152,0
62153,0
62154,0
62155,0
62156,0
62162,0
62164,1
62165,1
62166,0
62177,0
62178,0
62179,0
62183,0
62184,1
62188,1
62190,0
62191,0
62192,0
62193,0
62194,1
62196,0
62198,0
62200,0
62202,1
62203,1
62205,0
62208,1
62210,1
62219,1
62222,0
62224,0
62227,1
62230,0
62235,0
62242,0
62245,0
62246,0
62250,0
62251,1
62252,1
62253,0
62256,1
62259,0
62262,1
62265,1
62268,1
62269,1
62270,0
62276,1
62279,0
62282,1
62285,1
62286,1
62289,1
62290,1
62299,1
62300,0
62304,0
62306,0
62311,0
62312,1
62313,0
62316,0
62319,1
62326,0
62328,0
62330,0
62333,0
62335,1
62336,0
62341,1
62343,0
62347,0
62348,0
62349,1
62351,1
62352,1
62353,0
62357,0
62361,0
62363,1
62365,1
62366,0
62367,1
62368,0
62369,0
62370,0
62373,0
62379,0
62381,0
62388,1
62391,1
62392,1
62393,0
62395,0
62401,0
62402,1
62404,1
62406,0
62407,0
62410,0
62411,1
62413,1
62414,0
62416,1
62419,0
62421,0
62422,0
62426,0
62430,0
62431,1
62436,1
62439,1
62441,0
62442,1
62445,1
62451,0
62452,0
62453,1
62456,0
62457,0
62458,0
62460,0
62466,0
62467,0
62476,1
62478,0
62482,1
62483,1
62484,0
62485,1
62488,0
62489,0
62491,0
62502,0
62505,0
62517,1
62519,0
62520,0
62521,0
62527,1
62528,1
62529,1
62531,0
62532,1
62533,0
62536,1
62538,1
62539,0
62544,0
62545,0
62555,0
62557,0
62558,1
62559,0
62565,1
62568,0
62569,1
62570,0
62571,0
62572,1
62573,1
62576,0
62577,1
62582,0
62597,1
62600,0
62604,1
62605,1
62606,0
62608,0
62609,1
62610,0
62613,1
62614,1
62618,1
62620,0
62624,0
62625,0
62628,0
62629,1
62632,0
62634,0
62635,0
62636,1
62646,0
62650,0
62654,1
62655,0
62657,1
62658,1
62664,0
62668,0
62669,1
62676,1
62677,1
62679,1
62681,0
62683,1
62684,1
62685,0
62688,1
62691,0
62693,1
62694,1
62696,0
62699,1
62701,0
62703,0
62708,1
62710,1
62712,0
62713,1
62714,0
62716,0
62720,0
62725,0
62729,0
62730,1
62731,0
62734,0
62735,1
62740,0
62743,0
62745,0
62749,0
62751,1
62754,1
62755,1
62756,1
62758,0
62759,0
62760,0
62761,0
62767,1
62770,1
62772,0
62774,0
62775,1
62780,0
62783,1
62785,1
62787,1
62789,0
62792,0
62793,1
62794,1
62796,1
62801,0
62803,0
62805,1
62806,0
62807,0
62810,0
62813,0
62817,0
62821,0
62822,1
62828,1
62829,0
62834,0
62835,0
62836,0
62839,1
62845,1
62846,1
62848,1
62850,1
62851,0
62852,1
62856,0
62864,0
62865,0
62868,0
62869,1
62870,1
62871,1
62872,0
62876,0
62884,1
62886,1
62888,1
62891,0
62893,1
62894,1
62911,0
62913,0
62919,0
62922,1
62923,1
62927,1
62928,1
62933,1
62934,0
62935,1
62936,1
62937,1
62944,1
62945,1
62946,0
62951,0
62954,1
62959,0
62962,0
62963,1
62966,0
62967,0
62969,0
62970,1
62971,0
62975,0
62976,1
62977,1
62981,0
62982,0
62985,0
62987,0
62990,0
62991,0
62992,1
62995,0
62996,1
62999,0
63002,1
63003,1
63007,0
63014,0
63016,1
63028,0
63029,0
63030,1
63032,1
63034,1
63039,0
63041,0
63042,1
63043,1
63044,0
63045,0
63046,1
63047,1
63049,0
63053,1
63055,1
63057,0
63058,0
63059,0
63064,1
63069,0
63071,1
63072,0
63073,1
63074,0
63076,1
63080,0
63083,0
63084,0
63089,1
63090,1
63093,0
63094,1
63096,1
63098,0
63100,1
63108,1
63109,0
63113,0
63115,1
63117,1
63122,1
63123,0
63126,1
63127,0
63134,0
63135,0
63136,1
63140,1
63143,1
63146,0
63147,0
63148,1
63153,1
63157,0
63168,0
63169,0
63170,0
63171,0
63173,1
63177,0
63178,0
63180,1
63181,0
63186,0
63189,0
63191,0
63196,1
63199,0
63200,1
63201,1
63202,1
63204,1
63206,0
63209,1
63214,0
63217,1
63218,1
63227,1
63231,0
63232,0
63238,0
63242,1
63243,1
63245,0
63249,1
63250,0
63257,1
63260,0
63261,0
63262,0
63263,1
63264,1
63267,0
63270,1
63278,0
63283,0
63290,1
63292,0
63293,1
63294,1
63295,0
63296,1
63297,1
63298,0
63302,0
63303,0
63304,0
63309,1
63313,1
63314,0
63316,0
63318,0
63319,1
63320,1
63321,0
63323,1
63326,1
63327,1
63328,0
63329,1
63333,1
63335,0
63336,1
63341,0
63343,1
63344,1
63347,1
63349,0
63350,0
63353,0
63354,0
63355,1
63357,1
63362,0
63363,1
63368,0
63376,0
63380,0
63384,0
63385,1
63387,1
63388,1
63390,0
63394,0
63398,0
63399,0
63402,0
63403,0
63405,0
63406,1
63412,0
63413,0
63419,1
63420,0
63422,0
63424,1
63426,0
63429,0
63431,0
63432,1
63434,1
63439,0
63442,0
63443,1
63445,0
63446,1
63447,0
63450,1
63451,0
63453,1
63454,1
63459,1
63464,0
63465,0
63467,1
63468,1
63469,0
63472,0
63473,0
63477,0
63478,0
63480,0
63493,0
63494,1
63497,1
63498,0
63502,0
63504,1
63507,1
63512,0
63518,0
63519,0
63520,0
63521,0
63522,0
63526,1
63529,1
63534,0
63535,1
63536,0
63538,1
63540,0
63545,1
63546,1
63547,0
63549,0
63550,1
63553,1
63556,0
63557,1
63563,0
63565,0
63566,1
63567,0
63569,1
63570,1
63571,1
63575,1
63578,0
63582,0
63583,1
63586,0
63590,1
63591,1
63592,0
63595,1
63598,1
63599,1
63601,0
63602,0
63603,0
63605,1
63607,1
63608,1
63609,1
63610,0
63613,1
63615,1
63616,1
63619,1
63623,0
63624,1
63637,0
63640,1
63641,0
63642,1
63643,1
63644,1
63646,0
63647,1
63649,1
63650,1
63653,0
63658,1
63659,0
63660,0
63662,0
63666,0
63667,1
63670,0
63671,1
63674,0
63682,1
63687,0
63690,0
63691,1
63692,0
63695,1
63696,1
63698,0
63700,0
63702,1
63704,1
63707,0
63712,0
63714,1
63715,0
63716,1
63721,1
63723,0
63724,0
63726,0
63728,1
63731,1
63732,0
63734,1
63738,0
63739,0
63742,0
63747,1
63748,1
63750,1
63755,0
63757,1
63760,0
63764,1
63765,0
63766,0
63767,1
63768,1
63770,1
63771,0
63774,0
63775,0
63780,1
63782,0
63783,0
63787,1
63788,0
63790,0
63792,1
63794,1
63795,0
63798,0
63802,1
63812,0
63813,0
63814,1
63816,0
63823,1
63825,1
63826,1
63829,0
63831,0
63836,0
63839,1
63843,1
63846,0
63850,1
63852,0
63865,1
63866,1
63868,1
63869,0
63870,1
63872,1
63875,1
63881,0
63885,1
63886,1
63892,1
63902,1
63903,1
63906,0
63907,1
63912,1
63919,1
63920,0
63923,1
63925,1
63927,1
63928,1
63930,0
63931,1
63932,0
63933,1
63937,1
63938,0
63940,0
63943,0
63944,1
63946,0
63947,1
63952,0
63954,0
63956,0
63957,1
63958,0
63960,1
63961,0
63964,1
63968,1
63969,1
63971,0
63972,0
63974,0
63975,0
63976,1
63978,0
63980,0
63981,0
63982,0
63984,0
63987,1
63988,0
63990,0
63993,0
63994,1
64003,0
64007,0
64008,1
64015,0
64022,1
64023,0
64025,1
64027,0
64030,0
64031,1
64039,1
64042,1
64045,0
64046,1
64047,1
64049,1
64051,1
64052,0
64054,1
64055,0
64058,1
64061,1
64062,1
64063,0
64064,0
64066,0
64071,0
64072,0
64074,0
64081,1
64087,0
64091,0
64093,1
64095,1
64096,1
64099,1
64103,0
64105,0
64106,0
64112,0
64114,0
64117,1
64118,0
64121,1
64126,0
64131,0
64133,1
64135,0
64136,0
64137,0
64138,0
64139,1
64143,0
64145,0
64146,1
64147,1
64148,0
64149,0
64150,0
64153,0
64155,0
64165,1
64168,0
64171,1
64172,1
64173,1
64175,1
64178,0
64181,1
64185,1
64191,1
64194,0
64197,1
64199,1
64200,0
64202,0
64203,0
64206,0
64207,1
64210,0
64211,1
64216,0
64218,1
64224,1
64225,0
64227,0
64230,0
64234,0
64239,0
64240,0
64241,0
64250,1
64251,1
64252,0
64254,0
64255,1
64259,1
64260,0
64262,1
64264,1
64265,1
64266,0
64267,1
64269,0
64270,1
64272,1
64273,0
64285,1
64286,0
64290,0
64291,0
64292,0
64293,0
64296,0
64297,1
64298,1
64301,1
64308,1
64309,1
64310,1
64313,0
64314,0
64315,1
64317,1
64320,1
64326,1
64329,1
64330,1
64334,1
64339,0
64340,0
64342,0
64343,1
64346,0
64348,1
64349,1
64351,1
64353,0
64354,1
64355,1
64356,0
64357,0
64362,1
64364,0
64365,0
64366,1
64367,1
64368,1
64369,1
64371,1
64377,0
64379,0
64385,1
64388,0
64389,1
64390,0
64391,1
64392,0
64394,1
64397,1
64400,0
64401,0
64403,1
64405,1
64406,0
64408,0
64409,1
64412,0
64414,0
64416,0
64418,1
64419,0
64422,1
64427,1
64429,0
64430,0
64431,0
64432,1
64441,0
64445,0
64449,1
64454,0
64455,1
64456,0
64460,1
64464,1
64465,1
64467,0
64469,0
64471,0
64473,0
64474,1
64478,0
64479,0
64482,1
64485,0
64487,1
64488,0
64499,1
64500,1
64507,1
64509,0
64511,1
64512,1
64513,1
64521,1
64522,0
64524,1
64525,1
64527,0
64528,0
64531,0
64534,1
64540,0
64541,0
64544,0
64545,0
64546,1
64549,1
64550,1
64552,0
64553,0
64557,0
64559,1
64560,1
64563,0
64565,0
64568,0
64569,0
64570,0
64571,0
64579,1
64580,0
64582,0
64585,0
64586,1
64587,0
64588,0
64591,1
64592,0
64595,0
64596,1
64598,1
64601,1
64607,0
64608,1
64609,0
64610,0
64616,1
64621,1
64624,1
64625,0
64626,1
64627,0
64632,0
64636,1
64640,1
64644,0
64647,1
64648,0
64650,1
64653,0
64656,1
64662,0
64665,1
64670,0
64671,0
64672,0
64674,1
64675,0
64680,0
64687,0
64688,1
64689,1
64693,1
64696,0
64697,1
64698,0
64700,1
64701,1
64705,1
64709,0
64715,1
64719,0
64726,0
64728,0
64729,1
64731,1
64732,1
64734,1
64735,1
64740,0
64741,1
64742,1
64743,0
64744,1
64750,0
64751,0
64753,0
64754,1
64756,1
64760,1
64761,0
64762,1
64765,0
64768,0
64769,0
64771,1
64773,0
64775,1
64777,1
64778,0
64789,1
64790,1
64791,1
64793,0
64797,0
64800,0
64801,0
64802,0
64805,1
64806,0
64807,0
64808,1
64809,1
64810,0
64812,0
64814,1
64815,0
64823,1
64830,1
64833,0
64834,0
64837,1
64838,1
64839,0
64840,0
64845,1
64847,1
64849,0
64851,0
64856,1
64858,0
64861,1
64863,0
64865,0
64866,1
64867,1
64872,1
64876,0
64877,1
64879,0
64882,0
64884,1
64888,0
64890,0
64891,1
64892,1
64893,0
64894,0
64895,0
64896,0
64897,0
64900,0
64903,0
64906,1
64909,1
64913,0
64915,0
64916,0
64917,1
64918,1
64921,1
64922,1
64923,1
64924,0
64927,0
64930,1
64932,0
64933,1
64934,0
64935,1
64937,1
64938,0
64939,0
64945,1
64947,0
64949,0
64957,1
64959,0
64960,0
64962,0
64963,1
64967,1
64968,1
64970,0
64976,0
64977,1
64982,0
64985,0
64986,1
64989,1
64990,0
64991,0
64995,0
65001,1
65003,0
65008,0
65009,1
65014,1
65015,1
65023,1
65025,0
65028,1
65030,1
65032,1
65033,0
65035,0
65037,0
65038,0
65041,1
65045,1
65050,1
65052,0
65053,1
65054,1
65055,1
65057,1
65060,1
65061,0
65063,0
65064,1
65066,0
65069,1
65070,1
65071,0
65072,1
65078,0
65080,1
65082,1
65084,1
65085,1
65088,1
65089,1
65097,1
65098,1
65109,0
65114,1
65116,0
65117,0
65119,1
65124,0
65127,1
65130,0
65134,0
65135,0
65136,1
65139,1
65146,0
65153,1
65154,0
65155,1
65156,1
65157,0
65158,0
65159,0
65162,1
65163,0
65166,1
65167,0
65169,0
65172,1
65183,0
65184,0
65185,1
65186,1
65187,0
65189,0
65193,0
65196,1
65198,1
65202,1
65203,1
65204,0
65206,1
65208,0
65210,0
65215,0
65216,0
65219,1
65224,1
65226,1
65227,1
65228,0
65232,1
65233,0
65234,0
65236,0
65240,1
65241,1
65243,0
65244,0
65245,0
65248,1
65249,0
65251,0
65253,1
65255,1
65258,1
65264,0
65267,0
65271,1
65275,1
65276,0
65279,1
65280,1
65282,0
65287,0
65288,1
65296,1
65303,0
65304,0
65306,1
65307,1
65317,0
65322,1
65324,0
65327,0
65328,1
65329,0
65331,0
65332,1
65335,1
65336,0
65341,1
65344,0
65346,0
65347,0
65349,0
65350,0
65353,1
65356,0
65358,1
65364,0
65365,0
65366,1
65371,1
65374,0
65381,0
65382,0
65383,0
65387,0
65388,0
65391,0
65393,1
65396,0
65397,1
65399,1
65412,0
65413,0
65420,1
65424,1
65425,0
65436,1
65439,0
65441,0
65444,1
65446,1
65450,1
65451,0
65453,0
65454,0
65455,0
65456,0
65458,0
65459,1
65461,1
65463,0
65464,1
65465,1
65468,0
65469,1
65470,0
65472,1
65473,0
65474,0
65481,1
65482,1
65484,0
65491,0
65494,1
65497,1
65502,1
65507,0
65508,1
65509,0
65510,1
65511,1
65514,1
65515,1
65517,0
65520,1
65525,0
65527,0
65531,0
65532,1
65537,0
65541,0
65550,0
65551,0
65556,0
65557,1
65559,0
65563,1
65569,0
65570,1
65574,0
65577,0
65581,1
65582,1
65589,1
65590,0
65597,0
65599,0
65600,0
65603,0
65606,1
65608,0
65612,0
65613,0
65618,0
65622,0
65625,1
65626,1
65638,1
65639,1
65641,0
65643,0
65644,1
65648,1
65655,1
65656,1
65657,0
65658,0
65659,1
65660,0
65662,0
65663,1
65664,0
65670,0
65672,1
65675,0
65677,0
65678,1
65679,0
65681,1
65682,0
65692,1
65694,0
65700,1
65703,0
65705,0
65706,0
65707,0
65708,0
65712,0
65713,1
65714,0
65717,1
65718,1
65719,1
65720,0
65721,0
65723,1
65725,0
65727,0
65730,0
65731,0
65732,0
65733,0
65735,1
65736,0
65737,0
65740,0
65741,1
65747,0
65748,1
65750,0
65753,1
65760,0
65764,1
65765,0
65768,0
65769,1
65770,1
65780,1
65783,1
65785,1
65786,1
65787,1
65788,1
65789,0
65790,0
65792,1
65793,1
65795,1
65796,1
65800,1
65804,1
65807,1
65811,1
65812,0
65814,1
65816,1
65820,0
65831,0
65836,1
65842,0
65844,0
65845,1
65848,1
65850,1
65853,0
65854,0
65855,0
65857,0
65859,0
65860,1
65862,0
65863,0
65866,0
65868,1
65869,0
65870,0
65874,1
65876,1
65880,0
65881,0
65885,1
65886,0
65887,0
65889,0
65899,0
65902,1
65904,0
65906,0
65907,0
65912,0
65916,0
65918,1
65919,1
65922,1
65925,0
65928,0
65929,1
65930,0
65933,1
65937,1
65938,1
65943,0
65948,1
65951,0
65952,0
65956,1
65957,0
65958,1
65959,0
65960,1
65961,1
65963,0
65966,1
65975,0
65982,1
65984,0
65985,1
65986,1
65991,1
65992,1
66001,0
66003,1
66006,0
66009,1
66012,1
66015,1
66017,0
66021,1
66024,1
66027,0
66030,1
66032,0
66034,0
66035,1
66037,1
66038,1
66042,1
66043,0
66044,1
66048,0
66050,0
66052,0
66054,0
66056,1
66058,1
66060,1
66061,0
66063,1
66064,1
66071,1
66072,1
66082,0
66083,1
66084,1
66085,1
66086,1
66087,0
66090,0
66097,1
66099,1
66103,1
66107,1
66108,0
66109,0
66110,0
66111,0
66113,0
66114,0
66115,1
66116,1
66117,0
66122,1
66123,1
66125,0
66126,0
66127,1
66128,0
66129,1
66130,1
66131,0
66132,0
66133,0
66135,1
66145,1
66153,0
66158,0
66160,1
66163,0
66166,0
66170,0
66172,1
66175,0
66177,1
66178,1
66179,1
66183,1
66184,1
66185,1
66189,1
66190,1
66193,0
66195,1
66196,0
66197,1
66203,1
66204,1
66208,1
66211,0
66213,0
66216,0
66218,1
66219,0
66222,0
66227,1
66229,0
66232,0
66236,1
66237,1
66238,0
66241,1
66245,1
66250,1
66251,1
66253,1
66254,1
66256,1
66257,1
66259,1
66262,0
66265,1
66267,0
66271,0
66272,0
66276,1
66280,1
66281,0
66282,0
66287,1
66288,0
66289,1
66290,1
66298,0
66299,0
66300,1
66306,1
66307,0
66308,1
66309,1
66311,1
66312,0
66315,0
66321,0
66324,0
66327,0
66328,1
66332,1
66334,1
66335,0
66337,1
66341,1
66342,1
66344,1
66345,0
66346,0
66347,0
66348,0
66349,0
66350,1
66351,1
66354,1
66358,0
66362,0
66363,1
66365,0
66368,0
66369,0
66373,1
66375,1
66378,1
66379,1
66380,0
66381,0
66383,0
66384,1
66385,0
66387,0
66388,0
66389,0
66394,1
66395,1
66398,0
66401,1
66402,1
66403,0
66412,0
66413,0
66418,0
66419,1
66421,0
66424,1
66427,0
66430,0
66432,0
66436,1
66437,0
66438,1
66439,0
66440,0
66442,1
66444,1
66449,0
66452,0
66453,0
66455,1
66456,0
66457,1
66459,0
66460,1
66462,1
66467,0
66470,1
66471,1
66472,1
66473,0
66474,0
66478,1
66480,0
66483,0
66484,0
66491,0
66493,0
66494,0
66496,1
66499,0
66500,0
66501,0
66502,1
66511,1
66514,0
66516,0
66525,0
66527,1
66529,1
66530,0
66532,1
66534,0
66537,1
66538,0
66539,0
66542,1
66543,0
66544,1
66545,0
66546,0
66549,0
66552,0
66554,0
66555,1
66556,0
66559,0
66561,0
66563,0
66564,1
66567,0
66569,1
66574,0
66578,1
66579,0
66582,0
66583,0
66585,0
66586,0
66587,0
66589,0
66594,0
66596,1
66599,0
66603,1
66604,1
66605,0
66606,1
66607,1
66608,0
66610,0
66615,1
66617,0
66619,0
66621,1
66622,1
66623,0
66627,1
66629,0
66631,0
66633,0
66634,0
66635,0
66636,1
66641,1
66642,1
66644,0
66645,1
66651,1
66652,1
66655,0
66657,0
66658,1
66660,0
66661,1
66675,0
66676,0
66677,1
66679,1
66680,1
66681,1
66683,1
66689,1
66691,1
66693,0
66697,1
66699,1
66701,0
66707,1
66708,0
66709,0
66712,1
66713,0
66716,1
66718,0
66722,1
66723,0
66726,0
66727,0
66728,0
66729,0
66730,1
66743,0
66749,0
66750,0
66752,0
66753,0
66758,0
66759,1
66760,0
66768,0
66770,0
66771,0
66773,1
66774,0
66776,0
66779,0
66780,1
66784,0
66793,1
66794,0
66801,0
66803,0
66804,1
66805,0
66809,1
66813,0
66814,0
66819,0
66821,0
66822,1
66824,0
66826,1
66827,1
66828,0
66832,1
66834,0
66835,0
66836,1
66842,1
66846,0
66848,1
66849,1
66855,0
66857,0
66858,0
66861,1
66864,0
66867,0
66870,0
66872,1
66873,1
66880,0
66881,1
66882,0
66883,1
66884,1
66886,1
66888,0
66889,0
66890,1
66892,1
66893,1
66894,1
66901,0
66903,0
66906,0
66907,1
66910,0
66911,1
66920,0
66921,1
66923,0
66929,1
66930,1
66942,0
66946,0
66947,1
66948,0
66949,1
66952,1
66954,0
66955,1
66956,0
66958,0
66960,0
66961,1
66962,1
66963,0
66968,1
66970,0
66971,1
66972,1
66979,0
66982,0
66985,1
66988,0
66991,0
66994,0
66995,1
66997,0
66999,1
67000,0
67001,0
67002,1
67004,0
67008,1
67010,1
67012,1
67013,1
67015,0
67023,0
67025,1
67027,0
67028,0
67030,1
67031,0
67035,0
67044,0
67051,0
67053,0
67056,1
67057,1
67058,0
67059,1
67060,1
67064,1
67065,1
67069,0
67071,1
67075,1
67076,1
67077,1
67078,1
67081,1
67082,0
67084,1
67088,0
67092,0
67093,1
67094,1
67095,0
67096,0
67097,0
67101,1
67105,1
67106,0
67107,0
67110,0
67118,0
67120,1
67121,1
67126,1
67129,1
67130,1
67132,1
67133,1
67137,1
67139,1
67142,1
67145,0
67148,0
67149,0
67154,1
67155,1
67161,1
67164,0
67167,0
67168,0
67171,1
67179,1
67180,1
67181,1
67182,0
67183,0
67186,1
67190,0
67191,1
67192,0
67199,0
67202,0
67204,0
67213,0
67215,1
67216,1
67217,0
67221,1
67222,0
67225,0
67228,0
67232,0
67237,1
67238,0
67240,1
67243,0
67245,0
67247,0
67248,0
67249,1
67250,0
67254,0
67255,0
67256,1
67259,1
67263,1
67264,1
67266,0
67270,0
67273,1
67277,1
67280,0
67281,0
67283,0
67287,0
67290,0
67295,0
67298,1
67302,0
67303,1
67305,0
67312,0
67316,0
67319,0
67321,1
67325,1
67331,1
67336,1
67338,0
67340,0
67344,0
67345,0
67346,0
67349,0
67350,0
67355,0
67360,1
67361,0
67368,0
67376,0
67382,0
67383,1
67385,1
67386,0
67387,0
67389,0
67390,0
67391,1
67392,0
67396,1
67399,0
67404,0
67405,1
67406,0
67407,1
67411,0
67413,1
67415,1
67416,0
67418,0
67419,0
67422,1
67424,0
67425,0
67431,0
67438,0
67439,0
67443,1
67448,0
67449,0
67450,0
67451,0
67454,1
67457,0
67458,0
67459,0
67463,1
67465,1
67470,0
67472,1
67474,1
67475,0
67476,0
67479,1
67483,0
67484,1
67487,0
67489,0
67491,0
67495,1
67497,1
67498,1
67502,0
67503,1
67504,1
67505,0
67507,0
67512,0
67517,1
67518,1
67526,0
67528,0
67531,0
67533,1
67534,0
67535,0
67542,1
67544,0
67546,0
67548,0
67549,0
67551,0
67555,1
67557,0
67560,0
67565,0
67568,0
67569,0
67576,0
67577,0
67579,1
67581,1
67583,0
67585,1
67587,1
67589,0
67592,0
67593,0
67596,0
67599,1
67600,0
67607,1
67608,0
67613,0
67614,1
67615,0
67616,0
67617,0
67623,0
67624,0
67628,0
67634,1
67636,0
67644,0
67645,1
67649,0
67650,0
67651,0
67652,0
67654,1
67655,0
67659,1
67665,0
67666,1
67670,1
67674,0
67676,1
67677,1
67680,1
67682,1
67683,0
67684,1
67689,0
67692,0
67693,0
67697,0
67699,0
67700,0
67704,1
67705,1
67707,1
67708,1
67709,1
67710,1
67711,1
67716,0
67718,0
67728,1
67732,0
67733,0
67734,0
67736,0
67737,0
67738,1
67740,0
67742,1
67743,1
67744,1
67745,1
67750,1
67754,0
67756,1
67758,0
67761,1
67762,0
67763,0
67765,0
67766,0
67767,0
67769,0
67770,0
67772,0
67773,0
67774,0
67777,0
67779,0
67782,1
67785,0
67788,1
67790,1
67792,1
67794,0
67795,0
67798,0
67799,0
67800,0
67807,0
67814,1
67815,1
67816,1
67819,1
67822,1
67823,0
67826,0
67827,1
67829,1
67830,1
67831,0
67833,1
67834,1
67835,0
67836,0
67837,1
67839,0
67841,0
67842,0
67843,0
67845,0
67846,0
67847,1
67848,0
67850,1
67853,1
67856,1
67858,0
67870,0
67873,0
67875,1
67877,1
67878,1
67879,1
67880,0
67884,1
67885,1
67888,1
67890,0
67893,0
67895,0
67896,0
67897,1
67901,0
67902,0
67903,1
67904,1
67908,0
67915,0
67916,1
67920,1
67923,1
67925,0
67934,0
67935,0
67936,0
67941,1
67946,0
67947,0
67948,0
67949,0
67954,0
67955,0
67956,1
67958,0
67960,0
67961,0
67971,0
67972,0
67974,0
67976,1
67977,0
67978,0
67979,0
67980,0
67982,1
67986,0
67987,1
67988,0
67992,0
67993,0
67995,1
67996,1
68002,1
68007,1
68010,0
68015,1
68016,1
68020,0
68025,1
68026,0
68030,0
68031,0
68032,1
68033,1
68035,0
68037,0
68038,0
68039,1
68047,0
68050,0
68053,1
68055,0
68059,1
68060,1
68063,1
68064,0
68065,0
68066,1
68067,0
68068,0
68069,0
68075,0
68076,1
68080,0
68082,0
68083,1
68085,0
68090,1
68091,1
68094,0
68095,1
68096,1
68097,1
68099,0
68100,0
68104,1
68106,0
68107,0
68108,1
68109,0
68113,1
68114,1
68119,0
68128,0
68129,0
68135,1
68139,1
68147,0
68151,1
68152,1
68153,1
68158,0
68162,0
68164,1
68167,1
68171,0
68173,1
68175,0
68177,1
68183,0
68185,0
68188,1
68192,1
68198,1
68201,1
68202,0
68205,1
68207,0
68208,1
68209,0
68210,0
68213,1
68216,1
68217,0
68218,0
68220,0
68222,0
68224,1
68228,1
68229,1
68231,1
68232,1
68236,0
68239,0
68243,1
68245,1
68246,0
68249,1
68250,1
68252,0
68253,1
68258,0
68259,1
68260,1
68263,0
68266,1
68267,1
68270,1
68271,1
68281,0
68283,1
68288,0
68289,0
68293,0
68294,1
68296,0
68307,0
68310,1
68311,0
68314,1
68316,1
68319,1
68320,0
68321,0
68324,0
68328,0
68330,1
68337,1
68338,1
68341,0
68342,0
68343,1
68346,0
68348,1
68352,0
68355,0
68356,0
68359,0
68361,0
68363,1
68368,0
68369,0
68371,0
68375,1
68379,1
68380,1
68383,1
68386,0
68387,0
68389,1
68390,0
68391,1
68394,0
68395,1
68398,0
68407,0
68409,0
68413,0
68414,0
68420,0
68421,0
68425,1
68428,1
68429,0
68430,1
68432,0
68433,1
68434,1
68435,1
68438,1
68448,0
68449,0
68451,0
68454,0
68457,1
68458,1
68459,1
68460,1
68461,0
68462,0
68465,1
68470,0
68471,0
68475,0
68477,0
68479,1
68480,1
68481,1
68483,0
68486,0
68487,1
68488,0
68489,0
68492,1
68495,0
68496,1
68497,1
68500,0
68501,0
68502,0
68504,1
68505,0
68511,0
68512,1
68513,0
68515,0
68518,1
68519,0
68521,0
68523,0
68531,1
68535,0
68541,0
68547,0
68550,0
68551,1
68554,1
68555,1
68557,1
68559,0
68564,0
68566,1
68571,1
68576,0
68587,0
68590,0
68594,1
68596,0
68597,0
68604,0
68608,0
68611,0
68614,0
68618,1
68620,0
68623,1
68624,1
68625,0
68627,0
68628,0
68629,0
68630,0
68631,1
68632,0
68633,0
68635,1
68639,0
68640,0
68641,0
68644,1
68645,1
68647,0
68652,0
68657,0
68658,1
68661,0
68666,1
68668,1
68670,1
68671,0
68672,1
68673,1
68676,0
68679,1
68682,1
68685,0
68686,0
68692,0
68696,0
68702,1
68704,1
68705,1
68707,0
68709,0
68711,1
68712,1
68713,0
68714,0
68716,0
68717,1
68718,1
68720,0
68721,0
68723,1
68728,0
68729,0
68731,0
68732,0
68744,1
68745,0
68750,0
68752,0
68753,1
68754,0
68755,1
68758,1
68761,0
68764,1
68765,0
68768,0
68769,0
68771,0
68774,0
68776,1
68779,1
68781,1
68785,1
68787,0
68788,1
68791,0
68793,0
68795,1
68796,0
68797,1
68800,0
68807,1
68809,0
68812,1
68814,0
68818,1
68827,1
68828,1
68833,1
68835,1
68838,0
68839,1
68842,0
68843,0
68846,0
68855,0
68856,0
68860,1
68865,1
68869,1
68871,0
68875,1
68878,0
68879,1
68884,0
68885,0
68886,0
68889,0
68890,1
68893,1
68896,1
68897,1
68898,1
68905,1
68907,0
68909,0
68910,0
68911,0
68917,0
68918,1
68921,0
68923,1
68925,1
68929,1
68932,1
68936,1
68937,0
68938,0
68944,1
68945,1
68949,0
68950,0
68954,1
68958,0
68960,0
68963,1
68964,1
68967,1
68975,1
68979,1
68984,1
68985,0
68986,1
68990,1
68992,0
68993,1
68994,1
68995,0
68997,1
68999,1
69001,1
69006,1
69007,0
69009,1
69011,0
69012,1
69013,0
69015,0
69019,1
69021,1
69026,0
69027,0
69028,1
69029,1
69031,1
69035,0
69037,0
69041,1
69044,0
69045,0
69047,1
69053,0
69055,1
69058,1
69059,0
69071,0
69074,1
69075,1
69076,0
69083,1
69084,0
69086,1
69089,0
69092,0
69094,1
69100,0
69103,0
69104,1
69105,0
69106,0
69107,0
69109,1
69110,1
69115,0
69119,0
69120,1
69123,0
69124,0
69129,1
69131,1
69134,1
69136,1
69141,1
69144,0
69145,0
69151,0
69152,1
69154,0
69155,1
69158,1
69160,1
69163,0
69166,0
69173,0
69174,0
69176,0
69182,0
69185,0
69187,0
69189,1
69190,0
69197,1
69199,1
69202,0
69205,0
69208,0
69209,1
69211,0
69212,0
69216,0
69217,0
69220,1
69221,1
69224,1
69226,0
69227,0
69229,1
69240,0
69247,1
69248,0
69251,0
69252,0
69254,1
69257,1
69258,1
69259,0
69260,0
69263,0
69266,0
69267,0
69268,0
69269,1
69273,1
69274,0
69276,1
69278,1
69279,0
69280,0
69281,1
69282,1
69284,1
69285,0
69286,1
69287,0
69288,1
69289,0
69299,1
69302,1
69306,1
69309,1
69312,0
69314,1
69315,0
69318,1
69319,0
69323,0
69324,0
69326,1
69329,1
69334,0
69340,1
69341,1
69342,0
69345,1
69347,1
69349,1
69350,1
69351,1
69353,0
69361,0
69363,1
69364,0
69368,1
69369,1
69372,0
69373,1
69376,0
69382,0
69386,0
69387,1
69388,0
69389,0
69393,0
69395,0
69398,0
69402,1
69403,0
69405,1
69406,1
69408,0
69409,0
69410,0
69413,0
69414,0
69418,0
69420,0
69428,0
69430,0
69431,1
69437,1
69440,0
69441,0
69442,0
69449,1
69451,1
69453,1
69455,0
69458,0
69461,1
69463,0
69465,0
69466,0
69471,0
69475,0
69476,1
69482,0
69484,0
69486,1
69491,1
69493,1
69495,1
69501,0
69504,1
69505,1
69509,0
69512,0
69515,1
69517,1
69521,1
69522,0
69531,1
69534,0
69537,0
69539,0
69544,0
69549,0
69555,0
69557,0
69558,0
69560,1
69561,0
69562,1
69564,0
69573,1
69574,0
69580,0
69581,0
69582,0
69584,0
69591,1
69592,1
69593,0
69596,0
69598,0
69600,0
69603,1
69606,0
69607,0
69611,1
69616,0
69617,0
69618,1
69619,1
69625,1
69626,0
69628,1
69629,0
69630,0
69632,1
69634,1
69638,0
69646,0
69650,0
69653,0
69654,1
69663,1
69664,0
69668,1
69669,0
69670,1
69672,0
69673,1
69683,1
69684,1
69685,0
69686,1
69687,1
69691,0
69693,0
69694,0
69696,1
69697,0
69698,1
69700,0
69701,0
69703,0
69704,1
69711,1
69717,0
69720,0
69721,0
69723,1
69725,0
69726,0
69729,1
69734,0
69739,0
69740,0
69745,0
69747,1
69753,1
69760,1
69762,1
69764,0
69765,0
69766,1
69768,1
69772,0
69783,1
69784,1
69785,0
69786,1
69787,1
69788,0
69790,0
69791,1
69793,1
69797,1
69799,1
69800,0
69805,0
69806,0
69811,0
69812,0
69817,1
69820,0
69821,1
69824,1
69828,1
69829,1
69830,1
69831,0
69832,0
69833,0
69837,1
69838,1
69839,1
69844,1
69846,1
69850,0
69854,1
69856,0
69858,0
69859,0
69862,0
69865,0
69869,1
69871,0
69872,0
69873,1
69874,1
69875,1
69878,0
69879,0
69882,0
69886,1
69888,1
69890,1
69891,0
69893,0
69897,0
69899,0
69901,0
69902,1
69903,1
69904,0
69905,0
69908,0
69913,1
69923,0
69926,0
69927,0
69930,0
69932,0
69933,1
69935,1
69940,0
69942,1
69945,0
69948,1
69949,0
69952,1
69953,1
69956,0
69959,0
69968,0
69970,0
69977,1
69979,0
69980,1
69985,0
69987,0
69988,1
69989,0
69990,1
69992,0
69994,0
69995,1
69996,0
69998,1
69999,1
70003,0
70004,1
70005,1
70008,0
70011,0
70012,1
70013,1
70017,1
70020,0
70023,0
70024,0
70025,1
70028,0
70031,0
70033,0
70034,1
70042,0
70044,0
70048,1
70052,1
70054,0
70055,0
70056,1
70060,0
70062,0
70064,1
70067,1
70070,0
70072,0
70073,0
70074,0
70077,1
70079,0
70080,1
70081,0
70082,1
70084,1
70087,1
70092,0
70096,1
70097,1
70098,1
70104,0
70107,1
70110,1
70111,1
70113,1
70115,1
70118,0
70119,0
70124,0
70127,1
70128,1
70131,0
70132,0
70134,1
70141,1
70143,1
70144,0
70146,0
70148,0
70152,0
70153,1
70156,0
70163,0
70166,0
70169,1
70173,1
70174,1
70176,1
70179,0
70180,0
70187,1
70188,1
70192,1
70195,1
70200,0
70202,0
70203,0
70206,0
70208,0
70210,1
70220,1
70225,1
70228,1
70233,0
70239,0
70240,0
70242,0
70243,1
70245,0
70248,1
70251,1
70252,1
70255,0
70260,0
70262,1
70266,1
70267,0
70268,1
70272,1
70278,1
70285,1
70287,0
70295,0
70296,0
70299,0
70302,1
70306,0
70309,0
70310,0
70313,1
70315,0
70318,1
70321,1
70322,0
70324,1
70326,1
70332,1
70334,1
70335,0
70338,0
70342,1
70343,1
70346,1
70348,1
70349,1
70350,1
70352,1
70354,1
70355,0
70361,0
70362,0
70365,1
70367,0
70368,1
70371,0
70372,0
70373,0
70376,0
70377,0
70379,1
70381,0
70385,0
70386,0
70387,1
70388,1
70391,1
70392,0
70399,0
70401,0
70404,0
70408,0
70412,1
70415,1
70417,0
70419,0
70421,1
70424,0
70428,1
70429,0
70430,0
70431,1
70432,1
70433,0
70436,1
70438,0
70442,0
70446,0
70449,0
70450,1
70455,1
70456,0
70457,1
70463,1
70466,0
70467,1
70468,0
70469,1
70470,0
70471,0
70473,0
70474,1
70475,0
70478,0
70479,0
70480,1
70481,1
70484,1
70485,0
70486,0
70487,1
70490,1
70491,0
70493,1
70494,0
70495,1
70502,1
70503,0
70505,0
70506,1
70508,1
70511,0
70514,0
70517,0
70518,0
70520,1
70523,1
70524,1
70531,0
70534,1
70537,1
70538,1
70539,0
70541,0
70542,1
70543,0
70548,1
70551,0
70553,1
70555,0
70556,1
70557,0
70558,1
70559,0
70560,0
70561,1
70567,1
70569,1
70571,1
70573,0
70578,1
70582,0
70584,1
70585,1
70587,1
70588,1
70590,1
70591,0
70592,0
70595,0
70601,1
70603,0
70604,1
70605,1
70606,0
70609,1
70610,1
70611,0
70614,0
70616,1
70617,1
70619,0
70621,0
70623,0
70624,0
70626,0
70627,1
70630,1
70631,1
70635,1
70636,1
70637,0
70641,0
70642,1
70643,0
70651,0
70652,1
70653,1
70654,1
70655,0
70658,1
70661,1
70662,1
70663,1
70664,1
70665,1
70666,1
70668,0
70670,0
70672,0
70673,1
70674,1
70675,1
70677,1
70683,1
70685,0
70686,0
70687,1
70694,1
70695,0
70698,1
70699,0
70700,0
70703,0
70705,0
70708,1
70712,1
70714,0
70715,1
70718,0
70719,1
70721,1
70722,0
70723,0
70727,1
70728,0
70729,1
70730,0
70732,0
70733,0
70734,1
70735,0
70739,1
70740,1
70743,0
70744,0
70750,1
70757,0
70761,1
70764,1
70765,0
70768,0
70771,0
70772,1
70774,1
70775,0
70777,0
70778,1
70779,0
70781,0
70782,0
70783,0
70788,0
70789,1
70791,0
70793,0
70798,0
70799,0
70800,1
70801,1
70802,0
70807,0
70808,1
70809,0
70811,0
70813,1
70814,1
70817,0
70818,0
70824,1
70830,0
70831,1
70832,1
70834,1
70835,0
70843,0
70846,0
70847,1
70849,0
70851,0
70860,0
70861,1
70862,0
70865,1
70869,1
70877,0
70878,1
70879,0
70881,1
70884,1
70885,1
70892,0
70897,0
70904,0
70907,1
70910,0
70911,1
70916,1
70921,1
70923,1
70925,0
70927,1
70928,0
70929,1
70934,1
70935,0
70937,0
70942,0
70946,0
70948,1
70952,1
70953,0
70956,0
70957,1
70962,0
70968,1
70972,1
70973,1
70975,1
70977,1
70978,0
70980,1
70995,1
70996,1
70998,1
70999,0
71000,0
71002,0
71005,1
71020,0
71021,1
71024,0
71028,0
71030,0
71033,1
71034,0
71038,1
71039,1
71041,1
71042,1
71043,0
71049,0
71053,0
71054,1
71056,1
71057,0
71060,0
71061,0
71064,0
71065,1
71066,1
71067,1
71072,0
71075,1
71078,1
71079,1
71082,1
71083,0
71084,0
71088,1
71089,0
71090,0
71091,1
71092,0
71096,1
71098,1
71100,0
71101,0
71102,1
71103,1
71104,0
71105,0
71106,1
71108,0
71110,0
71111,0
71112,1
71113,1
71115,1
71119,1
71125,0
71128,0
71130,1
71131,0
71133,1
71135,1
71137,0
71138,0
71140,0
71143,1
71145,1
71146,0
71147,0
71148,1
71149,1
71150,0
71151,0
71154,1
71157,1
71159,0
71160,1
71161,1
71166,0
71168,0
71174,1
71175,1
71176,0
71181,1
71184,0
71186,0
71187,0
71188,0
71190,1
71191,0
71198,0
71201,0
71202,1
71206,1
71207,0
71208,0
71212,0
71213,0
71216,0
71224,1
71227,0
71230,1
71232,1
71234,0
71236,1
71240,0
71243,1
71244,1
71245,0
71248,1
71252,1
71255,0
71256,1
71257,0
71263,1
71264,0
71268,1
71272,1
71276,0
71280,1
71282,1
71286,1
71287,0
71290,1
71291,1
71293,0
71294,0
71299,1
71302,1
71303,1
71306,0
71308,0
71309,0
71311,0
71312,0
71313,1
71315,1
71317,1
71322,1
71323,0
71326,1
71328,1
71329,0
71330,0
71331,0
71334,0
71336,1
71337,0
71339,0
71340,0
71343,1
71345,0
71346,0
71347,1
71348,1
71350,1
71361,1
71362,0
71367,1
71368,1
71370,0
71376,1
71377,0
71378,0
71380,0
71382,1
71386,1
71387,0
71390,1
71393,1
71395,1
71399,0
71401,0
71403,0
71405,1
71407,1
71414,0
71415,0
71416,1
71417,0
71418,0
71425,0
71428,0
71434,1
71437,0
71438,1
71439,0
71444,1
71447,0
71448,0
71451,0
71457,0
71458,1
71459,0
71461,0
71464,1
71465,1
71466,1
71467,1
71468,1
71470,1
71471,0
71472,1
71475,0
71476,0
71478,0
71480,1
71484,1
71485,0
71486,0
71488,1
71490,1
71493,0
71496,1
71499,0
71501,0
71502,1
71506,0
71507,1
71516,0
71517,0
71518,1
71519,0
71522,1
71523,0
71524,0
71527,0
71529,0
71532,0
71539,1
71540,0
71541,1
71543,1
71545,0
71548,1
71554,1
71558,1
71559,1
71561,1
71565,0
71567,1
71570,0
71578,0
71580,1
71583,1
71587,0
71590,1
71591,0
71594,0
71595,0
71605,1
71611,0
71612,1
71613,0
71614,0
71618,0
71619,1
71622,0
71629,1
71631,0
71633,0
71634,1
71638,0
71640,1
71641,1
71643,1
71646,0
71647,0
71648,0
71650,0
71651,1
71653,1
71656,1
71662,0
71664,0
71667,1
71668,1
71669,0
71671,0
71672,0
71674,1
71680,0
71683,0
71691,1
71693,0
71696,1
71698,1
71704,1
71705,0
71708,0
71711,0
71712,0
71716,1
71717,1
71719,1
71721,1
71722,1
71724,0
71728,1
71730,0
71731,0
71737,1
71738,1
71742,0
71748,0
71750,0
71751,1
71753,1
71754,1
71757,1
71758,0
71761,0
71764,1
71766,1
71771,0
71772,0
71776,0
71779,1
71780,0
71783,0
71787,1
71789,0
71791,0
71798,0
71799,1
71801,1
71803,1
71804,0
71806,1
71807,1
71810,1
71812,1
71814,0
71815,0
71816,0
71817,0
71818,0
71819,0
71821,0
71824,1
71827,0
71830,1
71833,0
71834,0
71837,1
71838,1
71839,1
71844,1
71849,0
71850,0
71855,1
71858,0
71860,0
71861,0
71866,0
71870,1
71872,1
71873,1
71875,1
71877,1
71880,1
71883,1
71885,1
71887,0
71888,1
71890,0
71891,0
71894,0
71896,1
71897,1
71901,1
71904,1
71905,1
71910,1
71911,1
71914,0
71915,0
71917,1
71919,0
71920,1
71921,0
71924,1
71925,0
71926,1
71928,0
71932,1
71933,0
71937,0
71938,1
71939,0
71940,0
71941,1
71943,0
71946,1
71948,0
71951,0
71954,1
71955,0
71958,1
71959,0
71961,0
71968,1
71970,0
71971,1
71972,0
71973,0
71975,0
71978,0
71979,0
71980,0
71981,1
71982,1
71989,0
71990,1
71993,0
71996,1
72002,0
72003,0
72005,1
72006,0
72010,1
72011,0
72023,1
72024,1
72028,1
72029,1
72031,1
72032,0
72035,0
72038,1
72039,1
72040,0
72041,1
72043,0
72045,0
72046,1
72050,1
72051,0
72054,1
72056,1
72057,1
72058,0
72066,0
72071,1
72076,1
72077,1
72080,0
72082,1
72086,0
72091,0
72093,0
72095,0
72096,0
72100,1
72102,0
72105,0
72111,1
72114,0
72116,0
72117,1
72120,0
72124,0
72125,1
72128,1
72130,0
72132,1
72136,0
72139,0
72140,0
72142,0
72146,0
72150,1
72152,0
72153,0
72156,0
72157,0
72159,1
72164,1
72166,0
72167,1
72168,1
72178,0
72182,0
72183,1
72187,0
72188,1
72191,0
72192,0
72194,0
72195,0
72196,0
72197,1
72198,0
72200,0
72202,0
72203,0
72207,1
72209,0
72211,0
72213,1
72214,0
72216,1
72220,0
72224,0
72225,0
72231,1
72233,0
72235,0
72240,1
72242,0
72249,0
72254,0
72256,1
72258,0
72261,0
72262,0
72264,0
72265,0
72267,0
72268,1
72270,1
72271,1
72272,1
72280,0
72281,0
72282,1
72283,0
72285,0
72287,0
72289,1
72290,0
72292,0
72295,0
72296,0
72305,0
72306,0
72309,1
72311,0
72312,0
72314,0
72315,1
72316,0
72317,0
72318,0
72319,0
72320,0
72321,1
72322,1
72324,0
72325,1
72327,0
72331,0
72332,0
72334,0
72336,1
72337,1
72339,1
72345,1
72352,1
72355,0
72357,1
72359,0
72361,0
72362,0
72363,0
72365,0
72366,1
72367,0
72369,1
72371,0
72372,0
72373,1
72374,1
72378,1
72382,0
72383,1
72384,1
72390,0
72391,1
72392,1
72396,1
72397,0
72399,1
72401,1
72402,0
72403,0
72404,1
72416,0
72421,0
72423,1
72426,1
72429,0
72430,1
72435,0
72436,0
72439,0
72441,0
72442,0
72444,1
72447,1
72448,1
72455,0
72456,0
72457,1
72458,1
72459,1
72461,0
72463,0
72465,1
72467,0
72468,0
72469,1
72470,0
72471,1
72473,1
72474,0
72475,1
72479,1
72480,0
72481,0
72484,0
72485,1
72489,0
72490,1
72491,0
72492,1
72503,0
72504,0
72507,0
72508,1
72509,1
72510,0
72512,1
72514,0
72516,1
72517,1
72525,1
72528,0
72530,1
72531,0
72533,0
72539,1
72540,0
72542,0
72543,1
72545,0
72546,0
72549,0
72550,0
72553,1
72561,0
72562,0
72564,1
72570,0
72573,1
72577,1
72580,0
72582,1
72588,1
72589,0
72592,1
72595,1
72603,0
72605,0
72607,0
72611,0
72615,1
72618,0
72619,1
72622,0
72623,0
72625,1
72626,0
72627,1
72632,0
72634,1
72636,1
72637,0
72640,1
72641,0
72645,1
72647,0
72649,1
72650,0
72651,1
72653,1
72654,1
72655,0
72657,0
72661,1
72664,0
72665,1
72666,1
72669,0
72671,0
72672,0
72677,1
72679,0
72684,1
72685,1
72690,0
72693,0
72696,0
72700,1
72703,0
72709,0
72711,1
72716,1
72717,1
72719,1
72720,0
72721,0
72722,0
72728,0
72731,0
72737,0
72740,1
72741,0
72745,1
72746,0
72748,1
72749,0
72750,0
72754,0
72756,1
72762,0
72763,1
72768,0
72777,1
72778,1
72779,1
72783,0
72787,0
72794,0
72795,1
72796,1
72800,0
72803,0
72808,0
72809,1
72810,1
72811,1
72812,1
72814,1
72818,1
72829,0
72830,1
72832,1
72833,1
72835,0
72836,0
72837,1
72838,1
72840,0
72846,1
72847,1
72848,0
72849,0
72850,0
72852,0
72856,1
72858,1
72863,0
72866,0
72885,0
72888,1
72890,1
72893,0
72896,0
72903,1
72904,1
72905,0
72908,1
72909,1
72910,0
72912,1
72914,0
72918,0
72920,0
72922,0
72923,1
72933,1
72934,1
72937,0
72939,0
72940,0
72942,0
72943,0
72945,0
72947,0
72948,0
72949,1
72951,1
72954,0
72956,1
72960,0
72962,1
72965,1
72968,1
72969,0
72971,1
72972,0
72975,1
72976,0
72978,0
72979,1
72981,0
72985,0
72987,1
72989,0
72992,1
72997,0
72998,1
72999,0
73001,0
73002,1
73005,0
73006,0
73007,1
73008,0
73011,0
73020,1
73022,1
73023,0
73024,1
73025,1
73028,0
73035,1
73036,1
73043,1
73045,0
73046,0
73050,1
73051,0
73052,1
73057,1
73059,0
73060,1
73061,1
73064,0
73067,0
73070,0
73071,0
73072,0
73078,1
73079,1
73080,0
73082,0
73085,0
73088,0
73091,1
73093,1
73095,0
73099,0
73101,1
73104,1
73105,1
73106,0
73107,1
73108,1
73109,1
73111,1
73112,1
73116,0
73117,1
73128,1
73129,1
73130,1
73134,1
73135,1
73138,1
73140,1
73142,0
73148,1
73151,1
73156,0
73157,1
73159,1
73164,1
73169,1
73172,0
73178,0
73179,0
73180,1
73181,1
73184,1
73188,1
73193,1
73196,1
73198,1
73200,1
73201,1
73202,0
73204,1
73206,1
73213,1
73216,0
73217,0
73220,0
73221,1
73222,0
73223,0
73227,0
73228,0
73230,0
73231,1
73233,0
73234,1
73238,0
73241,0
73246,1
73247,0
73249,1
73252,0
73253,1
73254,0
73256,1
73264,0
73270,1
73271,1
73272,0
73273,1
73274,0
73277,0
73285,0
73287,0
73293,1
73294,0
73297,1
73299,1
73300,1
73302,1
73308,1
73310,1
73312,1
73313,1
73314,0
73316,0
73317,1
73318,1
73319,1
73320,1
73321,1
73323,1
73324,0
73328,0
73332,0
73336,1
73337,1
73338,0
73340,1
73341,0
73342,0
73346,0
73352,0
73355,1
73356,0
73357,0
73362,0
73363,0
73365,0
73366,1
73371,0
73373,0
73375,1
73382,0
73384,0
73386,0
73391,0
73392,1
73394,0
73395,1
73397,0
73398,0
73399,0
73400,0
73401,1
73402,1
73403,0
73406,1
73407,0
73410,1
73413,0
73419,1
73423,0
73424,1
73425,1
73430,0
73433,0
73434,1
73436,1
73439,1
73442,1
73443,1
73446,0
73448,0
73449,1
73454,0
73456,0
73457,0
73458,1
73460,0
73461,1
73462,0
73463,0
73466,1
73468,0
73471,1
73473,1
73475,0
73487,1
73488,1
73490,0
73494,0
73502,1
73507,0
73509,1
73511,1
73514,1
73517,1
73518,0
73520,1
73522,1
73525,0
73526,0
73528,0
73529,0
73530,1
73537,0
73538,0
73540,1
73545,1
73547,1
73548,1
73550,1
73551,1
73554,0
73559,1
73561,1
73564,0
73567,1
73568,1
73574,0
73575,0
73584,0
73585,1
73590,0
73593,1
73610,0
73612,0
73613,0
73619,1
73620,0
73621,0
73624,0
73625,0
73626,0
73627,0
73628,0
73631,0
73633,1
73634,1
73635,1
73643,0
73646,0
73648,1
73652,0
73654,1
73655,1
73660,0
73664,0
73666,0
73668,0
73673,1
73676,1
73679,1
73680,1
73685,1
73687,0
73688,0
73689,1
73690,0
73701,1
73704,0
73707,1
73710,0
73718,1
73719,0
73721,0
73723,0
73726,0
73729,0
73731,0
73740,1
73744,1
73745,1
73746,0
73747,1
73748,1
73752,0
73753,0
73755,1
73758,0
73759,1
73764,0
73767,1
73773,1
73774,0
73776,0
73784,0
73786,1
73787,1
73793,1
73795,1
73796,1
73797,1
73799,0
73805,0
73812,0
73813,1
73816,0
73817,0
73821,0
73825,0
73826,1
73830,1
73832,0
73833,0
73834,1
73838,0
73839,1
73840,0
73841,1
73842,1
73845,0
73847,1
73849,1
73852,1
73858,0
73860,1
73861,0
73862,0
73866,0
73869,0
73871,0
73878,0
73879,1
73882,1
73883,1
73887,0
73893,0
73897,1
73899,1
73904,0
73905,0
73906,0
73907,1
73908,1
73909,1
73911,1
73916,1
73917,0
73919,0
73926,1
73928,1
73932,0
73937,0
73941,1
73945,0
73948,0
73949,1
73954,1
73956,0
73957,0
73964,0
73966,0
73968,0
73969,1
73971,1
73974,0
73975,0
73981,1
73983,0
73984,1
73985,0
73987,0
73991,1
73993,1
73999,1
74000,0
74003,0
74005,0
74006,1
74007,0
74010,0
74020,0
74021,1
74025,1
74027,0
74028,1
74029,1
74030,0
74032,1
74040,0
74043,0
74047,1
74054,1
74055,0
74057,0
74059,0
74062,1
74066,0
74068,1
74069,1
74071,0
74073,0
74074,0
74078,1
74080,0
74081,0
74087,0
74088,0
74089,1
74094,0
74095,0
74101,1
74106,0
74109,1
74114,1
74115,0
74119,0
74120,1
74124,1
74125,0
74129,0
74130,0
74131,0
74135,0
74139,1
74142,0
74143,0
74146,1
74147,1
74149,1
74150,1
74151,0
74154,1
74155,0
74157,0
74159,1
74162,0
74163,0
74165,0
74166,0
74171,0
74176,0
74177,1
74183,1
74185,0
74188,0
74190,0
74191,1
74192,1
74193,1
74197,1
74198,0
74199,1
74201,0
74202,1
74204,1
74207,0
74210,1
74212,1
74213,1
74214,0
74215,0
74219,0
74221,1
74225,0
74228,1
74230,1
74233,0
74235,0
74237,0
74242,1
74243,1
74247,0
74248,1
74251,0
74252,0
74256,0
74258,0
74259,0
74260,0
74262,0
74263,0
74264,1
74265,1
74272,0
74273,1
74274,1
74278,0
74281,0
74282,0
74285,0
74286,0
74290,0
74291,0
74293,1
74297,0
74298,0
74299,0
74304,0
74305,0
74307,0
74310,0
74312,1
74315,0
74317,1
74318,0
74319,0
74320,1
74324,1
74328,0
74329,0
74330,0
74334,1
74335,0
74344,1
74346,1
74350,0
74353,1
74357,1
74358,0
74360,1
74366,1
74370,1
74373,1
74375,0
74382,0
74387,0
74393,0
74395,1
74397,0
74401,1
74407,0
74408,0
74410,0
74411,1
74412,0
74414,0
74415,1
74417,1
74421,0
74423,0
74426,1
74430,1
74432,0
74434,1
74435,0
74436,1
74437,0
74438,1
74443,1
74445,1
74446,0
74448,0
74449,0
74450,0
74451,1
74452,1
74453,0
74454,0
74457,1
74459,0
74463,0
74470,1
74472,0
74474,1
74475,0
74483,1
74484,1
74488,0
74491,1
74493,0
74497,1
74498,0
74501,0
74502,0
74503,0
74506,0
74507,1
74508,0
74513,1
74515,0
74524,0
74528,0
74529,0
74534,0
74535,0
74540,0
74543,1
74544,1
74545,0
74547,1
74553,0
74556,1
74558,1
74559,0
74560,0
74562,1
74565,0
74573,1
74576,1
74584,0
74588,1
74589,1
74590,0
74592,1
74593,0
74598,1
74602,1
74603,0
74609,1
74611,0
74613,0
74614,0
74618,1
74619,0
74620,1
74624,1
74627,1
74629,0
74630,0
74631,0
74638,0
74639,1
74640,0
74643,0
74644,0
74649,1
74650,0
74654,0
74655,0
74661,0
74664,0
74665,1
74666,1
74669,0
74672,0
74673,0
74677,1
74678,1
74680,0
74686,1
74688,0
74689,0
74690,1
74695,0
74697,1
74707,1
74708,1
74711,0
74716,0
74717,0
74718,1
74720,0
74723,1
74726,0
74727,0
74729,0
74730,1
74732,0
74733,1
74734,0
74740,0
74743,0
74744,0
74746,1
74747,0
74750,0
74752,0
74753,1
74760,0
74763,1
74764,0
74765,1
74766,0
74768,1
74769,1
74770,0
74777,1
74778,0
74780,1
74786,1
74791,0
74793,0
74794,1
74799,0
74807,1
74808,0
74809,0
74814,0
74815,1
74818,1
74821,1
74827,1
74828,1
74831,1
74834,1
74835,1
74838,0
74840,1
74843,0
74846,1
74850,1
74853,1
74856,1
74858,0
74860,1
74862,0
74863,0
74865,1
74866,1
74870,1
74871,0
74872,1
74873,0
74876,0
74877,0
74880,1
74881,1
74882,1
74886,0
74887,0
74890,1
74892,0
74895,0
74896,1
74897,1
74900,0
74904,0
74905,1
74910,0
74915,0
74919,1
74921,0
74926,0
74937,1
74938,0
74940,0
74942,0
74944,0
74945,0
74947,1
74948,0
74950,1
74953,0
74955,0
74957,1
74960,1
74962,1
74964,1
74966,1
74968,1
74969,1
74970,0
74972,0
74973,0
74974,1
74978,1
74981,1
74982,1
74983,0
74985,0
74986,0
74992,1
75000,1
75003,0
75007,1
75009,0
75010,0
75011,0
75013,0
75016,1
75017,1
75018,0
75020,0
75023,1
75024,0
75032,1
75038,1
75040,0
75041,1
75043,1
75048,1
75049,1
75058,0
75060,0
75061,1
75069,1
75070,1
75071,1
75072,1
75073,0
75075,0
75079,0
75082,1
75083,0
75088,1
75090,0
75091,1
75093,1
75094,0
75095,0
75098,1
75099,0
75101,0
75107,1
75110,1
75112,0
75114,1
75118,0
75119,1
75124,0
75127,1
75128,0
75129,1
75131,1
75136,0
75137,0
75139,0
75140,1
75141,0
75142,1
75144,1
75145,0
75146,0
75150,0
75154,0
75156,0
75158,0
75159,0
75163,1
75164,1
75169,0
75170,0
75174,0
75176,1
75177,0
75178,0
75185,1
75187,1
75189,1
75192,1
75194,1
75197,1
75200,1
75202,1
75203,0
75204,0
75205,1
75209,0
75210,1
75214,0
75215,0
75216,1
75217,1
75220,0
75221,1
75223,0
75226,1
75228,1
75232,0
75233,1
75234,1
75235,1
75237,0
75242,1
75246,1
75247,0
75250,0
75254,1
75260,0
75264,1
75266,0
75270,0
75272,1
75275,1
75276,1
75277,1
75279,0
75280,0
75281,0
75286,0
75289,0
75290,0
75293,0
75294,1
75298,1
75300,0
75302,0
75303,0
75304,0
75307,1
75308,1
75310,0
75311,0
75312,0
75313,0
75316,0
75317,1
75322,1
75323,0
75324,1
75326,0
75327,0
75328,0
75333,0
75335,0
75338,0
75339,0
75340,1
75342,1
75344,0
75345,0
75347,1
75348,1
75353,0
75360,0
75361,1
75362,1
75366,0
75368,0
75369,1
75370,1
75371,1
75373,0
75376,1
75378,0
75382,1
75384,0
75387,0
75389,1
75392,1
75394,0
75395,1
75396,0
75397,1
75398,1
75399,1
75404,0
75407,1
75413,1
75415,1
75418,0
75419,1
75421,1
75427,1
75429,0
75430,0
75434,1
75435,0
75437,0
75438,0
75439,1
75441,0
75442,1
75444,0
75445,1
75447,0
75448,0
75449,0
75451,0
75452,0
75453,0
75454,0
75457,0
75458,1
75462,1
75463,1
75464,1
75465,0
75466,1
75468,1
75469,1
75472,1
75474,0
75475,1
75476,0
75477,0
75478,0
75479,0
75488,1
75489,1
75490,0
75496,1
75497,0
75501,0
75502,1
75504,0
75505,0
75508,0
75510,1
75513,1
75514,0
75515,0
75520,0
75521,1
75524,1
75528,1
75529,1
75533,0
75534,0
75537,1
75541,1
75544,1
75547,0
75548,1
75551,1
75554,0
75556,1
75560,1
75562,0
75564,1
75565,1
75572,0
75575,1
75576,1
75579,1
75581,0
75582,0
75583,0
75584,1
75586,0
75590,0
75593,0
75596,0
75600,1
75602,1
75604,0
75606,0
75610,0
75611,1
75612,0
75614,1
75615,0
75616,1
75617,1
75618,0
75623,1
75625,1
75626,0
75627,1
75628,1
75629,0
75631,1
75632,0
75634,0
75638,0
75639,1
75640,0
75641,1
75643,1
75647,0
75648,0
75649,1
75651,1
75657,0
75664,0
75665,0
75667,1
75668,0
75671,0
75672,1
75673,0
75674,1
75676,0
75677,0
75682,1
75683,0
75685,1
75689,1
75693,1
75696,0
75703,1
75704,1
75708,1
75710,1
75713,0
75715,0
75720,0
75722,1
75725,0
75726,0
75727,0
75731,0
75733,0
75734,0
75738,1
75740,0
75746,1
75748,1
75749,1
75750,1
75753,0
75759,1
75762,0
75768,1
75774,1
75775,0
75782,1
75783,1
75784,1
75787,0
75788,1
75794,0
75796,1
75799,1
75802,0
75809,1
75817,1
75820,1
75821,1
75826,0
75828,1
75830,1
75831,0
75834,0
75836,0
75844,1
75845,1
75846,1
75847,0
75849,1
75853,0
75855,0
75857,0
75858,1
75861,1
75863,0
75864,0
75865,1
75868,0
75873,0
75876,0
75877,1
75878,1
75879,1
75883,0
75884,0
75886,1
75889,0
75891,0
75893,0
75897,1
75899,0
75902,1
75903,1
75905,0
75906,0
75908,1
75909,1
75911,1
75913,0
75916,1
75917,0
75921,1
75923,0
75926,1
75933,0
75935,1
75938,1
75939,0
75942,1
75955,1
75956,0
75957,1
75963,1
75964,0
75966,0
75967,1
75968,1
75969,1
75970,0
75972,0
75973,0
75974,0
75976,1
75977,1
75982,1
75984,1
75985,0
75987,1
75988,0
75992,0
75994,1
76000,1
76005,1
76006,1
76010,0
76011,1
76013,1
76018,0
76025,0
76026,1
76028,0
76031,1
76034,0
76036,1
76040,0
76042,0
76043,1
76044,0
76048,1
76049,0
76052,1
76054,1
76055,0
76057,0
76058,0
76061,0
76062,1
76068,0
76070,0
76071,0
76074,1
76075,1
76079,1
76081,0
76082,1
76084,0
76091,1
76092,0
76095,1
76098,0
76100,0
76102,0
76103,0
76107,0
76108,0
76112,1
76114,1
76116,1
76117,1
76120,1
76121,1
76122,1
76124,1
76125,1
76126,1
76127,1
76128,0
76129,0
76131,1
76134,0
76136,0
76138,1
76139,1
76145,0
76148,1
76153,1
76155,0
76156,0
76160,1
76163,1
76164,0
76168,0
76170,0
76172,1
76173,0
76174,1
76176,0
76180,0
76181,1
76182,0
76183,1
76185,0
76187,0
76188,0
76195,0
76199,1
76200,0
76206,1
76213,0
76214,1
76215,1
76218,0
76220,1
76223,0
76226,0
76228,0
76229,1
76236,0
76237,0
76238,1
76242,1
76243,0
76247,0
76250,0
76254,1
76256,1
76262,1
76266,0
76271,1
76272,0
76273,1
76277,1
76279,1
76280,0
76285,0
76286,1
76288,0
76290,1
76292,0
76294,0
76296,0
76298,0
76299,1
76300,0
76305,1
76307,1
76311,0
76314,1
76315,0
76317,0
76320,0
76322,0
76324,1
76325,0
76326,0
76327,0
76329,1
76331,0
76332,1
76335,1
76337,0
76339,1
76340,0
76342,0
76343,1
76344,1
76347,0
76351,0
76352,1
76353,1
76356,1
76358,0
76360,0
76361,1
76363,1
76366,0
76367,1
76369,1
76370,0
76372,0
76374,0
76376,0
76382,1
76383,0
76384,0
76387,1
76388,1
76391,1
76394,1
76395,0
76397,0
76400,0
76402,0
76404,1
76406,1
76410,1
76413,0
76416,0
76419,1
76420,0
76422,1
76423,0
76427,1
76428,0
76432,0
76435,0
76437,0
76438,0
76441,0
76444,1
76446,0
76447,1
76448,0
76451,1
76455,0
76456,0
76458,1
76459,1
76461,1
76462,1
76463,1
76465,1
76466,0
76467,1
76474,1
76475,1
76480,1
76481,0
76482,1
76488,1
76489,0
76491,0
76492,0
76495,1
76497,1
76501,0
76502,0
76503,1
76506,0
76508,0
76510,1
76515,0
76518,0
76520,1
76525,1
76527,0
76529,1
76532,1
76533,0
76537,0
76547,0
76549,1
76552,0
76555,1
76558,0
76559,1
76560,1
76564,0
76565,1
76566,0
76570,1
76571,1
76574,1
76576,0
76582,0
76585,0
76586,1
76588,1
76589,1
76591,0
76592,0
76593,0
76594,0
76606,1
76607,1
76610,1
76611,1
76614,1
76615,1
76617,0
76618,0
76619,0
76622,0
76625,0
76629,1
76630,0
76631,1
76632,1
76633,0
76634,1
76636,1
76637,1
76639,0
76640,1
76641,1
76642,1
76643,0
76646,0
76652,1
76653,1
76654,0
76656,1
76657,1
76659,1
76661,0
76663,1
76672,1
76675,0
76676,0
76678,1
76680,0
76682,0
76684,0
76685,1
76688,1
76694,1
76695,0
76697,0
76703,0
76706,1
76710,1
76713,0
76720,0
76721,0
76723,1
76727,1
76729,0
76732,1
76733,1
76735,1
76742,1
76744,1
76747,1
76751,1
76752,1
76754,0
76758,1
76759,1
76760,1
76762,0
76763,1
76764,0
76768,0
76769,0
76774,1
76776,1
76779,1
76784,1
76786,1
76787,0
76789,0
76790,1
76791,1
76794,0
76796,0
76798,0
76799,1
76801,0
76802,1
76803,1
76806,0
76810,0
76812,0
76814,1
76818,0
76819,0
76821,0
76822,0
76823,1
76826,1
76830,0
76831,0
76832,1
76834,0
76835,1
76837,1
76839,1
76844,1
76849,0
76853,0
76855,1
76859,0
76861,1
76862,1
76865,0
76868,1
76870,1
76873,1
76879,1
76880,0
76887,0
76889,1
76891,1
76893,1
76896,0
76899,0
76906,0
76908,0
76910,1
76911,1
76912,0
76913,1
76916,0
76920,0
76921,0
76926,1
76931,0
76936,0
76937,0
76941,1
76943,0
76944,0
76945,1
76949,1
76950,1
76951,1
76955,1
76956,1
76959,0
76960,0
76964,0
76966,1
76967,1
76968,0
76969,1
76970,0
76971,1
76972,0
76976,0
76977,1
76983,1
76985,0
76989,1
76990,1
76992,0
76996,0
76999,1
77000,0
77005,0
77006,1
77010,1
77011,0
77012,1
77017,0
77018,0
77025,1
77027,0
77035,0
77036,0
77043,1
77046,0
77048,1
77051,1
77055,1
77056,0
77058,0
77060,1
77065,0
77066,0
77067,0
77071,0
77072,0
77075,0
77078,0
77081,1
77083,1
77084,0
77086,1
77087,0
77090,1
77091,1
77094,0
77095,0
77099,0
77101,1
77104,0
77108,1
77111,0
77116,0
77118,1
77121,1
77128,0
77131,0
77133,0
77137,0
77138,1
77139,0
77140,1
77143,0
77145,1
77151,1
77152,0
77156,1
77159,0
77161,0
77164,1
77165,1
77167,1
77169,0
77171,0
77172,0
77173,0
77175,0
77178,0
77179,0
77184,0
77185,0
77188,1
77189,0
77195,1
77197,0
77198,0
77201,1
77202,0
77205,0
77206,1
77207,1
77209,1
77211,0
77218,1
77222,0
77228,0
77229,1
77230,1
77236,0
77239,0
77240,0
77241,0
77242,1
77243,0
77246,0
77254,0
77259,1
77263,0
77266,1
77268,0
77269,1
77275,0
77277,0
77281,1
77286,0
77287,0
77290,0
77292,1
77293,0
77294,1
77296,0
77297,0
77299,0
77300,0
77302,0
77304,1
77308,1
77309,1
77313,1
77318,0
77319,1
77324,1
77325,0
77327,0
77329,1
77330,1
77345,0
77349,0
77351,1
77355,0
77357,1
77358,1
77359,1
77361,1
77364,1
77366,0
77368,0
77370,1
77371,0
77373,1
77378,1
77380,0
77381,0
77382,1
77384,0
77388,1
77393,1
77394,1
77397,0
77399,0
77402,1
77403,0
77405,0
77408,1
77410,1
77411,0
77412,1
77414,1
77418,0
77420,1
77421,0
77423,0
77427,0
77428,1
77433,1
77435,0
77436,1
77438,0
77439,1
77440,1
77450,0
77451,1
77453,0
77455,0
77461,0
77463,1
77465,1
77466,0
77470,1
77472,1
77476,0
77477,1
77482,0
77487,1
77488,0
77489,0
77490,0
77491,0
77492,1
77496,1
77497,1
77498,1
77500,0
77501,1
77503,1
77512,0
77513,1
77514,0
77517,1
77518,0
77519,1
77521,0
77522,1
77524,1
77525,1
77526,1
77527,0
77532,0
77534,0
77536,0
77542,0
77544,0
77546,0
77548,1
77551,0
77553,1
77555,0
77557,0
77558,1
77559,1
77561,0
77562,1
77567,0
77568,0
77570,0
77573,0
77574,0
77576,0
77577,1
77580,1
77581,0
77583,1
77585,0
77587,1
77590,0
77592,0
77594,1
77596,0
77598,1
77602,0
77603,1
77606,0
77608,1
77609,1
77618,1
77619,0
77620,1
77624,0
77628,0
77634,1
77635,0
77638,1
77642,0
77645,1
77647,1
77649,1
77650,1
77654,0
77656,1
77657,1
77659,1
77665,0
77666,1
77667,1
77668,1
77670,1
77671,1
77672,0
77674,1
77678,1
77680,0
77686,0
77687,0
77690,0
77692,0
77695,1
77696,0
77697,1
77699,0
77704,0
77706,1
77708,1
77709,1
77711,1
77713,1
77726,0
77730,0
77734,1
77737,0
77741,0
77743,1
77746,1
77747,0
77750,0
77753,0
77755,1
77758,0
77761,0
77764,0
77768,0
77770,0
77774,0
77776,0
77779,0
77781,1
77786,1
77788,1
77789,1
77790,1
77792,0
77794,1
77795,0
77796,0
77797,0
77801,1
77805,1
77808,1
77811,1
77814,1
77815,1
77816,1
77817,1
77818,0
77820,1
77821,0
77822,1
77828,1
77830,1
77831,0
77838,0
77839,1
77840,0
77845,0
77846,1
77848,1
77849,0
77852,0
77853,1
77862,1
77873,0
77874,1
77877,1
77882,1
77887,1
77889,0
77897,1
77899,1
77901,0
77903,1
77904,1
77905,0
77908,0
77909,1
77915,1
77917,1
77918,1
77920,0
77921,1
77924,1
77925,1
77927,0
77928,0
77930,0
77931,0
77933,0
77936,1
77938,0
77939,1
77941,1
77954,1
77958,1
77959,1
77962,1
77963,0
77964,1
77965,0
77966,0
77978,0
77981,1
77983,1
77985,0
77987,1
77991,1
77992,0
77993,0
77996,0
78000,1
78001,1
78008,1
78010,1
78011,1
78012,0
78017,1
78019,1
78022,0
78023,0
78025,0
78032,1
78034,0
78035,1
78037,0
78040,0
78043,1
78045,1
78048,0
78050,0
78054,0
78057,0
78059,0
78063,1
78064,0
78068,1
78069,1
78074,0
78077,1
78081,1
78082,0
78088,0
78090,0
78091,1
78093,1
78096,0
78097,0
78099,1
78103,0
78105,0
78113,1
78117,0
78119,0
78120,1
78123,1
78125,0
78128,1
78139,1
78142,0
78149,0
78151,1
78152,1
78153,0
78158,1
78159,0
78161,1
78162,0
78165,0
78169,1
78171,0
78180,1
78186,1
78188,1
78190,0
78191,1
78192,1
78196,1
78203,1
78205,0
78207,0
78208,1
78209,0
78215,1
78216,0
78218,0
78220,1
78221,1
78224,1
78229,1
78231,0
78234,1
78236,1
78238,0
78241,0
78242,0
78243,0
78244,1
78245,1
78247,0
78248,1
78249,1
78252,1
78256,0
78258,0
78260,1
78262,0
78264,0
78267,0
78268,0
78270,1
78273,1
78274,1
78276,1
78281,1
78287,1
78291,0
78292,1
78295,1
78296,1
78297,1
78299,0
78300,1
78301,1
78302,0
78303,0
78306,1
78309,0
78317,1
78326,1
78327,1
78328,1
78329,1
78333,1
78335,1
78336,1
78337,0
78338,0
78346,1
78347,1
78348,0
78349,0
78350,0
78352,1
78362,1
78369,0
78372,0
78373,0
78379,0
78380,1
78382,0
78383,0
78384,1
78389,1
78396,0
78397,0
78403,0
78408,1
78409,0
78410,1
78416,1
78421,0
78425,0
78426,0
78428,0
78430,0
78432,0
78434,1
78438,0
78439,0
78440,0
78445,1
78446,0
78449,1
78450,1
78451,0
78452,1
78457,0
78458,0
78462,1
78464,0
78467,0
78468,0
78470,1
78471,1
78474,1
78475,0
78478,1
78485,0
78488,1
78489,0
78492,0
78496,0
78498,1
78500,1
78501,1
78506,1
78507,1
78510,1
78511,1
78513,1
78516,1
78517,1
78518,0
78519,1
78520,1
78522,1
78527,0
78528,1
78532,1
78535,0
78537,0
78538,1
78541,1
78543,0
78544,0
78545,1
78547,0
78553,1
78558,1
78563,1
78564,0
78565,1
78567,0
78569,1
78571,0
78572,0
78576,1
78577,1
78578,0
78582,1
78585,0
78590,0
78594,1
78599,0
78600,0
78602,1
78604,1
78607,1
78608,0
78610,0
78614,1
78616,0
78617,0
78621,0
78626,0
78627,1
78630,0
78631,0
78633,1
78634,1
78635,0
78638,0
78640,1
78642,1
78643,0
78644,0
78646,0
78647,1
78649,0
78650,0
78652,0
78653,0
78655,1
78656,0
78657,1
78661,0
78662,0
78666,1
78667,0
78674,1
78676,0
78677,0
78678,0
78679,1
78683,1
78686,0
78687,1
78688,0
78689,0
78693,0
78695,1
78697,0
78698,0
78703,0
78708,0
78712,0
78716,1
78717,0
78720,1
78726,1
78727,1
78733,0
78741,0
78745,0
78747,1
78748,0
78752,0
78757,0
78758,0
78759,0
78760,0
78761,1
78762,1
78765,0
78766,0
78772,1
78774,0
78775,1
78783,0
78785,1
78797,1
78806,0
78808,0
78809,1
78814,1
78817,1
78831,1
78833,0
78835,1
78836,0
78840,0
78842,0
78844,1
78847,1
78848,0
78851,1
78852,1
78853,0
78858,1
78861,0
78862,1
78870,0
78871,1
78872,1
78874,0
78879,1
78880,1
78881,1
78882,0
78883,0
78886,1
78896,0
78897,0
78899,0
78901,0
78902,1
78912,0
78915,0
78920,1
78921,0
78922,1
78923,0
78924,0
78930,0
78933,1
78934,0
78941,0
78942,1
78945,0
78946,0
78950,0
78951,0
78952,0
78953,0
78955,0
78959,0
78960,1
78961,0
78963,0
78966,1
78967,0
78968,0
78972,1
78974,1
78975,0
78976,1
78981,1
78985,0
78987,0
78990,0
78994,0
78995,0
78997,0
78999,0
79002,1
79003,0
79005,0
79007,0
79011,0
79015,1
79017,1
79019,1
79026,1
79027,0
79030,0
79031,0
79032,0
79033,1
79034,1
79035,0
79036,1
79044,0
79045,0
79047,0
79048,1
79057,1
79058,0
79060,0
79061,1
79062,0
79065,1
79068,1
79071,0
79072,0
79076,0
79084,1
79088,1
79089,1
79091,0
79093,1
79094,1
79095,0
79101,0
79102,1
79103,0
79105,0
79109,1
79112,1
79119,1
79123,0
79124,0
79125,1
79126,0
79129,0
79132,1
79135,0
79138,0
79141,0
79143,1
79144,0
79148,1
79151,1
79154,0
79157,0
79161,0
79162,1
79164,1
79165,1
79166,1
79169,1
79178,0
79189,1
79190,0
79191,1
79192,0
79193,0
79194,0
79195,0
79196,0
79198,0
79201,1
79203,0
79205,0
79210,1
79217,1
79218,0
79221,1
79225,0
79236,1
79240,0
79241,1
79245,0
79246,0
79252,0
79256,0
79263,1
79270,1
79271,1
79272,1
79278,1
79279,0
79281,1
79283,0
79288,0
79291,0
79292,0
79294,0
79296,1
79299,1
79300,0
79301,0
79303,1
79307,1
79310,0
79313,0
79315,1
79316,0
79320,0
79322,1
79326,1
79329,0
79331,0
79335,1
79336,1
79338,0
79341,0
79346,0
79348,0
79349,1
79350,1
79361,1
79362,1
79366,0
79369,1
79372,0
79374,1
79377,0
79379,0
79380,1
79383,0
79385,0
79388,1
79390,1
79392,0
79395,1
79396,0
79397,1
79401,1
79402,1
79409,0
79411,0
79414,1
79421,1
79422,1
79423,0
79426,1
79428,1
79429,1
79432,1
79434,1
79436,1
79437,1
79439,0
79441,1
79442,0
79444,0
79445,1
79449,0
79452,1
79453,0
79454,0
79456,1
79458,1
79459,1
79460,0
79467,0
79469,1
79471,1
79472,0
79473,0
79477,1
79478,1
79480,0
79481,1
79482,0
79484,0
79486,0
79488,1
79491,0
79493,0
79494,0
79495,0
79498,0
79499,1
79502,1
79503,1
79504,0
79509,1
79510,0
79511,1
79512,0
79514,1
79516,0
79518,1
79520,0
79521,1
79526,0
79529,1
79541,1
79546,1
79547,1
79548,0
79551,0
79556,0
79561,0
79562,0
79563,1
79566,1
79567,0
79568,0
79570,0
79572,0
79573,0
79579,0
79580,1
79581,0
79583,1
79586,0
79588,1
79589,1
79593,1
79594,1
79595,1
79597,0
79598,0
79599,1
79600,1
79602,1
79604,0
79605,0
79606,1
79608,1
79610,0
79611,1
79617,0
79621,1
79623,1
79624,1
79627,0
79629,1
79633,0
79634,0
79635,0
79639,0
79641,0
79644,1
79648,1
79649,1
79651,1
79652,1
79653,1
79655,0
79660,0
79663,0
79665,1
79666,0
79670,0
79674,1
79679,0
79683,0
79684,1
79687,1
79688,0
79693,0
79694,1
79697,0
79698,0
79699,1
79700,1
79701,1
79703,0
79704,1
79705,0
79707,1
79711,0
79716,1
79717,0
79722,0
79726,1
79729,1
79731,1
79737,1
79740,1
79742,0
79744,1
79753,0
79755,1
79760,0
79765,1
79768,0
79773,1
79774,1
79775,1
79776,0
79778,0
79779,0
79780,0
79782,0
79786,0
79789,1
79790,0
79792,1
79793,1
79798,0
79799,0
79801,1
79803,1
79804,1
79806,0
79807,0
79808,1
79810,1
79814,0
79815,0
79818,0
79819,0
79820,0
79823,0
79826,1
79829,1
79830,0
79831,0
79833,0
79834,0
79838,1
79841,0
79844,0
79845,1
79847,1
79848,0
79849,0
79850,1
79851,0
79858,1
79859,1
79860,1
79865,0
79866,0
79867,0
79870,0
79873,1
79875,0
79878,0
79885,0
79886,0
79887,1
79888,1
79890,1
79891,0
79892,1
79894,0
79895,1
79901,1
79902,1
79903,1
79905,0
79911,0
79912,1
79921,0
79924,0
79930,1
79933,1
79937,1
79941,0
79943,0
79945,0
79951,1
79953,0
79955,0
79959,0
79961,1
79969,0
79975,0
79976,0
79977,0
79978,0
79980,1
79982,1
79987,0
79988,0
79989,0
79991,0
79993,1
79994,0
79997,1
79998,0
80000,0
80001,1
80005,1
80006,1
80008,0
80010,1
80011,0
80014,0
80015,0
80016,0
80025,1
80028,0
80032,0
80035,1
80036,0
80039,0
80041,0
80043,0
80048,0
80052,1
80056,0
80065,0
80067,0
80069,0
80070,0
80071,1
80073,0
80075,0
80076,1
80078,1
80080,0
80081,1
80084,0
80087,1
80088,1
80090,1
80091,1
80092,0
80094,0
80097,1
80103,1
80107,0
80119,0
80120,1
80125,0
80127,0
80129,0
80130,1
80133,0
80135,1
80136,1
80137,0
80139,0
80142,1
80144,0
80145,1
80146,1
80152,0
80157,0
80160,1
80161,1
80162,0
80163,1
80164,0
80165,1
80166,1
80170,0
80171,0
80173,0
80179,1
80182,1
80187,0
80188,0
80189,0
80193,0
80194,0
80195,1
80202,0
80210,0
80212,1
80213,0
80215,0
80223,1
80225,0
80226,0
80228,0
80229,1
80230,0
80231,0
80236,1
80238,0
80239,1
80242,1
80244,1
80248,1
80250,0
80252,0
80253,0
80255,1
80261,0
80263,1
80264,1
80268,1
80269,1
80277,1
80278,1
80283,1
80286,0
80287,0
80288,1
80292,0
80293,0
80302,1
80303,1
80304,0
80308,1
80309,0
80310,0
80311,1
80315,1
80321,1
80326,0
80334,1
80336,1
80337,0
80338,1
80345,0
80347,1
80350,1
80351,0
80352,1
80360,0
80362,0
80366,0
80368,1
80370,0
80385,1
80386,0
80387,0
80389,0
80390,0
80392,0
80393,0
80394,0
80395,1
80396,0
80403,0
80407,1
80408,1
80410,0
80411,0
80412,0
80414,0
80415,0
80418,0
80422,1
80423,0
80425,0
80431,0
80434,0
80435,0
80436,0
80441,1
80442,1
80447,0
80448,0
80453,0
80454,1
80455,0
80458,0
80459,0
80463,1
80464,0
80465,0
80466,0
80467,0
80468,0
80471,0
80476,0
80477,0
80480,1
80487,1
80488,0
80489,1
80490,0
80492,0
80493,0
80500,0
80503,0
80506,1
80509,1
80510,1
80512,1
80515,1
80519,0
80522,0
80526,0
80528,1
80530,1
80531,0
80532,0
80536,1
80542,1
80543,0
80545,0
80548,0
80560,1
80563,0
80564,0
80566,1
80568,0
80572,1
80574,0
80575,0
80580,0
80584,0
80586,1
80587,1
80588,1
80590,0
80591,0
80594,0
80597,1
80598,0
80599,1
80603,0
80605,0
80607,0
80608,0
80610,0
80615,0
80616,1
80621,0
80625,1
80629,1
80635,1
80637,0
80640,1
80641,0
80647,1
80653,0
80656,0
80657,0
80659,1
80660,1
80662,1
80666,0
80667,1
80668,1
80669,0
80671,0
80672,1
80673,0
80675,1
80677,1
80678,0
80681,1
80683,0
80690,0
80692,1
80693,1
80694,1
80695,1
80696,0
80699,1
80701,1
80702,0
80703,1
80705,0
80706,0
80711,1
80714,0
80715,1
80716,0
80719,0
80720,0
80721,0
80724,0
80727,0
80728,0
80730,0
80732,1
80733,1
80734,1
80737,1
80738,1
80739,0
80741,1
80742,1
80748,0
80750,1
80752,0
80753,1
80755,0
80758,0
80770,0
80772,0
80773,0
80774,1
80776,0
80777,0
80778,1
80781,0
80784,0
80788,0
80791,1
80793,0
80795,1
80801,1
80803,0
80804,1
80805,0
80807,0
80808,0
80813,0
80816,1
80819,1
80831,0
80832,0
80835,1
80836,0
80841,1
80843,0
80848,0
80849,0
80851,1
80852,0
80857,1
80859,1
80865,1
80866,0
80871,1
80873,0
80874,1
80880,0
80881,0
80882,0
80886,0
80889,1
80895,1
80900,0
80901,1
80902,0
80903,0
80907,1
80908,0
80909,0
80911,0
80912,1
80914,1
80916,0
80917,0
80920,1
80923,0
80928,1
80932,0
80935,1
80936,1
80938,1
80941,0
80944,1
80946,1
80947,0
80948,1
80951,1
80952,1
80957,1
80958,0
80962,0
80966,1
80970,0
80971,0
80974,0
80976,0
80977,0
80978,0
80979,0
80980,1
80982,0
80983,1
80985,1
80990,1
80991,1
80996,0
80997,1
80999,0
81000,0
81001,0
81002,0
81003,0
81006,0
81007,0
81009,1
81010,0
81011,0
81012,1
81016,1
81023,1
81031,1
81032,1
81036,0
81039,1
81043,1
81052,1
81054,1
81056,0
81057,1
81058,0
81059,0
81063,0
81068,1
81069,0
81071,0
81072,1
81074,0
81078,0
81083,0
81084,1
81087,1
81091,0
81092,0
81094,1
81095,1
81097,1
81104,0
81105,0
81107,0
81109,1
81112,0
81113,0
81115,0
81116,0
81118,0
81119,0
81120,0
81121,1
81122,0
81127,1
81128,0
81129,0
81131,0
81132,0
81135,0
81138,0
81139,0
81141,0
81144,0
81145,1
81150,1
81152,1
81157,0
81158,0
81161,0
81164,0
81168,1
81170,1
81174,0
81175,0
81177,1
81178,0
81184,0
81186,0
81189,1
81191,0
81194,1
81195,0
81196,0
81201,0
81203,0
81204,1
81208,1
81210,0
81213,1
81216,1
81218,0
81219,1
81222,0
81223,0
81226,0
81228,1
81229,1
81230,1
81231,0
81233,1
81234,0
81237,1
81243,0
81248,1
81253,1
81258,0
81259,0
81261,1
81267,0
81271,1
81276,0
81279,1
81280,0
81283,0
81284,1
81287,1
81291,1
81293,0
81299,1
81300,1
81304,0
81306,0
81307,0
81316,1
81319,1
81321,0
81323,0
81325,1
81328,1
81329,0
81333,1
81336,0
81338,0
81339,1
81341,0
81345,0
81348,1
81350,0
81352,1
81355,1
81357,1
81360,0
81361,0
81366,0
81367,0
81368,0
81371,0
81372,0
81373,0
81375,1
81382,1
81383,0
81385,0
81389,1
81391,1
81393,1
81394,1
81395,1
81396,0
81399,0
81400,0
81402,1
81407,1
81408,1
81415,0
81417,0
81418,0
81419,0
81423,1
81425,0
81427,1
81429,1
81430,0
81431,0
81434,1
81437,1
81439,0
81441,1
81449,1
81450,1
81452,1
81453,0
81454,1
81459,1
81460,0
81465,0
81466,1
81468,1
81469,0
81470,1
81474,0
81475,1
81477,1
81478,0
81479,0
81482,1
81483,0
81484,1
81489,1
81490,0
81493,0
81497,1
81498,0
81499,0
81503,0
81504,1
81505,1
81506,1
81507,1
81508,1
81510,1
81513,0
81516,1
81517,0
81518,0
81519,1
81520,0
81524,1
81525,0
81526,1
81532,1
81536,1
81542,0
81545,0
81546,0
81548,1
81552,1
81555,1
81559,0
81560,0
81565,1
81568,1
81570,0
81571,0
81574,0
81575,0
81578,0
81581,0
81585,1
81586,1
81590,0
81598,0
81601,1
81603,0
81616,1
81622,0
81625,1
81626,1
81628,0
81629,0
81632,1
81633,1
81635,1
81641,1
81643,0
81644,0
81646,0
81654,0
81655,0
81657,1
81658,0
81659,1
81663,0
81664,0
81666,0
81668,1
81673,0
81679,1
81685,1
81690,0
81691,1
81693,0
81694,0
81696,0
81698,0
81700,1
81701,0
81702,1
81705,0
81707,0
81708,1
81709,1
81710,1
81713,0
81714,0
81715,1
81716,0
81718,0
81728,1
81730,1
81736,0
81744,1
81746,1
81748,0
81749,0
81751,1
81755,0
81761,0
81762,0
81768,1
81770,1
81779,1
81781,0
81782,0
81783,1
81786,1
81787,1
81791,1
81793,0
81798,1
81800,0
81807,0
81808,0
81809,0
81810,0
81816,1
81820,1
81824,0
81827,0
81828,1
81829,0
81830,0
81833,0
81836,1
81837,1
81838,1
81842,0
81844,1
81847,0
81848,0
81853,1
81855,0
81858,1
81859,1
81862,0
81864,1
81867,0
81870,1
81872,0
81875,0
81880,0
81882,1
81883,1
81885,0
81891,1
81893,1
81895,1
81902,1
81906,0
81907,1
81910,0
81914,1
81916,0
81917,1
81921,0
81928,1
81932,0
81934,0
81935,0
81937,0
81939,1
81940,0
81941,0
81942,0
81943,0
81947,0
81948,0
81951,1
81952,0
81954,0
81955,0
81957,0
81961,0
81967,1
81969,0
81971,0
81972,1
81973,1
81975,1
81979,0
81983,0
81985,0
81990,0
81996,0
81998,1
82000,0
82001,1
82002,1
82005,1
82006,0
82010,1
82015,0
82017,1
82019,0
82020,1
82022,1
82025,0
82027,0
82028,1
82031,1
82038,1
82042,1
82046,1
82047,0
82049,0
82050,1
82052,1
82054,1
82055,0
82057,0
82061,1
82064,0
82065,0
82072,0
82073,1
82074,0
82081,0
82085,0
82095,1
82096,1
82098,1
82105,1
82107,1
82108,1
82109,0
82110,0
82111,1
82112,0
82113,1
82116,1
82117,1
82130,0
82133,1
82134,0
82138,1
82140,0
82141,1
82142,0
82143,0
82145,0
82146,0
82147,0
82150,0
82151,0
82153,0
82154,1
82155,0
82157,0
82158,1
82162,0
82163,1
82164,1
82165,1
82166,1
82172,1
82174,0
82181,1
82182,0
82184,0
82185,1
82189,0
82191,1
82192,0
82193,1
82194,1
82196,0
82201,0
82204,0
82207,0
82208,1
82210,0
82211,1
82212,1
82213,0
82215,0
82216,0
82221,1
82223,1
82224,1
82226,1
82230,1
82231,0
82232,0
82239,0
82241,1
82244,0
82247,1
82249,1
82254,0
82256,1
82257,0
82260,0
82263,1
82267,0
82268,1
82269,0
82282,0
82286,0
82287,1
82291,1
82296,1
82297,0
82301,0
82305,0
82306,1
82312,1
82313,0
82314,1
82315,0
82316,0
82318,0
82319,0
82321,0
82326,0
82327,1
82328,0
82331,0
82332,1
82337,0
82338,0
82343,1
82348,1
82351,1
82352,0
82356,1
82357,1
82358,1
82360,1
82362,1
82364,0
82366,0
82368,0
82369,0
82370,1
82371,1
82372,1
82373,0
82376,1
82377,1
82378,0
82381,0
82382,1
82384,1
82388,1
82391,1
82392,0
82396,1
82398,1
82400,0
82401,0
82403,1
82404,1
82406,0
82408,1
82410,1
82417,0
82423,0
82426,1
82427,1
82429,1
82437,1
82438,0
82440,1
82441,1
82442,1
82443,0
82445,0
82448,0
82449,1
82451,1
82452,1
82453,1
82458,0
82460,0
82461,0
82463,1
82466,0
82469,1
82472,0
82473,0
82477,0
82478,1
82479,0
82481,0
82483,0
82485,1
82488,0
82496,0
82497,1
82498,1
82499,0
82502,0
82503,0
82504,0
82505,1
82506,0
82508,1
82509,0
82510,0
82512,0
82514,1
82516,1
82527,1
82528,0
82529,1
82536,0
82538,1
82544,0
82547,0
82550,0
82551,0
82552,0
82554,0
82555,0
82558,1
82567,1
82573,1
82574,1
82577,0
82578,0
82581,0
82582,1
82583,0
82586,0
82588,1
82592,0
82594,1
82595,0
82599,1
82600,0
82601,0
82603,1
82607,0
82608,0
82611,0
82612,0
82613,0
82620,0
82623,0
82626,1
82629,0
82634,0
82637,1
82642,1
82643,1
82644,0
82645,1
82646,0
82648,0
82649,0
82650,0
82653,1
82654,0
82658,0
82660,0
82661,1
82662,0
82664,1
82668,1
82669,1
82675,1
82681,1
82685,1
82686,1
82696,1
82697,0
82698,0
82706,1
82707,1
82709,0
82711,0
82714,1
82716,1
82717,1
82718,1
82723,0
82724,0
82725,0
82728,1
82729,1
82730,0
82736,0
82738,0
82741,0
82743,0
82747,1
82749,0
82756,1
82758,0
82763,0
82766,0
82767,1
82770,0
82772,1
82775,0
82777,1
82778,0
82779,0
82780,0
82784,0
82785,0
82787,0
82788,0
82789,0
82791,1
82800,1
82803,0
82806,0
82807,0
82808,0
82811,1
82812,0
82813,0
82814,0
82815,0
82818,0
82820,1
82823,1
82825,1
82827,1
82835,1
82841,1
82844,1
82852,0
82853,0
82854,0
82855,1
82858,1
82859,1
82861,0
82865,0
82867,1
82870,0
82874,0
82875,0
82879,1
82884,1
82885,0
82889,0
82891,1
82892,0
82894,0
82896,0
82900,1
82903,1
82904,0
82905,1
82907,1
82908,0
82912,1
82915,0
82921,1
82922,1
82926,0
82927,0
82928,0
82934,0
82935,1
82938,0
82939,1
82941,0
82943,0
82946,0
82947,1
82948,0
82949,1
82950,0
82951,1
82957,1
82958,1
82961,1
82964,0
82965,1
82966,1
82972,1
82973,0
82975,0
82977,1
82979,1
82989,1
82990,0
82993,0
82994,1
82997,1
82999,0
83000,0
83003,1
83005,1
83007,0
83009,0
83015,0
83018,1
83022,1
83032,0
83033,0
83034,1
83037,0
83052,1
83054,0
83055,1
83056,1
83062,1
83064,1
83067,0
83069,1
83070,0
83071,0
83072,1
83076,1
83088,1
83089,1
83090,0
83093,1
83094,0
83096,1
83097,1
83098,0
83100,0
83102,0
83105,0
83107,0
83110,0
83111,0
83114,0
83117,0
83121,1
83122,1
83123,1
83127,0
83128,0
83139,1
83141,0
83147,0
83148,1
83152,1
83154,1
83155,0
83156,1
83157,1
83160,1
83162,0
83163,1
83168,1
83170,0
83171,0
83175,1
83181,1
83185,0
83186,0
83188,1
83194,1
83195,0
83202,0
83204,0
83206,0
83211,1
83212,0
83214,1
83218,1
83221,1
83224,0
83225,0
83226,1
83228,0
83229,0
83231,1
83233,0
83237,0
83243,0
83245,0
83247,0
83248,0
83249,0
83251,0
83264,1
83267,1
83268,1
83269,0
83271,0
83272,0
83273,0
83276,1
83282,1
83285,0
83287,0
83291,1
83292,0
83300,0
83302,1
83308,1
83311,1
83317,0
83318,0
83319,0
83321,0
83322,1
83326,1
83328,0
83331,1
83333,0
83336,1
83343,0
83346,1
83347,0
83348,1
83349,1
83353,1
83354,0
83355,0
83356,0
83357,1
83358,1
83362,1
83365,1
83367,1
83368,1
83370,1
83374,0
83378,0
83380,1
83381,0
83384,0
83385,1
83386,0
83387,0
83394,0
83395,1
83396,0
83399,0
83401,1
83406,1
83410,1
83420,1
83421,0
83422,0
83423,0
83425,1
83426,0
83427,0
83433,1
83434,1
83441,0
83442,1
83447,0
83449,1
83450,0
83453,0
83458,1
83459,0
83461,0
83462,0
83464,0
83465,1
83467,1
83473,1
83474,0
83476,0
83478,0
83481,0
83482,1
83483,0
83484,1
83487,1
83494,1
83495,1
83497,1
83499,0
83506,0
83509,0
83510,1
83511,0
83512,1
83519,1
83520,0
83521,0
83523,1
83526,0
83531,1
83532,0
83533,1
83534,0
83537,1
83538,1
83539,0
83541,1
83543,0
83545,1
83547,1
83548,0
83550,1
83551,0
83557,0
83560,1
83564,1
83567,1
83568,1
83569,1
83574,1
83575,1
83578,1
83579,0
83582,1
83585,1
83590,1
83591,1
83594,0
83600,1
83602,1
83604,1
83609,1
83610,0
83612,1
83613,0
83614,1
83616,1
83620,1
83623,0
83628,1
83633,0
83635,0
83636,1
83637,0
83638,0
83642,0
83643,0
83644,1
83645,0
83646,1
83647,0
83649,1
83652,0
83660,1
83662,1
83663,1
83666,0
83673,0
83674,1
83675,1
83678,0
83679,0
83680,1
83683,1
83684,1
83685,1
83686,1
83687,1
83688,0
83690,1
83692,0
83694,0
83695,0
83699,0
83703,0
83706,1
83708,1
83709,0
83711,1
83716,1
83717,1
83721,0
83722,1
83723,1
83725,0
83726,0
83730,0
83731,0
83735,1
83738,0
83739,0
83740,0
83741,1
83743,0
83744,1
83747,0
83749,1
83750,1
83753,0
83754,0
83755,1
83757,0
83758,0
83759,1
83760,1
83762,1
83763,0
83767,0
83768,1
83769,1
83770,0
83773,0
83774,1
83775,0
83778,0
83779,1
83787,0
83788,1
83789,0
83792,0
83795,1
83798,1
83800,0
83805,1
83806,0
83808,0
83809,1
83811,0
83814,0
83815,1
83817,1
83821,1
83822,0
83824,1
83829,0
83831,0
83834,0
83840,1
83841,1
83842,1
83851,0
83852,0
83854,0
83855,1
83858,0
83859,0
83865,0
83866,0
83867,0
83868,1
83869,0
83872,0
83873,1
83876,0
83878,1
83881,1
83883,0
83886,1
83888,0
83889,0
83890,0
83891,0
83893,0
83894,0
83896,0
83899,0
83904,0
83910,1
83912,1
83914,0
83919,1
83920,0
83921,0
83923,0
83929,1
83930,0
83932,1
83938,1
83942,0
83943,0
83947,1
83949,0
83952,0
83953,1
83954,1
83958,0
83959,0
83960,1
83961,1
83963,0
83964,0
83965,0
83966,1
83967,0
83972,0
83974,0
83975,0
83976,1
83978,1
83985,1
83986,1
83987,0
83989,0
83992,1
83995,0
83999,0
84000,0
84003,0
84005,0
84006,0
84007,1
84009,1
84010,1
84015,1
84018,0
84024,0
84025,1
84026,1
84027,1
84031,1
84032,0
84033,0
84034,0
84036,1
84037,0
84041,0
84043,0
84045,1
84060,0
84062,1
84066,1
84067,1
84068,1
84074,0
84076,1
84077,1
84081,1
84083,1
84088,1
84089,1
84090,0
84091,1
84099,1
84101,0
84103,0
84105,0
84106,0
84109,1
84110,0
84112,0
84115,1
84122,0
84126,0
84128,0
84136,1
84138,1
84140,1
84142,0
84143,1
84146,1
84150,0
84161,1
84164,1
84168,1
84169,1
84172,1
84173,0
84174,0
84175,1
84182,1
84185,1
84189,0
84191,1
84193,1
84195,1
84200,0
84201,1
84203,1
84205,1
84206,0
84210,0
84211,0
84213,0
84215,0
84216,0
84218,1
84221,0
84222,1
84224,1
84225,1
84227,0
84229,1
84231,0
84235,1
84237,1
84239,1
84241,0
84246,1
84248,1
84250,1
84252,0
84253,0
84254,1
84255,0
84257,0
84258,0
84260,0
84261,1
84262,0
84264,1
84267,1
84272,0
84273,0
84275,1
84276,1
84277,0
84282,0
84293,1
84294,1
84302,1
84304,0
84310,1
84312,0
84316,1
84320,0
84324,0
84325,1
84327,0
84334,0
84335,0
84337,0
84338,0
84339,0
84342,0
84344,0
84345,1
84347,1
84349,0
84350,0
84353,0
84354,1
84355,1
84357,0
84358,0
84360,0
84361,1
84363,0
84364,0
84366,0
84370,1
84374,1
84376,0
84377,0
84379,0
84382,1
84385,0
84388,1
84390,0
84392,0
84393,1
84395,1
84396,0
84401,1
84403,1
84406,0
84408,0
84410,0
84414,0
84418,1
84420,0
84421,1
84424,1
84426,0
84427,1
84428,0
84429,0
84432,1
84433,0
84440,0
84441,0
84443,1
84446,0
84449,0
84451,1
84452,1
84453,1
84454,0
84457,0
84463,0
84467,0
84468,1
84470,1
84472,0
84473,1
84476,0
84481,0
84484,0
84485,0
84486,1
84489,0
84491,0
84495,1
84498,0
84502,1
84503,1
84504,0
84509,1
84511,1
84512,1
84514,0
84516,0
84517,0
84518,1
84520,0
84521,0
84523,0
84528,1
84532,1
84543,1
84544,1
84546,1
84550,1
84551,1
84552,1
84553,0
84561,1
84570,0
84571,0
84573,1
84575,1
84576,0
84577,1
84579,1
84580,1
84584,1
84586,0
84588,1
84589,1
84590,1
84593,0
84594,0
84595,0
84596,1
84597,0
84598,1
84601,1
84605,1
84606,0
84607,0
84609,0
84610,1
84612,1
84613,1
84614,0
84615,1
84616,1
84619,1
84623,1
84626,0
84629,0
84630,0
84631,1
84632,1
84635,0
84637,1
84638,0
84645,1
84647,0
84648,1
84649,0
84650,1
84652,1
84655,0
84661,1
84664,0
84665,0
84666,1
84667,0
84670,1
84672,1
84673,0
84676,1
84677,0
84681,1
84687,1
84693,0
84694,1
84695,0
84697,0
84699,1
84701,0
84702,1
84704,0
84705,1
84706,0
84708,1
84710,0
84713,0
84714,1
84715,0
84716,0
84717,1
84720,0
84722,0
84724,1
84726,0
84729,0
84735,0
84740,0
84742,1
84743,1
84745,0
84749,1
84751,1
84752,1
84756,0
84757,1
84758,1
84761,0
84766,0
84774,1
84775,1
84779,0
84780,1
84783,0
84784,0
84786,1
84787,0
84788,0
84796,0
84798,0
84800,0
84801,0
84802,1
84803,0
84805,0
84806,0
84810,0
84811,1
84812,1
84814,1
84815,0
84816,1
84820,1
84826,1
84829,1
84830,1
84831,0
84834,1
84835,1
84837,1
84838,1
84841,1
84845,0
84847,1
84849,1
84850,0
84852,0
84854,1
84858,0
84865,1
84866,0
84867,0
84868,1
84873,1
84875,0
84876,1
84883,0
84884,0
84886,1
84887,1
84888,1
84890,0
84891,1
84894,1
84895,0
84896,1
84900,1
84901,1
84904,1
84907,0
84910,1
84916,0
84920,0
84923,0
84924,1
84928,1
84929,0
84930,1
84931,0
84932,0
84934,0
84936,1
84937,1
84938,0
84941,1
84948,0
84951,1
84956,0
84959,1
84960,0
84961,0
84964,1
84966,1
84971,0
84975,1
84976,0
84981,1
84982,0
84983,1
84985,0
84986,1
84987,1
84989,0
84990,1
84991,0
84999,1
85002,1
85004,1
85005,1
85006,1
85008,0
85010,1
85013,0
85014,0
85016,1
85017,1
85020,1
85025,0
85027,0
85029,1
85030,1
85032,0
85034,1
85035,1
85036,0
85040,0
85042,1
85043,1
85044,0
85047,0
85053,0
85055,1
85058,0
85059,0
85071,0
85074,0
85077,0
85078,1
85079,1
85084,0
85087,1
85093,1
85094,1
85096,1
85098,0
85101,1
85102,1
85104,1
85105,0
85106,0
85109,1
85110,1
85112,1
85117,0
85118,0
85122,0
85123,1
85124,0
85133,0
85137,1
85139,1
85140,1
85141,0
85142,1
85143,0
85144,1
85145,1
85146,0
85147,0
85150,1
85153,1
85156,1
85157,1
85158,0
85161,0
85168,0
85172,0
85173,1
85174,1
85176,1
85178,1
85179,1
85180,1
85182,1
85183,0
85185,0
85188,0
85190,1
85192,1
85195,1
85197,0
85198,0
85199,1
85201,1
85206,0
85209,1
85214,1
85218,0
85221,1
85222,1
85224,1
85227,1
85229,1
85233,0
85235,0
85244,0
85245,1
85246,0
85247,0
85249,1
85252,0
85255,0
85256,0
85258,1
85261,0
85264,1
85266,1
85268,1
85269,1
85274,1
85275,0
85277,1
85278,1
85279,0
85281,1
85283,0
85287,0
85290,0
85293,1
85301,0
85302,0
85305,1
85306,1
85311,0
85312,1
85313,1
85317,1
85318,0
85329,1
85330,0
85331,1
85335,0
85337,0
85339,0
85343,0
85346,1
85350,0
85353,0
85358,0
85361,0
85363,0
85364,1
85366,1
85367,0
85369,0
85371,0
85374,0
85375,1
85376,1
85378,1
85379,1
85381,1
85383,1
85385,1
85386,1
85387,1
85389,1
85394,0
85397,0
85399,1
85400,0
85402,0
85404,1
85406,0
85407,1
85408,1
85412,1
85413,0
85419,0
85424,0
85425,1
85426,0
85427,1
85434,0
85444,1
85445,0
85446,0
85447,1
85449,1
85451,0
85455,0
85456,1
85459,1
85461,1
85467,1
85473,1
85474,0
85477,0
85483,0
85488,1
85489,1
85500,0
85501,0
85505,0
85506,1
85511,1
85518,1
85525,0
85528,0
85532,1
85535,1
85538,1
85539,1
85541,1
85543,1
85546,1
85552,0
85553,1
85554,0
85555,1
85557,1
85559,0
85560,0
85562,1
85564,0
85568,1
85569,0
85571,1
85574,1
85575,0
85578,1
85579,1
85585,0
85589,1
85590,1
85593,1
85594,0
85597,0
85602,1
85608,1
85610,1
85611,1
85613,0
85616,1
85627,0
85629,1
85630,1
85634,1
85638,0
85640,1
85641,1
85642,1
85643,1
85646,1
85647,0
85648,1
85650,0
85652,1
85654,1
85656,1
85658,1
85659,1
85660,1
85666,1
85668,1
85679,0
85683,0
85688,1
85690,1
85697,1
85698,0
85699,1
85703,1
85704,0
85709,0
85714,1
85715,0
85716,0
85717,1
85726,0
85730,1
85732,1
85736,1
85737,0
85739,1
85741,1
85746,0
85747,0
85749,0
85753,0
85754,0
85757,1
85761,1
85762,0
85763,1
85764,0
85769,1
85771,1
85772,1
85774,1
85779,1
85781,1
85782,1
85784,0
85786,1
85790,0
85791,1
85794,1
85795,1
85799,0
85801,0
85802,0
85807,0
85812,1
85813,1
85815,1
85816,1
85817,0
85821,1
85822,0
85828,1
85831,1
85834,0
85835,0
85836,1
85837,1
85843,0
85844,0
85845,0
85850,0
85852,1
85856,0
85857,0
85858,1
85859,0
85865,0
85866,0
85867,0
85868,1
85870,0
85873,1
85877,1
85879,1
85888,1
85890,0
85893,1
85897,0
85899,0
85900,0
85902,0
85905,1
85907,0
85910,0
85913,1
85915,0
85918,1
85921,0
85924,0
85930,1
85931,0
85937,1
85938,0
85939,0
85941,0
85944,1
85945,1
85948,0
85950,0
85951,0
85953,1
85954,0
85958,1
85961,1
85965,1
85970,0
85971,0
85973,1
85975,0
85977,0
85978,1
85979,0
85980,0
85981,0
85982,1
85983,1
85988,0
85989,0
85991,0
85992,1
85993,1
85995,1
86000,1
86001,0
86003,0
86004,1
86005,0
86007,0
86008,0
86009,1
86010,0
86012,1
86016,1
86018,1
86020,1
86024,0
86026,0
86030,0
86031,0
86032,1
86033,0
86034,1
86037,1
86046,0
86047,1
86050,1
86053,0
86056,0
86057,1
86059,1
86060,1
86065,0
86069,0
86072,0
86073,0
86077,1
86078,0
86079,1
86086,1
86088,1
86090,0
86093,1
86099,0
86101,0
86102,0
86106,1
86110,1
86113,1
86120,1
86121,0
86122,0
86123,0
86124,1
86126,1
86127,1
86133,1
86135,1
86137,1
86138,0
86140,1
86141,0
86144,0
86145,0
86148,1
86151,1
86152,1
86153,1
86156,0
86158,0
86159,0
86160,1
86162,0
86164,0
86170,1
86172,0
86173,1
86178,1
86182,1
86183,1
86186,0
86188,1
86191,1
86192,1
86193,0
86197,0
86198,0
86199,1
86200,1
86201,0
86207,0
86209,1
86212,1
86213,1
86218,1
86221,1
86222,0
86223,0
86225,0
86229,1
86230,1
86232,0
86234,0
86237,1
86239,0
86243,1
86245,0
86248,0
86254,1
86258,1
86259,1
86260,0
86261,1
86263,1
86267,1
86269,0
86270,0
86275,0
86276,0
86277,1
86279,0
86282,1
86289,1
86290,1
86293,1
86294,0
86299,0
86303,1
86304,1
86309,1
86310,0
86311,1
86312,0
86314,0
86315,1
86316,1
86318,1
86319,1
86321,0
86322,0
86323,0
86324,1
86326,1
86327,1
86331,0
86332,0
86333,0
86334,0
86335,0
86336,0
86344,0
86345,0
86350,1
86352,1
86358,1
86362,0
86367,0
86368,0
86370,0
86375,0
86377,0
86381,0
86382,1
86383,1
86391,0
86392,1
86394,1
86395,0
86398,1
86399,1
86400,1
86406,1
86407,0
86408,0
86409,0
86412,1
86413,1
86414,1
86415,1
86419,1
86421,1
86422,0
86424,1
86428,0
86429,0
86430,0
86434,0
86437,1
86440,0
86444,1
86446,1
86447,0
86451,1
86453,1
86456,0
86460,1
86461,1
86462,0
86463,0
86467,1
86472,0
86475,0
86479,1
86480,0
86481,1
86485,1
86487,0
86488,1
86494,0
86498,1
86501,1
86504,1
86506,0
86508,0
86511,0
86518,0
86522,0
86524,0
86525,0
86529,0
86530,0
86531,1
86532,1
86533,0
86535,0
86540,1
86542,1
86543,0
86548,1
86550,0
86552,0
86553,1
86555,1
86558,1
86559,1
86566,0
86568,1
86569,0
86570,1
86572,0
86574,0
86577,0
86579,1
86580,1
86581,0
86584,0
86585,0
86589,1
86590,1
86595,0
86596,1
86601,1
86604,1
86605,0
86612,0
86617,1
86619,1
86624,1
86628,0
86630,1
86631,0
86634,1
86638,0
86639,0
86640,1
86641,1
86647,1
86648,0
86656,0
86657,1
86661,1
86662,0
86663,1
86668,1
86670,0
86671,0
86673,0
86675,1
86677,1
86681,1
86682,0
86683,0
86684,1
86685,1
86686,1
86688,1
86689,1
86690,1
86692,0
86693,1
86695,0
86701,1
86704,1
86706,0
86707,0
86708,1
86714,1
86717,0
86719,0
86728,0
86730,1
86731,0
86732,0
86734,0
86735,1
86737,1
86738,1
86739,0
86740,1
86741,1
86742,1
86743,0
86749,0
86753,0
86754,0
86756,1
86758,1
86761,0
86762,1
86764,1
86766,1
86768,0
86773,1
86774,1
86776,1
86777,1
86779,1
86783,1
86784,1
86787,0
86788,0
86790,1
86791,1
86793,0
86794,1
86795,0
86797,0
86801,0
86802,0
86804,0
86807,0
86809,1
86811,1
86813,0
86815,0
86819,0
86821,0
86823,1
86825,1
86826,1
86829,0
86831,1
86837,0
86840,1
86842,1
86851,0
86853,1
86858,1
86861,0
86867,0
86868,0
86869,1
86871,1
86872,1
86874,1
86877,0
86883,0
86884,0
86886,1
86890,1
86893,0
86899,1
86900,0
86905,0
86906,1
86908,1
86909,0
86910,1
86913,1
86915,1
86918,0
86920,0
86923,0
86926,1
86929,1
86933,1
86935,0
86936,1
86937,1
86942,1
86943,1
86946,1
86950,0
86954,1
86955,0
86959,0
86963,1
86966,1
86968,0
86969,0
86974,0
86977,1
86981,1
86983,1
86984,0
86987,1
86991,0
86992,0
86993,1
86996,1
86998,0
87002,0
87005,0
87008,1
87009,1
87011,1
87013,0
87015,0
87016,0
87020,0
87021,1
87024,0
87026,1
87028,1
87029,0
87033,0
87037,0
87038,1
87042,0
87043,1
87045,0
87051,1
87052,1
87056,1
87057,1
87061,1
87064,0
87065,0
87066,0
87068,0
87071,1
87072,0
87073,1
87075,0
87076,1
87078,0
87080,1
87081,0
87087,0
87091,1
87092,1
87093,0
87097,0
87098,1
87102,0
87110,1
87114,0
87117,0
87121,0
87128,1
87129,1
87132,0
87133,1
87134,0
87136,1
87139,1
87146,0
87147,0
87149,0
87150,1
87151,1
87154,0
87158,1
87160,0
87164,0
87165,0
87166,1
87167,1
87168,0
87170,1
87176,1
87178,1
87179,1
87180,0
87183,0
87187,0
87188,0
87189,1
87191,0
87192,0
87193,1
87195,1
87199,1
87200,1
87203,0
87204,1
87205,0
87207,1
87211,1
87216,0
87217,1
87219,1
87221,1
87222,0
87223,1
87225,1
87230,1
87233,1
87235,0
87236,0
87239,0
87242,0
87243,0
87245,1
87249,1
87251,1
87254,1
87256,1
87258,0
87269,0
87270,1
87273,0
87275,1
87278,0
87280,0
87285,0
87286,1
87288,1
87295,1
87296,0
87298,0
87300,1
87304,0
87317,1
87318,0
87320,0
87321,1
87323,1
87326,0
87327,1
87328,1
87330,1
87331,0
87333,1
87334,0
87335,0
87339,0
87340,0
87341,1
87342,1
87351,1
87352,0
87353,0
87354,1
87357,1
87359,0
87364,0
87367,1
87369,0
87370,0
87380,0
87381,1
87384,0
87386,1
87387,0
87389,1
87391,0
87392,0
87394,0
87395,0
87396,1
87397,1
87399,0
87400,1
87403,1
87411,0
87412,0
87415,0
87416,1
87417,1
87420,1
87422,1
87430,0
87437,1
87438,1
87439,1
87443,1
87448,1
87449,0
87450,0
87453,1
87455,1
87457,0
87458,1
87459,0
87463,0
87464,0
87467,1
87468,0
87471,0
87475,1
87476,0
87477,1
87482,0
87483,1
87484,1
87485,0
87489,0
87491,0
87493,0
87496,1
87497,1
87498,1
87500,0
87504,0
87505,0
87506,0
87507,1
87508,0
87510,0
87511,0
87514,0
87517,1
87522,0
87524,0
87526,0
87528,1
87530,0
87534,1
87535,0
87536,0
87539,1
87542,1
87543,1
87544,0
87545,0
87548,1
87551,0
87552,1
87559,1
87560,0
87561,0
87562,0
87563,0
87570,0
87572,0
87573,1
87577,1
87582,0
87586,1
87587,0
87588,0
87591,0
87597,0
87599,1
87600,0
87607,1
87608,1
87611,1
87615,0
87616,0
87621,0
87629,0
87634,0
87636,1
87637,0
87644,0
87645,0
87651,0
87653,0
87654,0
87655,0
87657,0
87659,1
87663,1
87664,1
87666,1
87668,1
87670,0
87675,0
87677,1
87679,0
87680,1
87682,0
87685,1
87690,0
87691,0
87694,0
87696,0
87699,0
87700,0
87702,0
87706,0
87708,0
87716,0
87717,0
87720,1
87722,0
87723,0
87724,1
87730,1
87732,1
87738,0
87742,0
87743,1
87745,0
87746,1
87749,0
87750,1
87751,0
87757,1
87763,1
87764,1
87765,0
87773,0
87776,0
87779,0
87782,0
87788,0
87794,0
87795,0
87796,0
87797,1
87799,1
87800,0
87801,0
87802,0
87804,1
87805,0
87806,0
87809,1
87810,0
87816,1
87817,1
87818,1
87820,1
87821,0
87822,1
87824,0
87825,1
87826,0
87827,1
87829,1
87832,0
87834,0
87836,1
87844,0
87845,1
87846,1
87847,0
87849,1
87856,0
87859,0
87860,0
87862,0
87864,0
87870,1
87871,0
87877,0
87883,1
87886,1
87887,1
87892,0
87893,1
87894,0
87895,0
87898,0
87899,1
87900,1
87901,1
87902,0
87903,1
87906,1
87907,0
87911,1
87912,1
87922,1
87924,0
87925,0
87929,0
87931,0
87932,0
87937,1
87943,0
87947,1
87950,0
87954,0
87956,0
87963,1
87965,1
87966,0
87972,1
87974,1
87975,1
87977,1
87981,1
87983,0
87985,1
87986,1
87988,0
87992,0
87996,1
87997,0
88001,0
88002,0
88007,1
88010,1
88011,0
88012,0
88014,1
88015,0
88019,0
88020,0
88021,1
88022,1
88023,1
88025,0
88026,0
88027,0
88032,0
88035,1
88036,0
88037,0
88038,1
88043,1
88045,1
88046,0
88049,1
88052,0
88053,0
88054,0
88055,1
88056,0
88059,1
88061,0
88063,0
88064,0
88067,0
88069,0
88072,0
88077,0
88080,1
88084,0
88087,0
88088,0
88090,0
88091,0
88095,1
88096,1
88104,1
88106,1
88110,1
88112,0
88116,0
88118,1
88127,0
88134,0
88136,0
88145,0
88146,1
88147,0
88148,1
88150,1
88153,0
88154,1
88157,1
88158,0
88159,1
88162,1
88170,0
88173,1
88175,0
88176,0
88181,0
88183,0
88184,1
88186,1
88189,0
88191,0
88193,0
88194,1
88195,1
88197,0
88198,1
88202,1
88206,1
88208,1
88215,0
88216,0
88224,1
88228,1
88231,1
88232,1
88233,1
88238,0
88240,1
88241,0
88243,1
88246,0
88249,1
88253,0
88254,0
88255,0
88261,0
88262,0
88264,1
88267,0
88268,0
88269,0
88271,1
88274,0
88275,1
88276,0
88281,1
88282,1
88283,0
88290,1
88293,0
88295,0
88299,0
88300,0
88301,0
88305,1
88308,0
88309,0
88311,0
88313,0
88315,1
88316,1
88320,1
88321,0
88324,1
88325,1
88329,0
88330,1
88331,1
88333,0
88334,1
88337,1
88339,1
88343,0
88345,1
88346,1
88347,1
88349,1
88351,0
88354,1
88364,0
88365,0
88366,0
88370,1
88371,1
88372,1
88376,1
88377,0
88379,0
88385,1
88386,1
88387,0
88389,0
88394,0
88395,0
88399,0
88402,0
88403,0
88407,1
88409,0
88411,0
88412,1
88416,1
88418,1
88422,0
88423,0
88429,1
88432,1
88434,1
88435,0
88436,1
88439,0
88440,0
88442,0
88445,1
88447,0
88448,1
88451,1
88452,0
88453,0
88460,1
88461,0
88462,0
88464,0
88465,0
88467,0
88468,1
88469,0
88470,1
88472,1
88473,0
88474,0
88476,1
88480,1
88483,0
88485,0
88486,0
88488,1
88490,1
88493,1
88495,0
88496,0
88497,1
88498,1
88500,1
88502,0
88503,1
88513,1
88516,0
88517,0
88518,1
88523,1
88526,0
88527,1
88529,1
88531,1
88532,1
88533,1
88535,0
88539,0
88543,0
88548,1
88549,0
88551,0
88553,0
88557,1
88562,1
88563,0
88564,1
88570,1
88572,0
88578,1
88579,0
88580,0
88581,1
88587,1
88588,0
88591,1
88593,0
88594,0
88597,1
88603,0
88605,0
88609,1
88613,1
88616,0
88619,1
88620,1
88621,0
88623,0
88625,1
88627,0
88628,0
88629,0
88630,1
88631,1
88633,1
88634,1
88635,1
88636,1
88638,0
88639,1
88640,0
88644,0
88647,0
88652,0
88653,1
88660,1
88661,0
88664,1
88666,1
88669,0
88670,1
88673,1
88679,0
88681,0
88684,1
88687,1
88692,1
88695,1
88696,0
88701,0
88702,1
88703,0
88707,0
88708,0
88709,0
88710,0
88711,0
88722,1
88723,0
88730,0
88732,0
88733,0
88739,0
88743,0
88745,1
88746,1
88747,0
88751,1
88753,1
88754,0
88755,0
88762,1
88763,1
88764,1
88765,1
88768,0
88771,1
88775,1
88777,0
88783,0
88788,1
88790,1
88793,0
88797,1
88799,0
88800,0
88801,0
88805,0
88812,1
88814,0
88816,0
88820,0
88821,0
88823,1
88824,1
88825,1
88826,0
88831,0
88832,1
88833,1
88834,1
88836,1
88838,0
88839,1
88842,0
88845,1
88847,0
88848,0
88850,0
88851,0
88855,0
88856,1
88857,0
88858,0
88862,1
88864,0
88866,0
88867,1
88870,0
88871,1
88874,1
88875,0
88876,1
88879,0
88883,1
88886,1
88889,1
88890,1
88892,0
88893,1
88895,0
88899,0
88902,1
88904,0
88909,1
88912,1
88913,1
88917,1
88918,1
88919,1
88920,1
88924,0
88926,1
88933,1
88934,0
88935,0
88937,0
88941,1
88943,1
88944,0
88946,0
88948,1
88952,0
88954,0
88956,1
88965,0
88967,1
88968,0
88969,0
88970,1
88971,1
88975,0
88980,0
88983,0
88985,1
88988,1
88992,1
88993,0
88994,0
88998,0
89004,1
89005,1
89007,0
89010,1
89011,0
89013,0
89014,1
89016,1
89017,1
89018,1
89022,0
89025,0
89029,1
89030,1
89032,0
89035,1
89037,0
89040,0
89041,0
89048,0
89049,0
89051,1
89057,1
89059,0
89060,0
89069,0
89070,1
89072,1
89077,0
89078,0
89079,1
89081,0
89084,0
89090,1
89091,1
89094,0
89096,1
89097,1
89100,1
89101,0
89102,1
89103,1
89105,0
89106,1
89107,1
89114,1
89115,0
89116,1
89117,1
89118,1
89120,0
89126,0
89130,1
89133,1
89135,1
89137,0
89139,0
89141,0
89143,1
89144,0
89147,1
89148,1
89153,1
89154,1
89155,1
89156,0
89157,1
89164,0
89165,1
89168,0
89170,0
89171,0
89172,1
89174,0
89176,0
89177,1
89178,0
89181,1
89185,0
89188,1
89189,0
89193,1
89196,1
89197,0
89200,1
89201,0
89202,0
89204,0
89205,1
89208,0
89211,1
89213,0
89217,1
89218,0
89221,0
89225,1
89228,0
89239,0
89244,0
89247,1
89252,1
89254,0
89260,1
89262,1
89263,1
89264,0
89268,0
89271,0
89272,0
89273,1
89275,0
89277,0
89278,1
89279,0
89281,0
89284,0
89286,0
89287,0
89288,1
89292,0
89294,0
89297,0
89298,0
89300,0
89303,0
89304,1
89307,0
89308,0
89310,0
89315,1
89321,0
89322,0
89324,0
89326,1
89333,1
89336,0
89337,1
89338,0
89340,0
89342,1
89346,1
89348,0
89352,1
89355,0
89356,0
89357,0
89359,0
89360,1
89363,1
89364,0
89378,0
89385,0
89386,1
89388,0
89389,0
89391,1
89392,0
89393,0
89397,1
89399,1
89401,0
89402,0
89406,1
89413,0
89415,0
89416,0
89418,1
89420,1
89423,1
89424,1
89427,1
89428,0
89432,1
89433,1
89436,0
89442,1
89443,0
89445,1
89446,0
89447,1
89449,1
89450,0
89451,1
89453,0
89456,0
89457,0
89460,1
89462,0
89464,0
89465,0
89467,0
89472,1
89474,1
89484,0
89485,1
89488,0
89489,0
89490,1
89491,0
89494,0
89497,0
89498,1
89504,1
89505,0
89506,0
89509,0
89510,0
89512,1
89515,0
89518,0
89520,1
89525,0
89526,1
89528,1
89540,0
89542,0
89546,0
89548,1
89550,0
89551,1
89564,0
89569,1
89573,0
89574,1
89576,0
89577,0
89581,0
89583,1
89587,1
89590,1
89593,0
89594,0
89595,0
89596,0
89598,1
89599,0
89603,0
89604,0
89605,0
89608,1
89610,1
89611,0
89616,1
89619,1
89621,0
89624,0
89625,1
89627,0
89629,0
89631,0
89635,1
89636,1
89637,1
89639,0
89640,0
89641,0
89642,0
89646,1
89648,0
89649,1
89650,0
89651,1
89652,0
89653,0
89655,0
89661,1
89662,0
89663,0
89665,1
89666,0
89671,0
89677,0
89681,1
89682,0
89684,1
89690,1
89691,0
89693,1
89694,0
89697,1
89698,0
89701,0
89704,1
89707,1
89710,0
89711,1
89712,0
89716,1
89719,1
89722,0
89726,0
89727,1
89730,0
89733,0
89734,0
89736,0
89738,0
89739,0
89740,1
89741,0
89744,0
89745,0
89748,0
89749,0
89755,1
89758,0
89762,0
89764,1
89765,0
89766,1
89767,1
89769,0
89770,0
89771,0
89775,0
89782,1
89785,1
89786,1
89790,0
89792,1
89793,0
89797,1
89800,0
89802,1
89809,0
89810,1
89814,1
89818,0
89819,0
89820,0
89829,0
89831,1
89832,1
89834,0
89835,0
89836,0
89838,0
89841,0
89842,1
89846,1
89849,0
89856,0
89858,0
89859,0
89861,1
89862,1
89864,1
89866,0
89867,1
89869,0
89878,1
89884,0
89886,0
89887,0
89890,1
89895,0
89906,0
89907,1
89908,1
89909,1
89914,1
89915,1
89916,1
89919,0
89920,0
89921,0
89922,0
89923,0
89924,0
89926,0
89930,1
89938,1
89940,0
89942,0
89944,0
89945,0
89946,1
89947,0
89948,1
89950,1
89952,1
89953,1
89955,1
89958,0
89959,1
89960,1
89962,0
89964,1
89966,1
89967,0
89972,0
89980,0
89985,0
89988,0
89990,0
89993,0
89995,0
89997,0
89998,0
90000,0
90001,0
90006,1
90007,0
90008,0
90010,1
90013,0
90016,0
90017,0
90018,1
90019,1
90027,0
90029,0
90032,0
90034,1
90036,1
90037,0
90039,0
90044,1
90048,1
90055,1
90058,0
90063,0
90065,0
90066,0
90068,1
90073,1
90078,1
90080,1
90081,1
90085,1
90086,0
90088,1
90089,0
90090,0
90091,0
90092,1
90093,1
90097,0
90099,1
90101,0
90102,0
90104,0
90108,0
90109,0
90116,0
90117,0
90118,0
90120,0
90121,0
90123,1
90131,0
90137,1
90141,0
90142,1
90145,0
90147,1
90150,1
90151,0
90152,0
90154,0
90158,0
90159,1
90160,0
90163,1
90166,1
90167,0
90168,1
90169,1
90172,0
90173,0
90174,0
90176,1
90180,1
90181,0
90184,0
90185,1
90187,1
90188,0
90189,1
90191,0
90192,0
90193,0
90194,1
90199,1
90201,0
90203,1
90204,0
90208,0
90210,0
90211,1
90213,0
90214,0
90218,0
90219,0
90220,0
90222,0
90224,1
90225,1
90229,0
90231,1
90232,0
90233,1
90235,0
90237,1
90241,0
90244,1
90245,0
90246,0
90248,1
90251,1
90253,1
90256,1
90261,0
90265,0
90267,1
90268,0
90273,0
90275,0
90282,1
90284,1
90285,0
90286,0
90287,1
90288,0
90289,0
90290,0
90299,0
90300,0
90302,0
90303,1
90307,1
90308,1
90309,0
90318,0
90319,0
90320,1
90326,1
90331,1
90332,1
90333,0
90335,0
90338,0
90340,1
90343,1
90344,1
90345,1
90353,0
90356,0
90357,0
90359,1
90360,1
90362,0
90363,0
90365,1
90367,1
90370,0
90372,1
90379,1
90384,1
90389,0
90392,0
90393,1
90396,1
90398,1
90403,0
90404,1
90410,1
90412,1
90413,0
90416,0
90419,0
90421,0
90422,1
90423,1
90426,0
90428,0
90431,0
90432,0
90436,0
90438,0
90441,0
90444,0
90449,1
90450,1
90452,1
90454,0
90458,0
90461,1
90463,1
90464,1
90465,0
90466,0
90467,1
90471,1
90472,0
90473,0
90475,1
90476,1
90477,1
90478,0
90482,0
90485,0
90486,1
90487,1
90488,0
90493,0
90496,1
90497,0
90502,1
90503,0
90505,1
90510,0
90511,1
90512,1
90513,1
90523,0
90525,0
90526,1
90527,0
90528,1
90530,1
90532,1
90535,0
90540,1
90541,1
90542,0
90545,0
90546,1
90547,0
90550,0
90553,1
90556,0
90557,0
90562,0
90564,0
90565,0
90567,0
90569,1
90571,1
90572,0
90573,1
90574,1
90575,0
90581,0
90583,1
90586,1
90587,0
90588,0
90591,0
90592,0
90594,0
90597,0
90598,0
90599,0
90600,0
90604,0
90605,0
90606,0
90611,1
90617,1
90620,1
90624,0
90625,0
90626,0
90628,1
90630,1
90631,1
90638,0
90639,0
90645,1
90647,0
90648,1
90653,0
90656,1
90662,0
90664,1
90665,1
90666,0
90667,1
90669,0
90671,0
90672,0
90675,1
90676,1
90678,0
90681,0
90682,0
90684,0
90685,1
90686,0
90687,1
90688,0
90689,0
90690,1
90693,1
90697,0
90698,1
90702,1
90703,0
90707,0
90708,1
90716,0
90718,0
90728,0
90729,0
90730,0
90731,0
90733,1
90734,0
90737,1
90738,1
90742,1
90747,0
90749,0
90750,0
90751,0
90752,1
90753,0
90754,0
90763,0
90764,1
90766,1
90767,0
90771,1
90773,1
90774,0
90777,1
90778,1
90782,1
90786,0
90787,1
90788,0
90790,1
90791,1
90795,0
90796,1
90797,1
90798,0
90802,1
90803,0
90804,1
90806,0
90809,0
90818,1
90825,1
90827,1
90829,0
90830,0
90831,1
90832,0
90833,0
90836,0
90842,0
90843,1
90844,0
90846,0
90852,1
90854,1
90857,0
90858,0
90860,1
90863,0
90869,1
90871,0
90874,0
90875,1
90877,0
90878,0
90882,1
90884,1
90886,1
90887,0
90890,1
90892,0
90893,1
90899,0
90900,0
90903,1
90904,1
90906,1
90909,1
90910,1
90912,0
90913,0
90915,0
90917,1
90918,1
90919,1
90924,1
90925,1
90926,1
90927,1
90929,0
90933,1
90934,1
90935,1
90939,0
90942,0
90944,0
90951,0
90953,0
90957,1
90959,1
90961,0
90962,1
90965,1
90967,1
90971,0
90972,0
90973,1
90976,0
90983,0
90984,1
90987,0
90988,1
90992,1
90994,0
90995,1
90997,1
90998,1
90999,1
91000,1
91001,1
91002,1
91003,1
91004,0
91007,0
91010,1
91011,1
91014,1
91016,1
91019,1
91026,1
91032,1
91037,0
91039,1
91040,0
91045,1
91047,0
91048,0
91049,1
91052,1
91055,1
91059,1
91064,0
91065,1
91066,0
91069,1
91070,1
91072,1
91074,1
91075,0
91076,1
91078,0
91080,0
91084,0
91086,0
91087,0
91088,0
91089,1
91096,1
91101,1
91103,0
91106,1
91109,1
91110,0
91112,0
91114,0
91120,0
91126,1
91130,1
91131,0
91133,0
91139,1
91142,0
91144,1
91145,0
91146,1
91148,1
91149,1
91151,0
91155,0
91158,0
91162,1
91164,0
91167,0
91168,0
91171,0
91173,1
91175,1
91180,1
91181,0
91182,0
91185,1
91188,0
91190,1
91193,1
91196,1
91198,0
91201,0
91203,0
91208,0
91209,1
91212,1
91213,1
91214,0
91219,1
91229,0
91233,1
91239,1
91243,0
91246,0
91247,1
91250,0
91253,0
91258,0
91259,1
91262,0
91264,0
91267,1
91270,0
91272,1
91273,1
91275,1
91279,1
91281,0
91283,0
91284,0
91287,0
91288,1
91292,1
91298,1
91299,1
91300,0
91304,1
91306,0
91307,0
91308,1
91309,0
91311,0
91314,1
91315,1
91321,0
91323,0
91324,0
91325,0
91329,0
91334,1
91335,1
91338,1
91339,0
91340,1
91342,0
91345,0
91347,0
91350,0
91351,1
91352,0
91355,1
91356,0
91358,1
91362,1
91366,1
91367,0
91368,0
91369,0
91373,1
91375,1
91378,1
91385,1
91387,1
91391,0
91392,0
91393,1
91394,0
91395,1
91396,1
91397,0
91398,0
91400,0
91401,1
91402,0
91404,0
91405,0
91406,1
91408,0
91409,0
91410,1
91414,1
91415,0
91420,1
91421,1
91424,1
91426,0
91429,0
91430,0
91431,0
91433,1
91435,1
91436,0
91441,1
91442,0
91445,0
91451,1
91456,1
91458,0
91459,1
91460,0
91467,1
91469,1
91471,0
91479,0
91484,0
91485,1
91486,1
91487,1
91489,1
91492,0
91496,1
91497,0
91503,0
91508,1
91509,1
91513,0
91517,1
91523,0
91525,1
91526,0
91527,1
91530,1
91531,0
91536,0
91537,0
91541,1
91550,0
91551,1
91557,0
91558,1
91566,1
91567,0
91571,1
91572,1
91574,0
91575,1
91582,0
91584,0
91587,1
91591,0
91593,0
91599,1
91600,1
91607,0
91610,0
91615,0
91617,0
91621,0
91624,1
91627,1
91631,1
91632,0
91636,1
91637,0
91640,1
91642,0
91648,1
91650,0
91651,1
91656,0
91660,1
91665,0
91667,0
91668,1
91673,1
91674,0
91681,0
91683,1
91686,0
91688,1
91690,0
91693,0
91694,0
91695,1
91697,0
91698,1
91699,0
91702,0
91704,0
91705,1
91706,0
91707,0
91708,0
91709,1
91714,1
91715,0
91723,0
91725,1
91726,1
91731,0
91732,0
91733,0
91734,0
91738,0
91739,0
91741,0
91743,1
91747,0
91749,1
91751,0
91753,1
91760,1
91762,1
91765,0
91766,1
91769,1
91773,0
91775,1
91776,0
91777,1
91778,1
91779,0
91780,1
91782,0
91783,1
91784,0
91786,1
91795,1
91796,0
91798,1
91799,1
91802,0
91807,1
91809,0
91810,0
91811,0
91812,0
91823,1
91824,0
91826,1
91828,1
91829,0
91831,1
91834,1
91837,0
91841,0
91842,1
91843,0
91844,1
91846,1
91848,0
91849,1
91850,1
91852,1
91855,1
91861,0
91864,1
91866,1
91872,0
91873,0
91878,1
91881,1
91884,0
91886,0
91891,1
91894,0
91896,1
91897,0
91899,1
91900,0
91901,1
91903,0
91904,1
91906,1
91907,0
91908,1
91911,1
91912,0
91917,1
91921,0
91922,0
91930,1
91932,0
91935,1
91937,1
91938,1
91939,1
91941,1
91942,0
91945,1
91947,1
91948,0
91950,0
91951,1
91953,1
91955,1
91957,1
91958,1
91960,1
91965,1
91967,1
91968,1
91970,1
91971,0
91972,1
91974,1
91975,1
91980,0
91982,0
91984,1
91985,0
91988,0
91990,1
91992,1
91993,0
91994,1
91995,1
91998,1
92005,1
92012,1
92013,0
92014,1
92015,0
92020,1
92023,1
92024,0
92027,0
92028,1
92029,1
92033,0
92034,0
92035,1
92037,1
92039,1
92042,1
92048,1
92054,1
92055,1
92057,1
92061,0
92062,1
92063,0
92066,1
92067,0
92077,0
92078,1
92080,1
92085,1
92086,0
92092,1
92093,0
92095,0
92099,0
92103,1
92106,0
92107,0
92108,0
92110,1
92113,0
92117,0
92121,1
92129,0
92131,0
92132,0
92134,0
92135,1
92139,1
92140,0
92142,1
92146,1
92147,0
92153,1
92156,0
92157,1
92161,1
92163,0
92164,0
92166,0
92168,1
92169,0
92170,1
92180,0
92185,1
92187,1
92189,0
92191,1
92193,0
92196,1
92198,1
92199,1
92200,0
92201,1
92202,0
92203,1
92205,0
92207,1
92215,0
92221,1
92226,0
92228,0
92235,1
92236,0
92237,1
92238,1
92243,1
92244,0
92249,0
92251,0
92255,0
92256,0
92258,1
92260,0
92263,0
92266,1
92272,0
92274,0
92276,1
92277,1
92285,0
92287,0
92292,1
92293,1
92294,1
92295,1
92296,1
92298,1
92299,1
92300,1
92301,1
92303,0
92304,1
92305,1
92306,0
92308,0
92310,0
92314,0
92316,1
92317,1
92318,0
92324,0
92328,0
92330,0
92333,0
92334,0
92335,0
92338,0
92340,0
92341,0
92343,1
92345,1
92349,1
92352,1
92356,1
92357,1
92364,0
92365,0
92367,1
92369,1
92371,1
92372,1
92373,0
92380,0
92381,0
92389,1
92390,0
92392,0
92397,1
92398,1
92399,1
92401,1
92404,0
92405,1
92407,0
92412,1
92413,1
92415,1
92417,1
92422,1
92423,0
92428,0
92436,0
92440,0
92442,1
92443,0
92444,0
92446,1
92448,1
92451,0
92454,0
92455,1
92456,0
92459,0
92461,1
92463,1
92470,0
92472,0
92475,0
92477,1
92479,1
92482,0
92483,0
92485,0
92486,0
92489,0
92491,0
92494,0
92496,1
92499,1
92503,0
92508,0
92509,0
92513,0
92514,0
92518,1
92519,0
92522,0
92527,1
92528,1
92529,1
92531,0
92533,1
92534,0
92536,0
92541,1
92542,0
92543,1
92544,0
92549,1
92552,1
92554,0
92556,0
92559,0
92560,1
92563,1
92564,1
92565,1
92566,1
92568,1
92569,1
92571,0
92573,1
92574,1
92578,1
92585,0
92586,1
92590,1
92592,1
92594,0
92596,1
92598,1
92599,1
92600,0
92603,1
92605,0
92606,0
92609,0
92611,0
92612,0
92614,0
92616,1
92617,0
92620,0
92623,0
92624,0
92625,0
92627,1
92629,1
92630,0
92634,0
92635,0
92636,0
92639,0
92641,1
92642,0
92646,0
92649,1
92655,1
92656,0
92659,0
92661,1
92664,0
92665,0
92666,1
92672,0
92673,1
92676,1
92677,0
92680,0
92681,0
92682,0
92683,1
92685,0
92688,0
92689,1
92690,0
92693,1
92694,0
92696,1
92698,1
92699,0
92700,0
92701,0
92706,0
92707,0
92713,1
92715,1
92722,0
92724,1
92728,1
92734,1
92735,0
92736,1
92738,0
92742,0
92745,0
92746,0
92749,0
92758,0
92759,0
92764,0
92766,0
92769,0
92770,1
92771,0
92776,1
92780,0
92785,0
92790,0
92793,0
92794,1
92795,0
92796,0
92797,0
92802,1
92805,0
92806,0
92807,0
92812,0
92816,0
92818,0
92819,0
92820,0
92821,0
92822,1
92826,0
92827,1
92830,1
92832,1
92833,1
92835,1
92837,1
92838,0
92843,1
92845,1
92850,0
92851,0
92854,1
92855,0
92860,0
92861,0
92864,1
92869,1
92870,1
92872,0
92878,1
92881,0
92885,1
92886,0
92888,0
92895,0
92896,1
92899,0
92901,1
92903,0
92907,0
92911,0
92912,1
92913,0
92914,0
92920,1
92922,0
92923,0
92924,1
92927,0
92928,0
92929,0
92930,0
92931,1
92932,0
92933,0
92935,0
92937,1
92938,1
92939,0
92945,1
92946,1
92954,1
92956,1
92958,0
92961,0
92963,1
92966,0
92970,0
92973,0
92977,1
92978,0
92979,0
92984,0
92989,0
92991,1
92994,0
92996,0
93002,1
93003,0
93004,1
93008,0
93018,0
93019,0
93023,1
93026,0
93029,1
93030,1
93032,0
93033,0
93034,1
93035,0
93036,0
93039,1
93041,0
93044,0
93046,0
93048,0
93049,1
93057,1
93059,1
93063,1
93065,1
93066,1
93070,1
93071,0
93075,1
93077,0
93078,0
93081,0
93085,0
93087,1
93088,0
93093,0
93095,0
93097,1
93098,0
93101,1
93103,0
93104,0
93106,0
93111,1
93112,1
93113,1
93114,1
93115,1
93117,1
93121,0
93123,0
93124,0
93129,1
93133,0
93134,0
93135,0
93139,0
93140,1
93143,1
93144,0
93146,0
93147,1
93148,0
93152,0
93153,0
93154,0
93158,1
93162,0
93164,0
93165,0
93168,0
93171,0
93173,1
93178,0
93179,0
93181,0
93182,0
93184,0
93187,0
93191,0
93195,0
93197,1
93202,1
93207,0
93208,0
93210,1
93216,1
93217,1
93218,0
93221,1
93224,0
93225,1
93227,0
93228,0
93233,0
93234,1
93237,0
93239,1
93240,1
93241,1
93245,0
93248,1
93250,1
93253,0
93261,1
93269,0
93270,0
93271,0
93274,1
93276,1
93278,0
93282,0
93285,1
93292,1
93293,0
93294,0
93297,1
93299,1
93300,1
93308,0
93309,1
93312,0
93313,0
93316,1
93319,1
93320,0
93324,0
93327,0
93332,1
93333,0
93336,0
93337,1
93338,1
93340,1
93346,1
93352,0
93353,0
93355,1
93357,1
93359,1
93362,1
93368,0
93372,1
93373,1
93374,0
93376,1
93379,0
93385,0
93395,0
93397,1
93398,1
93399,0
93403,1
93406,1
93407,0
93413,0
93417,0
93418,1
93421,1
93422,1
93425,1
93429,0
93431,1
93432,0
93433,1
93434,1
93435,1
93440,1
93442,1
93445,0
93451,1
93452,0
93455,1
93462,0
93463,1
93466,0
93467,0
93468,0
93469,1
93471,0
93480,1
93481,1
93482,0
93484,1
93485,1
93486,1
93488,0
93489,0
93490,0
93492,0
93494,0
93495,0
93496,1
93497,0
93500,0
93501,0
93502,0
93503,1
93505,1
93506,0
93508,0
93509,1
93511,0
93512,1
93523,1
93527,1
93529,0
93530,1
93531,0
93532,0
93535,0
93537,0
93545,1
93549,0
93556,0
93560,1
93561,0
93562,0
93564,0
93565,0
93566,0
93570,0
93574,0
93576,0
93578,0
93579,0
93580,1
93582,1
93584,0
93585,1
93586,1
93587,1
93592,1
93593,0
93594,1
93598,1
93599,0
93606,0
93607,1
93608,0
93609,1
93610,1
93611,0
93615,0
93616,0
93617,1
93618,1
93619,0
93620,1
93622,1
93625,0
93627,1
93628,1
93629,1
93630,0
93631,0
93633,1
93640,0
93641,0
93645,0
93646,0
93647,1
93648,0
93650,0
93651,1
93652,1
93660,1
93662,0
93663,0
93666,0
93668,0
93670,0
93671,1
93672,0
93674,0
93675,0
93676,0
93677,1
93679,0
93681,1
93682,0
93683,0
93686,0
93687,0
93688,0
93690,0
93692,0
93693,1
93694,0
93697,0
93700,0
93701,0
93702,1
93706,0
93707,1
93709,0
93710,0
93715,0
93719,1
93721,0
93724,0
93725,1
93728,0
93729,0
93735,1
93738,0
93740,0
93745,1
93746,1
93754,1
93756,0
93760,1
93769,1
93773,1
93776,1
93777,1
93778,0
93779,0
93780,1
93782,1
93783,0
93787,0
93793,1
93794,1
93799,1
93802,1
93803,1
93806,0
93807,1
93810,1
93812,1
93813,0
93814,1
93821,0
93823,0
93824,0
93827,0
93829,1
93831,1
93834,1
93836,1
93840,0
93842,1
93844,0
93853,0
93856,0
93857,1
93858,1
93860,1
93861,1
93862,1
93863,1
93865,1
93866,0
93870,0
93881,1
93882,1
93887,1
93889,1
93891,1
93900,1
93904,0
93905,1
93911,0
93913,0
93914,0
93918,1
93919,1
93921,0
93924,0
93925,1
93928,0
93929,1
93931,0
93934,1
93935,1
93938,0
93940,0
93942,0
93943,0
93949,1
93950,0
93955,0
93957,0
93958,0
93962,0
93969,0
93971,1
93977,1
93978,0
93980,1
93982,1
93985,1
93986,0
93988,1
93989,0
93994,1
93996,0
93997,1
93998,1
94000,1
94001,0
94002,1
94004,1
94005,0
94007,0
94009,1
94010,1
94012,0
94013,0
94017,1
94020,1
94021,1
94023,0
94024,1
94026,0
94027,0
94031,1
94033,1
94034,1
94035,1
94036,0
94045,1
94046,1
94047,0
94050,1
94052,0
94055,0
94058,0
94060,1
94061,0
94064,0
94065,0
94066,1
94067,0
94068,1
94069,0
94078,0
94082,0
94091,1
94094,0
94095,1
94096,1
94097,1
94102,0
94104,0
94106,0
94109,1
94110,0
94114,0
94116,0
94117,0
94120,0
94122,0
94123,1
94128,1
94131,0
94132,0
94133,0
94135,0
94145,0
94147,0
94148,0
94150,1
94153,1
94157,0
94159,1
94160,0
94162,0
94163,1
94165,1
94168,0
94169,1
94171,0
94173,1
94174,0
94175,0
94176,1
94177,0
94182,0
94185,1
94189,0
94192,1
94193,0
94199,0
94200,1
94205,1
94206,1
94207,1
94208,1
94210,0
94211,0
94215,1
94216,0
94217,0
94220,1
94225,1
94226,0
94227,1
94228,0
94229,1
94230,0
94231,0
94232,0
94235,0
94240,1
94241,1
94242,0
94243,0
94244,0
94246,1
94247,0
94248,0
94252,1
94253,0
94257,1
94258,0
94261,1
94263,0
94264,0
94265,0
94267,1
94268,0
94285,1
94286,1
94287,0
94288,1
94289,0
94292,0
94294,1
94295,0
94296,0
94297,0
94298,1
94299,1
94303,1
94323,0
94324,0
94326,0
94328,1
94329,0
94331,0
94332,0
94334,0
94335,0
94341,0
94347,1
94348,0
94350,0
94351,0
94355,0
94357,1
94366,1
94375,0
94378,0
94379,0
94381,0
94382,1
94383,1
94385,1
94386,1
94389,1
94390,0
94392,0
94403,1
94406,0
94407,0
94409,0
94410,1
94411,0
94412,1
94417,1
94419,1
94420,1
94425,0
94430,1
94434,1
94435,0
94437,0
94441,0
94442,0
94445,0
94446,1
94447,0
94450,0
94451,0
94453,0
94456,0
94458,0
94459,0
94460,1
94463,0
94466,1
94470,0
94472,1
94479,1
94480,0
94484,0
94487,1
94488,1
94489,1
94493,1
94499,0
94501,0
94502,0
94504,1
94508,1
94510,0
94511,0
94517,1
94521,1
94529,0
94535,1
94541,1
94543,0
94544,0
94546,1
94548,0
94550,1
94552,0
94553,1
94556,1
94559,0
94560,0
94562,1
94563,1
94564,1
94566,0
94571,0
94575,0
94584,1
94585,0
94587,0
94588,1
94594,0
94595,1
94596,0
94599,0
94600,0
94601,0
94602,0
94604,1
94605,0
94609,1
94613,0
94614,1
94615,1
94619,0
94620,1
94621,1
94623,1
94626,1
94628,1
94631,0
94635,1
94636,0
94638,0
94642,0
94644,1
94645,0
94647,0
94649,1
94655,0
94657,0
94664,0
94665,1
94666,1
94670,1
94671,0
94672,0
94674,1
94677,0
94681,0
94682,0
94683,1
94686,1
94691,0
94692,0
94693,0
94699,0
94700,1
94703,0
94705,0
94706,1
94707,1
94708,0
94712,0
94716,1
94719,1
94720,1
94721,0
94724,1
94725,0
94726,1
94728,1
94729,0
94730,0
94733,0
94735,0
94736,1
94739,0
94741,1
94744,1
94745,0
94751,0
94753,1
94757,0
94758,1
94768,0
94773,1
94774,0
94775,0
94777,0
94778,0
94780,0
94782,1
94789,0
94790,1
94792,0
94794,0
94801,0
94802,0
94805,1
94811,0
94815,0
94821,1
94823,0
94826,0
94827,1
94830,1
94831,0
94832,0
94833,0
94836,1
94842,1
94843,1
94844,1
94845,1
94846,0
94847,1
94853,0
94854,0
94855,0
94856,0
94863,1
94866,0
94868,1
94869,0
94871,1
94872,0
94876,0
94880,0
94891,1
94892,0
94893,1
94894,0
94896,0
94898,1
94900,1
94901,0
94905,0
94906,1
94908,1
94909,0
94914,0
94916,0
94917,1
94918,0
94920,1
94921,1
94923,0
94927,0
94929,0
94930,1
94931,0
94932,1
94935,0
94937,1
94941,0
94942,0
94944,1
94949,0
94950,0
94951,0
94958,0
94963,1
94965,1
94967,1
94968,1
94969,0
94971,1
94975,1
94976,1
94978,0
94980,0
94982,1
94983,1
94986,1
94988,1
94989,0
94990,0
94992,1
94993,0
94994,0
94996,0
94998,1
95000,0
95001,1
95002,1
95003,1
95011,1
95012,0
95016,1
95019,1
95020,0
95021,0
95023,1
95024,1
95027,0
95031,1
95033,0
95034,0
95040,0
95043,0
95046,1
95047,0
95048,0
95049,0
95050,1
95051,1
95052,0
95053,0
95055,1
95058,1
95063,1
95064,1
95068,0
95069,1
95071,1
95073,1
95074,1
95076,0
95077,0
95078,0
95081,1
95082,1
95083,0
95084,0
95090,1
95092,1
95098,1
95111,0
95115,0
95120,1
95122,0
95123,1
95124,1
95128,0
95129,0
95130,0
95133,1
95136,1
95137,0
95141,0
95143,1
95145,1
95146,1
95151,1
95153,1
95157,1
95161,0
95162,0
95169,1
95171,0
95173,0
95174,1
95176,1
95177,1
95180,1
95182,1
95184,1
95187,1
95188,1
95189,1
95191,1
95193,0
95194,1
95196,1
95200,1
95201,1
95202,0
95208,1
95211,0
95212,1
95217,0
95219,1
95220,0
95221,1
95223,0
95224,0
95226,0
95229,0
95237,1
95238,0
95240,0
95243,0
95246,0
95249,0
95251,0
95253,0
95254,0
95255,1
95256,0
95259,0
95261,0
95262,0
95267,1
95268,0
95272,0
95274,1
95281,0
95283,0
95284,1
95287,1
95289,1
95290,1
95291,0
95292,1
95293,0
95298,1
95302,1
95308,0
95309,0
95313,1
95315,0
95316,0
95318,0
95320,0
95326,1
95327,0
95336,1
95338,0
95339,1
95340,1
95341,0
95342,0
95343,0
95345,1
95349,0
95351,0
95352,1
95357,0
95359,0
95360,1
95361,0
95362,1
95364,0
95366,0
95368,1
95369,0
95376,0
95380,1
95384,0
95386,1
95388,1
95389,0
95392,1
95395,1
95398,1
95400,1
95401,0
95404,1
95405,0
95406,1
95409,0
95413,1
95415,0
95416,0
95420,1
95421,0
95422,0
95424,1
95428,0
95429,0
95430,1
95433,1
95435,0
95436,1
95438,1
95441,0
95442,0
95444,0
95446,1
95451,1
95453,1
95456,1
95458,0
95460,0
95463,0
95466,0
95468,0
95469,0
95470,1
95471,1
95474,0
95475,1
95476,1
95477,0
95478,0
95479,1
95480,1
95482,0
95483,0
95485,1
95486,0
95487,1
95490,1
95492,0
95496,1
95498,0
95499,1
95500,0
95501,0
95503,1
95507,1
95509,0
95511,0
95515,0
95517,0
95522,1
95523,0
95525,1
95526,1
95530,0
95534,0
95543,1
95544,1
95546,0
95549,0
95550,0
95552,1
95553,1
95554,1
95556,0
95558,0
95559,1
95560,1
95562,1
95563,0
95564,1
95566,0
95570,1
95576,1
95577,0
95579,0
95589,0
95590,1
95591,0
95592,1
95598,0
95602,0
95603,0
95605,1
95609,0
95610,0
95611,1
95612,1
95613,0
95615,0
95621,1
95622,0
95641,0
95649,0
95650,1
95651,1
95654,0
95658,1
95660,0
95662,1
95664,0
95665,1
95674,1
95675,0
95677,1
95679,0
95682,1
95685,1
95686,1
95689,1
95690,0
95691,0
95692,1
95693,0
95696,0
95697,0
95698,1
95699,0
95702,1
95704,1
95706,1
95707,1
95711,1
95713,0
95716,0
95718,0
95719,0
95721,0
95725,1
95727,1
95728,1
95729,1
95731,1
95732,0
95733,0
95738,0
95747,0
95749,1
95751,1
95754,0
95755,1
95757,1
95758,0
95759,0
95761,1
95762,0
95763,0
95766,1
95768,1
95769,1
95779,1
95782,1
95784,0
95785,1
95789,0
95793,0
95794,1
95795,1
95798,1
95799,0
95800,0
95804,1
95805,1
95806,1
95808,1
95809,1
95811,0
95816,0
95818,0
95822,1
95823,0
95825,1
95827,1
95829,0
95834,1
95835,1
95838,1
95841,0
95842,0
95844,0
95845,1
95847,1
95849,1
95851,1
95852,0
95853,0
95856,1
95859,0
95860,1
95862,0
95868,1
95874,1
95875,1
95877,1
95878,0
95880,0
95882,0
95883,1
95885,1
95886,0
95890,0
95892,1
95894,0
95899,0
95901,1
95903,0
95908,0
95909,1
95911,1
95912,0
95917,0
95921,0
95924,0
95930,0
95931,1
95933,0
95934,0
95935,0
95937,1
95944,0
95946,0
95947,1
95948,0
95954,1
95955,1
95960,1
95961,0
95963,1
95965,0
95967,0
95968,0
95970,1
95971,0
95976,0
95978,0
95980,0
95983,0
95984,1
95985,1
95986,1
95995,1
95998,0
95999,1
96007,1
96008,0
96009,1
96014,0
96016,1
96019,0
96024,0
96025,0
96026,0
96032,1
96034,1
96035,1
96037,0
96039,1
96044,0
96045,0
96046,0
96051,0
96054,0
96056,1
96063,1
96064,0
96066,1
96067,1
96068,0
96071,1
96075,0
96079,0
96082,0
96083,0
96089,0
96094,0
96096,1
96097,1
96103,1
96104,1
96105,0
96106,1
96110,0
96113,0
96121,0
96124,0
96130,0
96139,0
96140,0
96142,0
96143,0
96144,0
96145,1
96147,0
96150,1
96151,0
96153,1
96155,1
96156,1
96159,0
96161,1
96165,0
96170,0
96171,0
96173,1
96174,1
96182,0
96183,1
96186,1
96187,1
96190,0
96198,0
96199,0
96200,1
96203,0
96207,1
96213,1
96214,1
96215,0
96224,1
96225,1
96226,0
96231,1
96238,1
96243,0
96244,0
96245,1
96246,1
96248,1
96250,0
96254,1
96255,0
96258,0
96259,0
96262,0
96267,0
96268,0
96271,0
96272,1
96273,1
96274,1
96279,1
96281,1
96282,0
96283,0
96284,0
96288,0
96289,1
96290,1
96291,1
96292,1
96294,1
96295,0
96296,1
96297,1
96300,1
96301,0
96303,0
96309,0
96311,0
96313,1
96315,0
96318,1
96320,0
96324,1
96325,0
96326,1
96335,1
96336,0
96337,1
96342,1
96343,0
96345,0
96346,0
96350,1
96351,1
96355,1
96368,1
96375,0
96376,0
96381,0
96382,0
96383,0
96386,1
96387,1
96389,1
96391,0
96394,0
96399,1
96404,1
96413,0
96417,1
96418,1
96421,0
96423,1
96425,1
96428,0
96429,0
96432,0
96436,0
96437,0
96442,1
96443,0
96444,0
96446,1
96451,0
96455,0
96461,1
96464,1
96468,1
96471,1
96473,1
96477,1
96479,1
96481,1
96483,1
96485,0
96490,1
96491,0
96493,0
96495,0
96496,1
96505,1
96506,1
96512,0
96515,0
96516,0
96518,1
96519,1
96520,1
96524,0
96527,0
96531,1
96532,0
96535,0
96536,1
96544,0
96550,0
96554,1
96564,0
96565,0
96566,0
96567,0
96574,0
96579,1
96580,0
96583,1
96586,0
96587,1
96590,1
96593,0
96594,0
96596,1
96599,0
96604,0
96611,0
96614,0
96629,1
96630,0
96631,0
96633,1
96636,0
96638,1
96640,0
96645,1
96647,1
96652,0
96653,1
96656,0
96657,1
96661,1
96663,0
96664,0
96666,0
96669,0
96671,1
96675,0
96677,1
96678,0
96681,1
96684,1
96690,0
96693,1
96694,0
96697,0
96698,1
96700,0
96703,0
96704,0
96705,0
96706,1
96709,0
96716,1
96718,1
96720,0
96721,1
96723,0
96724,1
96727,0
96729,0
96734,1
96735,0
96739,1
96741,1
96743,1
96744,1
96745,0
96746,0
96748,1
96752,1
96755,0
96756,0
96757,1
96759,0
96765,1
96767,1
96769,0
96770,0
96772,1
96774,1
96775,0
96776,1
96784,0
96785,1
96787,1
96788,0
96789,1
96792,1
96794,0
96796,1
96798,1
96799,0
96801,1
96804,1
96807,1
96808,0
96809,1
96811,0
96812,0
96822,0
96823,1
96828,0
96830,1
96831,0
96833,0
96834,1
96839,1
96840,0
96843,1
96844,1
96845,1
96853,1
96856,1
96858,0
96860,1
96867,0
96868,0
96873,1
96874,0
96879,1
96880,1
96882,0
96883,1
96888,0
96889,0
96890,1
96891,0
96893,0
96894,1
96895,1
96898,1
96899,1
96902,1
96905,1
96907,1
96908,1
96910,1
96912,1
96913,0
96916,1
96917,0
96925,1
96936,0
96940,1
96942,1
96948,0
96952,1
96953,0
96954,1
96955,0
96957,1
96959,1
96962,0
96963,1
96965,0
96966,1
96967,0
96970,0
96971,0
96975,0
96976,0
96978,1
96980,1
96981,0
96983,1
96986,0
96987,1
96988,0
96990,1
96997,1
96998,0
96999,0
97004,1
97007,1
97008,0
97010,0
97012,1
97014,1
97016,1
97020,0
97022,1
97023,0
97024,1
97025,1
97026,1
97028,0
97030,0
97031,1
97033,1
97034,0
97036,1
97038,0
97043,1
97047,0
97048,1
97054,0
97055,0
97057,1
97058,1
97061,0
97065,1
97069,0
97072,1
97077,0
97079,1
97082,1
97084,1
97090,1
97091,0
97092,0
97095,0
97100,1
97102,0
97104,1
97106,0
97107,1
97109,1
97111,1
97112,1
97119,0
97120,0
97121,0
97125,1
97128,1
97129,1
97132,1
97134,1
97137,1
97140,1
97145,1
97146,1
97147,1
97153,1
97157,0
97158,0
97162,0
97167,0
97169,1
97170,1
97173,0
97175,0
97176,0
97180,0
97181,0
97182,1
97186,1
97187,1
97189,0
97190,1
97194,0
97196,0
97198,0
97202,1
97203,0
97205,0
97208,0
97209,1
97210,1
97211,0
97212,0
97214,0
97215,0
97217,0
97218,1
97219,1
97225,1
97231,1
97234,1
97235,0
97236,1
97238,1
97239,0
97240,1
97241,1
97242,1
97243,0
97244,1
97246,0
97249,0
97252,0
97255,1
97259,1
97260,0
97261,0
97269,1
97273,1
97274,1
97277,1
97279,1
97281,0
97282,0
97283,1
97284,1
97285,0
97286,0
97289,1
97290,0
97291,1
97293,1
97294,1
97296,0
97300,0
97301,1
97302,1
97304,0
97307,0
97310,1
97312,0
97314,0
97317,1
97319,0
97321,0
97326,1
97327,1
97329,0
97332,0
97335,1
97338,0
97341,0
97343,1
97347,1
97349,1
97351,1
97354,1
97357,0
97361,0
97363,1
97364,0
97366,1
97368,1
97369,0
97370,1
97371,0
97373,1
97376,1
97378,1
97380,0
97382,0
97383,1
97387,0
97388,0
97389,1
97393,1
97396,0
97398,1
97402,0
97403,1
97409,1
97410,1
97412,1
97413,1
97414,0
97415,0
97421,1
97422,1
97425,0
97428,0
97431,0
97433,0
97434,0
97436,0
97437,1
97438,0
97439,0
97440,0
97441,0
97446,0
97448,0
97449,0
97450,1
97451,0
97453,1
97461,0
97462,0
97466,1
97467,1
97469,0
97471,1
97473,0
97474,1
97476,1
97477,0
97478,0
97480,1
97481,0
97482,1
97490,1
97491,0
97494,0
97495,0
97496,1
97497,0
97499,1
97500,0
97506,1
97507,1
97510,0
97516,0
97517,0
97518,1
97519,0
97520,1
97522,1
97524,1
97525,0
97526,0
97531,1
97532,1
97533,1
97535,0
97539,1
97540,0
97541,1
97550,0
97552,1
97554,0
97555,1
97559,1
97560,1
97566,1
97567,1
97571,1
97572,0
97575,0
97576,1
97577,0
97578,0
97580,0
97582,1
97586,1
97587,0
97593,1
97594,0
97596,0
97599,0
97600,1
97601,1
97604,0
97605,0
97610,0
97612,0
97613,1
97615,1
97621,1
97625,1
97627,0
97629,0
97634,1
97635,0
97636,0
97639,1
97642,1
97644,1
97649,1
97653,1
97655,1
97658,1
97659,1
97660,1
97662,1
97667,0
97668,0
97672,1
97682,0
97684,0
97687,1
97688,1
97690,1
97691,0
97692,1
97695,0
97696,1
97699,0
97701,1
97706,1
97707,0
97709,0
97710,1
97713,0
97714,1
97715,1
97716,0
97717,1
97718,0
97721,1
97724,1
97726,0
97728,0
97729,0
97731,0
97732,0
97733,1
97734,0
97736,0
97739,1
97742,0
97747,1
97749,1
97750,0
97751,1
97752,1
97759,0
97763,1
97765,0
97767,1
97768,0
97769,1
97771,1
97772,1
97778,1
97782,0
97786,1
97787,0
97788,1
97789,0
97791,1
97797,1
97799,0
97800,1
97801,1
97805,1
97809,0
97811,1
97815,1
97816,0
97818,1
97820,0
97821,0
97822,0
97826,0
97827,1
97828,1
97829,1
97832,1
97833,1
97834,1
97837,1
97839,1
97840,1
97841,0
97842,1
97846,0
97847,1
97851,0
97852,1
97853,0
97861,1
97865,1
97866,0
97870,1
97873,0
97875,0
97876,1
97877,0
97879,0
97882,0
97884,0
97887,1
97888,0
97895,1
97896,1
97899,1
97900,0
97903,0
97904,0
97908,0
97910,1
97913,0
97919,0
97921,1
97925,0
97928,1
97930,0
97931,1
97935,1
97937,1
97938,1
97939,1
97941,1
97943,1
97944,0
97950,1
97951,0
97953,1
97958,1
97959,0
97961,1
97962,1
97963,0
97966,0
97969,1
97972,1
97975,0
97976,1
97977,0
97978,1
97979,0
97980,1
97983,1
97985,0
97988,1
97989,0
97992,0
97995,1
97998,1
97999,0
98001,1
98002,1
98005,1
98007,1
98008,0
98011,1
98013,0
98015,1
98017,1
98022,0
98024,0
98025,0
98027,1
98030,1
98031,0
98033,0
98034,0
98037,0
98038,0
98041,1
98042,0
98043,1
98044,1
98047,0
98048,0
98050,0
98052,1
98053,0
98056,1
98058,1
98060,0
98062,0
98063,1
98067,0
98069,1
98071,0
98072,0
98077,0
98078,1
98079,0
98080,0
98082,1
98084,0
98085,1
98086,0
98087,1
98088,0
98089,0
98090,0
98092,0
98097,0
98105,0
98108,0
98109,1
98114,1
98117,1
98118,1
98120,1
98123,0
98126,0
98128,0
98129,0
98133,1
98135,0
98136,0
98137,0
98139,1
98141,0
98145,1
98146,0
98152,1
98154,1
98155,1
98158,0
98160,1
98161,0
98162,1
98164,0
98166,1
98167,0
98168,0
98169,0
98170,0
98171,0
98173,1
98174,0
98176,1
98178,1
98180,0
98181,1
98183,0
98186,1
98188,1
98189,0
98190,0
98192,1
98193,1
98197,0
98205,1
98206,1
98210,1
98212,1
98216,0
98218,0
98220,0
98222,0
98223,1
98225,0
98229,1
98230,1
98232,0
98234,1
98240,0
98242,0
98251,0
98252,0
98256,0
98257,0
98258,0
98260,0
98262,1
98263,1
98264,1
98265,1
98267,1
98269,1
98273,0
98278,0
98284,0
98288,1
98295,1
98300,0
98303,1
98305,1
98308,1
98309,1
98317,0
98320,1
98324,1
98327,1
98330,1
98332,1
98337,1
98338,0
98340,0
98342,1
98343,0
98347,1
98352,1
98354,1
98355,0
98357,0
98358,0
98362,0
98363,1
98364,0
98370,1
98373,0
98376,1
98377,1
98384,0
98394,0
98395,1
98398,1
98399,1
98401,0
98407,0
98411,0
98414,0
98416,0
98417,1
98421,1
98423,1
98426,0
98427,0
98432,0
98433,1
98435,0
98436,0
98439,1
98441,0
98444,0
98445,1
98446,1
98448,0
98449,0
98451,0
98452,0
98453,0
98454,0
98456,0
98458,1
98460,0
98462,0
98463,0
98466,1
98467,1
98471,1
98472,0
98474,1
98475,0
98479,0
98480,1
98481,0
98482,0
98483,1
98487,1
98489,1
98492,0
98495,1
98496,0
98500,0
98505,0
98507,1
98509,0
98513,1
98516,1
98517,0
98518,1
98519,0
98520,0
98521,1
98527,1
98528,0
98529,0
98533,1
98534,0
98535,0
98536,1
98537,1
98538,1
98539,1
98541,1
98542,0
98543,0
98544,1
98546,0
98553,1
98555,0
98559,1
98562,0
98564,1
98571,1
98575,1
98583,0
98585,1
98589,0
98590,1
98592,0
98593,1
98594,1
98595,1
98597,0
98600,0
98602,1
98604,1
98607,1
98608,1
98609,0
98617,0
98619,0
98623,0
98625,1
98628,1
98631,0
98634,0
98636,0
98637,0
98638,0
98639,1
98640,0
98643,1
98644,1
98646,0
98651,0
98654,1
98655,0
98657,0
98658,0
98659,0
98660,1
98661,0
98666,1
98669,0
98670,0
98673,1
98674,1
98675,0
98676,1
98679,1
98682,0
98684,0
98689,0
98693,1
98697,0
98699,1
98705,0
98706,0
98707,1
98708,0
98710,1
98711,1
98712,0
98713,0
98714,1
98716,0
98719,0
98721,1
98725,0
98727,1
98731,0
98732,1
98736,1
98737,1
98739,0
98740,1
98741,0
98743,0
98744,0
98747,1
98749,1
98752,1
98755,1
98756,0
98757,0
98761,0
98763,1
98764,0
98766,1
98768,1
98770,1
98780,1
98783,0
98784,0
98785,1
98786,1
98787,0
98795,1
98801,0
98804,0
98805,1
98806,1
98808,0
98811,0
98812,0
98814,0
98816,0
98817,1
98820,1
98822,1
98823,0
98827,0
98828,1
98829,1
98831,1
98833,0
98835,1
98839,1
98840,0
98841,1
98842,1
98843,1
98846,0
98850,1
98851,0
98854,0
98859,1
98860,0
98862,1
98865,1
98869,1
98871,0
98873,0
98874,1
98875,1
98876,1
98879,0
98882,1
98884,0
98886,1
98887,0
98888,0
98890,0
98892,1
98902,0
98905,1
98907,0
98908,0
98909,1
98916,1
98919,1
98920,1
98925,1
98928,1
98932,0
98933,1
98936,0
98938,0
98946,1
98950,0
98952,0
98953,1
98956,1
98959,1
98969,1
98970,1
98971,1
98972,1
98973,0
98974,1
98982,1
98983,1
98986,1
98989,0
98991,1
98993,1
98994,0
98995,0
98997,1
98998,1
98999,1
99004,0
99006,0
99008,0
99010,1
99011,1
99012,1
99017,1
99020,0
99024,1
99025,0
99033,1
99034,1
99038,1
99041,1
99042,0
99043,0
99045,1
99046,0
99047,0
99048,1
99049,0
99052,0
99054,1
99055,1
99056,1
99057,1
99062,0
99063,1
99066,1
99071,1
99072,0
99073,0
99075,0
99078,0
99079,0
99082,1
99084,1
99086,1
99090,1
99091,1
99092,1
99093,1
99096,0
99097,0
99099,0
99102,1
99104,0
99105,1
99106,1
99109,1
99111,0
99114,0
99115,0
99117,0
99121,0
99124,0
99125,0
99127,1
99128,0
99129,1
99130,0
99138,1
99144,0
99146,1
99148,1
99151,1
99157,1
99158,1
99161,1
99162,0
99167,0
99172,1
99174,1
99179,1
99183,0
99186,1
99187,0
99192,1
99195,0
99199,0
99201,1
99202,1
99203,1
99206,0
99213,1
99216,1
99217,0
99218,0
99220,1
99221,1
99228,1
99229,0
99230,1
99231,1
99233,0
99234,0
99235,0
99236,0
99239,1
99240,0
99245,1
99246,1
99247,0
99251,0
99252,1
99255,1
99259,0
99260,1
99262,1
99268,1
99269,0
99270,0
99272,0
99275,1
99277,0
99282,1
99285,0
99287,1
99289,0
99293,1
99295,1
99297,0
99298,1
99299,0
99301,1
99303,0
99307,1
99309,1
99310,1
99314,1
99319,0
99320,1
99323,1
99325,1
99327,1
99328,1
99329,1
99332,1
99333,1
99335,0
99337,0
99340,0
99341,1
99345,0
99346,0
99357,0
99359,1
99360,0
99361,0
99365,1
99368,1
99371,1
99373,1
99375,0
99376,0
99378,0
99380,0
99383,1
99384,0
99387,1
99388,0
99391,0
99392,0
99397,0
99399,0
99400,1
99402,0
99403,1
99404,0
99406,0
99413,0
99415,0
99416,1
99423,1
99424,0
99430,1
99431,0
99433,0
99448,0
99451,1
99453,1
99455,0
99456,0
99460,1
99463,0
99464,0
99467,0
99469,1
99470,1
99473,1
99477,0
99481,0
99482,0
99485,0
99486,1
99487,0
99491,0
99494,1
99496,1
99498,1
99501,0
99508,0
99517,0
99519,1
99521,0
99522,0
99523,1
99525,0
99528,1
99529,1
99533,1
99534,0
99535,1
99536,0
99537,0
99541,1
99543,0
99545,1
99546,0
99549,0
99550,0
99552,1
99556,1
99559,1
99564,1
99566,0
99567,1
99571,1
99572,0
99574,0
99576,0
99585,0
99586,0
99588,0
99589,0
99595,0
99597,0
99598,0
99599,1
99602,1
99603,1
99606,0
99608,0
99612,0
99618,1
99619,1
99621,1
99623,0
99626,0
99631,0
99633,0
99634,1
99637,0
99642,1
99647,1
99648,0
99649,0
99653,0
99654,0
99656,1
99658,0
99659,0
99663,0
99664,0
99666,1
99669,0
99670,1
99671,0
99672,1
99673,0
99678,0
99681,1
99687,1
99688,1
99690,1
99692,0
99693,0
99702,0
99703,1
99704,0
99711,0
99712,0
99713,0
99715,0
99722,1
99725,0
99726,0
99731,0
99733,1
99735,0
99739,1
99742,0
99743,1
99745,1
99750,1
99753,1
99754,0
99755,1
99756,0
99757,1
99761,1
99770,0
99771,0
99774,0
99776,0
99777,0
99779,0
99782,0
99783,0
99784,0
99786,0
99787,0
99789,0
99791,0
99792,1
99793,0
99794,1
99799,1
99801,0
99803,0
99805,1
99811,1
99812,0
99815,0
99816,1
99817,0
99818,0
99821,0
99822,0
99825,0
99828,1
99829,1
99830,1
99835,1
99837,1
99839,1
99841,1
99844,1
99845,1
99851,0
99855,0
99856,1
99865,1
99866,1
99869,0
99873,1
99877,0
99879,1
99880,1
99881,0
99887,0
99889,1
99890,0
99891,0
99892,1
99896,0
99898,0
99902,0
99906,1
99909,0
99910,1
99911,0
99913,0
99915,0
99917,0
99920,0
99926,1
99930,1
99931,1
99932,0
99933,0
99935,1
99941,1
99946,0
99947,0
99950,0
99956,1
99963,0
99964,0
99965,0
99967,1
99968,0
99969,0
99971,1
99972,0
99973,0
99976,1
99980,1
99981,0
99984,0
99986,0
99987,1
99990,0
99993,0
99996,0
99997,0
100000,1
100001,1
100002,1
100006,0
100007,1
100010,0
100011,1
100012,0
100018,1
100019,0
100022,0
100023,0
100027,1
100029,1
100035,0
100041,1
100044,0
100048,0
100055,1
100056,0
100057,1
100060,0
100062,1
100063,0
100064,0
100066,1
100068,0
100072,0
100074,0
100075,0
100077,1
100081,1
100082,0
100083,1
100085,1
100087,0
100088,1
100094,0
100097,0
100098,1
100101,0
100102,1
100104,1
100106,0
100110,1
100111,1
100112,0
100113,0
100114,0
100116,1
100117,0
100118,0
100120,0
100125,0
100126,1
100128,0
100132,1
100135,0
100136,1
100138,0
100142,0
100144,0
100145,0
100146,1
100147,1
100150,0
100153,1
100157,1
100158,0
100161,0
100163,0
100170,0
100177,1
100184,1
100185,0
100186,1
100192,1
100193,1
100195,0
100197,0
100198,1
100199,0
100204,1
100205,1
100213,1
100215,1
100216,0
100218,1
100223,1
100229,0
100231,1
100232,0
100234,1
100238,0
100239,0
100240,0
100242,1
100243,0
100246,1
100250,0
100252,0
100253,0
100254,0
100266,1
100273,0
100274,0
100280,1
100281,1
100283,0
100286,1
100288,1
100289,1
100290,1
100291,0
100293,0
100294,0
100299,1
100300,0
100301,0
100302,1
100304,1
100305,1
100308,0
100309,0
100313,1
100316,0
100320,1
100322,1
100323,1
100324,1
100331,1
100335,0
100336,0
100340,0
100341,1
100346,1
100348,0
100350,1
100351,1
100354,1
100356,1
100358,0
100363,1
100366,0
100370,1
100374,1
100375,0
100376,0
100378,0
100380,1
100382,0
100384,1
100388,1
100389,0
100390,0
100391,1
100395,0
100400,1
100403,1
100404,1
100412,1
100417,0
100418,1
100421,0
100422,0
100427,1
100432,0
100437,1
100439,0
100440,0
100441,1
100443,1
100445,1
100446,1
100447,0
100448,0
100450,0
100453,1
100454,0
100455,1
100459,0
100462,1
100464,0
100465,1
100467,0
100468,1
100471,0
100472,0
100473,0
100474,1
100476,0
100477,0
100478,0
100479,0
100480,0
100482,1
100484,0
100487,1
100491,0
100494,1
100499,1
100500,1
100502,0
100504,0
100507,1
100509,1
100511,0
100517,1
100521,0
100524,1
100525,0
100526,0
100527,1
100533,1
100534,0
100536,1
100537,1
100539,1
100541,0
100543,0
100544,1
100547,1
100551,1
100553,0
100554,1
100555,0
100558,1
100562,1
100569,0
100570,1
100571,1
100572,0
100573,1
100575,1
100578,0
100579,0
100581,0
100583,1
100585,0
100586,1
100588,1
100595,0
100596,0
100597,1
100601,1
100602,0
100604,1
100614,1
100616,1
100617,0
100619,0
100622,0
100623,0
100627,0
100629,0
100632,1
100633,0
100634,1
100636,0
100637,0
100639,0
100644,1
100645,0
100647,0
100650,1
100651,0
100652,1
100654,0
100656,0
100659,1
100662,1
100676,1
100680,0
100683,1
100687,0
100693,0
100696,0
100704,0
100705,1
100706,0
100708,0
100712,0
100713,0
100717,1
100720,1
100723,1
100724,1
100727,0
100731,0
100734,1
100737,1
100738,0
100739,1
100741,0
100743,0
100744,0
100746,0
100748,0
100749,1
100755,1
100757,0
100759,0
100761,1
100762,0
100763,1
100767,1
100768,1
100769,0
100774,1
100779,1
100781,1
100784,0
100786,1
100794,1
100795,0
100798,0
100800,0
100803,1
100805,0
100806,0
100811,0
100812,0
100814,0
100817,1
100818,0
100820,0
100823,0
100825,0
100826,0
100843,0
100844,0
100847,0
100848,1
100849,1
100852,0
100855,0
100857,1
100860,0
100862,0
100863,1
100865,1
100866,1
100870,0
100873,1
100874,0
100879,1
100882,1
100887,0
100895,0
100896,1
100899,0
100901,0
100902,1
100905,0
100909,1
100916,0
100918,1
100919,0
100922,1
100925,0
100926,1
100927,0
100929,1
100932,1
100935,0
100936,0
100938,1
100942,1
100945,0
100946,1
100947,1
100948,0
100950,0
100951,1
100952,0
100957,1
100958,1
100959,0
100961,0
100962,1
100963,1
100965,1
100969,1
100973,1
100974,1
100978,0
100979,1
100980,1
100981,1
100982,0
100983,0
100984,0
100985,1
100987,0
100989,1
100990,0
100995,1
100999,0
101001,0
101002,0
101004,1
101005,1
101010,0
101015,0
101017,1
101018,1
101020,0
101024,1
101029,0
101034,0
101035,0
101038,0
101040,1
101042,0
101043,0
101049,1
101050,0
101052,0
101053,0
101055,0
101056,1
101060,0
101064,1
101069,1
101071,0
101075,1
101076,1
101078,0
101080,1
101084,0
101085,1
101088,0
101090,1
101092,0
101093,0
101098,1
101099,1
101101,1
101102,0
101103,0
101106,1
101110,1
101111,1
101112,0
101115,0
101116,0
101117,0
101123,1
101128,1
101133,1
101135,0
101138,1
101145,0
101146,1
101148,0
101150,0
101154,0
101156,1
101157,1
101158,1
101160,1
101162,0
101166,1
101170,1
101177,1
101179,0
101181,1
101186,0
101188,1
101189,1
101191,1
101200,0
101206,1
101208,1
101209,0
101219,0
101221,0
101223,1
101229,1
101231,1
101233,0
101238,0
101239,0
101240,1
101242,0
101244,1
101245,1
101247,1
101255,1
101259,0
101261,0
101262,0
101264,1
101265,1
101266,1
101273,0
101274,1
101275,0
101277,0
101280,0
101281,0
101282,0
101289,0
101290,0
101293,0
101294,0
101298,0
101300,0
101301,1
101302,1
101303,1
101305,1
101308,1
101309,0
101311,1
101312,1
101314,1
101319,1
101321,1
101323,0
101324,0
101327,1
101330,0
101332,1
101333,1
101335,1
101336,0
101339,1
101342,1
101343,0
101344,0
101348,1
101350,0
101357,0
101360,1
101367,1
101368,1
101371,0
101373,1
101374,0
101375,1
101376,1
101378,1
101379,0
101380,1
101381,1
101382,1
101386,0
101390,1
101392,1
101393,1
101395,1
101399,1
101400,1
101404,0
101407,0
101413,0
101414,0
101415,0
101418,1
101421,1
101429,0
101430,0
101431,1
101433,1
101436,0
101437,1
101446,1
101447,1
101448,0
101450,1
101452,1
101453,0
101455,0
101458,0
101459,0
101463,1
101467,1
101468,0
101474,0
101475,0
101479,1
101484,1
101487,0
101488,1
101490,0
101491,1
101499,0
101501,1
101503,1
101505,1
101510,1
101511,0
101516,0
101519,1
101520,1
101524,0
101529,0
101534,0
101536,0
101539,1
101542,1
101547,0
101556,1
101560,0
101563,1
101564,1
101565,1
101568,1
101570,0
101571,1
101573,1
101574,0
101575,0
101576,0
101578,1
101583,1
101588,1
101589,1
101590,1
101591,1
101593,0
101594,1
101596,1
101598,1
101605,0
101608,0
101609,1
101613,1
101616,1
101620,1
101622,0
101623,1
101624,0
101625,1
101628,1
101629,0
101633,0
101634,0
101636,1
101638,1
101639,1
101642,1
101643,1
101645,1
101647,0
101649,0
101650,0
101652,0
101653,0
101654,1
101655,0
101656,0
101657,1
101664,1
101666,1
101669,1
101670,0
101673,1
101675,1
101677,0
101679,1
101680,1
101682,1
101684,0
101685,0
101688,0
101689,1
101693,1
101696,0
101700,0
101701,0
101704,1
101705,0
101712,0
101713,1
101714,1
101716,1
101717,1
101723,0
101727,0
101730,1
101732,1
101733,0
101739,1
101740,0
101745,1
101752,1
101753,0
101754,0
101755,1
101756,1
101757,0
101759,1
101762,1
101763,0
101764,1
101765,1
101773,0
101775,1
101777,0
101779,1
101781,1
101787,0
101790,1
101795,0
101796,0
101797,1
101798,0
101800,0
101801,0
101802,1
101804,1
101809,1
101810,0
101811,0
101812,0
101818,0
101819,0
101820,0
101822,1
101823,1
101825,1
101832,0
101834,0
101837,1
101838,0
101843,1
101844,1
101845,1
101847,0
101851,0
101857,1
101858,1
101861,0
101862,1
101864,0
101865,0
101866,0
101867,1
101869,0
101871,1
101879,0
101887,0
101888,1
101890,1
101894,1
101895,1
101897,1
101899,0
101900,1
101903,0
101906,0
101912,0
101917,0
101924,0
101925,1
101927,1
101928,0
101930,1
101932,1
101933,0
101936,0
101937,0
101938,0
101939,1
101940,0
101943,1
101944,0
101946,0
101951,0
101953,0
101958,0
101959,1
101960,0
101963,0
101964,0
101966,0
101969,1
101970,1
101971,0
101972,0
101973,0
101974,1
101975,1
101977,1
101979,0
101980,0
101984,1
101985,0
101989,0
101990,1
101992,1
101994,0
101995,0
101996,1
101999,0
102005,0
102007,1
102012,1
102014,1
102015,0
102018,0
102019,1
102020,0
102021,1
102022,1
102023,0
102024,0
102027,0
102028,0
102030,0
102036,1
102039,1
102041,1
102042,1
102045,0
102046,0
102048,1
102049,0
102050,0
102054,0
102057,1
102059,1
102066,1
102067,0
102068,0
102070,0
102072,1
102075,1
102082,0
102085,0
102088,1
102089,0
102090,1
102091,0
102094,1
102097,1
102104,1
102105,1
102106,1
102107,1
102108,1
102109,1
102111,0
102112,0
102113,1
102114,0
102115,1
102117,0
102123,0
102124,1
102127,1
102128,1
102130,1
102131,0
102133,1
102134,0
102137,1
102145,1
102147,1
102152,1
102153,0
102157,0
102159,1
102161,0
102162,1
102167,0
102169,1
102177,0
102182,0
102184,0
102185,1
102189,0
102190,0
102194,1
102195,0
102198,0
102204,1
102205,1
102206,1
102209,1
102215,0
102216,1
102217,1
102218,0
102219,0
102220,1
102222,1
102223,0
102224,0
102225,0
102226,0
102227,1
102228,1
102230,0
102235,1
102236,1
102237,1
102240,0
102242,1
102245,0
102247,1
102257,1
102259,1
102264,1
102266,0
102276,0
102277,0
102278,1
102279,1
102282,0
102285,1
102288,0
102292,0
102293,1
102294,1
102295,0
102296,1
102298,1
102304,1
102312,1
102314,1
102317,0
102319,0
102322,1
102325,1
102326,1
102330,0
102331,0
102333,0
102335,0
102336,1
102338,1
102344,1
102348,1
102350,0
102351,0
102352,0
102357,0
102371,1
102372,1
102375,1
102377,1
102382,1
102386,0
102387,1
102392,0
102393,1
102394,1
102396,0
102398,1
102400,0
102403,0
102412,1
102415,1
102416,0
102418,1
102420,0
102423,1
102424,1
102425,0
102428,1
102435,1
102437,0
102439,0
102447,1
102448,1
102450,0
102454,1
102455,0
102458,1
102459,0
102461,1
102467,1
102471,0
102472,1
102474,1
102476,0
102479,1
102484,0
102487,1
102489,0
102495,0
102496,1
102499,1
102503,1
102508,0
102510,0
102515,1
102516,1
102517,0
102518,1
102523,0
102524,0
102529,0
102531,0
102533,0
102535,0
102536,1
102540,1
102543,1
102547,0
102550,0
102551,0
102553,0
102554,0
102555,1
102556,0
102557,0
102560,1
102567,1
102569,0
102571,1
102573,0
102576,0
102578,1
102580,1
102582,1
102583,0
102585,0
102587,0
102590,0
102592,0
102605,1
102608,1
102611,1
102614,1
102615,0
102616,1
102619,1
102624,1
102625,0
102626,0
102629,0
102630,0
102633,1
102634,1
102635,0
102637,1
102639,1
102642,1
102645,0
102652,1
102657,0
102659,0
102666,0
102667,1
102668,1
102672,1
102675,0
102676,0
102678,0
102679,0
102680,0
102681,1
102682,0
102683,1
102686,1
102687,1
102689,1
102690,0
102694,0
102696,1
102697,1
102698,1
102701,0
102702,1
102704,0
102706,1
102709,0
102712,0
102717,1
102719,1
102720,0
102724,0
102726,0
102729,0
102730,0
102732,1
102733,0
102736,1
102739,0
102740,1
102743,0
102744,1
102747,1
102748,1
102751,1
102752,1
102754,1
102755,1
102757,0
102761,1
102764,0
102765,0
102767,0
102770,0
102774,1
102775,1
102776,1
102779,1
102781,1
102783,1
102784,1
102785,0
102787,1
102788,0
102792,0
102793,0
102794,1
102797,0
102799,1
102801,1
102804,1
102808,1
102811,1
102821,0
102822,1
102823,0
102827,1
102831,0
102833,1
102834,1
102835,1
102836,0
102838,0
102840,1
102841,0
102844,0
102845,0
102850,0
102851,1
102852,1
102853,1
102855,1
102856,1
102859,0
102863,1
102864,0
102868,1
102873,1
102874,0
102875,1
102879,1
102880,0
102881,0
102883,0
102885,0
102887,1
102888,0
102894,1
102895,1
102896,0
102898,0
102900,1
102901,1
102902,0
102909,1
102913,0
102916,0
102921,1
102924,0
102926,0
102929,0
102930,1
102933,1
102939,1
102940,1
102942,0
102944,1
102946,0
102954,1
102956,0
102960,1
102961,0
102962,1
102964,0
102965,0
102966,0
102970,1
102971,0
102974,1
102985,0
102987,1
102991,1
102998,0
103001,0
103002,0
103006,0
103007,1
103009,1
103012,0
103014,1
103018,1
103019,1
103020,1
103021,1
103024,1
103027,0
103028,0
103030,1
103032,0
103033,1
103034,1
103036,0
103040,1
103041,0
103042,0
103045,1
103046,0
103053,0
103054,0
103056,0
103058,0
103060,1
103061,0
103063,0
103067,0
103068,0
103070,1
103073,0
103074,0
103075,1
103076,0
103078,0
103081,0
103083,1
103085,0
103098,1
103099,0
103102,1
103104,0
103105,0
103110,1
103114,1
103116,0
103118,0
103120,1
103122,0
103124,1
103127,1
103129,1
103132,1
103133,0
103134,1
103135,0
103136,0
103139,0
103144,0
103145,0
103146,1
103147,0
103149,1
103150,0
103151,1
103153,0
103155,1
103156,0
103158,0
103159,0
103160,1
103161,1
103166,0
103169,0
103172,0
103173,0
103176,1
103178,1
103179,0
103181,0
103190,0
103191,0
103192,1
103194,0
103197,1
103201,1
103204,1
103206,0
103211,1
103214,0
103216,0
103223,1
103224,1
103225,0
103227,1
103228,1
103229,0
103232,0
103237,0
103240,1
103242,1
103243,0
103247,1
103249,0
103252,1
103253,0
103254,0
103256,1
103259,1
103260,1
103261,0
103262,1
103263,0
103265,0
103270,1
103272,1
103276,1
103278,1
103280,1
103281,1
103282,1
103283,0
103284,1
103289,0
103297,1
103299,1
103301,1
103302,0
103304,0
103308,1
103310,1
103311,0
103312,1
103320,0
103321,0
103323,0
103326,1
103336,0
103337,1
103338,0
103340,1
103341,1
103345,1
103346,0
103347,0
103350,1
103353,1
103354,1
103355,1
103358,0
103365,1
103370,1
103371,0
103374,0
103377,1
103385,0
103387,0
103391,0
103392,0
103393,0
103394,0
103396,1
103402,1
103405,0
103408,1
103409,0
103411,0
103413,1
103415,0
103416,1
103417,1
103418,1
103421,1
103422,0
103425,0
103432,0
103433,1
103434,1
103438,0
103440,0
103444,1
103451,0
103452,0
103453,0
103455,1
103462,0
103463,0
103468,1
103470,0
103472,1
103473,1
103476,0
103478,0
103479,0
103482,1
103485,0
103486,0
103490,1
103491,0
103495,1
103496,0
103498,0
103500,0
103501,1
103502,1
103504,1
103506,0
103508,0
103509,0
103514,0
103515,1
103516,1
103526,0
103527,1
103530,1
103534,0
103538,1
103539,1
103540,0
103544,1
103545,1
103547,0
103549,1
103552,0
103556,1
103557,0
103559,1
103563,0
103565,0
103572,0
103578,1
103579,1
103582,0
103583,1
103586,1
103587,0
103590,0
103591,0
103592,0
103597,1
103598,0
103599,0
103600,0
103601,0
103602,1
103604,1
103610,1
103611,0
103613,1
103615,1
103619,1
103620,1
103623,0
103625,0
103626,1
103627,0
103630,0
103631,0
103632,0
103634,1
103639,1
103642,1
103643,0
103645,0
103649,1
103650,1
103655,0
103660,0
103662,0
103663,0
103667,0
103670,0
103674,0
103676,0
103679,1
103680,0
103681,1
103686,1
103691,1
103692,1
103695,1
103697,1
103699,0
103700,1
103703,1
103705,1
103707,1
103708,1
103712,1
103713,0
103720,1
103723,0
103724,1
103727,1
103728,1
103731,1
103732,0
103734,1
103736,0
103740,0
103741,0
103745,0
103747,0
103750,0
103751,1
103752,0
103753,1
103754,0
103757,1
103759,0
103764,1
103766,1
103767,1
103768,1
103769,0
103772,1
103773,0
103774,1
103778,0
103781,0
103782,0
103783,1
103787,1
103793,1
103794,1
103798,1
103799,1
103801,0
103804,0
103807,0
103808,0
103811,0
103812,1
103814,0
103815,0
103816,1
103819,1
103820,0
103821,0
103822,0
103825,0
103826,0
103828,0
103829,0
103832,0
103833,1
103834,0
103839,0
103840,1
103841,1
103844,1
103846,1
103847,1
103849,0
103851,1
103853,0
103854,0
103862,1
103865,0
103866,1
103869,1
103871,0
103873,0
103878,1
103886,0
103887,0
103889,1
103892,0
103895,1
103896,0
103897,0
103899,1
103900,1
103901,1
103903,1
103911,0
103916,0
103917,1
103918,0
103919,0
103922,1
103924,1
103925,0
103926,0
103933,0
103935,1
103936,1
103937,1
103938,0
103942,0
103944,0
103945,0
103946,1
103947,1
103949,0
103950,1
103952,0
103954,1
103955,0
103960,0
103963,0
103965,0
103968,1
103970,1
103979,1
103980,0
103986,1
103990,1
103991,1
103993,0
103994,1
103996,1
103997,1
103999,0
104005,0
104007,1
104009,0
104010,1
104011,1
104013,0
104014,0
104015,0
104016,1
104017,0
104019,1
104021,0
104022,1
104025,1
104027,0
104031,0
104036,1
104037,1
104050,0
104055,1
104056,0
104059,1
104060,1
104062,1
104066,1
104069,0
104070,1
104071,1
104074,0
104075,0
104080,1
104082,1
104087,1
104095,0
104097,0
104098,0
104099,1
104103,1
104107,1
104108,0
104110,0
104113,0
104115,1
104116,0
104120,0
104121,0
104123,1
104124,1
104126,1
104136,0
104138,0
104139,1
104140,0
104143,1
104148,1
104153,0
104154,1
104159,1
104160,1
104163,1
104168,1
104169,1
104171,1
104174,0
104185,1
104192,0
104195,1
104198,0
104199,0
104206,0
104207,0
104209,1
104210,0
104211,1
104214,1
104215,0
104217,1
104218,1
104220,0
104223,1
104225,1
104232,0
104236,0
104237,0
104238,1
104239,0
104242,1
104244,1
104246,1
104252,1
104256,1
104260,1
104266,0
104271,0
104272,0
104273,0
104275,0
104276,1
104277,1
104284,0
104285,0
104286,0
104288,1
104291,0
104293,0
104297,0
104299,1
104301,0
104305,1
104306,1
104309,0
104311,0
104321,0
104322,0
104324,1
104325,0
104328,1
104329,1
104337,1
104338,0
104340,1
104342,0
104345,1
104351,1
104353,0
104355,1
104366,1
104368,0
104369,0
104370,1
104375,1
104376,0
104378,0
104383,0
104384,0
104387,0
104388,0
104391,0
104394,1
104398,1
104399,1
104405,1
104408,1
104411,1
104417,1
104419,1
104421,1
104423,0
104424,1
104426,0
104429,0
104430,1
104431,1
104433,1
104437,1
104445,1
104446,1
104448,0
104452,0
104454,1
104460,0
104461,1
104462,1
104466,1
104468,1
104470,1
104471,1
104473,1
104474,0
104476,1
104477,1
104478,1
104479,0
104480,1
104481,1
104482,1
104483,1
104485,1
104489,0
104490,1
104491,0
104493,1
104494,0
104496,0
104498,1
104503,0
104507,0
104510,1
104511,1
104512,1
104517,1
104520,0
104524,1
104526,1
104534,1
104536,1
104541,1
104544,1
104545,1
104547,0
104552,0
104557,0
104558,0
104560,1
104562,1
104567,1
104568,0
104571,0
104572,0
104573,0
104574,0
104575,1
104576,1
104577,0
104578,0
104579,0
104585,0
104586,0
104587,0
104592,0
104593,0
104594,1
104596,1
104602,0
104604,0
104606,0
104607,0
104608,1
104609,0
104610,1
104611,1
104614,1
104615,1
104619,0
104623,0
104629,0
104630,0
104633,1
104635,0
104636,0
104637,1
104640,1
104643,1
104644,1
104648,1
104649,1
104650,0
104655,1
104656,0
104657,1
104658,1
104659,0
104660,0
104662,0
104665,1
104666,0
104668,0
104669,0
104673,0
104675,0
104677,0
104678,0
104683,0
104684,0
104691,0
104692,0
104695,1
104698,1
104699,1
104703,1
104706,0
104707,1
104710,0
104713,1
104714,0
104721,0
104722,1
104725,0
104726,1
104727,0
104728,1
104733,0
104737,1
104741,0
104743,0
104744,1
104749,1
104751,0
104753,0
104756,1
104759,0
104762,0
104763,0
104766,0
104774,1
104779,1
104783,0
104786,1
104790,1
104792,0
104793,1
104794,1
104797,0
104798,0
104803,0
104810,1
104811,0
104812,1
104813,1
104815,1
104816,0
104817,1
104818,1
104819,0
104823,1
104828,0
104829,0
104831,0
104832,1
104834,1
104837,1
104838,1
104839,0
104841,1
104842,0
104845,1
104846,0
104849,0
104851,1
104856,0
104860,1
104861,1
104866,1
104867,0
104869,1
104870,0
104872,0
104873,1
104875,1
104876,1
104878,0
104879,0
104880,0
104881,1
104883,1
104884,0
104886,0
104890,1
104892,0
104896,1
104905,0
104909,0
104911,1
104913,0
104914,0
104916,0
104917,1
104920,0
104921,1
104923,0
104925,1
104928,1
104930,1
104931,0
104933,0
104935,0
104937,0
104938,1
104939,0
104941,0
104942,1
104943,0
104948,1
104949,0
104951,1
104955,1
104956,1
104961,1
104962,0
104963,1
104964,0
104965,0
104966,0
104970,1
104975,0
104977,0
104984,0
104988,1
104989,0
104990,0
104992,1
104993,1
104998,0
105001,0
105002,0
105009,0
105010,0
105012,0
105013,0
105014,1
105020,1
105021,1
105022,0
105023,1
105029,0
105031,0
105032,1
105040,1
105045,0
105047,1
105048,1
105049,1
105050,1
105053,0
105057,0
105063,0
105065,1
105074,1
105075,1
105077,1
105079,0
105081,1
105082,0
105083,1
105087,1
105089,1
105090,0
105092,1
105096,0
105097,0
105098,1
105101,0
105102,1
105106,1
105110,1
105111,0
105115,1
105117,1
105118,1
105120,0
105121,1
105124,0
105126,1
105127,1
105129,0
105138,0
105140,1
105145,0
105147,0
105151,1
105152,0
105153,1
105155,0
105156,0
105158,0
105161,0
105163,0
105164,0
105165,1
105167,1
105169,1
105171,1
105172,0
105176,1
105179,1
105181,1
105182,0
105184,0
105187,1
105188,1
105190,0
105191,1
105192,1
105193,0
105194,1
105195,0
105196,0
105197,1
105198,1
105204,1
105205,1
105207,1
105208,1
105211,0
105214,1
105216,1
105217,1
105219,1
105223,1
105224,0
105225,0
105226,0
105227,0
105228,0
105229,0
105234,0
105237,0
105239,0
105240,1
105247,1
105251,1
105252,0
105254,0
105257,0
105260,1
105265,1
105266,0
105267,1
105268,0
105270,1
105273,0
105275,1
105276,1
105280,1
105285,0
105287,0
105288,0
105290,1
105291,0
105292,0
105294,1
105295,0
105299,1
105303,0
105309,0
105311,1
105315,1
105316,1
105317,0
105319,0
105325,1
105327,1
105328,1
105331,0
105332,0
105334,1
105335,0
105337,0
105345,1
105349,0
105352,1
105353,1
105354,0
105364,1
105368,1
105371,0
105374,1
105377,0
105378,1
105381,1
105387,1
105389,1
105391,0
105392,1
105396,0
105397,0
105398,0
105399,1
105400,0
105401,1
105404,0
105407,0
105408,0
105409,0
105410,0
105412,1
105415,1
105419,1
105424,0
105425,0
105430,1
105431,0
105433,0
105437,0
105439,0
105440,0
105442,0
105443,1
105446,0
105447,0
105452,1
105454,0
105458,1
105462,1
105464,1
105468,0
105470,1
105474,1
105477,1
105478,0
105482,1
105483,0
105484,1
105487,0
105488,1
105494,0
105495,0
105496,0
105497,1
105499,0
105500,0
105501,0
105502,0
105503,1
105505,1
105506,1
105509,1
105511,1
105512,0
105514,0
105515,1
105516,1
105517,0
105519,0
105521,0
105524,1
105526,0
105527,0
105528,0
105529,1
105531,1
105536,0
105540,1
105541,1
105544,1
105545,1
105549,1
105551,0
105553,0
105554,1
105556,1
105563,0
105564,0
105565,1
105567,1
105569,1
105574,1
105575,0
105577,0
105581,1
105583,0
105584,0
105586,0
105587,1
105588,0
105589,1
105595,0
105599,1
105603,1
105604,0
105607,0
105609,0
105610,0
105617,0
105618,0
105622,0
105624,1
105626,0
105627,0
105630,1
105634,0
105636,1
105638,1
105640,1
105641,0
105644,0
105647,1
105649,1
105656,1
105659,1
105663,0
105664,0
105665,0
105671,0
105672,0
105673,1
105675,1
105677,0
105691,1
105693,0
105695,1
105702,0
105703,1
105704,1
105705,1
105706,0
105708,0
105710,0
105712,0
105713,1
105720,1
105721,0
105722,0
105724,0
105726,1
105728,1
105729,1
105730,0
105733,0
105734,1
105736,0
105737,1
105738,1
105741,0
105744,1
105752,0
105754,0
105760,0
105761,0
105762,0
105763,0
105769,0
105774,1
105775,0
105776,1
105782,0
105784,0
105788,1
105790,0
105791,0
105793,0
105794,0
105797,1
105805,1
105806,1
105807,0
105809,0
105810,1
105813,0
105818,0
105819,1
105822,0
105825,1
105829,0
105833,0
105835,0
105837,0
105839,0
105842,1
105843,1
105845,0
105847,1
105848,0
105849,1
105850,1
105854,1
105857,1
105859,1
105862,1
105863,0
105864,0
105867,0
105869,0
105871,1
105872,1
105875,0
105876,0
105877,0
105878,1
105879,1
105882,1
105883,1
105884,0
105886,0
105887,0
105891,1
105893,1
105894,0
105895,0
105897,0
105900,1
105903,0
105905,1
105908,0
105909,0
105910,1
105913,0
105914,1
105915,1
105918,0
105919,1
105921,1
105924,0
105925,1
105927,1
105930,1
105931,1
105935,0
105937,1
105940,1
105943,1
105946,0
105948,1
105949,1
105954,0
105955,1
105957,1
105958,1
105959,0
105964,0
105965,0
105970,1
105971,1
105975,1
105978,1
105979,1
105980,1
105982,1
105983,1
105987,1
105990,0
105993,0
105995,1
105997,1
106001,1
106003,1
106004,1
106007,1
106009,0
106024,1
106028,1
106029,1
106030,0
106031,1
106034,0
106035,1
106039,0
106040,0
106044,0
106051,1
106054,1
106055,0
106056,0
106058,0
106059,0
106061,0
106071,0
106073,0
106075,0
106076,0
106080,0
106083,1
106084,1
106086,1
106090,0
106099,0
106104,1
106108,0
106111,1
106113,0
106115,0
106116,0
106117,1
106123,1
106126,0
106127,1
106128,0
106132,0
106137,1
106146,0
106147,0
106151,1
106152,0
106157,0
106168,0
106172,0
106173,1
106174,0
106176,1
106178,1
106182,0
106191,0
106194,1
106196,1
106198,0
106199,0
106204,0
106208,1
106211,1
106225,0
106227,1
106228,0
106232,0
106235,1
106238,1
106239,1
106240,0
106241,0
106244,1
106247,0
106251,1
106255,0
106256,1
106260,1
106261,1
106263,1
106267,0
106270,1
106271,1
106273,1
106277,1
106280,1
106283,1
106285,1
106288,1
106289,0
106293,0
106295,0
106297,1
106299,1
106302,0
106303,1
106304,1
106305,0
106306,0
106307,1
106309,1
106317,1
106324,1
106325,0
106326,0
106329,0
106331,0
106332,1
106333,0
106338,1
106339,1
106341,0
106348,0
106354,0
106355,1
106356,0
106357,1
106360,0
106365,1
106367,1
106368,0
106371,0
106376,0
106382,0
106383,1
106385,1
106389,0
106392,0
106398,0
106401,0
106403,1
106404,0
106405,0
106409,1
106411,1
106412,0
106416,0
106417,1
106418,1
106420,0
106429,1
106438,1
106443,1
106447,0
106448,1
106449,1
106450,0
106452,1
106454,1
106455,1
106459,1
106460,0
106461,1
106462,1
106466,1
106468,0
106469,0
106470,0
106471,1
106472,0
106473,1
106474,0
106475,0
106480,0
106483,0
106495,1
106496,0
106500,0
106503,1
106506,1
106507,0
106508,0
106509,0
106513,1
106514,0
106519,0
106526,0
106529,0
106530,0
106531,0
106532,0
106536,1
106537,0
106538,0
106539,1
106542,1
106543,1
106544,1
106554,1
106556,0
106557,0
106558,0
106562,0
106564,0
106566,1
106569,0
106570,1
106571,1
106574,0
106575,1
106577,1
106579,1
106582,0
106590,0
106593,0
106596,0
106602,1
106603,1
106605,0
106608,0
106609,0
106610,1
106611,1
106614,1
106616,0
106617,1
106618,1
106619,0
106621,1
106622,0
106624,1
106638,1
106642,1
106643,0
106652,0
106653,0
106654,1
106655,0
106656,1
106658,0
106659,1
106661,1
106664,1
106665,0
106670,1
106679,0
106680,1
106682,0
106683,1
106684,1
106688,1
106689,1
106691,0
106692,0
106693,1
106695,1
106699,0
106700,0
106704,0
106708,1
106710,1
106713,0
106714,0
106716,0
106720,1
106721,0
106722,0
106735,1
106736,1
106740,0
106742,1
106743,1
106745,1
106747,1
106748,1
106750,1
106751,0
106752,1
106754,0
106755,1
106757,0
106759,0
106762,1
106763,1
106767,1
106770,0
106772,1
106774,1
106777,1
106778,1
106779,0
106780,1
106786,0
106787,0
106790,0
106794,1
106795,1
106796,1
106800,1
106801,0
106806,0
106808,0
106810,1
106812,1
106815,0
106816,0
106818,1
106819,1
106820,0
106822,1
106827,1
106828,1
106829,0
106830,0
106835,0
106836,1
106839,0
106841,1
106843,0
106844,0
106846,0
106847,1
106849,0
106850,1
106852,0
106854,1
106856,0
106859,0
106864,0
106867,0
106868,1
106873,0
106874,0
106876,0
106877,0
106879,1
106884,0
106885,1
106887,1
106888,1
106891,1
106893,1
106899,0
106906,0
106907,1
106908,0
106910,0
106911,0
106912,1
106913,1
106915,0
106920,1
106921,0
106924,0
106925,1
106926,0
106930,0
106932,0
106933,0
106938,1
106939,1
106940,0
106941,0
106942,1
106943,1
106951,1
106952,1
106955,0
106957,1
106958,0
106960,0
106963,1
106965,1
106969,0
106974,0
106978,0
106980,1
106981,0
106983,0
106984,1
106987,0
106989,0
106990,0
106991,1
106992,0
106993,1
106994,0
106995,1
106996,1
106997,1
107002,0
107003,1
107008,0
107009,0
107015,1
107019,1
107023,1
107025,0
107026,0
107032,0
107037,1
107040,1
107043,1
107044,1
107045,0
107047,0
107048,1
107053,0
107058,1
107067,1
107070,1
107074,1
107077,0
107079,1
107080,1
107081,1
107083,0
107085,1
107089,1
107090,1
107092,0
107096,1
107097,0
107098,0
107099,0
107101,1
107103,1
107105,1
107107,1
107108,0
107109,0
107110,1
107115,0
107116,1
107117,1
107118,0
107121,1
107129,0
107132,1
107134,0
107135,1
107138,0
107139,0
107140,1
107141,0
107146,1
107152,0
107154,0
107155,1
107158,0
107160,1
107164,1
107165,0
107166,0
107169,0
107171,1
107174,1
107175,1
107177,0
107179,0
107184,0
107186,0
107187,0
107189,1
107190,0
107192,0
107193,0
107194,1
107195,0
107203,1
107205,1
107206,0
107207,1
107216,0
107223,1
107224,1
107230,0
107231,0
107232,0
107234,1
107240,1
107244,0
107248,1
107251,1
107252,1
107254,1
107255,0
107264,1
107265,1
107267,0
107271,0
107272,1
107273,0
107276,0
107280,1
107283,1
107284,0
107287,1
107289,1
107292,0
107293,0
107294,0
107295,1
107299,0
107302,1
107303,1
107306,0
107314,0
107315,1
107317,0
107319,0
107321,1
107324,0
107325,0
107327,1
107333,0
107334,0
107335,0
107343,0
107345,0
107346,0
107347,0
107351,1
107352,0
107353,1
107355,0
107361,0
107367,0
107368,1
107369,0
107370,0
107372,1
107373,0
107374,0
107376,0
107379,1
107386,0
107388,0
107391,1
107392,0
107393,1
107396,0
107397,1
107400,0
107405,1
107406,0
107409,0
107413,0
107416,0
107417,1
107422,1
107423,1
107432,0
107433,1
107436,0
107438,1
107441,0
107445,1
107446,0
107449,0
107453,1
107454,0
107456,0
107460,0
107461,0
107462,0
107465,0
107468,0
107469,1
107470,0
107472,0
107473,1
107478,0
107479,0
107480,1
107481,1
107483,1
107487,1
107488,0
107490,1
107492,1
107495,0
107499,1
107503,0
107504,0
107507,0
107508,1
107510,1
107511,0
107512,1
107518,1
107519,0
107520,1
107531,0
107536,1
107537,1
107540,1
107542,1
107543,1
107544,1
107547,0
107551,1
107554,0
107557,1
107558,1
107565,1
107567,0
107573,0
107577,0
107579,0
107581,1
107583,1
107584,0
107586,1
107588,0
107593,1
107597,1
107605,1
107607,1
107608,0
107609,0
107610,0
107613,1
107615,0
107619,1
107623,1
107625,1
107630,0
107632,1
107637,0
107640,0
107642,0
107643,0
107644,0
107645,1
107646,1
107649,0
107650,1
107651,0
107655,0
107659,1
107663,0
107665,0
107666,0
107669,1
107671,1
107678,1
107683,1
107686,1
107687,0
107688,0
107690,1
107697,0
107700,0
107702,1
107703,1
107707,1
107708,1
107713,0
107714,0
107716,0
107721,0
107723,0
107726,1
107731,0
107732,0
107733,0
107734,0
107737,0
107738,0
107741,0
107745,1
107746,1
107749,1
107752,0
107763,0
107764,0
107767,1
107768,0
107769,0
107773,0
107774,1
107775,0
107777,1
107778,1
107781,1
107782,1
107788,0
107796,1
107798,1
107799,1
107803,1
107806,0
107809,1
107813,1
107815,1
107819,0
107822,0
107823,1
107826,0
107828,1
107830,1
107831,0
107832,1
107834,1
107835,0
107837,1
107839,0
107840,0
107843,1
107844,0
107851,0
107859,0
107860,0
107861,1
107868,0
107875,0
107878,1
107879,1
107880,0
107881,0
107883,1
107884,0
107885,0
107886,1
107888,0
107889,0
107890,0
107891,0
107894,0
107896,1
107898,1
107900,0
107901,1
107904,0
107906,1
107909,0
107918,0
107920,0
107921,0
107922,0
107925,1
107930,1
107931,1
107934,0
107936,0
107945,1
107946,0
107947,1
107949,1
107951,0
107952,1
107954,1
107956,0
107958,1
107959,0
107961,1
107962,1
107971,1
107975,0
107980,0
107985,0
107986,1
107988,0
107991,1
107992,0
107993,1
107996,0
107997,0
107999,1
108000,0
108002,1
108003,0
108004,0
108006,0
108007,1
108010,1
108011,0
108013,1
108014,0
108015,0
108019,1
108021,0
108022,1
108029,1
108030,1
108032,1
108036,0
108040,0
108041,0
108047,1
108049,1
108053,0
108054,0
108056,0
108058,1
108059,1
108063,1
108064,1
108066,1
108077,0
108080,1
108081,1
108084,1
108087,1
108089,1
108090,1
108091,0
108092,0
108093,1
108095,1
108096,0
108097,1
108100,0
108106,1
108107,0
108109,0
108113,1
108116,1
108119,0
108121,0
108127,1
108136,1
108138,0
108143,1
108146,0
108149,0
108150,0
108153,1
108159,0
108162,0
108163,1
108164,1
108165,0
108169,0
108170,0
108171,0
108172,0
108175,0
108176,0
108180,1
108181,1
108184,1
108186,1
108194,0
108200,0
108201,0
108203,1
108204,1
108210,0
108211,1
108213,0
108215,1
108219,0
108223,0
108228,0
108231,1
108238,1
108241,1
108242,1
108245,1
108246,0
108247,0
108248,0
108250,0
108251,1
108254,1
108255,0
108256,0
108257,1
108258,0
108260,0
108261,0
108262,1
108263,0
108265,0
108267,1
108268,0
108271,0
108272,0
108275,0
108277,0
108278,1
108286,1
108291,1
108293,0
108299,0
108300,1
108301,1
108307,0
108308,1
108314,0
108329,1
108332,1
108334,1
108335,0
108336,1
108339,1
108340,0
108342,0
108345,1
108347,0
108352,0
108354,0
108357,1
108360,1
108363,0
108365,0
108367,0
108372,1
108375,0
108376,1
108378,0
108379,1
108382,1
108386,0
108389,1
108394,1
108396,0
108398,0
108401,0
108403,0
108405,0
108407,0
108408,0
108409,1
108410,1
108411,1
108412,0
108414,0
108415,1
108417,0
108424,0
108425,0
108436,0
108440,0
108448,1
108449,1
108451,0
108455,1
108466,0
108470,0
108471,1
108474,1
108478,1
108481,1
108482,1
108485,1
108488,1
108489,0
108494,1
108496,1
108497,1
108502,0
108504,1
108506,1
108507,0
108514,0
108523,0
108525,0
108528,1
108529,0
108534,0
108537,1
108540,1
108542,0
108543,0
108544,1
108547,1
108551,1
108552,1
108558,1
108559,1
108562,1
108563,0
108565,1
108566,0
108568,0
108570,1
108571,0
108577,0
108578,1
108580,1
108585,0
108591,1
108592,1
108593,0
108595,1
108596,0
108597,1
108602,0
108610,0
108611,0
108619,0
108621,0
108623,1
108628,1
108630,0
108638,0
108639,1
108641,1
108642,1
108644,0
108645,1
108646,0
108647,0
108648,1
108652,0
108656,1
108657,0
108660,0
108661,1
108663,0
108665,0
108666,1
108668,0
108671,0
108672,1
108674,0
108676,0
108679,0
108680,0
108685,1
108686,0
108687,1
108688,1
108690,1
108691,1
108692,1
108693,1
108694,1
108695,0
108701,0
108702,1
108703,0
108706,0
108707,0
108712,0
108713,0
108716,0
108720,0
108721,0
108722,0
108724,0
108726,1
108727,0
108728,0
108730,0
108731,1
108739,1
108740,0
108741,0
108744,1
108746,0
108747,1
108751,0
108752,0
108756,1
108758,1
108759,0
108762,1
108763,0
108765,1
108768,0
108769,1
108772,1
108774,1
108776,1
108777,0
108779,1
108780,0
108782,1
108783,1
108785,1
108786,0
108787,0
108789,0
108792,0
108796,0
108797,1
108798,0
108799,1
108801,0
108805,1
108808,1
108809,0
108815,0
108817,0
108818,1
108819,1
108820,1
108821,0
108823,0
108826,0
108829,1
108830,1
108832,0
108834,1
108835,0
108847,0
108849,0
108854,0
108855,0
108868,1
108869,0
108876,1
108877,0
108886,0
108889,1
108893,0
108896,0
108901,1
108903,1
108907,1
108911,1
108916,0
108917,0
108919,0
108921,0
108923,0
108924,0
108927,1
108931,1
108932,1
108935,1
108936,0
108937,0
108944,0
108945,0
108946,1
108949,1
108950,1
108951,0
108955,0
108956,0
108957,0
108969,0
108971,1
108973,0
108976,1
108977,0
108980,0
108981,1
108983,1
108984,1
108987,1
108990,1
108991,0
108992,0
108997,1
109000,1
109002,0
109008,1
109011,0
109012,0
109015,0
109018,1
109021,0
109022,0
109023,1
109028,0
109031,1
109035,0
109036,1
109038,0
109040,0
109041,1
109042,1
109043,1
109045,0
109047,1
109050,0
109051,1
109053,0
109059,1
109060,0
109061,0
109064,0
109068,0
109070,1
109071,0
109074,1
109076,1
109078,0
109082,0
109083,0
109085,0
109088,0
109090,1
109094,1
109095,0
109096,0
109098,0
109099,1
109100,0
109101,1
109102,0
109108,0
109109,0
109112,1
109113,0
109116,0
109117,0
109118,1
109122,0
109127,0
109132,1
109134,1
109137,0
109138,1
109142,1
109146,0
109148,0
109149,0
109151,0
109155,0
109156,0
109157,1
109161,0
109163,1
109164,0
109165,0
109166,1
109167,0
109168,1
109170,0
109175,0
109178,0
109180,0
109182,1
109183,1
109185,0
109186,1
109188,1
109191,0
109197,0
109198,0
109201,1
109203,0
109205,0
109206,0
109207,0
109209,1
109215,0
109217,0
109218,1
109221,0
109222,1
109224,0
109226,0
109228,0
109230,0
109232,1
109233,1
109234,1
109236,0
109237,1
109240,0
109241,1
109244,0
109249,0
109251,0
109253,1
109256,0
109257,0
109258,1
109260,0
109261,1
109262,0
109264,0
109265,0
109266,0
109275,0
109276,1
109280,0
109281,0
109285,1
109286,1
109294,0
109297,1
109303,0
109304,0
109305,0
109311,1
109314,0
109315,1
109316,0
109319,0
109321,1
109323,0
109324,0
109327,0
109328,0
109331,1
109333,1
109334,1
109335,0
109337,0
109346,0
109348,0
109349,1
109352,0
109354,1
109355,1
109356,1
109358,0
109360,0
109363,1
109368,1
109369,0
109371,1
109373,1
109374,0
109375,1
109376,1
109377,1
109379,1
109382,1
109385,0
109386,0
109394,1
109395,1
109397,0
109398,0
109400,0
109403,0
109407,1
109408,0
109409,1
109413,0
109419,0
109421,1
109425,0
109430,1
109437,0
109439,0
109440,0
109442,0
109447,0
109454,0
109457,1
109461,0
109463,0
109464,0
109465,1
109466,0
109467,0
109468,1
109470,0
109471,0
109472,0
109474,1
109475,0
109477,1
109479,0
109480,1
109481,0
109484,1
109488,1
109489,1
109495,0
109496,1
109497,0
109500,1
109501,0
109507,0
109509,0
109510,0
109511,0
109512,1
109514,1
109515,1
109516,1
109519,1
109520,1
109521,0
109522,1
109523,1
109526,0
109538,0
109539,0
109540,0
109541,0
109544,1
109547,0
109551,0
109552,1
109554,1
109555,1
109556,1
109557,1
109558,0
109559,0
109560,1
109566,0
109569,0
109575,1
109577,0
109578,0
109579,1
109581,0
109585,0
109589,1
109591,0
109594,0
109595,1
109596,0
109597,0
109603,1
109609,0
109610,0
109611,0
109613,0
109615,0
109616,1
109618,0
109620,0
109621,0
109623,1
109632,0
109633,0
109638,0
109640,1
109641,1
109642,1
109645,0
109646,0
109648,1
109650,0
109651,1
109652,0
109654,0
109657,1
109661,0
109663,0
109668,0
109673,1
109674,0
109675,0
109676,0
109678,1
109680,0
109683,1
109684,0
109685,1
109686,0
109688,0
109689,1
109690,1
109696,0
109697,0
109698,1
109703,0
109708,0
109709,1
109710,0
109715,0
109716,0
109717,0
109723,1
109724,0
109726,0
109729,0
109730,0
109735,0
109736,0
109737,0
109740,0
109741,0
109742,0
109747,0
109748,0
109753,0
109754,1
109761,0
109762,1
109766,0
109769,1
109770,0
109772,0
109773,1
109776,0
109779,1
109783,1
109787,1
109792,1
109806,0
109807,0
109809,1
109811,0
109814,1
109817,0
109818,0
109820,1
109823,0
109828,0
109831,0
109839,0
109840,1
109844,1
109847,0
109854,1
109857,0
109858,0
109865,1
109868,0
109873,1
109876,0
109877,0
109878,0
109879,0
109883,1
109884,0
109886,0
109887,0
109889,0
109894,1
109895,0
109897,1
109900,0
109905,0
109909,0
109914,1
109915,1
109916,0
109917,1
109919,1
109920,1
109921,0
109922,0
109925,0
109928,1
109930,1
109932,0
109940,0
109945,1
109946,1
109949,0
109953,0
109954,1
109958,0
109959,0
109961,0
109962,0
109967,1
109969,1
109970,1
109971,1
109974,0
109975,0
109976,0
109982,0
109983,0
109985,1
109995,0
109996,0
109998,1
109999,1
110003,1
110008,1
110009,0
110011,0
110012,1
110013,0
110016,0
110018,1
110019,1
110020,1
110022,1
110023,0
110024,0
110025,0
110026,1
110027,0
110028,0
110029,0
110031,0
110032,1
110035,1
110036,1
110038,1
110040,1
110042,0
110043,0
110047,1
110048,1
110051,0
110056,1
110057,0
110061,0
110065,1
110066,1
110068,1
110071,0
110075,1
110077,1
110080,0
110082,1
110083,0
110085,1
110087,0
110089,1
110091,0
110094,0
110095,1
110096,0
110102,1
110106,1
110109,0
110111,0
110113,0
110114,0
110115,0
110116,1
110117,1
110118,1
110121,0
110122,1
110124,0
110133,0
110140,0
110150,0
110151,1
110154,0
110157,0
110159,1
110161,0
110163,0
110166,0
110170,1
110172,1
110173,1
110175,1
110176,0
110177,1
110179,0
110181,1
110186,1
110187,1
110192,0
110193,0
110195,0
110200,0
110202,0
110204,0
110205,0
110206,0
110208,0
110210,1
110219,0
110220,1
110222,1
110223,0
110225,1
110228,0
110230,0
110231,0
110238,0
110242,0
110244,0
110247,0
110248,0
110252,1
110253,1
110254,0
110255,0
110256,1
110263,1
110270,0
110275,1
110278,0
110279,1
110281,1
110282,1
110284,1
110285,1
110289,0
110291,1
110294,1
110297,1
110299,0
110301,1
110302,0
110311,0
110312,0
110314,0
110316,0
110317,1
110320,0
110321,0
110322,0
110323,1
110324,1
110325,1
110327,0
110333,0
110337,1
110340,1
110341,1
110349,1
110350,1
110353,0
110358,0
110364,0
110365,1
110366,1
110367,1
110370,0
110372,0
110373,0
110382,0
110384,0
110385,1
110386,0
110387,1
110388,1
110390,1
110391,1
110396,1
110400,0
110401,0
110402,0
110407,1
110408,1
110410,1
110412,1
110413,0
110417,0
110419,0
110421,1
110423,1
110426,0
110431,1
110433,0
110435,0
110438,1
110440,0
110444,0
110450,1
110451,0
110454,1
110457,0
110460,0
110461,0
110464,0
110465,1
110467,1
110468,1
110469,1
110470,0
110474,0
110476,1
110477,0
110478,0
110480,0
110482,0
110483,1
110485,0
110487,1
110495,0
110498,1
110502,0
110507,0
110509,0
110510,1
110514,0
110517,1
110518,0
110519,0
110528,1
110536,1
110537,0
110541,1
110542,1
110548,1
110550,0
110551,0
110553,0
110554,1
110555,1
110559,0
110564,0
110565,1
110567,0
110570,1
110576,1
110582,1
110583,0
110588,1
110589,1
110594,1
110597,1
110601,0
110603,1
110604,0
110607,0
110612,1
110614,0
110619,1
110621,1
110622,1
110623,0
110625,0
110626,1
110628,0
110631,1
110632,0
110634,0
110637,1
110639,1
110641,0
110642,1
110651,0
110652,0
110654,1
110656,0
110658,0
110660,1
110661,1
110662,1
110667,0
110668,1
110673,1
110675,1
110676,1
110678,1
110680,1
110681,0
110683,1
110686,0
110688,0
110695,1
110697,1
110698,1
110701,1
110703,1
110706,1
110709,1
110712,1
110715,1
110716,1
110720,0
110725,1
110726,1
110727,1
110734,1
110736,0
110738,1
110739,1
110742,0
110744,1
110745,1
110746,0
110749,1
110754,0
110757,1
110758,1
110760,0
110762,1
110764,1
110766,0
110767,1
110770,1
110771,1
110776,1
110778,0
110780,1
110784,0
110785,0
110786,1
110791,1
110792,0
110794,0
110802,1
110804,0
110808,0
110810,0
110812,0
110814,1
110816,0
110817,0
110818,0
110822,1
110825,1
110828,0
110833,1
110838,1
110842,1
110845,1
110847,0
110849,0
110851,1
110852,1
110853,1
110868,0
110870,0
110874,0
110875,0
110876,0
110879,1
110882,1
110883,0
110893,0
110894,1
110895,0
110896,1
110898,0
110899,0
110900,0
110901,0
110906,1
110913,1
110918,0
110920,1
110930,0
110933,0
110934,1
110938,0
110939,0
110940,1
110941,1
110943,1
110944,1
110945,1
110946,1
110950,0
110955,0
110957,0
110959,0
110960,1
110963,0
110965,1
110971,1
110972,0
110978,0
110982,0
110984,1
110985,1
110988,1
110989,0
110995,0
110996,1
110997,1
110999,1
111000,0
111004,0
111008,1
111010,0
111012,0
111013,1
111014,1
111015,0
111018,0
111019,0
111022,1
111023,1
111025,0
111027,1
111028,1
111030,1
111031,1
111032,1
111033,1
111035,1
111036,0
111040,1
111041,1
111055,0
111059,0
111061,1
111063,0
111064,0
111067,1
111073,0
111075,1
111078,0
111086,1
111091,1
111092,1
111094,0
111097,0
111103,1
111108,1
111110,1
111111,0
111113,1
111123,1
111125,0
111127,1
111128,1
111131,1
111132,1
111133,1
111134,1
111136,1
111137,0
111138,1
111139,0
111145,0
111148,1
111149,0
111153,0
111155,0
111156,1
111160,1
111161,0
111162,0
111169,0
111171,1
111172,0
111174,0
111175,0
111176,0
111177,1
111178,1
111183,1
111184,1
111185,1
111188,0
111192,0
111193,1
111195,1
111202,1
111207,0
111208,1
111210,0
111212,0
111214,1
111217,0
111223,0
111224,0
111225,0
111227,0
111229,1
111231,1
111233,1
111234,1
111236,0
111237,0
111242,1
111247,0
111248,1
111250,1
111252,0
111254,1
111255,1
111259,1
111260,0
111264,0
111266,0
111276,0
111277,1
111278,1
111282,1
111284,1
111286,1
111287,0
111288,0
111289,0
111292,0
111294,0
111297,0
111298,0
111299,0
111300,1
111301,0
111309,0
111310,1
111317,0
111324,1
111325,0
111326,1
111331,0
111333,0
111334,1
111338,1
111341,0
111344,1
111346,0
111351,0
111352,0
111353,1
111354,1
111356,1
111357,1
111358,0
111359,1
111360,1
111361,0
111362,1
111365,0
111366,0
111367,1
111370,0
111373,0
111374,1
111379,1
111380,1
111383,1
111387,1
111392,0
111394,0
111400,0
111401,0
111403,0
111405,0
111406,0
111410,0
111412,0
111414,1
111415,0
111417,0
111418,1
111428,0
111432,0
111433,1
111435,0
111441,0
111445,0
111448,0
111453,0
111456,0
111458,1
111463,0
111466,0
111467,0
111469,0
111472,1
111480,1
111482,0
111483,0
111484,0
111487,1
111488,1
111489,0
111492,1
111503,1
111506,0
111513,0
111517,1
111518,0
111520,1
111522,1
111523,0
111531,1
111534,0
111535,1
111536,1
111538,0
111540,1
111543,1
111544,1
111548,0
111552,1
111559,1
111560,0
111563,1
111570,0
111578,1
111580,1
111587,1
111588,0
111589,1
111591,1
111592,1
111595,0
111596,1
111600,1
111601,0
111606,0
111608,1
111610,0
111611,1
111614,0
111615,0
111621,0
111626,1
111627,1
111629,1
111634,0
111635,0
111636,1
111637,1
111639,0
111640,1
111644,1
111645,1
111647,0
111653,1
111656,0
111658,0
111660,1
111663,1
111666,0
111679,0
111680,0
111681,1
111683,1
111686,0
111688,1
111689,1
111693,1
111698,0
111701,1
111703,1
111704,0
111705,0
111707,0
111711,1
111712,0
111717,0
111722,1
111723,1
111724,0
111725,0
111726,1
111730,0
111733,0
111736,0
111737,0
111741,0
111745,1
111746,0
111747,0
111750,1
111751,0
111753,0
111755,1
111756,1
111758,1
111759,0
111761,0
111762,1
111763,1
111768,0
111769,0
111771,0
111774,0
111777,0
111778,0
111781,1
111782,0
111788,0
111789,0
111791,1
111792,1
111793,1
111795,0
111800,1
111801,0
111808,1
111809,0
111811,1
111812,0
111814,0
111815,0
111817,1
111819,1
111820,1
111821,1
111824,0
111826,0
111832,1
111833,1
111837,0
111838,0
111840,1
111841,0
111842,0
111851,0
111852,0
111858,0
111861,0
111863,0
111864,1
111867,1
111868,0
111870,1
111872,0
111873,1
111880,1
111881,1
111884,1
111886,0
111887,1
111890,1
111891,1
111892,0
111893,1
111896,1
111900,1
111903,0
111905,1
111907,0
111910,1
111912,0
111913,1
111914,0
111915,0
111916,0
111918,0
111922,0
111924,1
111925,0
111926,1
111927,1
111929,1
111932,1
111935,0
111937,0
111940,0
111941,0
111942,1
111945,0
111946,1
111947,1
111948,1
111949,0
111951,0
111953,0
111955,0
111956,1
111962,0
111967,1
111970,0
111976,0
111979,1
111981,1
111982,0
111988,1
111989,0
111990,1
111991,0
111992,0
111998,1
112001,0
112004,1
112011,0
112012,1
112013,1
112018,0
112019,1
112021,1
112022,1
112023,0
112025,0
112027,0
112031,0
112032,1
112034,1
112035,0
112040,0
112041,0
112045,1
112048,1
112049,1
112050,0
112053,1
112055,1
112063,1
112067,0
112068,0
112069,0
112073,0
112075,1
112076,0
112083,1
112086,1
112087,1
112088,0
112092,0
112093,0
112095,1
112097,1
112102,1
112104,1
112106,0
112107,0
112116,0
112118,0
112122,0
112124,0
112129,0
112130,1
112137,0
112138,1
112142,0
112147,0
112148,0
112151,0
112156,0
112162,1
112163,0
112166,0
112167,0
112171,1
112177,0
112178,0
112179,1
112181,0
112186,0
112187,1
112188,1
112189,0
112190,1
112191,0
112192,1
112193,0
112194,0
112195,1
112198,0
112201,0
112204,0
112206,1
112208,1
112215,1
112216,0
112218,0
112223,0
112225,0
112226,1
112227,0
112230,1
112241,1
112243,0
112244,1
112249,1
112253,1
112254,1
112259,1
112261,0
112266,0
112269,0
112272,1
112276,1
112278,1
112279,0
112287,1
112293,0
112295,0
112296,0
112297,0
112301,0
112304,0
112306,0
112308,0
112310,0
112312,1
112313,1
112314,1
112322,0
112328,0
112329,0
112330,1
112336,0
112340,0
112343,0
112349,1
112351,0
112353,1
112354,0
112356,0
112360,0
112361,1
112363,0
112366,0
112367,1
112371,1
112373,1
112374,1
112375,0
112376,0
112377,1
112378,0
112379,0
112381,1
112384,1
112385,1
112386,1
112388,0
112390,1
112392,1
112394,0
112397,1
112398,0
112406,0
112407,1
112408,1
112412,1
112415,0
112417,1
112419,1
112426,1
112428,1
112430,0
112431,0
112434,1
112435,1
112443,0
112444,0
112447,1
112448,0
112449,0
112452,0
112453,0
112456,1
112457,1
112458,0
112460,0
112461,1
112463,0
112464,0
112466,0
112471,0
112477,1
112479,1
112481,1
112483,1
112485,1
112491,0
112493,0
112494,1
112498,0
112500,1
112501,1
112503,0
112507,0
112517,0
112519,1
112521,1
112527,0
112529,1
112534,1
112535,1
112537,0
112541,1
112543,0
112547,0
112552,1
112554,0
112555,0
112557,1
112558,0
112559,1
112561,0
112563,0
112565,0
112569,1
112573,1
112574,0
112576,1
112578,0
112579,1
112583,1
112586,1
112587,0
112588,0
112590,0
112591,1
112592,0
112594,1
112598,0
112608,0
112609,0
112611,0
112617,1
112623,1
112628,0
112629,0
112632,0
112634,1
112635,1
112636,1
112637,1
112638,0
112640,1
112641,0
112643,1
112652,0
112654,1
112657,1
112663,1
112664,0
112665,1
112666,0
112667,0
112670,1
112671,1
112673,0
112675,1
112678,1
112681,1
112682,0
112688,1
112690,1
112691,0
112693,0
112694,0
112695,1
112697,1
112706,0
112707,1
112711,1
112714,1
112716,0
112718,1
112719,0
112721,1
112724,1
112725,0
112726,1
112728,0
112731,0
112732,0
112733,1
112736,1
112742,0
112743,0
112744,0
112747,0
112750,0
112751,1
112755,1
112756,0
112757,1
112758,1
112760,1
112761,0
112762,1
112763,0
112764,1
112768,0
112769,1
112775,0
112782,1
112784,0
112789,0
112792,0
112793,1
112795,0
112797,1
112799,0
112800,0
112801,1
112803,0
112804,1
112807,0
112812,0
112816,0
112818,1
112827,1
112834,0
112838,0
112839,0
112846,0
112854,1
112856,1
112860,0
112861,0
112865,0
112870,1
112871,1
112873,1
112874,1
112880,1
112881,0
112884,1
112886,0
112887,0
112893,1
112896,1
112901,1
112902,1
112904,1
112906,1
112907,1
112908,0
112910,0
112915,0
112916,1
112919,1
112922,1
112924,1
112929,1
112932,1
112933,1
112937,0
112938,0
112940,0
112941,0
112947,1
112951,0
112952,1
112957,0
112959,0
112962,1
112965,0
112970,0
112971,0
112973,1
112975,1
112982,0
112984,1
112988,0
112989,1
112994,1
112996,0
112997,1
113002,0
113004,1
113006,1
113007,0
113010,0
113011,0
113012,1
113013,1
113020,0
113022,0
113026,1
113028,1
113029,1
113030,1
113032,0
113033,1
113036,1
113040,0
113043,1
113044,0
113045,0
113047,0
113053,1
113054,0
113056,0
113058,1
113059,0
113061,0
113063,1
113068,0
113071,1
113073,1
113074,1
113076,0
113080,1
113085,1
113086,0
113087,1
113091,0
113094,1
113095,1
113101,1
113108,1
113109,1
113110,0
113111,1
113113,1
113114,1
113115,0
113122,1
113123,0
113124,1
113126,0
113128,0
113129,0
113131,0
113135,0
113137,0
113138,1
113144,1
113145,1
113146,0
113153,0
113156,0
113158,1
113160,1
113161,0
113162,1
113163,1
113164,1
113173,1
113177,0
113178,1
113179,1
113181,0
113183,1
113184,1
113188,1
113189,1
113192,0
113193,0
113195,0
113197,1
113198,1
113200,0
113202,0
113209,1
113212,1
113214,1
113217,0
113219,0
113220,1
113223,1
113224,1
113231,1
113232,1
113237,1
113239,0
113240,0
113241,0
113242,0
113243,1
113245,1
113246,1
113248,0
113249,1
113255,1
113257,1
113260,0
113263,0
113265,1
113270,1
113273,0
113279,1
113291,1
113292,0
113295,1
113296,1
113299,1
113302,0
113307,0
113309,0
113310,0
113312,1
113313,0
113314,1
113319,0
113321,0
113325,1
113327,1
113328,1
113330,0
113332,1
113333,0
113335,1
113336,1
113338,0
113339,0
113343,1
113347,0
113349,0
113352,1
113353,1
113357,0
113358,0
113359,0
113361,0
113368,0
113369,1
113370,1
113371,1
113375,1
113379,0
113382,1
113383,0
113387,1
113389,0
113390,0
113391,1
113392,0
113395,0
113397,0
113401,1
113403,1
113406,1
113410,0
113412,0
113416,1
113418,1
113419,0
113424,1
113427,0
113432,1
113433,1
113434,0
113436,0
113437,0
113439,1
113440,1
113441,1
113442,1
113449,0
113458,1
113462,0
113464,0
113466,1
113467,0
113468,1
113469,0
113475,1
113480,1
113486,1
113488,0
113490,0
113491,0
113492,0
113495,1
113499,1
113504,1
113505,0
113508,0
113509,0
113514,0
113518,1
113519,1
113521,0
113529,1
113530,1
113531,0
113533,1
113536,1
113537,1
113538,1
113541,0
113547,0
113554,0
113556,1
113557,0
113562,0
113563,1
113564,1
113566,0
113567,1
113575,0
113577,1
113578,1
113581,0
113582,0
113584,1
113586,0
113587,0
113589,1
113591,1
113595,0
113603,0
113604,0
113605,0
113610,1
113611,0
113613,1
113616,0
113628,1
113630,0
113634,0
113635,1
113637,0
113645,0
113647,0
113649,1
113650,1
113651,0
113652,1
113653,1
113654,1
113657,0
113658,1
113662,1
113666,0
113667,0
113673,1
113683,1
113684,1
113689,0
113693,0
113698,1
113701,1
113702,0
113709,0
113711,0
113712,0
113721,0
113722,1
113723,0
113731,1
113732,0
113734,1
113735,0
113737,0
113738,1
113741,1
113743,0
113744,1
113745,0
113746,0
113747,0
113750,1
113751,0
113755,0
113757,1
113758,1
113761,0
113763,1
113764,1
113770,0
113777,0
113779,1
113781,0
113782,0
113792,1
113793,1
113794,1
113797,1
113798,0
113802,1
113807,0
113808,1
113809,0
113810,0
113816,1
113819,1
113824,0
113826,1
113827,1
113828,0
113830,1
113837,1
113838,0
113839,0
113844,0
113850,0
113853,1
113854,0
113860,1
113863,1
113865,1
113868,0
113872,0
113874,1
113876,1
113882,1
113883,0
113885,0
113888,0
113891,1
113892,1
113894,1
113896,0
113897,0
113906,0
113907,1
113908,0
113910,0
113911,0
113917,0
113919,1
113920,1
113922,1
113926,0
113927,0
113928,0
113931,0
113932,0
113933,1
113939,0
113943,0
113949,1
113950,0
113953,1
113954,1
113955,0
113959,0
113961,0
113962,0
113963,0
113970,0
113975,1
113982,0
113991,0
113992,1
113994,1
113995,1
113996,1
113998,0
114001,1
114002,1
114003,0
114005,1
114007,0
114017,1
114019,0
114021,1
114025,1
114026,1
114027,1
114032,1
114035,0
114037,0
114038,1
114042,0
114043,0
114044,0
114045,1
114048,0
114053,1
114055,0
114059,0
114061,0
114063,0
114066,1
114070,1
114073,1
114078,1
114079,0
114080,1
114081,1
114082,1
114083,1
114084,1
114086,1
114088,0
114090,1
114091,1
114094,1
114098,1
114103,0
114104,1
114105,0
114106,0
114108,0
114109,1
114112,0
114114,1
114115,0
114117,0
114122,1
114124,1
114125,0
114131,0
114133,1
114135,0
114139,0
114140,0
114141,0
114142,0
114143,1
114144,0
114151,1
114153,0
114159,0
114160,1
114162,1
114167,1
114170,0
114172,0
114178,0
114181,0
114182,1
114188,1
114189,0
114191,0
114193,1
114195,0
114196,1
114201,1
114202,0
114203,0
114204,0
114210,1
114214,1
114215,0
114226,1
114227,0
114228,1
114229,0
114236,0
114238,1
114239,0
114240,1
114241,0
114244,0
114246,0
114249,1
114250,1
114251,0
114252,1
114259,1
114264,1
114268,0
114283,1
114284,0
114286,0
114287,1
114289,1
114291,1
114294,0
114295,1
114296,0
114298,0
114300,0
114301,1
114304,0
114305,1
114309,0
114313,1
114314,1
114318,1
114327,0
114329,0
114330,1
114332,0
114333,1
114336,0
114337,1
114339,0
114340,0
114341,0
114343,0
114348,1
114350,0
114354,1
114356,0
114364,1
114365,1
114366,0
114367,1
114368,0
114369,1
114371,0
114373,0
114374,1
114375,0
114376,0
114377,1
114379,0
114382,0
114384,0
114385,1
114387,0
114390,1
114391,1
114392,1
114393,1
114403,1
114405,1
114406,0
114407,0
114408,0
114409,0
114412,1
114418,0
114421,1
114425,0
114433,1
114434,0
114436,1
114441,1
114443,0
114445,1
114446,1
114447,0
114449,1
114454,1
114458,0
114459,1
114461,1
114468,0
114469,1
114472,0
114473,1
114475,1
114482,0
114483,1
114484,1
114488,1
114489,0
114491,1
114492,1
114496,0
114497,1
114501,0
114503,0
114506,0
114508,0
114512,0
114513,0
114514,1
114518,1
114519,0
114521,0
114525,0
114532,1
114536,1
114537,1
114538,0
114542,1
114543,1
114544,1
114545,1
114550,1
114551,1
114552,0
114553,0
114560,1
114563,0
114567,0
114569,1
114572,1
114576,0
114578,1
114580,1
114582,0
114583,0
114585,0
114587,1
114591,1
114592,0
114593,0
114595,0
114597,1
114601,0
114608,1
114609,1
114612,0
114614,1
114622,1
114623,1
114626,0
114628,0
114630,0
114639,0
114640,0
114641,0
114642,1
114643,1
114645,1
114647,0
114648,0
114649,1
114651,0
114655,0
114657,1
114659,0
114663,1
114675,1
114679,1
114681,0
114684,0
114688,0
114689,1
114690,0
114691,0
114693,1
114696,0
114701,1
114702,1
114703,0
114705,1
114706,1
114707,1
114709,0
114710,1
114711,0
114712,1
114713,1
114715,0
114719,1
114726,0
114727,0
114734,1
114736,0
114739,1
114743,0
114745,1
114746,0
114751,1
114752,1
114756,1
114758,0
114760,1
114764,0
114765,1
114770,0
114775,0
114776,0
114779,1
114782,0
114787,1
114793,0
114797,1
114800,1
114803,0
114807,1
114809,0
114811,0
114812,0
114815,0
114821,0
114822,0
114823,0
114824,1
114827,0
114829,0
114831,1
114832,0
114836,0
114837,1
114838,0
114845,0
114850,0
114852,0
114861,0
114862,0
114863,0
114864,0
114868,1
114871,0
114873,1
114875,1
114877,0
114878,0
114879,0
114880,1
114882,1
114883,1
114885,1
114887,0
114892,0
114894,1
114895,1
114898,0
114902,1
114903,1
114906,1
114910,0
114918,1
114924,0
114927,1
114929,0
114930,1
114931,0
114933,0
114938,0
114940,1
114942,1
114943,1
114945,1
114946,1
114947,0
114949,0
114951,1
114957,1
114971,0
114975,0
114978,0
114989,0
114992,1
115001,0
115003,0
115006,1
115007,0
115008,1
115012,1
115020,0
115025,1
115026,1
115028,1
115029,1
115030,1
115031,1
115035,0
115036,0
115039,0
115049,0
115053,0
115054,1
115056,0
115058,0
115061,1
115064,1
115065,0
115066,0
115069,0
115072,0
115073,0
115078,0
115080,1
115082,0
115084,0
115086,1
115087,1
115089,0
115090,1
115092,1
115093,0
115095,0
115097,0
115099,1
115102,0
115103,0
115104,1
115108,0
115112,0
115114,0
115120,1
115121,0
115126,1
115128,1
115129,0
115137,0
115138,0
115139,1
115142,0
115145,0
115147,0
115150,1
115153,1
115156,0
115159,0
115163,0
115164,0
115165,1
115167,0
115174,0
115175,0
115178,0
115180,1
115181,1
115187,0
115190,0
115193,1
115195,1
115196,0
115197,0
115198,0
115205,0
115209,0
115210,0
115211,0
115212,1
115215,0
115221,1
115223,0
115232,0
115235,0
115237,1
115238,1
115244,0
115245,1
115256,0
115257,0
115258,1
115261,0
115262,1
115263,0
115264,0
115266,1
115269,0
115270,0
115272,0
115274,0
115275,1
115276,0
115281,1
115284,1
115288,0
115290,0
115292,0
115296,1
115297,1
115298,0
115299,0
115302,0
115303,1
115307,1
115308,0
115309,1
115312,0
115314,0
115316,0
115317,1
115318,0
115319,1
115322,1
115324,1
115329,0
115331,0
115332,1
115339,0
115346,1
115348,0
115349,1
115358,1
115359,1
115360,1
115362,0
115364,0
115365,1
115368,0
115379,0
115381,1
115385,1
115389,1
115391,0
115393,0
115396,0
115397,1
115398,1
115404,1
115405,1
115406,1
115409,0
115412,1
115413,1
115414,1
115415,0
115416,1
115420,0
115423,1
115425,1
115429,0
115430,1
115431,1
115436,0
115437,1
115439,0
115440,0
115441,1
115446,0
115447,0
115450,0
115451,0
115453,0
115460,1
115466,1
115471,0
115474,0
115478,1
115479,1
115485,1
115486,1
115489,1
115494,0
115496,0
115497,0
115501,0
115503,0
115512,1
115515,0
115516,0
115518,0
115521,0
115527,1
115528,0
115529,0
115533,1
115535,1
115538,0
115541,1
115543,0
115544,1
115547,1
115549,1
115551,0
115553,1
115557,1
115558,1
115560,1
115561,0
115562,0
115563,0
115564,0
115565,1
115571,0
115572,1
115576,0
115577,0
115578,1
115584,1
115585,0
115587,1
115588,0
115589,1
115590,1
115596,0
115598,1
115600,0
115602,1
115608,0
115609,0
115610,0
115614,0
115619,0
115620,0
115621,1
115622,1
115629,1
115631,0
115635,0
115636,0
115638,0
115639,0
115640,1
115643,1
115645,1
115647,1
115653,0
115655,1
115658,0
115659,0
115660,0
115661,1
115672,1
115673,1
115680,0
115683,1
115684,1
115686,1
115688,1
115694,0
115699,0
115706,1
115708,0
115709,1
115710,1
115711,0
115713,1
115717,1
115720,1
115721,1
115722,1
115727,0
115733,1
115740,0
115747,0
115750,0
115753,1
115754,0
115755,1
115756,0
115758,0
115764,0
115767,0
115768,0
115769,1
115774,1
115775,1
115776,1
115777,1
115779,0
115780,1
115782,0
115783,0
115784,1
115785,1
115787,0
115793,0
115794,0
115795,0
115797,0
115798,1
115800,0
115801,0
115802,1
115803,0
115804,1
115806,1
115807,1
115810,0
115813,1
115814,0
115815,1
115817,0
115827,1
115828,0
115835,1
115836,1
115837,0
115840,0
115841,0
115844,0
115845,1
115850,0
115851,0
115852,0
115858,0
115861,0
115865,1
115866,1
115870,1
115875,1
115876,1
115877,0
115879,0
115880,1
115882,1
115887,1
115888,0
115890,0
115891,0
115893,0
115896,0
115899,1
115906,0
115907,0
115909,1
115912,0
115916,1
115917,1
115921,1
115923,0
115924,1
115925,1
115929,0
115934,0
115940,1
115945,0
115947,0
115949,1
115950,1
115952,1
115953,1
115954,1
115965,1
115967,0
115968,0
115969,0
115973,0
115974,1
115982,0
115984,1
115987,0
115988,0
115991,0
115992,1
115994,1
115996,0
115998,0
116003,0
116005,1
116006,1
116007,1
116021,1
116024,0
116027,1
116030,1
116035,1
116037,1
116039,0
116042,0
116045,1
116050,1
116052,1
116053,0
116058,1
116060,0
116061,0
116062,0
116064,0
116068,0
116074,0
116076,0
116079,0
116081,0
116082,0
116083,1
116084,1
116085,1
116089,1
116095,0
116096,0
116098,1
116099,1
116106,1
116108,1
116113,0
116115,0
116116,0
116120,0
116125,0
116127,0
116130,0
116133,1
116134,1
116142,1
116144,0
116148,0
116154,1
116157,0
116162,0
116163,0
116165,1
116166,0
116168,0
116172,1
116174,0
116177,0
116180,0
116182,0
116184,1
116185,1
116186,0
116187,1
116188,1
116189,0
116191,1
116192,1
116194,0
116197,0
116199,1
116205,1
116206,0
116208,1
116209,0
116210,0
116211,0
116212,1
116214,1
116215,1
116218,1
116219,0
116225,1
116226,1
116230,1
116231,1
116233,0
116234,0
116238,1
116240,0
116245,1
116246,0
116248,1
116250,0
116252,1
116253,0
116254,0
116255,0
116257,1
116258,1
116262,0
116263,0
116264,1
116267,0
116269,1
116271,1
116274,1
116276,0
116279,1
116281,0
116284,1
116286,0
116291,1
116295,0
116302,1
116305,0
116306,0
116309,0
116310,1
116312,1
116314,0
116319,1
116320,0
116327,1
116328,1
116333,0
116335,1
116338,1
116342,1
116343,0
116345,1
116348,0
116352,0
116353,1
116356,1
116357,1
116361,1
116362,1
116363,1
116364,1
116365,1
116366,1
116367,1
116368,1
116370,1
116374,0
116380,1
116383,0
116385,0
116386,1
116388,0
116389,0
116390,0
116397,1
116398,0
116404,1
116405,1
116406,1
116407,0
116409,0
116410,0
116411,1
116412,0
116414,1
116415,1
116416,1
116417,0
116421,0
116422,1
116428,1
116431,1
116432,1
116436,0
116439,0
116440,1
116441,1
116442,0
116444,0
116448,1
116449,1
116450,0
116453,0
116454,1
116455,0
116457,0
116459,0
116460,0
116465,1
116466,1
116467,0
116471,0
116475,0
116477,1
116480,1
116481,1
116483,0
116488,1
116489,1
116491,0
116494,0
116496,1
116501,1
116502,1
116504,0
116505,1
116510,1
116513,0
116515,0
116520,1
116522,0
116526,0
116527,0
116529,0
116530,1
116532,0
116533,0
116534,0
116535,0
116537,1
116538,1
116546,0
116550,0
116555,0
116556,1
116560,0
116569,1
116571,1
116572,1
116574,1
116575,0
116577,0
116578,1
116583,1
116584,1
116590,1
116591,0
116593,1
116594,1
116596,1
116600,1
116610,1
116612,1
116616,0
116617,1
116622,1
116623,1
116627,1
116628,1
116629,1
116630,1
116632,0
116633,0
116639,1
116645,1
116648,1
116656,1
116657,1
116658,0
116659,0
116660,0
116667,1
116668,1
116669,1
116672,1
116673,0
116680,1
116684,0
116687,1
116688,1
116693,0
116696,1
116698,0
116701,1
116704,0
116708,0
116709,1
116710,0
116711,1
116713,1
116714,0
116716,1
116723,1
116725,0
116726,1
116727,0
116731,1
116732,0
116735,0
116736,1
116739,0
116741,0
116742,0
116748,0
116749,1
116751,0
116755,0
116757,0
116760,1
116762,1
116765,1
116767,1
116768,0
116769,1
116770,1
116771,1
116777,0
116778,0
116780,0
116781,0
116782,1
116786,1
116788,1
116790,1
116798,0
116799,0
116800,1
116802,0
116809,1
116810,1
116815,0
116818,1
116821,1
116822,1
116823,1
116826,0
116828,0
116829,0
116830,1
116832,0
116833,0
116837,0
116840,0
116842,0
116843,0
116845,1
116846,1
116849,0
116850,0
116853,0
116854,1
116857,0
116859,1
116860,1
116861,0
116863,0
116870,0
116871,0
116872,0
116876,0
116877,0
116879,0
116881,0
116882,1
116883,1
116885,1
116887,0
116888,1
116894,1
116895,1
116896,0
116897,0
116898,0
116899,0
116901,1
116904,0
116908,0
116910,1
116912,1
116914,0
116916,0
116918,1
116929,1
116935,0
116941,0
116943,1
116945,0
116946,1
116951,0
116954,1
116956,1
116958,0
116959,1
116960,1
116965,0
116968,1
116975,0
116977,1
116978,1
116981,1
116982,1
116984,1
116988,0
116990,1
116991,1
116994,0
116996,0
116999,1
117002,0
117004,1
117005,0
117007,0
117008,1
117016,0
117020,1
117021,1
117024,1
117027,0
117029,0
117035,1
117037,0
117040,1
117042,0
117044,0
117046,1
117050,1
117054,0
117056,0
117063,1
117064,1
117066,1
117069,0
117070,1
117075,0
117077,0
117080,0
117087,1
117089,0
117098,0
117101,1
117104,0
117108,1
117111,1
117112,1
117113,0
117115,0
117122,1
117127,0
117131,0
117132,0
117134,1
117137,1
117144,1
117148,0
117149,0
117153,1
117155,1
117158,1
117161,1
117163,1
117164,1
117165,1
117167,1
117171,0
117172,0
117175,0
117177,1
117181,0
117182,0
117183,0
117189,0
117192,0
117194,0
117196,0
117202,0
117204,1
117209,1
117213,0
117214,0
117217,0
117218,0
117219,1
117220,1
117225,1
117226,1
117228,0
117232,1
117233,1
117236,1
117240,0
117253,1
117255,0
117256,0
117258,0
117259,1
117261,0
117266,1
117270,1
117275,0
117278,0
117281,0
117283,0
117284,0
117285,1
117286,0
117287,0
117288,1
117292,1
117293,1
117294,0
117297,1
117299,1
117300,1
117304,1
117306,1
117307,1
117309,1
117310,1
117312,1
117315,0
117318,1
117319,1
117327,0
117330,1
117331,1
117332,1
117333,0
117335,0
117340,0
117343,0
117347,0
117348,0
117349,1
117350,0
117351,1
117352,0
117353,0
117354,0
117355,0
117358,0
117359,0
117363,1
117364,0
117368,0
117376,0
117380,0
117381,1
117386,0
117389,1
117391,0
117394,0
117396,1
117398,0
117401,0
117406,0
117408,1
117409,1
117412,1
117413,0
117416,0
117418,1
117420,0
117422,0
117423,1
117424,1
117426,1
117427,1
117432,1
117435,0
117438,0
117442,1
117445,0
117448,0
117449,1
117450,0
117451,0
117452,1
117454,0
117455,0
117460,0
117461,0
117463,1
117464,0
117465,0
117467,1
117468,0
117471,1
117475,1
117477,0
117479,1
117480,0
117485,1
117487,0
117488,1
117489,0
117490,0
117491,0
117494,1
117496,1
117497,1
117504,1
117508,0
117510,0
117520,0
117521,0
117522,0
117526,1
117530,1
117534,0
117536,1
117547,0
117550,0
117551,0
117553,1
117559,1
117560,0
117563,0
117564,0
117569,0
117570,1
117572,0
117573,0
117574,0
117575,1
117576,0
117578,0
117579,0
117580,0
117581,0
117585,1
117586,1
117593,0
117595,0
117596,1
117597,0
117599,0
117600,1
117601,1
117603,0
117606,0
117607,1
117610,1
117611,0
117612,1
117618,1
117619,1
117621,1
117622,0
117626,1
117629,1
117630,1
117635,0
117637,0
117638,1
117640,1
117641,0
117647,0
117648,0
117651,1
117656,0
117659,1
117660,1
117664,0
117668,0
117670,0
117671,1
117674,1
117678,0
117682,0
117683,1
117686,1
117693,1
117696,0
117698,0
117699,1
117701,1
117702,1
117705,1
117707,1
117710,1
117714,1
117716,0
117717,1
117718,0
117721,0
117725,1
117726,1
117730,1
117734,0
117735,1
117736,0
117738,0
117740,1
117743,1
117745,1
117746,1
117753,1
117754,1
117756,0
117757,1
117759,0
117762,0
117763,0
117764,0
117773,0
117775,1
117780,1
117785,1
117787,0
117788,1
117794,0
117796,0
117802,1
117807,1
117809,1
117812,0
117814,0
117816,1
117825,1
117830,0
117833,0
117834,0
117836,1
117843,0
117846,1
117847,1
117854,0
117859,1
117861,1
117862,1
117863,1
117864,1
117865,0
117868,0
117871,1
117874,1
117875,0
117879,1
117880,0
117882,0
117884,1
117892,1
117898,1
117901,0
117902,1
117903,1
117904,0
117905,1
117906,1
117909,1
117910,1
117911,0
117922,1
117927,1
117929,0
117930,1
117933,0
117938,0
117939,0
117942,1
117943,0
117947,1
117948,1
117950,0
117953,0
117954,0
117957,1
117958,1
117962,0
117965,1
117968,1
117974,1
117977,1
117978,0
117979,1
117980,1
117981,0
117989,0
117990,0
117991,1
117993,1
117998,1
118003,0
118007,0
118008,0
118009,0
118012,1
118015,0
118016,0
118017,1
118020,1
118022,0
118023,0
118025,1
118028,0
118029,0
118030,1
118031,0
118033,0
118037,0
118041,0
118049,1
118050,0
118052,0
118054,1
118055,0
118057,0
118059,1
118062,1
118063,1
118067,0
118068,1
118074,1
118078,1
118081,1
118082,1
118083,1
118085,0
118087,1
118088,0
118091,0
118100,0
118104,1
118107,0
118108,1
118109,0
118114,0
118116,1
118117,0
118118,0
118119,1
118120,1
118121,1
118125,1
118130,0
118134,1
118135,0
118137,0
118138,0
118139,1
118141,0
118149,1
118150,1
118151,0
118152,1
118154,0
118155,1
118157,0
118159,0
118163,0
118164,1
118167,0
118170,1
118172,0
118174,0
118179,1
118188,0
118189,1
118191,1
118194,0
118195,0
118196,0
118197,0
118199,0
118200,0
118201,0
118202,1
118205,0
118206,1
118209,0
118210,1
118213,1
118215,0
118219,0
118221,1
118231,1
118235,0
118243,1
118245,0
118247,1
118250,1
118253,0
118254,1
118255,0
118257,0
118258,1
118261,1
118263,1
118265,1
118266,0
118269,0
118271,0
118272,1
118275,0
118276,1
118278,1
118280,1
118281,0
118282,0
118285,1
118286,0
118287,0
118288,1
118289,0
118290,1
118292,1
118293,1
118296,1
118299,1
118306,0
118307,1
118308,0
118309,1
118312,0
118314,0
118321,1
118322,1
118323,1
118329,0
118330,1
118332,0
118335,0
118346,1
118347,0
118348,1
118351,1
118352,1
118353,1
118357,0
118360,0
118361,1
118362,0
118364,1
118365,0
118367,0
118368,1
118374,0
118375,1
118378,1
118380,0
118381,1
118383,0
118386,0
118391,1
118395,1
118403,1
118405,0
118407,0
118408,1
118410,0
118411,0
118416,1
118417,0
118419,0
118422,1
118425,1
118426,1
118430,0
118431,0
118432,1
118434,1
118435,0
118436,0
118437,0
118438,1
118440,0
118445,0
118446,1
118447,1
118449,0
118451,1
118452,1
118453,0
118454,1
118455,1
118457,1
118458,0
118459,1
118461,0
118462,0
118467,1
118476,1
118478,0
118484,1
118486,1
118487,0
118496,0
118498,0
118500,1
118503,1
118507,0
118508,1
118511,1
118519,0
118521,0
118522,1
118524,1
118528,1
118530,1
118531,1
118533,1
118540,1
118544,1
118545,0
118546,0
118547,1
118551,0
118552,1
118553,1
118554,1
118559,1
118562,0
118563,0
118566,0
118570,1
118574,1
118575,1
118576,0
118582,0
118585,1
118588,0
118590,1
118592,0
118593,1
118594,0
118596,0
118606,0
118607,0
118609,0
118610,0
118612,1
118616,0
118619,1
118620,1
118625,0
118628,1
118634,0
118636,0
118637,0
118638,1
118640,0
118641,1
118643,0
118647,1
118653,0
118654,1
118661,1
118669,0
118673,1
118674,0
118675,0
118676,0
118681,0
118685,0
118686,1
118688,1
118690,0
118697,0
118699,0
118700,0
118705,1
118706,1
118707,1
118708,1
118709,1
118710,0
118711,0
118715,1
118716,0
118723,0
118725,1
118728,0
118731,0
118735,1
118741,0
118754,1
118755,0
118761,1
118764,0
118765,0
118766,0
118767,0
118769,1
118774,0
118775,0
118776,1
118777,1
118782,1
118786,1
118788,1
118789,0
118793,1
118801,1
118807,1
118808,1
118811,1
118814,1
118817,1
118819,1
118820,0
118822,1
118825,0
118826,1
118829,0
118834,1
118835,1
118840,0
118843,0
118844,1
118849,0
118850,1
118851,0
118852,1
118863,0
118864,1
118868,0
118869,1
118871,0
118872,1
118873,1
118874,0
118879,0
118890,0
118891,0
118892,1
118899,0
118903,1
118908,1
118911,0
118915,0
118916,0
118919,0
118921,0
118922,0
118923,0
118924,1
118927,0
118928,1
118929,1
118930,0
118932,1
118933,1
118934,1
118938,1
118941,1
118949,0
118950,0
118951,1
118954,1
118959,1
118962,1
118964,0
118965,0
118966,1
118968,1
118969,0
118970,0
118975,1
118977,0
118978,1
118979,1
118980,0
118981,1
118982,0
118986,1
118988,1
118989,1
118990,1
118991,0
118992,0
118993,0
118994,0
118996,0
118999,1
119001,0
119004,0
119012,1
119013,0
119015,0
119016,0
119020,1
119022,1
119024,1
119027,0
119031,1
119032,1
119033,0
119037,0
119040,0
119047,1
119049,0
119054,1
119062,0
119063,0
119065,1
119067,0
119069,0
119071,1
119073,0
119077,0
119079,1
119084,1
119085,0
119090,1
119095,0
119096,1
119102,1
119104,0
119107,1
119109,1
119114,0
119118,0
119120,1
119124,1
119128,0
119130,1
119131,1
119132,1
119133,1
119136,1
119138,1
119140,1
119141,0
119142,1
119144,1
119149,1
119150,0
119151,1
119153,0
119156,1
119159,1
119165,0
119171,1
119172,0
119173,1
119179,0
119181,0
119184,0
119185,1
119186,0
119187,0
119190,1
119191,0
119195,0
119197,1
119202,0
119205,1
119211,1
119212,0
119213,1
119215,1
119216,1
119218,1
119219,1
119220,0
119222,1
119223,1
119224,0
119225,0
119227,1
119229,1
119230,1
119233,1
119235,0
119237,1
119240,1
119241,1
119248,0
119252,1
119254,0
119258,1
119259,1
119260,1
119261,1
119262,0
119269,1
119270,0
119272,1
119274,1
119278,1
119279,1
119286,1
119287,1
119289,1
119290,0
119291,0
119296,0
119298,1
119304,1
119306,1
119308,0
119311,0
119313,1
119315,0
119316,0
119320,0
119323,0
119324,1
119332,0
119333,0
119335,1
119337,0
119339,0
119342,0
119344,1
119346,0
119347,1
119352,1
119354,0
119355,1
119357,1
119360,1
119362,0
119365,1
119366,1
119367,0
119368,1
119369,1
119370,0
119372,1
119373,0
119384,0
119386,1
119387,1
119389,0
119390,1
119393,0
119396,1
119397,1
119400,0
119401,0
119402,1
119403,0
119404,1
119405,1
119407,0
119416,1
119418,0
119419,0
119421,0
119424,0
119425,0
119426,0
119427,1
119429,1
119430,1
119431,1
119432,0
119433,1
119434,0
119442,0
119443,1
119445,1
119448,0
119449,0
119450,0
119451,1
119452,1
119453,0
119454,1
119455,0
119458,1
119460,1
119463,0
119464,0
119466,1
119467,0
119471,0
119472,0
119476,0
119477,1
119480,0
119482,0
119483,0
119484,0
119486,1
119488,0
119493,1
119495,0
119496,1
119498,0
119499,0
119501,1
119502,0
119503,0
119507,1
119508,1
119512,0
119516,0
119522,1
119528,0
119529,0
119531,1
119534,0
119535,1
119538,1
119541,1
119542,1
119543,0
119544,1
119551,1
119553,0
119554,1
119555,0
119558,0
119564,0
119579,0
119582,0
119583,1
119584,1
119588,1
119592,1
119593,1
119594,0
119597,1
119599,0
119600,1
119603,1
119607,1
119613,0
119614,0
119615,1
119624,1
119628,1
119629,1
119630,1
119635,1
119636,1
119641,0
119644,1
119652,1
119653,0
119655,1
119656,0
119657,1
119659,1
119663,1
119666,1
119669,1
119670,1
119671,0
119672,0
119673,0
119675,1
119676,1
119678,1
119680,1
119681,1
119689,1
119693,0
119695,1
119698,0
119699,0
119700,1
119706,1
119707,1
119711,0
119712,1
119714,1
119716,1
119717,1
119720,1
119721,0
119722,1
119725,1
119727,0
119730,0
119732,1
119733,1
119735,1
119736,1
119737,1
119740,1
119741,0
119742,1
119743,1
119746,1
119749,1
119755,0
119756,0
119758,0
119760,1
119763,1
119766,1
119767,1
119768,1
119769,1
119770,0
119771,0
119774,1
119776,1
119777,0
119779,0
119780,0
119781,1
119782,1
119787,1
119789,0
119793,1
119795,1
119796,1
119799,0
119802,1
119804,1
119807,0
119809,0
119810,0
119812,1
119813,0
119814,0
119817,0
119821,0
119827,1
119828,1
119830,0
119831,1
119833,1
119834,0
119838,1
119841,1
119845,1
119846,1
119847,1
119851,0
119853,1
119856,1
119858,1
119861,1
119862,0
119865,1
119866,0
119867,1
119870,1
119877,1
119878,1
119881,0
119882,0
119883,0
119885,1
119887,1
119888,1
119890,1
119892,1
119894,0
119902,1
119903,1
119905,0
119906,1
119910,0
119912,1
119914,0
119915,0
119922,1
119924,0
119929,1
119931,1
119932,1
119945,0
119949,0
119952,1
119954,0
119955,0
119958,0
119959,1
119961,0
119963,0
119966,0
119967,0
119968,1
119970,0
119973,1
119976,0
119983,1
119984,1
119986,1
119987,0
119988,0
119990,0
119991,1
119992,1
120002,0
120005,1
120006,0
120010,1
120011,0
120012,1
120014,1
120015,1
120018,1
120021,1
120022,1
120027,0
120028,0
120029,0
120032,0
120035,1
120039,1
120040,1
120045,1
120046,0
120057,0
120058,0
120061,0
120071,1
120073,0
120074,0
120076,1
120078,0
120082,0
120084,1
120086,1
120088,1
120089,0
120090,1
120093,0
120094,1
120096,0
120099,0
120100,0
120101,0
120102,1
120106,0
120107,0
120108,1
120111,0
120113,1
120114,0
120117,1
120120,0
120123,1
120124,1
120128,1
120131,1
120132,1
120135,0
120138,1
120142,1
120143,1
120145,1
120147,0
120148,0
120153,1
120154,0
120157,1
120158,1
120160,0
120163,1
120171,1
120176,1
120177,1
120178,1
120190,1
120191,0
120192,0
120193,1
120202,1
120210,1
120211,1
120213,1
120217,0
120219,1
120221,1
120222,1
120225,1
120228,0
120231,0
120232,0
120233,1
120235,1
120240,1
120241,1
120245,1
120248,1
120249,1
120251,1
120256,0
120260,1
120261,0
120262,0
120263,1
120268,0
120269,0
120272,0
120279,1
120282,0
120284,1
120287,1
120289,0
120295,0
120296,1
120298,1
120300,1
120301,0
120303,1
120306,1
120311,0
120313,0
120314,1
120317,0
120318,1
120319,0
120322,1
120326,1
120328,0
120331,1
120335,1
120344,1
120345,1
120346,1
120348,1
120350,0
120351,0
120353,1
120356,0
120358,0
120359,0
120360,0
120361,0
120363,1
120368,1
120369,0
120370,1
120373,1
120374,1
120375,0
120379,0
120381,1
120383,0
120384,0
120386,0
120387,1
120388,0
120390,0
120394,1
120395,0
120400,1
120406,0
120410,1
120412,0
120416,1
120419,1
120429,1
120433,1
120434,1
120438,0
120442,1
120443,0
120446,1
120449,1
120452,0
120454,0
120456,1
120460,0
120461,0
120462,0
120474,0
120479,0
120485,1
120493,0
120494,0
120500,1
120501,1
120502,1
120504,0
120506,1
120511,0
120512,1
120513,1
120514,0
120515,0
120516,0
120519,1
120521,1
120524,0
120526,0
120528,1
120529,0
120530,1
120531,0
120532,1
120533,1
120538,1
120539,0
120542,0
120544,0
120547,0
120551,1
120556,1
120557,0
120559,0
120566,1
120568,1
120576,0
120581,1
120583,0
120592,0
120594,0
120595,0
120601,1
120603,0
120604,0
120608,0
120610,1
120613,0
120616,0
120618,0
120620,0
120623,0
120625,1
120626,0
120627,0
120628,0
120635,1
120637,0
120638,0
120640,1
120644,0
120645,0
120646,0
120650,1
120655,0
120657,0
120659,0
120661,0
120665,0
120666,0
120668,0
120669,0
120670,0
120674,0
120675,1
120677,1
120681,0
120682,1
120684,0
120686,1
120689,0
120690,1
120691,1
120692,1
120695,1
120698,1
120699,0
120708,1
120714,1
120716,0
120717,0
120720,0
120724,1
120728,1
120729,0
120730,0
120731,0
120732,0
120733,0
120738,1
120739,0
120740,0
120741,0
120742,0
120745,0
120747,0
120752,0
120755,0
120761,0
120763,0
120770,1
120771,1
120775,1
120776,1
120778,1
120784,1
120786,0
120789,1
120791,1
120796,0
120801,0
120802,0
120807,0
120810,0
120812,1
120814,0
120818,0
120819,1
120823,0
120824,1
120825,1
120827,0
120828,1
120829,1
120830,1
120836,0
120837,1
120840,1
120841,0
120842,1
120845,0
120852,1
120853,1
120854,0
120860,0
120865,0
120866,1
120868,0
120870,1
120871,1
120872,1
120874,1
120875,1
120879,1
120880,0
120882,1
120887,0
120889,1
120895,1
120896,0
120899,1
120901,0
120903,0
120907,1
120909,0
120915,0
120920,0
120923,0
120924,1
120926,1
120927,0
120928,1
120933,0
120939,1
120940,1
120941,1
120942,1
120943,0
120944,0
120945,1
120950,0
120952,0
120955,1
120962,0
120968,1
120969,0
120970,0
120973,0
120975,0
120976,0
120978,1
120979,0
120982,1
120984,0
120985,0
120990,0
120992,1
120993,1
120994,0
120995,1
120996,1
120999,1
121000,1
121006,1
121007,1
121008,1
121009,1
121011,0
121012,0
121016,1
121019,0
121020,1
121022,0
121024,1
121030,1
121031,1
121038,0
121040,1
121041,1
121044,1
121048,1
121055,0
121056,1
121057,1
121060,0
121063,0
121067,0
121079,1
121092,1
121094,1
121096,1
121097,0
121100,0
121101,1
121108,1
121111,0
121113,0
121114,0
121116,0
121121,1
121122,1
121125,1
121129,1
121130,0
121131,1
121132,0
121133,1
121135,0
121140,1
121146,1
121147,1
121148,1
121152,1
121153,1
121154,1
121158,0
121161,1
121162,0
121164,0
121165,1
121166,0
121167,0
121168,0
121172,0
121177,1
121178,1
121186,0
121194,0
121196,0
121201,1
121202,1
121203,1
121207,1
121208,0
121211,1
121220,0
121221,0
121222,1
121223,1
121224,0
121226,1
121229,1
121235,1
121239,0
121241,1
121246,1
121247,0
121250,1
121252,0
121255,0
121263,0
121265,1
121266,0
121270,1
121271,0
121272,1
121274,1
121275,0
121276,0
121277,0
121278,0
121281,1
121283,1
121287,0
121288,1
121289,0
121291,0
121299,1
121306,0
121307,0
121310,0
121311,1
121312,0
121313,0
121314,0
121318,0
121322,1
121323,0
121325,1
121330,0
121331,1
121332,0
121333,1
121335,1
121339,1
121340,0
121341,1
121342,0
121344,0
121346,0
121347,1
121351,0
121353,0
121354,1
121357,1
121360,0
121361,1
121363,0
121365,0
121366,1
121369,0
121371,0
121372,1
121373,1
121375,0
121386,1
121392,1
121394,1
121397,1
121398,0
121400,0
121403,1
121410,1
121411,1
121415,1
121419,0
121427,1
121433,0
121435,0
121436,0
121444,0
121451,1
121456,0
121458,0
121460,0
121462,1
121463,1
121464,1
121465,1
121472,1
121473,1
121478,0
121483,0
121484,0
121485,0
121486,0
121487,1
121488,1
121492,1
121493,0
121498,0
121499,0
121500,1
121501,1
121502,1
121509,0
121515,1
121516,1
121518,1
121520,1
121521,1
121526,0
121528,0
121532,1
121538,1
121539,1
121542,1
121544,0
121546,0
121548,1
121553,0
121554,0
121555,0
121558,1
121560,1
121561,1
121563,1
121565,0
121566,1
121567,1
121568,1
121569,0
121571,0
121574,1
121576,1
121577,1
121588,0
121590,0
121599,1
121601,0
121602,1
121603,1
121604,1
121605,1
121610,0
121615,1
121616,1
121623,0
121624,1
121625,1
121627,0
121632,0
121635,1
121638,0
121639,0
121640,0
121641,1
121644,1
121653,0
121654,0
121656,1
121660,0
121662,0
121663,1
121669,1
121670,0
121671,1
121672,1
121684,1
121686,0
121689,1
121693,0
121694,0
121696,0
121701,1
121703,1
121705,1
121712,0
121713,1
121716,0
121718,0
121720,1
121730,0
121731,1
121734,1
121735,0
121741,0
121743,1
121746,0
121749,1
121750,1
121752,0
121753,1
121754,1
121755,1
121756,0
121757,0
121762,0
121766,1
121767,1
121769,0
121770,0
121771,0
121774,0
121776,0
121778,0
121779,1
121780,0
121781,1
121784,1
121787,1
121792,1
121793,1
121794,1
121796,0
121798,1
121799,0
121801,0
121802,1
121805,1
121806,1
121813,1
121814,0
121816,1
121819,0
121821,0
121822,0
121823,0
121825,0
121827,1
121828,1
121835,0
121838,0
121839,1
121840,1
121841,0
121843,1
121847,0
121849,0
121850,1
121851,1
121861,0
121862,0
121869,0
121872,1
121874,1
121876,1
121877,1
121878,1
121882,1
121883,0
121884,0
121890,0
121893,1
121901,1
121906,1
121907,1
121908,0
121910,0
121911,1
121912,0
121915,0
121916,0
121917,1
121919,0
121924,1
121925,0
121926,0
121927,0
121930,0
121931,1
121933,0
121934,0
121935,1
121937,1
121942,0
121945,1
121947,0
121949,1
121952,1
121953,1
121958,0
121964,1
121967,1
121973,1
121975,0
121976,0
121982,1
121983,1
121984,1
121993,0
121998,0
121999,0
122000,1
122001,0
122002,0
122009,1
122011,0
122012,0
122016,0
122018,0
122020,0
122022,0
122023,0
122024,0
122027,0
122029,1
122037,0
122040,0
122042,1
122043,1
122044,1
122045,1
122049,0
122056,1
122057,1
122058,0
122061,0
122062,0
122065,1
122066,1
122067,0
122068,0
122071,1
122072,1
122074,0
122077,0
122081,0
122086,0
122089,1
122093,1
122097,1
122101,0
122105,0
122109,0
122111,0
122115,1
122117,0
122119,1
122121,0
122125,1
122129,1
122135,1
122137,1
122140,1
122141,0
122142,1
122145,1
122149,0
122151,1
122154,1
122157,1
122160,0
122163,0
122164,1
122168,0
122174,1
122175,0
122184,1
122185,0
122186,1
122187,0
122189,0
122194,1
122195,0
122196,1
122197,0
122198,0
122199,0
122200,1
122206,0
122209,0
122211,0
122214,1
122216,0
122217,0
122218,0
122220,0
122223,1
122224,0
122226,0
122231,0
122233,0
122237,1
122238,0
122239,1
122240,1
122241,0
122242,1
122243,1
122249,1
122250,1
122251,1
122252,0
122253,1
122255,1
122258,0
122265,1
122267,1
122268,1
122270,0
122274,1
122277,0
122280,0
122281,0
122282,0
122283,0
122287,1
122290,1
122291,0
122292,1
122294,1
122295,0
122297,1
122305,0
122306,1
122312,1
122314,1
122315,1
122316,1
122319,1
122320,1
122324,0
122330,0
122331,0
122336,1
122337,0
122338,0
122340,1
122343,0
122347,0
122349,0
122356,0
122357,0
122359,0
122361,0
122364,1
122365,0
122368,0
122369,0
122374,1
122376,0
122378,0
122379,1
122380,0
122385,0
122389,1
122392,1
122396,0
122398,0
122401,0
122402,0
122404,1
122406,1
122407,0
122409,0
122410,1
122411,0
122412,0
122413,0
122415,0
122416,0
122417,0
122419,1
122421,1
122430,1
122433,1
122437,0
122438,0
122442,1
122443,0
122444,0
122446,0
122447,0
122448,0
122449,1
122451,1
122455,1
122459,1
122462,1
122463,0
122465,0
122475,0
122477,1
122480,0
122484,0
122486,1
122494,1
122495,0
122497,1
122500,1
122503,1
122504,1
122507,1
122509,0
122510,0
122512,0
122515,0
122516,1
122517,1
122519,1
122523,0
122524,1
122526,1
122529,0
122530,1
122532,0
122533,0
122534,0
122539,0
122541,1
122542,1
122545,1
122549,0
122554,0
122559,1
122560,0
122562,0
122568,1
122569,0
122572,0
122573,0
122575,0
122580,0
122583,1
122587,1
122589,0
122593,0
122594,1
122598,0
122599,0
122600,1
122602,1
122604,0
122609,0
122611,0
122612,0
122613,1
122616,0
122626,0
122628,0
122630,0
122634,0
122635,1
122637,0
122640,1
122642,1
122645,0
122648,0
122649,1
122652,0
122660,0
122661,0
122662,0
122665,1
122666,1
122668,0
122671,1
122672,0
122673,1
122674,1
122676,1
122677,0
122679,0
122680,0
122681,0
122682,1
122683,0
122684,0
122685,1
122687,0
122688,0
122691,0
122692,1
122693,1
122698,0
122701,0
122706,0
122707,1
122713,0
122714,0
122716,0
122718,0
122720,0
122723,0
122726,1
122730,0
122732,0
122733,1
122737,1
122740,1
122743,1
122744,1
122756,0
122759,1
122761,0
122765,1
122766,1
122771,0
122773,0
122785,1
122787,1
122789,0
122790,0
122795,0
122796,0
122797,1
122800,1
122801,1
122802,0
122804,1
122808,1
122812,1
122816,1
122818,1
122819,1
122820,0
122823,0
122824,1
122826,0
122827,0
122829,0
122832,1
122839,0
122840,0
122842,0
122843,0
122845,0
122846,1
122847,0
122849,1
122850,1
122851,0
122855,1
122857,0
122858,0
122859,0
122860,0
122862,0
122867,1
122872,0
122874,1
122881,0
122882,1
122883,1
122886,0
122888,1
122890,0
122902,1
122903,1
122905,1
122909,0
122911,1
122912,1
122913,1
122915,1
122917,1
122921,1
122923,1
122925,0
122927,0
122928,0
122933,1
122934,0
122936,1
122942,1
122944,1
122948,1
122954,0
122955,1
122956,0
122958,0
122959,1
122962,1
122966,0
122968,0
122969,0
122973,1
122975,0
122979,1
122980,0
122981,0
122983,0
122984,0
122987,0
122988,1
122990,0
122992,1
122995,1
122996,0
123000,1
123001,0
123005,0
123006,0
123009,0
123020,0
123021,1
123022,0
123023,0
123028,0
123030,1
123033,1
123035,1
123037,1
123038,1
123040,1
123041,1
123043,0
123045,0
123046,1
123048,0
123049,1
123052,1
123054,1
123063,0
123064,0
123065,1
123068,1
123071,0
123075,0
123076,1
123078,1
123079,0
123081,0
123082,1
123084,1
123086,1
123093,1
123095,0
123097,1
123101,0
123102,1
123104,1
123107,1
123108,0
123110,0
123113,0
123114,0
123122,0
123126,0
123127,0
123128,0
123131,1
123133,0
123136,1
123137,0
123139,1
123140,0
123143,1
123146,0
123147,1
123149,0
123151,0
123154,1
123155,0
123157,1
123160,0
123163,1
123167,0
123168,0
123170,1
123172,0
123176,0
123184,0
123185,1
123187,1
123189,1
123190,0
123192,0
123193,1
123194,1
123195,1
123198,0
123201,1
123202,0
123203,1
123210,1
123213,0
123215,0
123216,0
123221,1
123224,0
123234,0
123239,1
123243,0
123245,0
123247,1
123248,0
123250,0
123252,1
123253,1
123254,1
123255,0
123256,0
123268,1
123273,0
123274,0
123275,1
123276,1
123285,0
123288,1
123289,0
123290,1
123293,0
123294,1
123298,1
123307,0
123308,0
123309,0
123311,1
123312,0
123314,1
123320,1
123322,0
123323,0
123325,0
123327,1
123328,1
123334,1
123335,0
123336,1
123340,0
123342,0
123343,1
123344,0
123345,1
123346,1
123354,1
123356,0
123357,0
123363,1
123364,1
123369,1
123370,0
123373,0
123379,1
123380,0
123381,0
123382,1
123383,1
123387,1
123390,0
123391,0
123398,0
123399,0
123405,0
123406,1
123407,0
123408,0
123412,0
123414,1
123419,0
123420,0
123423,1
123425,0
123427,1
123429,1
123432,0
123434,1
123435,0
123437,0
123438,0
123439,1
123440,0
123443,1
123444,1
123445,0
123448,1
123449,1
123450,1
123451,0
123452,1
123453,0
123456,0
123457,0
123460,1
123464,0
123468,0
123469,0
123470,1
123473,0
123479,0
123480,0
123481,0
123486,1
123489,0
123490,0
123491,0
123492,0
123496,1
123497,1
123499,0
123501,0
123503,1
123510,1
123512,1
123515,1
123518,0
123519,1
123523,1
123528,0
123532,1
123534,0
123538,1
123549,1
123553,1
123556,0
123558,0
123559,0
123562,1
123563,1
123564,1
123566,1
123569,0
123570,0
123571,0
123572,1
123574,0
123577,0
123579,0
123580,0
123582,0
123587,0
123589,1
123590,0
123596,1
123597,0
123598,0
123600,0
123604,0
123606,1
123607,0
123610,0
123612,0
123613,0
123616,1
123619,0
123622,0
123623,0
123624,1
123628,0
123629,0
123630,1
123631,0
123632,1
123633,0
123640,0
123641,0
123647,0
123649,1
123651,1
123652,1
123654,1
123658,1
123659,1
123662,0
123669,1
123670,1
123673,1
123674,0
123676,0
123678,0
123679,0
123682,1
123686,0
123689,1
123693,0
123694,0
123696,0
123698,0
123699,0
123702,0
123707,1
123709,0
123710,0
123713,0
123715,0
123719,1
123720,0
123721,0
123724,1
123725,1
123726,1
123730,1
123731,0
123733,1
123734,0
123741,0
123742,0
123744,1
123745,0
123747,0
123748,0
123749,0
123750,0
123751,1
123753,0
123755,0
123761,1
123762,0
123763,0
123765,0
123766,1
123767,1
123768,0
123772,1
123773,1
123776,0
123779,1
123782,0
123783,0
123787,0
123788,0
123790,1
123793,0
123796,0
123798,1
123799,0
123801,1
123802,1
123803,1
123804,0
123805,1
123806,1
123807,1
123808,0
123810,0
123811,1
123812,1
123813,0
123814,1
123818,0
123819,1
123824,1
123826,1
123829,1
123830,1
123832,1
123834,1
123837,1
123838,0
123839,0
123843,0
123844,0
123845,1
123854,0
123855,0
123865,0
123869,0
123870,0
123872,0
123876,1
123877,1
123880,0
123881,0
123883,0
123884,0
123885,0
123889,1
123893,1
123894,0
123895,0
123896,0
123897,0
123898,0
123899,0
123900,1
123902,1
123904,1
123906,1
123910,1
123912,1
123913,0
123916,0
123927,1
123928,0
123929,0
123934,0
123935,1
123937,1
123942,0
123952,1
123954,0
123957,1
123958,1
123961,0
123962,0
123963,0
123966,1
123970,0
123972,1
123975,0
123977,0
123980,0
123981,1
123982,1
123983,1
123984,0
123985,1
123986,0
123990,1
123991,0
123992,1
123993,0
123996,0
123997,0
123998,1
124000,0
124003,1
124013,1
124017,0
124019,0
124020,0
124021,1
124022,1
124023,1
124024,0
124025,1
124028,1
124029,1
124031,0
124034,0
124035,1
124037,0
124038,1
124039,1
124040,1
124042,1
124043,1
124045,0
124050,1
124055,0
124057,1
124059,0
124060,1
124061,1
124067,0
124068,0
124069,0
124070,1
124071,0
124072,1
124074,1
124075,1
124080,1
124081,0
124083,0
124088,1
124090,0
124091,0
124093,0
124094,1
124097,1
124098,0
124101,0
124104,0
124105,0
124107,0
124108,1
124110,0
124111,1
124115,1
124117,1
124122,1
124123,1
124126,0
124127,1
124131,0
124132,0
124133,1
124134,0
124135,1
124138,1
124139,1
124142,0
124146,1
124149,1
124151,0
124153,0
124155,0
124156,1
124157,1
124160,1
124166,0
124167,0
124171,0
124172,0
124173,1
124174,1
124178,1
124180,1
124181,1
124184,0
124187,0
124188,1
124189,0
124194,0
124197,0
124198,0
124200,1
124201,0
124206,1
124207,0
124209,0
124210,0
124211,0
124213,1
124215,1
124225,1
124226,0
124229,0
124230,0
124231,0
124233,1
124235,1
124242,0
124244,0
124245,1
124247,1
124254,0
124256,1
124257,0
124259,0
124260,1
124261,0
124264,0
124266,1
124267,0
124269,1
124270,1
124273,0
124274,0
124278,1
124279,1
124284,0
124286,1
124290,1
124294,1
124296,1
124297,0
124298,0
124299,0
124300,1
124305,0
124307,0
124310,0
124312,0
124314,1
124317,0
124318,1
124323,0
124324,0
124326,0
124331,1
124332,0
124333,0
124336,0
124337,1
124338,1
124341,1
124342,0
124343,0
124344,1
124346,0
124347,1
124350,0
124352,0
124353,0
124354,1
124356,0
124357,0
124358,1
124359,0
124361,0
124363,0
124367,1
124373,0
124374,1
124375,1
124376,0
124383,1
124389,0
124390,0
124392,0
124397,1
124399,0
124401,1
124402,1
124406,0
124407,1
124408,1
124409,1
124412,1
124413,1
124416,1
124417,0
124422,1
124426,0
124430,1
124431,1
124434,0
124435,1
124442,1
124443,0
124445,1
124447,0
124452,0
124457,1
124462,1
124463,1
124470,0
124472,0
124478,1
124480,0
124481,0
124482,1
124485,0
124487,1
124488,1
124493,1
124496,1
124499,0
124505,0
124511,1
124514,0
124515,0
124516,1
124520,1
124521,1
124522,1
124523,1
124524,1
124525,0
124528,0
124530,1
124533,0
124534,1
124536,0
124537,0
124538,1
124541,0
124545,1
124548,0
124549,1
124550,1
124552,0
124553,0
124554,1
124559,0
124560,1
124561,0
124569,0
124570,0
124571,1
124574,0
124582,0
124583,1
124585,0
124587,0
124588,0
124589,1
124593,0
124594,0
124596,0
124598,0
124601,0
124603,0
124605,0
124607,0
124610,1
124611,1
124614,1
124620,0
124621,1
124622,1
124624,0
124625,0
124626,1
124627,1
124628,0
124638,1
124639,0
124644,0
124645,1
124647,1
124648,0
124653,0
124655,1
124656,1
124658,1
124669,0
124671,1
124674,0
124676,0
124678,1
124680,0
124682,0
124684,0
124689,1
124693,1
124699,1
124702,0
124703,0
124707,0
124713,0
124714,0
124717,0
124720,1
124725,1
124728,1
124729,0
124730,0
124731,1
124732,0
124735,0
124739,1
124751,0
124753,1
124755,0
124756,0
124759,1
124760,1
124761,1
124763,1
124764,1
124765,1
124767,0
124768,0
124770,0
124776,0
124782,0
124787,0
124789,0
124790,1
124791,0
124793,1
124795,0
124798,0
124808,1
124809,0
124814,0
124815,0
124821,0
124823,1
124825,0
124826,1
124830,1
124831,0
124833,0
124834,1
124844,0
124846,0
124849,0
124850,0
124851,1
124857,1
124859,1
124860,1
124862,1
124863,0
124865,0
124867,0
124868,0
124869,0
124870,0
124872,1
124873,1
124877,0
124883,0
124884,1
124885,1
124889,1
124893,0
124894,1
124895,1
124896,1
124897,1
124903,0
124906,1
124907,1
124909,0
124910,0
124911,1
124914,1
124917,0
124921,0
124923,0
124926,0
124929,0
124930,0
124931,0
124932,1
124933,0
124935,0
124936,0
124937,0
124944,1
124946,0
124947,1
124951,1
124956,1
124957,1
124960,0
124962,0
124964,1
124965,1
124972,0
124975,0
124980,0
124981,0
124983,0
125001,1
125002,1
125004,1
125005,0
125006,0
125008,1
125011,0
125012,1
125021,0
125023,0
125024,0
125025,1
125026,1
125032,1
125033,1
125036,0
125041,0
125044,1
125046,1
125049,0
125050,1
125051,1
125057,0
125058,1
125059,0
125060,1
125061,0
125062,1
125064,0
125067,0
125069,1
125070,0
125071,1
125078,0
125082,0
125083,0
125084,1
125087,0
125088,0
125089,0
125091,1
125092,1
125094,1
125095,0
125096,1
125097,1
125098,0
125105,1
125109,0
125110,0
125114,1
125116,0
125120,0
125121,1
125122,0
125128,0
125129,1
125130,1
125132,1
125133,0
125134,1
125135,1
125137,0
125139,0
125140,1
125143,1
125144,1
125145,0
125147,0
125148,1
125149,0
125151,1
125153,0
125154,0
125155,0
125158,0
125161,0
125164,1
125165,0
125166,1
125167,0
125171,0
125172,0
125176,1
125179,1
125183,1
125184,1
125185,0
125195,1
125196,1
125197,0
125198,0
125200,0
125202,1
125208,1
125209,0
125210,1
125211,1
125212,1
125213,1
125216,0
125218,1
125219,0
125227,0
125228,1
125230,1
125231,1
125232,0
125233,1
125236,0
125238,0
125240,1
125241,0
125243,0
125244,1
125248,1
125250,0
125254,0
125255,0
125257,1
125262,1
125263,1
125266,1
125270,0
125273,1
125276,0
125278,0
125280,1
125281,0
125284,0
125286,0
125287,0
125288,0
125289,1
125290,0
125291,0
125293,0
125294,0
125299,0
125302,0
125303,1
125306,0
125307,0
125310,1
125311,0
125313,0
125315,1
125317,0
125321,0
125324,1
125325,1
125326,0
125332,1
125334,1
125335,0
125338,0
125339,0
125341,1
125342,0
125348,1
125350,0
125352,1
125353,0
125354,0
125359,0
125362,1
125368,0
125370,0
125371,0
125376,0
125379,0
125381,1
125382,1
125383,0
125394,1
125396,0
125397,0
125402,0
125406,0
125408,0
125409,0
125415,1
125416,1
125417,1
125419,0
125420,1
125422,0
125423,0
125425,0
125427,1
125429,0
125430,0
125431,0
125432,0
125435,0
125437,1
125443,1
125444,0
125445,1
125447,1
125449,1
125450,1
125454,0
125455,0
125456,0
125458,0
125459,1
125460,0
125461,0
125465,1
125472,0
125474,1
125475,0
125478,0
125481,0
125484,0
125485,0
125487,0
125490,1
125492,1
125495,0
125499,0
125500,0
125502,0
125504,0
125505,0
125506,1
125509,1
125511,1
125513,0
125516,0
125517,1
125519,1
125520,1
125524,0
125531,1
125532,1
125534,1
125535,0
125536,0
125538,0
125540,1
125541,1
125543,0
125544,0
125545,1
125552,1
125553,1
125554,1
125555,1
125557,1
125563,0
125564,0
125567,0
125568,0
125570,0
125571,0
125573,1
125574,0
125575,1
125576,0
125579,1
125580,0
125584,0
125587,1
125588,1
125592,1
125597,0
125600,0
125601,0
125603,1
125605,0
125606,0
125610,1
125612,1
125618,0
125626,1
125627,0
125629,1
125630,0
125633,0
125635,0
125637,1
125638,0
125640,0
125641,0
125643,1
125645,0
125647,1
125651,0
125652,1
125653,1
125654,1
125656,1
125658,0
125659,0
125667,1
125669,1
125673,0
125675,1
125677,0
125681,0
125682,1
125685,1
125687,1
125689,1
125693,1
125702,0
125704,0
125707,0
125714,0
125715,1
125717,0
125718,0
125719,1
125721,0
125722,1
125727,1
125728,1
125732,0
125736,0
125739,0
125740,1
125742,0
125744,0
125745,0
125746,1
125748,0
125749,0
125752,1
125758,1
125759,0
125760,0
125762,0
125765,1
125767,1
125773,0
125776,0
125779,0
125781,0
125782,1
125783,1
125784,0
125789,0
125790,0
125791,1
125793,1
125794,0
125795,0
125797,0
125799,0
125801,0
125803,1
125806,0
125810,0
125811,0
125813,1
125814,0
125819,1
125822,0
125823,0
125832,1
125834,1
125835,1
125836,0
125837,0
125840,1
125841,1
125843,0
125844,1
125846,1
125847,0
125850,1
125853,0
125856,0
125857,0
125858,0
125859,1
125860,1
125863,0
125865,1
125866,1
125870,1
125876,0
125877,0
125882,0
125884,1
125888,1
125889,0
125890,1
125892,0
125893,1
125894,1
125895,0
125896,1
125897,1
125900,0
125907,1
125908,0
125910,0
125911,1
125915,1
125920,1
125923,0
125934,0
125940,0
125943,0
125944,0
125946,1
125950,1
125951,0
125952,0
125958,0
125963,0
125964,1
125965,0
125967,1
125968,1
125969,0
125970,1
125971,1
125973,0
125975,1
125978,1
125982,1
125988,1
125991,1
125998,1
125999,1
126001,0
126004,1
126005,0
126011,0
126012,1
126014,1
126016,0
126017,1
126018,1
126020,0
126022,1
126025,1
126027,0
126029,1
126031,1
126033,1
126038,1
126042,1
126043,0
126046,0
126048,1
126049,0
126050,0
126051,0
126062,0
126064,0
126065,0
126069,0
126070,1
126072,0
126077,0
126079,1
126080,0
126090,0
126096,0
126097,1
126099,0
126100,0
126103,0
126104,1
126108,1
126111,1
126117,0
126118,0
126119,1
126121,0
126122,1
126126,0
126127,0
126130,0
126132,1
126133,0
126135,0
126137,1
126140,1
126141,0
126142,0
126144,0
126145,0
126148,1
126151,0
126155,0
126156,0
126157,1
126160,1
126161,1
126162,1
126166,0
126168,1
126172,0
126175,0
126176,1
126177,1
126178,0
126180,0
126181,0
126182,0
126187,0
126188,0
126190,1
126191,0
126195,1
126197,0
126198,0
126199,1
126206,1
126207,1
126208,1
126211,0
126222,1
126224,1
126225,0
126227,0
126231,0
126233,0
126234,0
126237,0
126238,0
126239,1
126243,0
126249,1
126250,1
126251,0
126257,0
126258,0
126259,1
126260,1
126261,0
126263,1
126266,0
126271,1
126273,1
126274,0
126275,1
126282,0
126284,0
126285,0
126291,0
126298,0
126301,1
126305,1
126307,1
126311,0
126312,0
126313,1
126316,1
126318,1
126321,1
126325,1
126326,0
126333,0
126335,0
126336,0
126337,1
126338,0
126339,1
126340,0
126343,0
126346,1
126347,0
126349,1
126350,0
126353,1
126354,0
126355,1
126357,0
126358,1
126359,1
126363,1
126365,1
126373,0
126377,0
126379,0
126381,1
126383,0
126385,1
126386,1
126388,0
126389,1
126391,1
126393,0
126394,0
126395,0
126397,0
126400,1
126404,1
126405,1
126409,1
126411,0
126412,0
126414,0
126419,1
126425,1
126427,0
126435,0
126437,1
126438,0
126442,0
126450,1
126453,0
126455,1
126458,0
126460,0
126462,0
126463,0
126464,0
126465,1
126466,0
126467,0
126469,1
126470,0
126471,0
126473,1
126475,1
126476,1
126478,0
126479,0
126487,1
126489,0
126490,1
126495,0
126497,1
126498,1
126500,1
126501,1
126502,0
126503,1
126504,0
126509,1
126510,1
126512,0
126515,0
126516,0
126523,1
126527,0
126528,0
126529,1
126530,1
126531,0
126535,0
126538,0
126540,0
126541,0
126542,0
126543,1
126545,1
126550,1
126551,1
126552,0
126554,1
126555,0
126558,0
126561,0
126562,0
126563,0
126568,0
126569,1
126571,1
126572,0
126573,0
126575,0
126576,1
126579,1
126582,1
126585,1
126593,0
126594,1
126597,0
126598,0
126599,0
126602,0
126608,0
126613,0
126614,0
126615,1
126616,0
126620,1
126621,1
126622,0
126624,1
126625,0
126626,1
126628,0
126630,1
126632,1
126633,0
126634,1
126636,0
126642,1
126646,0
126648,1
126651,1
126652,0
126653,0
126658,0
126662,1
126664,0
126665,0
126667,0
126668,0
126669,1
126674,1
126680,1
126682,1
126685,0
126687,1
126688,1
126689,0
126690,1
126693,0
126695,0
126698,1
126704,0
126707,0
126708,1
126709,1
126711,0
126715,1
126716,0
126717,1
126720,0
126721,1
126723,1
126724,0
126733,0
126734,0
126735,0
126736,1
126738,0
126739,1
126742,1
126743,1
126746,1
126749,0
126752,1
126758,1
126761,0
126762,0
126765,1
126768,0
126775,1
126776,1
126786,0
126792,1
126794,1
126796,1
126798,0
126800,0
126804,1
126805,1
126806,0
126807,0
126808,1
126809,1
126810,0
126811,1
126813,0
126814,0
126820,1
126821,0
126822,1
126824,1
126826,0
126830,0
126832,1
126836,1
126837,1
126838,1
126842,0
126843,1
126844,0
126846,1
126855,1
126857,0
126859,1
126863,0
126864,1
126866,0
126868,0
126869,1
126872,0
126873,1
126874,0
126878,0
126879,0
126880,1
126883,0
126884,1
126885,1
126886,0
126887,1
126888,1
126889,1
126892,1
126898,1
126899,0
126901,1
126903,0
126911,0
126912,1
126913,0
126915,0
126916,0
126917,0
126922,0
126926,1
126930,1
126932,0
126934,0
126935,0
126936,1
126937,0
126943,0
126945,0
126946,0
126948,0
126950,1
126954,0
126956,1
126958,0
126960,1
126961,1
126965,0
126967,0
126971,1
126979,1
126980,0
126985,0
126988,0
126994,0
126995,0
126998,1
127002,1
127003,0
127006,1
127008,1
127015,0
127016,0
127017,1
127018,1
127020,1
127021,1
127022,0
127025,1
127031,0
127032,1
127034,1
127035,0
127037,1
127040,1
127042,1
127043,1
127052,0
127055,1
127056,1
127057,1
127058,1
127063,0
127064,1
127065,0
127066,0
127067,1
127068,1
127071,1
127072,1
127073,1
127074,1
127075,1
127076,0
127079,1
127081,0
127085,1
127086,1
127088,1
127089,0
127091,0
127092,1
127093,1
127094,0
127097,1
127099,1
127102,1
127104,0
127108,0
127110,0
127112,0
127117,0
127119,0
127121,1
127122,1
127124,1
127125,1
127127,0
127130,1
127131,1
127133,0
127135,0
127137,1
127139,0
127143,0
127146,1
127147,0
127148,0
127154,1
127162,1
127167,0
127169,1
127173,1
127174,1
127175,0
127177,1
127178,0
127180,1
127181,1
127182,0
127183,0
127184,0
127185,0
127189,0
127191,1
127194,1
127195,0
127197,0
127200,0
127201,1
127202,1
127209,0
127211,0
127213,0
127214,1
127215,0
127220,1
127222,1
127223,0
127225,0
127226,1
127232,0
127236,1
127239,1
127240,0
127241,0
127250,0
127255,0
127257,1
127261,0
127264,0
127266,0
127269,1
127275,1
127280,0
127287,0
127298,0
127300,0
127301,0
127302,0
127304,0
127307,0
127310,0
127314,0
127315,0
127317,0
127318,0
127320,1
127321,1
127328,0
127330,0
127331,1
127332,1
127333,1
127335,0
127338,0
127340,0
127341,1
127346,0
127348,1
127349,0
127356,1
127358,1
127368,0
127369,1
127370,0
127372,1
127378,1
127388,0
127393,1
127396,0
127402,0
127406,0
127407,1
127408,0
127411,1
127414,0
127418,0
127420,0
127421,0
127422,1
127423,1
127424,1
127425,0
127429,1
127433,0
127434,0
127447,1
127452,0
127453,0
127454,0
127456,1
127457,1
127459,0
127460,1
127461,0
127463,1
127464,0
127466,1
127467,0
127471,0
127472,1
127473,1
127474,0
127478,0
127480,1
127483,1
127485,1
127486,1
127488,1
127490,1
127494,0
127495,0
127498,0
127499,1
127502,0
127510,1
127511,1
127514,0
127518,1
127519,0
127524,0
127525,0
127527,1
127530,0
127532,0
127535,0
127540,1
127542,1
127545,0
127546,1
127547,0
127550,0
127551,0
127553,1
127555,0
127558,1
127559,1
127563,1
127565,1
127568,1
127572,0
127576,1
127577,1
127578,1
127579,1
127582,1
127587,1
127590,1
127593,0
127594,0
127595,0
127597,0
127598,0
127604,1
127609,0
127610,1
127611,0
127612,1
127615,1
127616,1
127619,1
127620,0
127624,1
127625,0
127627,0
127628,1
127633,0
127638,0
127639,1
127641,1
127644,1
127648,1
127650,1
127653,1
127659,0
127661,0
127667,0
127669,0
127670,0
127674,0
127675,0
127677,0
127678,1
127680,1
127682,1
127684,1
127686,0
127688,0
127689,0
127691,1
127693,0
127696,0
127699,0
127700,1
127706,0
127708,0
127709,1
127710,0
127711,0
127712,0
127715,0
127716,0
127717,1
127721,0
127724,1
127725,1
127729,0
127731,1
127735,0
127739,1
127742,1
127744,1
127748,1
127757,0
127758,0
127760,0
127761,1
127764,0
127771,0
127772,1
127777,1
127780,1
127782,0
127788,1
127795,1
127798,0
127800,1
127801,0
127802,0
127803,1
127805,1
127807,0
127808,0
127809,0
127811,1
127815,0
127816,0
127820,1
127821,1
127823,0
127824,1
127825,1
127827,1
127831,0
127834,1
127836,1
127839,1
127840,0
127843,1
127848,0
127850,0
127856,1
127859,1
127864,0
127866,0
127868,0
127869,0
127880,1
127889,0
127891,0
127894,1
127897,1
127907,1
127909,1
127911,0
127912,0
127914,0
127916,1
127920,0
127921,1
127922,0
127925,0
127929,1
127930,0
127932,0
127935,0
127936,1
127938,0
127940,0
127941,0
127944,1
127951,1
127955,1
127956,1
127957,0
127958,1
127963,1
127967,0
127969,1
127976,1
127978,0
127980,0
127981,1
127983,1
127984,1
127985,0
127987,0
127988,0
127990,0
127991,1
127995,0
127997,0
127999,0
128000,1
128003,0
128004,1
128005,1
128006,1
128018,1
128020,0
128025,1
128030,0
128031,0
128033,0
128036,1
128042,0
128044,0
128049,0
128051,0
128053,0
128054,1
128056,0
128058,0
128061,1
128064,1
128066,1
128068,1
128073,1
128074,1
128075,0
128076,1
128078,1
128080,0
128082,0
128083,1
128084,1
128087,0
128089,0
128092,0
128095,0
128096,0
128097,0
128105,1
128107,0
128110,0
128120,0
128122,0
128126,0
128130,0
128132,1
128136,0
128137,0
128138,1
128140,0
128141,0
128142,0
128143,0
128145,0
128147,0
128148,1
128149,0
128150,1
128152,0
128154,0
128155,0
128156,0
128158,0
128159,0
128162,1
128165,0
128170,1
128172,1
128173,0
128174,1
128177,0
128181,0
128183,0
128185,0
128191,0
128192,1
128196,1
128201,0
128206,1
128209,0
128211,0
128218,1
128223,1
128227,0
128231,0
128234,0
128236,1
128237,0
128238,0
128244,1
128247,1
128250,0
128253,1
128257,1
128260,0
128262,0
128266,0
128267,1
128268,0
128269,1
128277,0
128278,1
128281,0
128282,0
128283,0
128289,1
128294,0
128295,0
128298,0
128299,0
128300,1
128301,1
128304,1
128305,1
128309,0
128311,0
128313,1
128324,0
128325,0
128328,1
128329,0
128332,0
128334,0
128337,1
128338,1
128339,1
128342,0
128343,0
128349,0
128352,0
128353,1
128355,1
128356,1
128359,1
128361,1
128363,0
128366,1
128368,0
128369,0
128370,1
128372,0
128378,0
128379,0
128380,1
128381,1
128386,0
128387,1
128394,1
128397,0
128398,1
128399,0
128400,1
128401,0
128407,0
128408,0
128413,0
128416,0
128418,1
128420,1
128422,0
128425,1
128427,1
128429,1
128430,1
128433,0
128434,0
128436,1
128443,0
128444,0
128445,0
128446,1
128448,0
128450,0
128457,0
128458,1
128460,0
128462,1
128463,0
128464,0
128466,0
128468,1
128469,0
128471,1
128472,0
128475,0
128476,0
128477,1
128478,0
128486,0
128487,1
128492,0
128494,1
128496,0
128498,0
128499,1
128504,0
128505,1
128506,0
128507,0
128508,0
128509,0
128513,1
128517,0
128519,1
128520,1
128521,0
128528,0
128531,0
128538,0
128540,0
128541,1
128542,0
128543,0
128544,1
128545,1
128547,0
128551,1
128552,1
128553,1
128554,1
128556,1
128557,0
128558,0
128559,1
128564,1
128565,1
128567,0
128570,0
128571,0
128574,1
128576,0
128578,1
128580,0
128583,0
128586,0
128589,0
128594,1
128595,0
128596,0
128602,1
128603,0
128606,1
128609,1
128611,1
128612,0
128613,0
128614,0
128621,0
128625,0
128629,0
128634,0
128636,1
128637,1
128639,0
128640,1
128645,0
128649,1
128651,1
128652,0
128654,1
128657,0
128658,0
128659,0
128666,0
128671,0
128676,1
128678,1
128679,0
128681,1
128685,1
128686,1
128694,0
128699,1
128700,0
128702,0
128703,0
128705,0
128710,0
128712,0
128714,1
128718,1
128723,0
128725,1
128727,0
128728,0
128730,0
128731,0
128732,0
128733,0
128736,0
128737,0
128739,1
128742,1
128748,1
128751,0
128752,1
128754,0
128761,0
128764,0
128767,1
128768,0
128769,1
128771,0
128772,1
128785,1
128787,1
128788,1
128794,0
128795,0
128796,1
128797,0
128800,1
128801,0
128802,0
128805,1
128806,0
128807,0
128809,0
128810,1
128813,1
128814,0
128815,0
128821,1
128823,0
128826,0
128829,0
128831,0
128832,1
128839,0
128844,1
128846,1
128850,0
128853,0
128854,0
128857,0
128860,1
128861,1
128862,0
128864,1
128867,1
128870,1
128875,0
128876,0
128877,0
128878,0
128879,0
128880,0
128881,1
128886,1
128888,0
128889,1
128899,0
128905,0
128910,1
128912,1
128913,0
128919,0
128920,0
128923,1
128925,0
128928,0
128931,1
128937,1
128938,0
128939,1
128940,1
128941,1
128942,1
128944,0
128945,1
128951,0
128956,0
128958,0
128962,1
128964,0
128966,0
128967,1
128968,0
128970,0
128972,0
128973,0
128975,0
128978,0
128979,1
128984,0
128985,0
128986,0
128987,0
129009,1
129011,0
129012,1
129014,1
129015,0
129018,1
129022,1
129023,1
129024,1
129029,1
129030,1
129031,1
129032,1
129033,0
129037,0
129041,0
129043,1
129047,1
129048,1
129049,1
129050,0
129052,0
129054,0
129056,1
129057,0
129061,0
129062,1
129065,1
129066,0
129068,1
129069,0
129074,0
129075,1
129076,1
129077,1
129078,1
129079,1
129080,1
129081,1
129084,1
129085,1
129088,0
129091,1
129092,0
129095,1
129096,0
129102,0
129103,1
129104,1
129105,0
129107,1
129109,0
129112,0
129119,0
129122,1
129123,0
129125,1
129127,0
129129,0
129133,0
129135,0
129138,0
129140,1
129144,0
129145,1
129148,1
129153,0
129154,0
129155,1
129158,1
129162,0
129163,1
129167,1
129168,0
129169,1
129170,1
129172,0
129173,0
129175,1
129176,1
129180,1
129183,0
129190,1
129191,0
129196,1
129197,1
129198,1
129201,1
129202,0
129203,1
129205,1
129206,1
129207,1
129209,1
129210,0
129211,0
129215,0
129216,0
129217,0
129218,0
129220,0
129221,0
129223,1
129225,0
129228,1
129229,1
129232,0
129233,1
129239,1
129240,0
129242,0
129243,1
129245,1
129246,0
129248,1
129250,1
129252,0
129254,0
129258,1
129261,0
129271,0
129272,1
129273,0
129275,0
129284,0
129288,1
129291,0
129292,0
129297,0
129299,1
129300,0
129304,0
129306,0
129308,1
129310,0
129311,1
129314,1
129319,1
129322,0
129323,0
129324,1
129325,0
129327,0
129328,1
129329,1
129331,0
129332,0
129333,0
129334,1
129335,0
129337,1
129345,0
129346,0
129347,0
129349,0
129352,1
129354,1
129355,0
129360,0
129364,1
129368,1
129369,1
129371,0
129373,0
129374,1
129376,1
129379,1
129380,1
129389,0
129391,0
129393,0
129394,1
129401,0
129407,1
129408,0
129413,0
129417,1
129424,0
129426,1
129427,0
129433,1
129435,1
129437,1
129439,0
129440,1
129443,0
129449,1
129450,0
129451,0
129452,0
129453,1
129455,1
129456,0
129458,1
129460,0
129461,1
129466,0
129467,0
129468,0
129477,0
129479,1
129480,0
129481,0
129484,0
129486,1
129487,1
129488,0
129490,0
129492,0
129494,0
129500,0
129501,1
129502,1
129503,0
129504,0
129506,0
129510,0
129511,0
129512,0
129514,0
129517,1
129519,0
129525,0
129526,0
129531,0
129534,0
129536,1
129539,0
129541,0
129546,1
129549,0
129554,1
129555,1
129556,0
129557,1
129559,1
129564,1
129566,0
129569,0
129572,0
129576,0
129586,0
129588,0
129591,0
129594,0
129596,1
129600,1
129604,1
129606,0
129607,1
129608,1
129609,1
129610,0
129611,0
129613,1
129614,0
129617,0
129622,1
129624,0
129625,0
129627,0
129631,0
129635,1
129636,0
129640,0
129642,1
129643,1
129652,1
129657,1
129659,0
129660,0
129663,0
129669,0
129673,0
129675,0
129676,1
129677,1
129678,1
129679,1
129681,0
129682,1
129684,0
129685,1
129688,0
129689,0
129690,1
129692,0
129699,1
129700,0
129701,1
129702,0
129703,1
129704,0
129709,1
129712,0
129714,0
129715,0
129716,0
129717,0
129718,1
129720,0
129722,1
129725,0
129728,1
129731,1
129732,0
129734,1
129735,0
129736,0
129737,0
129743,0
129745,1
129750,0
129756,0
129758,0
129759,1
129762,0
129766,1
129768,0
129774,0
129776,0
129778,0
129781,1
129784,1
129791,1
129793,1
129794,1
129797,1
129799,0
129801,1
129803,0
129805,0
129806,0
129807,0
129810,0
129811,1
129814,0
129816,0
129818,0
129821,1
129823,1
129825,0
129827,0
129828,1
129831,1
129834,0
129835,0
129839,1
129845,1
129846,0
129849,1
129851,1
129852,1
129864,0
129865,0
129868,0
129873,0
129874,1
129875,0
129880,0
129882,0
129886,1
129888,0
129892,1
129894,0
129895,0
129900,0
129904,1
129907,1
129908,0
129909,1
129910,0
129912,0
129914,0
129915,1
129917,1
129918,1
129919,0
129923,1
129925,1
129926,0
129928,0
129929,1
129932,0
129933,0
129943,0
129945,1
129946,0
129947,1
129948,1
129950,0
129951,1
129953,1
129954,0
129955,1
129956,1
129957,1
129959,0
129962,1
129963,0
129964,0
129968,0
129969,0
129972,0
129977,0
129985,0
129989,1
129992,0
129996,0
130011,1
130013,1
130015,1
130017,0
130019,1
130023,0
130024,0
130025,0
130026,0
130028,0
130040,1
130041,0
130042,1
130045,0
130047,1
130048,1
130051,0
130052,0
130057,1
130059,0
130065,0
130069,1
130070,0
130071,1
130073,0
130075,0
130077,1
130078,1
130083,1
130087,0
130089,0
130093,0
130094,1
130098,1
130099,1
130101,1
130103,0
130106,1
130107,1
130112,0
130117,1
130121,0
130125,0
130126,1
130129,0
130130,1
130132,0
130134,1
130137,0
130138,1
130140,0
130141,0
130142,1
130143,0
130144,1
130145,0
130149,1
130151,1
130153,0
130154,1
130155,1
130156,0
130157,0
130161,1
130163,1
130164,0
130165,0
130167,1
130169,0
130170,1
130171,0
130172,0
130173,1
130174,0
130176,1
130177,1
130178,1
130179,0
130181,0
130190,0
130192,0
130194,1
130195,1
130197,1
130199,0
130202,0
130206,0
130209,0
130212,1
130214,0
130215,1
130217,1
130220,1
130223,0
130225,0
130226,0
130227,1
130230,1
130231,0
130234,0
130237,1
130240,0
130241,0
130245,0
130246,1
130249,1
130253,0
130255,1
130257,0
130260,1
130263,1
130265,1
130266,0
130271,1
130272,0
130274,1
130275,1
130278,0
130279,1
130280,0
130281,0
130287,1
130288,1
130293,0
130301,1
130303,1
130304,0
130307,0
130315,1
130317,0
130320,1
130321,1
130323,0
130324,0
130325,0
130326,0
130327,1
130328,1
130329,0
130334,0
130335,1
130336,0
130337,0
130338,0
130343,0
130345,0
130349,0
130351,0
130352,1
130355,1
130357,0
130358,0
130360,0
130362,0
130364,0
130368,1
130369,1
130370,1
130372,0
130378,1
130379,1
130383,0
130384,0
130385,0
130387,0
130388,0
130394,0
130396,1
130398,0
130401,0
130403,1
130404,0
130406,0
130407,1
130408,1
130412,0
130413,0
130415,1
130419,1
130423,1
130424,0
130426,0
130429,1
130431,0
130436,0
130437,0
130442,1
130448,0
130452,0
130454,1
130456,0
130460,0
130463,1
130465,0
130467,0
130468,1
130469,0
130476,1
130477,1
130478,1
130485,0
130486,1
130490,1
130491,1
130494,1
130495,1
130496,1
130498,1
130500,0
130503,0
130504,0
130505,0
130506,0
130510,0
130511,1
130515,0
130522,0
130524,0
130527,1
130531,1
130533,0
130536,1
130538,1
130539,0
130542,0
130543,0
130544,1
130546,0
130547,1
130557,0
130558,1
130559,0
130560,0
130569,1
130572,1
130575,0
130576,0
130578,0
130584,1
130586,1
130589,1
130593,1
130594,0
130595,0
130601,0
130603,1
130604,1
130607,0
130609,1
130610,0
130618,1
130620,0
130621,1
130625,0
130626,0
130627,0
130629,0
130630,0
130634,0
130636,1
130641,0
130643,1
130644,1
130645,1
130648,0
130649,0
130651,0
130652,1
130654,0
130656,0
130659,0
130660,0
130661,1
130664,1
130666,1
130672,1
130675,1
130676,0
130679,1
130681,1
130686,1
130688,1
130689,0
130690,0
130693,0
130696,1
130697,1
130703,1
130704,1
130707,0
130708,0
130709,0
130716,1
130719,1
130722,0
130723,0
130727,1
130728,1
130729,0
130731,0
130732,0
130733,1
130734,0
130738,1
130739,0
130741,0
130744,0
130745,0
130749,1
130751,1
130753,0
130754,0
130756,1
130759,1
130766,0
130769,1
130771,1
130773,1
130776,0
130780,0
130783,1
130784,0
130785,0
130788,0
130789,0
130790,1
130793,0
130797,0
130798,0
130799,0
130800,1
130803,0
130804,1
130805,1
130806,1
130807,1
130811,0
130812,1
130817,0
130825,0
130832,1
130834,1
130835,1
130836,1
130839,1
130841,1
130850,0
130857,0
130858,0
130859,1
130868,0
130870,1
130876,0
130878,1
130881,0
130884,1
130886,1
130891,1
130895,0
130898,0
130900,1
130903,1
130904,1
130908,0
130911,0
130912,1
130915,0
130917,1
130918,0
130919,0
130921,1
130922,1
130926,1
130930,0
130931,0
130932,1
130934,1
130936,1
130941,1
130944,0
130946,1
130948,0
130950,1
130952,1
130956,0
130958,0
130965,0
130969,1
130970,1
130973,0
130975,0
130977,0
130980,1
130983,1
130985,0
130988,0
130991,1
130992,1
130995,0
130996,1
130997,0
131000,0
131002,1
131007,0
131008,0
131011,0
131019,0
131021,0
131031,0
131032,1
131035,0
131043,0
131044,1
131045,0
131046,0
131047,0
131056,1
131060,0
131063,1
131065,0
131067,1
131069,1
131071,0
131073,1
131076,1
131081,0
131083,1
131085,1
131086,0
131087,1
131089,0
131090,0
131095,1
131108,0
131109,1
131110,1
131113,0
131118,1
131119,0
131120,1
131121,0
131122,0
131123,1
131127,1
131130,1
131131,0
131135,1
131137,0
131141,0
131142,1
131143,1
131145,0
131146,0
131147,0
131150,0
131158,0
131161,1
131166,1
131167,0
131169,1
131170,0
131173,0
131175,0
131176,1
131178,1
131179,0
131181,1
131183,1
131184,1
131190,0
131193,0
131202,0
131206,0
131210,0
131213,1
131214,0
131216,1
131217,0
131218,0
131224,1
131225,1
131226,0
131228,1
131229,1
131232,1
131234,1
131239,0
131240,1
131242,1
131245,1
131246,0
131252,0
131254,1
131255,0
131257,1
131259,0
131260,1
131261,0
131262,0
131264,0
131268,1
131270,1
131271,1
131273,0
131276,0
131277,1
131279,1
131283,0
131287,0
131292,0
131294,0
131299,1
131301,0
131302,1
131303,1
131307,0
131314,0
131317,0
131319,1
131320,1
131322,0
131325,1
131328,1
131332,1
131339,0
131341,0
131342,0
131343,1
131345,0
131350,0
131352,0
131360,1
131361,1
131362,1
131364,0
131365,0
131366,0
131367,0
131368,0
131372,0
131373,0
131378,1
131381,1
131388,0
131392,0
131393,1
131394,0
131396,1
131397,0
131398,1
131402,0
131411,0
131412,1
131418,1
131420,0
131421,0
131427,1
131428,1
131431,0
131433,1
131435,0
131436,1
131437,1
131445,1
131446,1
131456,1
131463,0
131466,0
131467,0
131468,0
131470,0
131471,0
131473,0
131479,0
131481,1
131483,1
131486,0
131491,0
131492,1
131493,1
131494,0
131495,0
131496,0
131497,1
131500,0
131502,1
131504,0
131509,0
131513,0
131516,0
131517,1
131519,1
131520,1
131526,0
131527,1
131528,0
131529,1
131532,1
131534,1
131538,1
131539,0
131543,0
131545,0
131547,0
131548,1
131561,1
131562,1
131564,1
131568,1
131573,1
131575,0
131577,0
131578,1
131579,0
131580,0
131581,0
131586,0
131587,1
131588,0
131590,1
131591,0
131594,0
131596,0
131597,1
131598,1
131600,1
131603,0
131604,0
131605,0
131608,0
131610,0
131612,0
131613,0
131614,1
131618,1
131623,1
131625,1
131627,0
131629,1
131631,0
131634,1
131637,0
131638,0
131639,0
131641,0
131649,0
131652,0
131655,0
131667,1
131668,0
131669,0
131672,0
131674,1
131676,0
131677,0
131679,1
131681,1
131684,1
131688,0
131689,1
131692,1
131693,1
131695,0
131697,1
131701,0
131702,0
131703,0
131704,1
131705,1
131710,1
131719,0
131720,0
131722,0
131725,1
131726,1
131729,0
131736,1
131737,0
131742,0
131746,1
131747,0
131750,0
131754,1
131755,0
131758,1
131761,0
131762,0
131763,1
131771,1
131772,0
131773,1
131775,0
131780,1
131782,0
131783,1
131785,0
131789,1
131790,1
131791,1
131792,1
131796,1
131798,1
131801,1
131805,0
131810,1
131815,1
131816,1
131817,0
131818,0
131819,1
131822,0
131827,1
131830,0
131835,1
131836,1
131838,1
131841,0
131842,0
131845,0
131848,1
131854,0
131855,1
131857,0
131859,1
131861,0
131865,1
131869,1
131872,0
131873,1
131879,1
131880,0
131881,0
131885,0
131887,0
131889,0
131892,1
131893,0
131894,0
131900,0
131908,1
131909,0
131914,1
131915,0
131918,1
131922,0
131925,0
131926,0
131929,0
131938,0
131942,1
131944,1
131946,0
131947,0
131949,1
131951,0
131955,1
131958,1
131960,0
131966,0
131970,0
131971,0
131972,0
131973,1
131975,1
131977,0
131980,1
131985,0
131986,0
131987,0
131988,0
131989,1
131991,1
131994,1
132000,0
132002,0
132005,0
132007,0
132009,1
132016,1
132020,1
132023,1
132024,0
132030,0
132032,1
132033,0
132034,0
132035,0
132036,1
132037,1
132038,1
132041,1
132044,1
132045,0
132046,0
132049,1
132053,0
132055,1
132058,0
132059,0
132063,1
132066,0
132070,1
132071,0
132075,1
132077,0
132079,1
132080,0
132082,0
132085,0
132088,1
132090,0
132094,0
132095,1
132096,0
132097,0
132099,1
132103,1
132104,1
132106,1
132108,0
132110,1
132111,0
132115,0
132119,0
132121,1
132123,0
132124,0
132127,1
132129,0
132130,0
132132,0
132136,0
132140,1
132141,1
132143,0
132144,0
132146,1
132148,0
132150,0
132151,1
132153,1
132155,0
132160,1
132162,1
132166,0
132167,0
132177,1
132179,0
132180,1
132182,0
132183,0
132185,1
132186,1
132192,1
132195,1
132196,1
132197,1
132202,0
132206,1
132207,0
132209,1
132210,1
132212,0
132220,0
132225,0
132228,1
132229,1
132230,1
132233,0
132240,1
132244,1
132245,1
132248,1
132254,1
132255,0
132256,0
132257,1
132258,1
132260,0
132261,0
132262,1
132263,0
132264,1
132266,0
132267,1
132269,0
132271,0
132275,0
132280,0
132281,1
132282,1
132283,1
132285,1
132289,1
132295,1
132300,1
132301,0
132303,0
132307,1
132308,0
132314,1
132315,0
132316,1
132318,1
132321,0
132322,1
132324,0
132325,0
132327,1
132329,1
132335,0
132336,1
132337,1
132340,1
132342,1
132344,1
132345,1
132347,1
132348,0
132350,1
132351,1
132352,1
132355,0
132358,0
132359,0
132365,0
132366,1
132367,1
132369,0
132370,1
132371,0
132376,1
132385,1
132387,1
132388,1
132389,1
132394,0
132395,0
132396,1
132403,1
132405,1
132406,0
132408,0
132409,0
132413,1
132414,0
132416,1
132418,0
132425,0
132426,1
132428,0
132432,0
132433,1
132435,1
132437,1
132439,0
132440,0
132441,0
132442,0
132443,1
132444,0
132446,0
132458,1
132462,0
132463,1
132464,0
132467,0
132468,0
132469,0
132470,1
132471,0
132472,1
132478,1
132485,1
132486,0
132491,1
132494,1
132495,0
132496,0
132498,1
132499,0
132508,1
132512,0
132513,1
132514,1
132519,0
132524,0
132528,0
132530,1
132532,1
132535,1
132537,0
132539,0
132543,0
132546,1
132550,0
132551,0
132552,1
132556,1
132557,0
132558,0
132561,0
132562,1
132563,1
132568,1
132569,0
132571,0
132572,1
132573,1
132579,0
132580,0
132585,1
132587,0
132589,0
132590,1
132592,1
132598,0
132600,1
132601,1
132602,1
132603,1
132604,1
132606,0
132607,0
132608,1
132609,1
132611,0
132612,1
132615,1
132619,0
132621,1
132622,1
132623,0
132630,0
132633,0
132636,0
132637,0
132639,1
132640,0
132641,0
132644,0
132647,1
132650,0
132652,0
132658,0
132659,0
132660,0
132663,0
132664,1
132668,0
132670,1
132672,0
132678,1
132679,1
132680,0
132684,0
132687,0
132690,1
132691,1
132696,1
132699,1
132701,0
132702,0
132706,1
132708,0
132709,0
132710,0
132715,1
132730,0
132731,0
132738,1
132739,0
132741,1
132745,1
132748,0
132752,0
132754,1
132757,0
132759,0
132760,1
132761,0
132762,1
132769,1
132773,1
132775,0
132777,0
132778,1
132779,1
132780,1
132781,0
132787,1
132789,1
132792,1
132797,1
132798,0
132800,0
132801,0
132803,0
132804,1
132807,1
132808,0
132809,0
132810,0
132818,1
132820,0
132823,1
132824,0
132828,1
132832,1
132834,1
132835,1
132836,0
132837,1
132838,1
132839,0
132840,1
132845,1
132848,0
132852,0
132856,1
132859,0
132862,0
132863,1
132864,0
132872,0
132873,1
132876,1
132884,0
132886,1
132891,0
132892,1
132893,0
132894,1
132897,0
132899,1
132903,1
132904,0
132906,0
132910,1
132911,0
132912,1
132918,1
132920,1
132923,1
132924,0
132926,1
132928,1
132932,1
132934,0
132935,1
132939,0
132940,0
132942,1
132944,1
132945,0
132951,0
132954,0
132956,0
132962,1
132968,1
132972,0
132982,0
132985,0
132988,0
132990,0
132991,1
133003,1
133004,1
133007,0
133009,0
133011,0
133015,1
133020,0
133021,1
133025,0
133028,0
133029,1
133034,1
133035,0
133036,1
133038,1
133040,1
133042,1
133044,1
133045,0
133048,1
133049,0
133050,0
133052,0
133053,1
133055,1
133056,0
133057,1
133062,0
133063,1
133065,1
133066,0
133067,1
133071,0
133072,1
133076,0
133077,0
133081,1
133082,0
133084,1
133090,1
133096,0
133097,0
133098,0
133105,0
133110,0
133111,0
133113,0
133114,1
133116,1
133119,1
133122,0
133125,0
133128,0
133132,0
133133,0
133135,1
133136,0
133139,1
133141,0
133142,1
133143,0
133144,1
133150,0
133155,0
133157,0
133159,0
133161,0
133163,0
133164,1
133165,1
133169,1
133173,0
133176,1
133181,1
133187,0
133189,0
133193,0
133197,1
133199,0
133200,1
133204,0
133205,0
133207,0
133210,1
133213,1
133215,1
133216,1
133218,1
133222,1
133223,0
133230,0
133232,0
133235,1
133238,0
133239,1
133242,1
133244,0
133246,1
133249,0
133257,0
133258,0
133261,0
133262,0
133265,1
133269,1
133276,0
133280,0
133281,0
133282,0
133286,0
133287,0
133288,1
133289,1
133292,0
133293,0
133294,1
133295,0
133296,0
133297,1
133299,0
133300,0
133301,0
133303,1
133307,1
133310,1
133311,1
133315,1
133316,0
133318,0
133319,1
133324,0
133325,0
133326,0
133329,1
133330,1
133333,1
133335,0
133336,0
133337,0
133338,0
133339,0
133341,1
133343,1
133345,1
133349,0
133352,0
133353,0
133357,1
133359,0
133365,1
133366,1
133367,1
133369,0
133372,1
133377,0
133379,1
133383,1
133384,1
133387,0
133390,0
133391,0
133397,1
133398,1
133401,0
133403,0
133404,1
133407,0
133408,0
133409,1
133413,1
133418,1
133424,0
133425,1
133426,1
133427,0
133432,0
133436,0
133439,0
133442,0
133444,0
133445,0
133447,1
133448,0
133449,0
133451,0
133452,0
133456,1
133458,0
133459,1
133460,0
133463,1
133464,0
133465,0
133466,1
133468,1
133471,1
133473,1
133476,1
133478,1
133482,1
133485,0
133486,1
133490,0
133492,1
133494,1
133499,1
133502,1
133503,1
133505,0
133508,1
133513,0
133515,1
133516,1
133517,1
133520,0
133529,1
133532,0
133536,1
133537,1
133539,1
133545,0
133546,1
133547,1
133549,1
133550,0
133554,0
133556,0
133557,1
133560,1
133561,1
133563,0
133564,0
133565,1
133566,1
133568,0
133570,1
133572,0
133573,0
133574,1
133576,0
133578,0
133580,0
133582,1
133583,1
133585,0
133586,1
133588,1
133594,0
133598,1
133599,0
133600,1
133602,1
133603,0
133606,0
133611,0
133613,1
133615,1
133620,1
133621,1
133623,0
133624,1
133626,0
133629,0
133632,0
133634,0
133636,0
133637,0
133645,0
133653,1
133654,1
133655,1
133658,1
133659,0
133660,0
133665,0
133669,1
133670,1
133671,0
133673,1
133679,1
133680,1
133683,1
133684,0
133685,0
133686,0
133688,1
133689,0
133691,0
133695,1
133696,0
133698,0
133701,1
133703,1
133705,0
133708,0
133709,1
133710,1
133713,1
133714,0
133716,0
133718,1
133722,1
133723,0
133727,1
133729,1
133730,1
133738,1
133740,0
133744,1
133753,0
133754,1
133755,0
133759,0
133765,0
133771,0
133772,0
133773,1
133776,0
133777,0
133780,1
133781,0
133783,0
133784,1
133785,0
133787,1
133789,0
133790,0
133793,0
133794,0
133796,0
133799,1
133802,1
133804,1
133807,0
133809,1
133813,0
133817,0
133818,1
133822,0
133824,0
133826,0
133832,0
133834,0
133842,0
133848,1
133850,1
133852,0
133853,0
133854,0
133856,1
133858,1
133861,1
133866,1
133868,0
133870,0
133872,1
133873,1
133876,1
133884,0
133885,1
133886,1
133890,0
133891,0
133895,1
133901,0
133903,0
133904,0
133905,1
133906,1
133907,1
133910,1
133912,1
133915,0
133917,0
133919,1
133920,0
133921,1
133922,1
133928,1
133930,0
133932,1
133935,0
133937,1
133938,0
133939,0
133943,0
133945,1
133946,1
133948,0
133949,0
133950,0
133951,0
133955,1
133957,0
133959,0
133960,0
133961,0
133962,1
133965,0
133969,0
133970,0
133971,0
133974,1
133976,1
133977,0
133980,0
133981,1
133983,1
133984,0
133987,0
133990,1
133991,1
133992,1
133994,0
133997,0
133999,0
134003,1
134010,1
134011,1
134023,1
134026,1
134027,0
134036,1
134039,1
134040,0
134041,1
134042,1
134044,1
134048,0
134049,0
134050,1
134051,1
134057,0
134059,0
134067,0
134074,0
134076,0
134079,0
134081,0
134083,0
134088,0
134090,1
134093,1
134096,0
134099,0
134100,0
134103,1
134107,0
134110,1
134115,0
134119,0
134120,1
134122,1
134125,0
134126,1
134129,0
134135,1
134137,1
134139,0
134147,0
134149,0
134151,0
134152,0
134160,1
134165,0
134167,1
134168,0
134176,0
134181,1
134183,1
134184,0
134187,1
134189,1
134195,0
134196,1
134197,1
134198,0
134201,1
134204,0
134205,0
134206,0
134207,0
134208,0
134211,1
134213,0
134214,0
134218,1
134219,1
134221,0
134223,0
134224,1
134226,0
134231,0
134232,0
134235,1
134236,1
134240,1
134244,1
134245,0
134246,1
134253,0
134254,0
134258,0
134259,0
134260,0
134261,0
134262,1
134263,0
134270,1
134278,0
134281,1
134285,0
134287,1
134292,0
134294,1
134295,0
134297,0
134298,0
134299,1
134300,0
134302,1
134303,0
134305,1
134310,0
134312,0
134313,0
134315,1
134318,0
134319,1
134322,1
134324,0
134341,1
134343,1
134345,1
134349,0
134350,1
134353,0
134354,0
134356,1
134359,1
134363,0
134365,1
134368,0
134369,0
134371,0
134373,1
134378,0
134382,1
134383,0
134385,1
134388,0
134395,0
134396,0
134397,1
134400,1
134402,0
134418,1
134420,1
134425,1
134429,1
134430,1
134431,1
134432,1
134433,0
134441,1
134443,0
134445,1
134450,1
134451,0
134458,1
134459,0
134464,1
134468,0
134469,1
134472,0
134473,1
134476,0
134477,1
134478,1
134480,0
134483,0
134484,0
134489,0
134492,1
134494,0
134502,0
134503,1
134505,0
134511,1
134513,0
134515,0
134516,0
134517,1
134520,1
134522,1
134525,1
134529,0
134530,1
134531,1
134533,1
134534,0
134539,0
134541,1
134543,0
134545,0
134546,0
134549,0
134551,0
134552,0
134553,1
134558,1
134561,0
134562,1
134563,1
134564,0
134565,0
134566,0
134567,0
134568,1
134569,1
134576,0
134580,1
134583,0
134585,1
134586,1
134588,0
134593,1
134596,0
134597,1
134599,0
134600,0
134602,1
134604,0
134609,0
134610,1
134611,0
134613,0
134614,0
134616,1
134618,0
134619,0
134622,1
134624,0
134627,1
134628,1
134630,1
134633,1
134636,1
134637,0
134639,1
134644,1
134645,1
134647,0
134650,0
134652,1
134653,1
134657,1
134663,1
134667,0
134668,1
134673,1
134676,1
134677,0
134682,0
134683,0
134685,0
134686,0
134687,0
134688,1
134690,1
134694,0
134695,1
134699,0
134700,1
134701,1
134703,1
134705,0
134706,1
134707,0
134708,0
134709,1
134710,0
134711,1
134714,1
134716,0
134719,1
134722,1
134723,0
134728,1
134729,0
134730,1
134740,0
134744,0
134745,0
134746,0
134749,1
134750,1
134754,1
134756,1
134758,1
134760,1
134763,0
134766,0
134770,1
134771,0
134778,0
134782,1
134786,0
134790,1
134798,1
134803,0
134807,1
134811,1
134812,1
134813,0
134816,1
134817,0
134823,1
134825,0
134827,1
134828,0
134832,0
134838,0
134840,1
134844,0
134847,0
134849,1
134850,0
134854,0
134857,0
134862,1
134864,1
134865,0
134866,0
134868,1
134871,1
134875,1
134880,1
134887,1
134894,1
134895,0
134896,0
134897,0
134908,1
134913,1
134915,0
134916,0
134920,0
134923,1
134928,0
134930,0
134934,1
134936,1
134944,0
134945,1
134947,1
134953,1
134954,0
134956,0
134959,1
134963,0
134964,1
134974,0
134978,0
134981,1
134985,1
134986,0
134989,1
134993,1
134994,1
134995,1
134996,0
134999,0
135001,0
135010,0
135012,1
135015,1
135019,1
135024,0
135028,1
135031,0
135032,1
135034,0
135040,1
135045,1
135055,1
135056,1
135059,1
135061,0
135065,1
135070,0
135072,1
135074,1
135076,0
135077,0
135078,0
135080,0
135085,0
135087,1
135088,1
135090,1
135092,0
135093,0
135095,1
135100,0
135103,0
135114,0
135116,1
135117,1
135118,1
135119,1
135120,1
135121,1
135122,1
135125,1
135126,1
135127,1
135133,1
135135,1
135137,0
135139,1
135140,0
135143,0
135146,1
135147,0
135150,0
135152,1
135157,0
135162,0
135165,0
135168,0
135169,0
135173,1
135175,0
135178,0
135179,0
135181,1
135182,0
135183,1
135185,1
135188,0
135189,0
135191,0
135194,0
135197,1
135201,0
135203,1
135208,1
135211,1
135213,1
135216,0
135217,0
135223,1
135224,0
135227,0
135230,0
135231,1
135232,1
135233,0
135236,0
135240,1
135242,1
135253,1
135254,0
135257,0
135259,1
135260,1
135261,1
135271,0
135280,1
135281,0
135282,1
135283,0
135290,0
135297,0
135298,1
135300,1
135301,0
135303,1
135304,0
135307,1
135311,0
135313,0
135316,0
135317,1
135318,0
135319,0
135320,1
135321,1
135326,1
135331,1
135332,1
135337,0
135338,0
135341,1
135343,0
135348,0
135350,0
135358,0
135359,0
135364,1
135366,1
135368,1
135369,0
135372,0
135375,1
135379,0
135382,1
135384,0
135386,0
135388,0
135391,0
135392,1
135393,0
135395,0
135396,0
135398,0
135400,1
135401,0
135405,1
135409,1
135410,1
135412,0
135413,1
135416,0
135417,0
135418,0
135421,1
135428,0
135430,0
135433,0
135437,0
135438,1
135440,1
135441,1
135444,1
135446,0
135447,0
135448,0
135449,0
135451,0
135452,1
135454,0
135458,1
135460,0
135465,0
135471,1
135472,1
135478,1
135479,0
135484,0
135486,0
135487,0
135492,0
135494,0
135497,1
135503,1
135504,0
135505,0
135507,0
135508,0
135511,0
135512,0
135515,0
135517,0
135520,1
135524,0
135526,0
135528,1
135529,0
135530,0
135532,1
135533,0
135542,0
135543,0
135545,1
135546,1
135549,1
135550,0
135551,1
135552,1
135555,1
135556,1
135558,0
135560,0
135563,0
135566,1
135567,0
135568,1
135569,0
135571,0
135574,0
135576,0
135577,0
135581,1
135583,1
135585,0
135589,1
135598,0
135599,1
135601,0
135603,0
135604,0
135607,1
135610,0
135617,1
135622,1
135624,0
135630,1
135631,1
135633,0
135634,1
135635,0
135638,1
135641,1
135642,0
135644,0
135651,1
135653,0
135656,1
135657,0
135665,0
135674,1
135675,0
135676,1
135682,1
135683,1
135684,1
135685,0
135686,0
135688,1
135691,1
135694,1
135699,0
135700,1
135701,1
135702,0
135703,1
135707,0
135713,1
135714,0
135717,1
135718,1
135719,0
135720,0
135721,0
135722,0
135727,0
135729,1
135733,0
135734,0
135735,0
135736,0
135738,1
135741,1
135744,1
135745,1
135748,1
135749,0
135750,0
135751,0
135752,0
135755,1
135757,1
135758,1
135759,0
135763,1
135766,1
135769,1
135771,1
135772,1
135778,1
135781,0
135783,1
135784,0
135785,1
135786,1
135796,1
135799,1
135801,1
135803,0
135807,1
135809,1
135811,0
135815,1
135816,1
135817,1
135819,0
135821,1
135823,1
135830,0
135833,1
135834,0
135839,0
135840,0
135843,0
135847,0
135850,0
135852,0
135856,0
135864,1
135865,1
135866,0
135871,0
135872,0
135880,1
135882,0
135883,0
135884,1
135885,1
135887,1
135890,0
135899,1
135903,1
135907,1
135908,1
135910,0
135912,0
135914,0
135920,1
135921,1
135925,0
135928,1
135938,1
135940,0
135946,0
135947,0
135950,0
135955,1
135959,0
135961,1
135965,1
135971,1
135975,0
135976,0
135978,0
135982,0
135983,0
135985,0
135987,1
135989,1
135995,0
135997,0
135998,0
135999,0
136003,1
136006,1
136008,1
136016,0
136017,1
136019,0
136020,1
136025,0
136028,0
136029,1
136030,1
136033,0
136035,0
136036,0
136039,0
136041,1
136042,0
136046,0
136057,0
136059,0
136073,0
136076,1
136081,1
136082,0
136086,0
136090,0
136091,1
136093,1
136100,0
136101,1
136106,1
136110,1
136113,0
136114,0
136115,0
136116,0
136118,0
136120,1
136122,1
136123,1
136125,1
136126,0
136131,0
136135,0
136136,0
136140,0
136148,1
136152,0
136153,0
136156,1
136157,1
136159,1
136161,1
136166,0
136169,0
136172,0
136174,1
136175,0
136178,0
136181,0
136184,1
136188,1
136190,1
136195,1
136200,0
136201,1
136203,0
136205,0
136206,0
136207,0
136208,1
136213,0
136214,0
136215,1
136216,1
136218,1
136220,1
136221,1
136222,0
136226,0
136229,0
136230,0
136231,0
136232,0
136237,1
136243,1
136244,0
136249,1
136251,0
136252,0
136255,0
136258,1
136260,0
136263,1
136264,1
136268,0
136269,0
136270,0
136271,0
136274,0
136276,0
136277,0
136278,1
136280,1
136281,1
136282,0
136292,0
136299,1
136300,0
136303,0
136306,1
136307,0
136309,1
136312,1
136316,0
136323,1
136325,1
136333,0
136336,1
136339,1
136345,1
136349,0
136355,0
136356,0
136359,0
136361,0
136363,1
136364,1
136368,1
136369,1
136370,0
136374,1
136379,0
136380,0
136381,0
136382,1
136383,0
136384,0
136388,0
136390,1
136391,0
136395,1
136398,1
136403,1
136405,1
136412,0
136414,1
136415,0
136416,0
136417,0
136420,0
136429,0
136430,1
136431,1
136433,0
136436,0
136437,0
136440,0
136443,0
136444,1
136450,1
136455,1
136458,1
136464,1
136472,0
136477,1
136479,1
136480,1
136481,1
136483,1
136489,1
136490,0
136494,1
136495,0
136496,0
136498,0
136503,0
136508,0
136512,1
136515,1
136520,1
136522,1
136524,0
136526,1
136531,1
136532,0
136534,1
136535,0
136536,0
136537,0
136538,0
136539,0
136542,1
136544,1
136550,1
136551,0
136553,1
136554,0
136555,1
136557,0
136559,1
136561,1
136562,0
136566,1
136570,1
136574,0
136575,1
136578,1
136579,0
136582,0
136584,1
136586,0
136587,0
136588,0
136592,1
136593,0
136597,0
136598,1
136602,1
136605,0
136611,1
136615,1
136617,0
136621,0
136622,1
136625,1
136626,1
136631,0
136638,0
136640,1
136643,0
136646,0
136647,0
136654,0
136658,1
136661,1
136663,1
136664,0
136667,1
136671,1
136672,0
136673,1
136674,1
136683,1
136685,1
136690,1
136693,0
136695,1
136701,0
136705,0
136706,0
136708,0
136710,1
136716,0
136722,1
136723,1
136731,0
136733,1
136735,1
136737,1
136738,0
136741,0
136744,1
136748,0
136750,0
136751,0
136753,1
136754,1
136755,0
136758,0
136760,0
136762,1
136765,0
136766,0
136768,0
136771,0
136773,0
136774,1
136779,1
136782,0
136783,0
136787,1
136790,1
136793,1
136794,1
136799,0
136804,0
136805,0
136806,1
136808,0
136809,0
136816,0
136818,0
136822,1
136825,0
136829,1
136831,0
136832,0
136833,1
136838,0
136839,1
136843,0
136846,0
136848,0
136850,1
136853,1
136857,0
136863,0
136864,1
136865,0
136867,1
136868,1
136869,1
136870,0
136871,1
136873,0
136879,0
136883,1
136885,1
136887,0
136888,1
136891,1
136897,1
136898,1
136900,1
136904,1
136909,1
136910,1
136912,1
136916,1
136918,1
136919,0
136927,0
136928,1
136930,1
136931,0
136933,1
136934,1
136935,1
136936,1
136937,1
136940,0
136943,0
136944,1
136945,0
136946,0
136951,1
136953,0
136956,1
136958,0
136959,0
136960,1
136963,0
136967,1
136970,0
136974,0
136975,0
136981,1
136983,1
136984,0
136986,1
136988,0
136991,1
137001,0
137003,1
137004,1
137005,1
137008,0
137010,1
137011,1
137012,1
137019,0
137023,0
137026,0
137027,0
137028,0
137029,1
137030,0
137031,0
137032,1
137034,1
137038,1
137039,0
137043,0
137044,1
137046,1
137047,1
137049,1
137050,1
137051,1
137061,1
137066,0
137070,0
137074,1
137076,1
137078,0
137080,1
137081,0
137085,1
137086,0
137097,0
137100,0
137101,0
137105,0
137106,0
137110,0
137112,0
137113,0
137115,0
137117,0
137122,0
137123,1
137127,0
137130,1
137134,0
137136,0
137141,1
137143,1
137147,0
137149,0
137151,1
137156,0
137158,1
137160,0
137171,0
137176,0
137177,0
137178,0
137180,1
137185,0
137186,1
137188,1
137189,1
137191,0
137193,0
137196,1
137197,0
137200,1
137201,0
137202,0
137213,0
137218,1
137220,0
137221,1
137222,0
137223,1
137225,0
137227,0
137228,1
137230,1
137232,1
137233,0
137234,1
137243,1
137245,0
137248,1
137260,1
137261,0
137262,0
137263,0
137266,1
137267,1
137274,1
137276,0
137277,1
137279,1
137281,1
137282,0
137286,0
137287,0
137296,0
137298,0
137299,0
137300,1
137309,1
137312,0
137314,0
137315,1
137317,0
137320,0
137323,1
137326,1
137327,1
137329,1
137332,0
137337,1
137340,0
137343,0
137347,1
137348,1
137350,1
137351,1
137352,0
137356,0
137357,0
137360,0
137362,1
137367,1
137370,0
137373,0
137374,1
137375,0
137381,1
137384,1
137387,0
137391,1
137393,0
137394,1
137397,0
137401,0
137407,1
137409,1
137410,0
137414,0
137415,1
137416,1
137417,1
137418,0
137419,1
137420,1
137423,1
137425,0
137427,0
137428,1
137432,1
137433,1
137435,1
137438,0
137439,0
137440,1
137443,1
137448,1
137449,0
137450,0
137453,1
137454,0
137456,0
137457,0
137458,1
137459,1
137461,1
137464,1
137465,0
137469,1
137473,1
137474,1
137477,1
137482,0
137485,0
137494,0
137495,1
137496,0
137498,0
137504,0
137508,1
137509,0
137511,0
137512,0
137513,0
137518,1
137523,0
137524,0
137534,1
137537,1
137545,0
137547,0
137549,0
137551,0
137555,0
137558,1
137560,0
137563,0
137564,0
137565,0
137566,1
137567,1
137568,1
137578,1
137581,0
137582,1
137584,0
137585,1
137590,0
137591,1
137593,0
137594,0
137598,1
137600,0
137601,0
137604,1
137611,1
137614,0
137616,0
137623,0
137624,0
137629,0
137632,0
137637,1
137638,1
137639,1
137640,1
137642,0
137643,0
137644,0
137646,1
137647,0
137653,0
137654,1
137659,0
137662,0
137667,1
137668,0
137672,0
137674,1
137678,1
137679,1
137685,1
137687,1
137690,1
137691,1
137692,0
137700,0
137703,0
137718,0
137719,1
137720,1
137723,1
137725,0
137726,0
137729,1
137730,1
137733,0
137734,1
137735,1
137739,0
137745,1
137746,1
137748,1
137759,1
137760,0
137763,1
137765,1
137767,0
137769,0
137770,0
137771,1
137772,0
137773,1
137774,1
137776,0
137777,0
137780,0
137781,1
137782,0
137784,0
137790,0
137792,1
137794,0
137796,1
137797,1
137798,1
137801,0
137810,0
137816,0
137817,1
137824,1
137827,1
137828,1
137832,0
137834,1
137839,0
137841,0
137843,0
137845,0
137847,1
137848,0
137851,0
137853,1
137854,0
137856,1
137857,1
137862,1
137864,1
137866,1
137867,1
137868,1
137871,0
137874,0
137877,0
137885,0
137893,0
137894,1
137895,0
137900,1
137901,1
137902,1
137904,0
137906,1
137908,0
137912,1
137914,1
137915,0
137917,0
137918,0
137920,0
137921,0
137922,0
137923,1
137926,1
137929,0
137930,1
137936,1
137939,0
137940,1
137942,0
137944,0
137950,1
137953,1
137954,0
137957,1
137958,1
137959,1
137963,1
137968,1
137970,1
137974,0
137976,0
137977,0
137978,1
137979,1
137980,1
137983,1
137984,1
137992,0
137997,1
137998,1
138003,0
138004,1
138009,1
138010,1
138012,0
138013,0
138014,1
138016,0
138018,0
138030,1
138032,0
138036,1
138040,1
138041,1
138044,1
138046,1
138048,1
138051,0
138053,1
138057,0
138059,1
138061,0
138062,0
138064,0
138065,1
138069,1
138070,1
138078,0
138080,1
138081,1
138086,1
138088,1
138092,1
138093,1
138094,0
138095,0
138097,0
138099,0
138102,1
138103,0
138110,0
138111,1
138112,1
138115,1
138116,0
138117,1
138120,0
138122,1
138124,0
138125,0
138126,0
138127,1
138132,0
138135,1
138142,0
138143,1
138145,0
138150,1
138151,0
138152,0
138158,0
138159,0
138162,1
138163,0
138172,0
138174,1
138175,0
138179,0
138180,1
138181,1
138185,0
138189,1
138192,0
138193,1
138197,1
138198,0
138200,0
138201,0
138202,0
138203,0
138207,0
138208,1
138218,0
138220,0
138221,1
138222,1
138225,1
138226,0
138227,1
138228,1
138229,0
138234,1
138239,1
138240,0
138241,0
138244,1
138247,0
138253,0
138256,1
138263,1
138264,1
138266,0
138267,0
138275,0
138279,1
138282,1
138283,1
138284,0
138287,0
138289,1
138290,0
138291,0
138294,1
138301,0
138305,1
138310,0
138314,0
138315,0
138321,0
138322,0
138324,0
138325,0
138329,0
138333,0
138338,0
138346,1
138348,1
138351,0
138354,0
138357,0
138358,1
138361,1
138362,0
138363,0
138366,1
138369,1
138371,1
138373,1
138374,0
138376,0
138377,0
138382,1
138384,0
138388,1
138391,0
138392,0
138393,1
138394,1
138395,1
138399,0
138404,1
138406,1
138409,1
138413,0
138417,1
138418,1
138419,0
138421,1
138423,1
138424,0
138426,0
138428,0
138429,0
138433,0
138435,1
138436,1
138438,1
138442,0
138443,1
138444,0
138448,0
138449,1
138452,0
138454,0
138459,0
138460,1
138463,0
138464,1
138469,1
138471,0
138473,1
138478,1
138480,0
138482,0
138483,0
138486,1
138487,1
138488,1
138489,0
138492,0
138493,1
138496,1
138497,0
138498,0
138502,1
138505,1
138511,0
138514,0
138516,1
138517,1
138528,1
138532,0
138539,0
138542,1
138544,0
138548,0
138549,1
138550,1
138553,1
138559,0
138567,0
138568,1
138569,1
138574,0
138578,0
138579,1
138583,0
138584,0
138588,1
138590,0
138591,0
138592,1
138593,0
138594,0
138597,0
138600,0
138602,0
138603,1
138606,0
138608,0
138610,1
138612,0
138613,1
138614,0
138622,0
138625,1
138630,0
138633,0
138637,0
138638,1
138639,0
138640,0
138642,0
138643,1
138644,0
138645,0
138647,0
138649,1
138650,0
138651,0
138652,1
138654,0
138655,0
138659,0
138664,0
138665,1
138668,1
138670,1
138674,1
138676,0
138681,1
138683,0
138685,1
138688,0
138690,1
138691,0
138692,1
138695,0
138698,0
138699,1
138701,0
138703,0
138706,1
138707,0
138708,0
138713,0
138714,1
138715,1
138716,0
138719,1
138720,1
138721,0
138725,0
138726,1
138728,1
138730,0
138735,0
138741,0
138743,1
138745,0
138747,1
138750,0
138751,0
138752,1
138753,0
138758,0
138759,0
138761,1
138766,0
138767,0
138768,0
138770,0
138771,1
138772,1
138773,1
138775,0
138780,1
138781,1
138782,0
138783,0
138786,0
138788,0
138793,0
138794,1
138795,1
138797,1
138798,0
138801,1
138802,0
138803,0
138805,1
138806,1
138807,1
138812,0
138817,0
138828,1
138831,0
138832,1
138833,1
138834,1
138838,0
138842,0
138843,1
138846,1
138847,0
138860,0
138863,1
138864,0
138869,1
138870,0
138871,0
138873,0
138875,0
138876,1
138883,0
138885,0
138887,0
138892,1
138893,1
138896,1
138898,1
138899,1
138900,0
138903,0
138906,0
138911,0
138912,1
138913,1
138916,1
138918,1
138919,1
138920,0
138921,0
138925,1
138926,0
138927,1
138928,0
138930,1
138931,0
138934,0
138935,0
138937,0
138943,1
138944,0
138946,0
138948,0
138949,0
138951,1
138953,0
138956,1
138959,1
138960,1
138962,1
138963,1
138966,0
138970,1
138974,0
138976,1
138977,0
138980,0
138981,1
138985,1
138987,1
138990,0
138991,1
138992,1
138996,0
138997,1
139000,0
139003,1
139004,1
139007,0
139009,1
139016,0
139020,0
139023,0
139025,0
139026,0
139027,1
139029,0
139036,0
139037,1
139038,1
139043,1
139045,0
139046,1
139048,1
139050,0
139051,0
139053,0
139055,1
139061,0
139062,1
139063,1
139065,0
139066,1
139070,1
139072,1
139074,0
139077,1
139082,0
139083,1
139084,0
139087,1
139090,0
139091,0
139093,1
139094,0
139097,0
139099,1
139104,1
139114,1
139115,0
139116,1
139124,0
139127,0
139130,0
139131,0
139132,0
139134,1
139135,0
139140,0
139144,1
139147,0
139149,0
139152,1
139153,0
139160,1
139162,0
139163,1
139165,1
139166,0
139167,1
139168,0
139178,1
139180,1
139181,1
139183,1
139185,1
139186,1
139189,1
139191,1
139192,0
139194,1
139199,0
139202,1
139203,1
139204,0
139205,0
139209,0
139210,1
139211,1
139214,0
139215,1
139216,1
139221,1
139224,1
139225,0
139231,1
139232,1
139237,0
139239,1
139240,0
139247,1
139249,0
139254,1
139256,0
139257,0
139258,0
139260,1
139262,1
139265,1
139266,1
139268,1
139273,0
139275,0
139278,1
139281,1
139282,0
139283,1
139289,0
139290,0
139291,1
139293,1
139296,0
139302,1
139304,1
139307,0
139310,0
139315,0
139318,0
139319,0
139323,0
139324,0
139335,0
139337,0
139338,0
139339,1
139341,0
139342,0
139343,0
139350,0
139361,0
139362,0
139364,0
139367,1
139369,1
139375,0
139376,1
139377,0
139381,0
139382,1
139387,0
139390,0
139392,0
139394,0
139397,0
139398,1
139400,0
139401,1
139403,0
139405,1
139406,1
139407,1
139408,1
139411,0
139412,1
139414,1
139420,0
139421,0
139426,0
139435,0
139436,0
139444,1
139447,0
139448,0
139451,0
139464,0
139469,0
139471,0
139472,1
139475,1
139484,1
139486,1
139489,1
139493,0
139496,0
139501,1
139504,0
139505,0
139508,1
139510,1
139511,0
139512,1
139520,1
139521,1
139523,0
139526,1
139529,0
139533,0
139541,0
139544,1
139548,0
139550,1
139556,0
139561,0
139562,0
139563,0
139568,0
139571,1
139573,0
139579,0
139583,1
139585,0
139586,0
139591,1
139592,1
139593,1
139596,1
139597,1
139602,0
139605,0
139607,1
139608,1
139609,0
139615,1
139618,1
139619,1
139622,1
139623,0
139627,1
139628,1
139634,0
139641,1
139642,0
139644,1
139645,0
139646,1
139647,0
139649,1
139651,1
139652,1
139659,1
139661,0
139666,0
139671,0
139672,1
139673,0
139674,1
139675,1
139677,0
139678,0
139688,0
139690,1
139691,0
139693,0
139695,1
139698,0
139701,1
139703,0
139708,0
139710,1
139712,1
139714,0
139715,1
139718,0
139720,0
139723,0
139727,0
139734,1
139738,1
139743,1
139744,1
139745,0
139749,1
139755,1
139757,0
139758,0
139766,0
139769,0
139774,1
139775,1
139776,1
139779,0
139780,1
139782,0
139783,1
139784,1
139787,0
139788,1
139793,1
139794,0
139798,0
139802,1
139809,0
139812,1
139816,1
139817,1
139823,1
139827,0
139828,1
139829,0
139830,0
139831,1
139832,1
139833,0
139834,0
139835,1
139841,0
139843,1
139845,0
139853,0
139854,0
139857,0
139858,0
139859,1
139861,1
139863,0
139865,0
139866,0
139872,0
139874,0
139875,0
139876,1
139877,0
139878,1
139881,1
139884,1
139885,0
139888,1
139890,1
139892,1
139896,0
139897,1
139898,1
139900,0
139901,0
139906,1
139914,1
139916,1
139917,0
139919,1
139920,1
139922,0
139923,0
139927,1
139929,1
139930,1
139931,1
139932,0
139933,1
139939,0
139940,0
139941,1
139942,1
139944,1
139946,0
139947,1
139949,1
139952,0
139956,0
139957,1
139958,1
139960,1
139962,1
139964,0
139965,1
139966,1
139967,1
139968,0
139969,0
139970,0
139973,1
139974,0
139975,1
139976,0
139979,1
139980,1
139981,0
139985,0
139986,1
139987,1
139989,1
139990,0
139991,0
139995,0
139996,1
139997,1
139998,0
140001,0
140002,1
140003,0
140008,0
140009,1
140017,1
140019,0
140020,0
140021,0
140025,1
140026,0
140027,0
140029,0
140033,0
140034,0
140037,0
140038,1
140039,1
140041,1
140045,1
140046,1
140050,1
140051,1
140058,0
140060,1
140061,0
140063,1
140067,1
140070,1
140071,0
140078,0
140079,0
140081,0
140085,0
140086,0
140087,1
140092,1
140097,0
140099,0
140106,0
140108,0
140109,1
140123,1
140125,0
140129,1
140130,1
140132,1
140135,0
140136,1
140137,1
140139,1
140143,0
140144,1
140148,1
140149,0
140153,1
140156,1
140157,1
140158,1
140159,1
140162,1
140163,1
140164,1
140166,1
140169,1
140170,1
140171,1
140173,1
140175,1
140176,0
140191,1
140192,1
140196,1
140202,0
140206,1
140208,0
140210,1
140213,0
140217,0
140218,1
140220,0
140221,0
140222,1
140223,1
140224,1
140225,1
140229,0
140236,0
140238,1
140240,1
140242,1
140245,1
140247,1
140248,1
140251,0
140252,1
140253,1
140254,0
140255,1
140257,0
140258,0
140259,0
140260,0
140263,0
140268,1
140273,0
140274,1
140275,0
140276,0
140277,0
140282,0
140285,1
140286,0
140287,1
140290,0
140293,0
140294,0
140295,0
140296,0
140304,0
140307,1
140308,0
140309,0
140311,0
140313,1
140317,1
140318,1
140319,0
140321,1
140324,1
140326,1
140328,0
140330,1
140333,0
140334,0
140337,1
140338,1
140340,0
140341,0
140342,1
140343,1
140344,0
140346,0
140347,0
140348,0
140352,1
140357,0
140359,1
140361,1
140363,0
140365,1
140367,1
140368,1
140373,1
140376,0
140378,0
140380,0
140383,1
140384,1
140385,0
140388,0
140389,1
140391,0
140392,0
140396,1
140397,0
140401,0
140404,1
140405,0
140407,0
140413,0
140414,0
140424,0
140426,0
140430,1
140431,1
140437,0
140439,1
140443,0
140445,1
140449,0
140450,1
140451,0
140452,0
140464,1
140468,0
140469,1
140473,1
140481,1
140482,1
140488,1
140490,0
140492,0
140495,1
140498,0
140499,1
140502,1
140504,0
140508,0
140509,0
140513,0
140514,0
140515,1
140516,0
140518,1
140522,1
140523,1
140525,1
140526,0
140530,1
140531,0
140540,1
140542,0
140543,0
140546,1
140552,0
140554,0
140555,1
140559,1
140564,0
140565,0
140570,1
140575,0
140576,0
140581,0
140582,0
140584,0
140585,1
140586,1
140587,0
140596,1
140597,0
140598,1
140600,1
140603,0
140606,1
140607,1
140609,1
140612,0
140614,1
140615,1
140616,0
140619,1
140620,0
140621,0
140622,0
140626,0
140629,1
140630,1
140632,0
140634,1
140637,1
140638,0
140639,0
140641,0
140642,0
140645,1
140646,0
140647,0
140648,1
140651,0
140655,0
140658,0
140662,1
140665,1
140667,0
140668,0
140672,0
140673,1
140677,1
140678,1
140679,1
140684,1
140686,1
140688,0
140691,0
140695,1
140698,1
140700,1
140702,1
140704,0
140705,0
140709,0
140711,1
140712,0
140713,0
140716,0
140719,0
140720,1
140725,0
140727,0
140729,1
140732,0
140733,1
140738,1
140739,1
140740,0
140746,1
140747,0
140748,0
140749,0
140750,0
140751,0
140754,1
140757,1
140759,1
140760,1
140764,0
140765,0
140766,0
140767,0
140772,0
140774,0
140775,1
140776,0
140786,1
140787,0
140794,1
140796,0
140798,0
140799,0
140800,0
140802,0
140803,1
140805,0
140809,1
140810,1
140812,0
140817,1
140819,0
140824,1
140825,0
140826,0
140827,0
140828,0
140829,0
140830,0
140833,1
140837,0
140838,0
140841,0
140842,0
140846,0
140847,0
140851,1
140852,0
140854,1
140857,0
140859,1
140860,0
140866,0
140870,0
140875,0
140879,0
140880,0
140881,0
140883,0
140884,1
140887,0
140891,1
140892,1
140898,0
140900,1
140902,0
140903,1
140907,1
140908,1
140911,1
140912,1
140914,1
140921,0
140924,0
140925,1
140928,1
140929,0
140932,1
140935,0
140936,0
140938,0
140940,0
140943,0
140944,1
140948,0
140951,0
140952,0
140954,0
140956,1
140957,1
140960,1
140961,1
140965,0
140966,1
140972,0
140973,1
140976,0
140978,1
140980,1
140984,0
140987,0
140988,0
140989,0
140991,0
140992,1
140995,0
141000,0
141010,1
141013,0
141014,1
141017,0
141019,0
141020,0
141021,1
141023,1
141025,0
141027,0
141028,1
141030,1
141031,1
141037,1
141041,0
141042,0
141044,1
141045,1
141048,0
141050,0
141051,0
141053,1
141059,1
141067,0
141069,1
141070,0
141074,0
141081,0
141083,1
141092,1
141096,0
141097,0
141098,0
141100,0
141101,0
141105,0
141107,0
141108,0
141112,1
141115,1
141116,1
141117,1
141120,0
141122,1
141124,0
141130,1
141131,1
141134,0
141136,0
141140,0
141144,1
141145,1
141146,0
141148,0
141149,1
141151,1
141156,1
141157,0
141160,1
141161,0
141165,0
141166,1
141170,1
141173,0
141176,0
141177,1
141178,1
141179,0
141181,1
141183,1
141185,0
141186,0
141193,0
141196,1
141201,1
141202,1
141204,1
141206,1
141207,1
141214,1
141215,0
141216,0
141218,1
141220,1
141221,0
141227,0
141228,0
141231,1
141234,0
141235,0
141238,1
141239,1
141243,0
141245,0
141247,1
141248,1
141249,1
141250,1
141251,1
141255,0
141256,0
141259,0
141261,0
141263,1
141265,1
141267,1
141273,1
141277,1
141278,1
141279,0
141280,0
141284,0
141289,0
141291,1
141292,0
141295,1
141296,1
141297,0
141298,1
141299,0
141304,1
141305,0
141307,1
141308,0
141313,1
141319,1
141320,0
141323,1
141325,0
141330,0
141331,0
141333,1
141334,0
141335,0
141338,0
141341,1
141342,0
141344,0
141345,0
141347,1
141348,1
141351,0
141354,0
141358,0
141359,1
141362,0
141364,0
141368,1
141370,1
141371,0
141380,0
141381,1
141384,0
141394,1
141399,0
141402,1
141406,1
141408,0
141410,0
141416,0
141417,1
141418,0
141422,1
141423,0
141429,1
141433,1
141434,0
141435,1
141436,1
141440,0
141442,1
141445,0
141446,1
141448,0
141451,1
141452,0
141456,0
141458,0
141459,1
141464,0
141465,1
141467,1
141472,1
141473,0
141476,1
141477,0
141480,0
141481,0
141483,1
141484,0
141485,1
141487,0
141489,1
141491,0
141492,1
141493,1
141500,0
141501,0
141502,0
141504,1
141507,1
141511,0
141514,1
141517,1
141519,1
141523,0
141524,0
141526,0
141527,0
141529,0
141537,0
141538,0
141540,1
141542,0
141546,0
141547,0
141549,1
141551,0
141552,1
141553,0
141555,1
141557,1
141558,0
141561,0
141564,1
141567,0
141570,0
141576,0
141578,0
141579,0
141585,0
141589,1
141591,1
141592,1
141598,1
141599,0
141606,1
141607,0
141616,0
141618,0
141624,0
141625,0
141626,1
141631,1
141632,1
141636,1
141637,1
141643,1
141645,1
141649,1
141655,0
141656,0
141657,1
141658,0
141661,0
141662,1
141667,0
141668,1
141671,0
141672,1
141673,1
141675,0
141676,1
141683,0
141685,1
141686,1
141690,0
141691,1
141692,1
141694,0
141697,0
141698,1
141699,0
141700,1
141701,1
141704,1
141708,1
141709,1
141711,0
141712,0
141715,0
141717,1
141718,0
141719,0
141720,0
141721,0
141730,0
141735,0
141736,1
141737,1
141738,0
141745,0
141749,1
141750,0
141752,1
141754,0
141755,1
141756,0
141757,1
141758,0
141759,1
141760,0
141763,1
141764,1
141765,1
141768,0
141769,1
141771,1
141774,0
141775,1
141776,1
141778,0
141784,0
141786,1
141787,0
141788,1
141789,0
141791,0
141792,1
141798,1
141802,1
141805,0
141817,0
141818,0
141819,1
141820,1
141821,0
141826,0
141828,1
141829,0
141831,0
141832,0
141836,0
141839,1
141841,0
141843,1
141844,1
141845,0
141850,0
141855,0
141858,1
141861,1
141862,1
141865,0
141867,0
141868,0
141874,1
141880,1
141882,0
141889,0
141890,0
141893,0
141895,1
141899,0
141900,1
141901,0
141902,1
141903,1
141905,1
141907,0
141909,0
141912,1
141914,1
141916,0
141921,1
141924,0
141930,0
141931,0
141932,1
141934,1
141935,1
141937,1
141939,0
141940,1
141943,1
141944,1
141946,0
141948,1
141949,0
141951,0
141958,0
141959,1
141962,1
141963,0
141964,0
141966,1
141967,1
141972,1
141973,0
141976,1
141977,1
141979,0
141981,0
141986,0
141988,0
141991,0
141993,0
141995,1
141996,0
141997,1
142005,0
142006,0
142007,1
142010,0
142011,1
142014,0
142015,0
142017,1
142019,0
142020,0
142023,1
142024,1
142026,0
142027,0
142029,1
142034,0
142036,0
142042,0
142045,0
142046,1
142048,0
142051,0
142053,0
142054,0
142057,0
142060,1
142063,1
142065,0
142066,0
142075,0
142077,0
142078,1
142080,1
142086,0
142089,1
142090,1
142097,1
142100,0
142104,1
142105,0
142106,0
142107,1
142114,1
142116,1
142120,1
142121,1
142122,1
142125,1
142127,0
142132,0
142133,1
142134,0
142135,0
142136,1
142137,1
142138,1
142139,0
142140,1
142144,1
142148,1
142150,1
142151,0
142154,0
142158,1
142161,0
142162,0
142167,1
142174,1
142177,1
142178,1
142186,0
142187,0
142188,0
142190,1
142192,0
142193,0
142195,0
142196,0
142200,1
142204,0
142206,0
142211,0
142219,1
142220,0
142221,1
142222,0
142223,0
142226,0
142230,0
142232,1
142238,1
142240,1
142241,0
142245,1
142246,1
142250,1
142251,1
142252,0
142255,0
142256,0
142257,0
142263,1
142265,0
142266,0
142269,0
142270,0
142272,0
142276,0
142279,1
142280,1
142281,0
142288,1
142289,0
142292,0
142293,1
142299,0
142300,1
142301,1
142309,1
142310,0
142316,0
142318,1
142320,1
142321,0
142322,1
142323,0
142326,0
142329,1
142331,1
142333,0
142336,1
142337,0
142339,0
142340,1
142344,0
142345,1
142346,0
142347,1
142348,1
142351,0
142352,1
142354,1
142356,0
142358,0
142372,1
142374,1
142375,0
142378,0
142379,0
142381,1
142383,0
142385,0
142394,1
142396,0
142400,0
142403,0
142405,0
142406,1
142408,1
142409,1
142411,1
142415,1
142416,1
142417,0
142420,1
142421,0
142423,1
142428,1
142429,0
142434,0
142436,1
142438,1
142443,1
142444,0
142446,0
142448,1
142449,0
142451,1
142454,0
142461,0
142463,1
142467,0
142468,0
142470,0
142475,1
142476,0
142477,1
142482,0
142483,0
142489,0
142491,0
142492,0
142494,0
142496,1
142497,0
142498,1
142499,1
142509,1
142512,0
142516,0
142518,1
142522,0
142523,1
142531,0
142533,1
142535,0
142536,0
142538,1
142539,1
142542,1
142551,1
142553,1
142555,1
142562,1
142563,0
142565,1
142570,0
142572,1
142573,0
142575,1
142576,1
142582,1
142583,1
142588,1
142592,1
142593,1
142594,1
142601,0
142602,1
142603,0
142605,1
142606,1
142607,1
142617,1
142618,1
142622,1
142624,1
142628,1
142633,0
142645,0
142649,1
142651,0
142653,1
142657,1
142658,1
142660,1
142662,0
142664,0
142665,1
142666,0
142669,0
142671,0
142672,0
142673,0
142682,0
142684,1
142685,0
142691,0
142693,1
142697,0
142698,0
142702,1
142703,1
142711,1
142712,0
142713,1
142714,1
142715,0
142717,1
142720,0
142721,0
142729,1
142730,0
142733,0
142737,1
142738,1
142749,0
142750,1
142751,1
142757,1
142758,0
142763,0
142764,0
142774,0
142775,1
142777,1
142778,1
142782,1
142785,1
142788,1
142791,0
142794,1
142798,0
142805,0
142806,0
142807,1
142809,1
142812,1
142815,1
142816,1
142817,1
142821,0
142829,0
142830,1
142831,1
142832,0
142834,1
142842,1
142843,0
142847,0
142854,0
142858,0
142862,0
142865,0
142866,0
142868,1
142874,1
142876,0
142877,0
142885,0
142887,0
142889,1
142893,1
142897,0
142898,0
142899,1
142906,1
142907,1
142909,1
142910,1
142916,1
142917,0
142918,0
142920,0
142922,1
142927,1
142930,0
142931,1
142932,0
142933,1
142939,0
142947,0
142950,0
142953,1
142958,1
142960,0
142964,1
142965,1
142966,1
142967,0
142970,1
142972,1
142974,0
142976,1
142978,1
142983,0
142984,1
142990,1
142991,1
142993,0
142994,1
143001,0
143002,0
143003,0
143004,0
143006,0
143009,1
143010,1
143011,1
143016,1
143017,1
143018,1
143021,1
143022,1
143023,0
143024,0
143026,1
143028,0
143029,0
143030,0
143031,0
143037,1
143038,0
143045,0
143046,0
143049,0
143052,1
143053,0
143054,0
143056,0
143057,0
143061,0
143063,0
143067,0
143068,0
143069,1
143073,0
143074,1
143079,0
143083,0
143085,0
143086,1
143088,0
143089,1
143090,1
143091,0
143096,0
143100,0
143103,1
143106,0
143110,0
143111,0
143112,0
143114,0
143116,1
143117,0
143118,0
143119,0
143120,1
143124,1
143126,0
143130,0
143134,1
143137,1
143139,1
143143,0
143144,0
143146,1
143147,0
143148,0
143149,1
143153,0
143154,0
143160,1
143164,1
143166,1
143168,0
143169,1
143170,0
143172,1
143173,1
143174,1
143175,0
143176,0
143186,0
143188,0
143191,1
143193,0
143194,1
143196,0
143198,1
143210,0
143213,0
143217,0
143218,1
143221,1
143224,0
143225,0
143227,1
143230,0
143232,1
143233,1
143235,1
143242,0
143244,0
143245,1
143257,0
143260,1
143263,0
143264,0
143266,0
143267,1
143269,0
143271,0
143272,1
143275,0
143276,0
143277,1
143279,1
143281,0
143283,1
143287,1
143288,1
143289,0
143290,0
143292,1
143293,0
143294,0
143296,0
143302,0
143303,1
143304,1
143312,1
143313,1
143316,0
143318,0
143319,1
143320,1
143321,1
143325,0
143326,0
143332,1
143333,0
143334,0
143336,1
143337,1
143340,1
143343,0
143346,1
143350,0
143351,0
143353,0
143355,0
143358,0
143361,1
143363,0
143364,0
143365,0
143367,0
143369,0
143374,1
143375,0
143376,1
143381,1
143383,1
143384,1
143385,0
143393,0
143398,0
143400,0
143401,1
143403,0
143405,1
143410,1
143413,1
143417,0
143423,0
143437,0
143440,1
143441,1
143442,0
143443,0
143452,1
143454,0
143455,0
143457,1
143467,0
143468,1
143472,0
143475,0
143476,0
143478,0
143480,0
143481,0
143486,0
143487,0
143488,0
143489,0
143491,1
143492,0
143493,0
143495,1
143502,1
143509,1
143511,1
143517,1
143519,0
143520,0
143521,1
143529,0
143532,1
143533,1
143536,0
143538,0
143539,1
143540,0
143541,1
143543,1
143545,1
143546,0
143547,1
143549,1
143553,1
143563,1
143564,0
143565,1
143566,1
143567,1
143572,0
143573,0
143574,0
143577,1
143579,1
143580,0
143582,1
143583,1
143584,0
143585,1
143586,0
143589,0
143591,0
143592,0
143594,0
143595,1
143596,0
143598,1
143600,1
143603,0
143605,1
143607,0
143610,1
143611,1
143614,1
143615,1
143617,0
143623,1
143625,0
143628,1
143630,1
143631,0
143633,0
143634,0
143637,1
143639,1
143640,1
143642,1
143646,1
143648,1
143649,0
143652,1
143653,1
143654,0
143655,0
143658,1
143660,0
143661,1
143663,1
143664,1
143667,0
143668,0
143669,1
143671,0
143673,1
143682,0
143683,0
143685,1
143693,0
143694,0
143697,0
143698,1
143699,0
143700,1
143704,0
143708,1
143709,0
143711,1
143719,1
143720,0
143722,1
143724,0
143725,0
143726,1
143731,0
143737,0
143738,0
143740,0
143741,1
143745,0
143754,0
143756,1
143757,0
143760,1
143763,0
143766,0
143767,1
143768,0
143769,1
143774,1
143776,0
143777,1
143778,0
143779,1
143780,1
143784,1
143785,0
143786,0
143788,1
143791,1
143792,0
143793,0
143797,0
143798,1
143800,1
143801,0
143802,1
143803,1
143807,0
143809,0
143811,1
143813,1
143823,1
143824,0
143825,1
143828,1
143830,0
143831,0
143832,1
143835,0
143841,0
143843,1
143844,0
143847,0
143849,0
143851,1
143853,1
143854,1
143856,1
143858,1
143862,0
143863,1
143864,0
143865,0
143867,0
143872,1
143873,1
143875,0
143879,0
143880,0
143882,1
143883,1
143885,1
143886,1
143887,1
143892,0
143895,0
143901,0
143905,0
143906,1
143909,1
143910,1
143911,0
143913,1
143914,0
143916,0
143922,1
143923,1
143926,1
143929,1
143930,0
143931,1
143936,0
143937,1
143939,0
143946,0
143953,0
143954,1
143958,1
143959,1
143960,0
143963,0
143964,1
143965,0
143966,0
143967,0
143970,0
143976,1
143978,0
143980,0
143981,1
143983,1
143985,1
143986,0
143987,0
143989,1
143993,1
143996,1
143997,0
144003,0
144010,0
144016,1
144018,0
144020,0
144021,1
144027,0
144030,1
144031,1
144037,1
144040,1
144044,0
144045,1
144046,1
144051,1
144054,1
144056,1
144058,1
144061,1
144064,1
144073,0
144076,1
144078,1
144081,0
144084,0
144089,0
144091,1
144093,1
144095,0
144096,1
144099,1
144100,0
144103,1
144107,0
144112,1
144113,1
144114,1
144117,0
144118,1
144122,0
144123,1
144124,0
144125,0
144126,1
144127,1
144129,0
144136,1
144153,1
144154,0
144155,0
144156,0
144158,1
144162,1
144164,0
144166,0
144170,1
144175,1
144177,1
144180,1
144182,1
144189,1
144192,1
144193,0
144195,1
144196,0
144197,1
144200,1
144201,1
144207,0
144210,1
144216,1
144217,1
144219,1
144226,0
144227,0
144229,1
144232,1
144237,1
144238,1
144242,1
144244,0
144245,0
144247,1
144254,1
144255,1
144257,1
144262,0
144263,0
144264,1
144266,1
144270,0
144271,1
144272,1
144274,0
144277,1
144278,1
144282,0
144283,1
144287,1
144291,1
144292,0
144293,1
144294,0
144299,1
144300,0
144301,1
144304,0
144305,1
144306,0
144307,0
144308,0
144309,0
144315,1
144319,0
144334,0
144336,0
144337,1
144339,1
144347,1
144352,0
144353,1
144357,0
144359,1
144363,1
144364,1
144368,1
144372,0
144373,1
144375,0
144378,0
144380,1
144381,1
144382,1
144386,1
144387,0
144388,1
144389,1
144390,1
144395,1
144398,0
144399,0
144400,1
144401,0
144402,1
144403,1
144406,1
144410,0
144412,0
144413,1
144416,0
144420,1
144422,1
144424,1
144425,1
144428,0
144429,1
144432,1
144433,1
144437,1
144439,1
144441,1
144445,1
144448,0
144449,1
144450,0
144454,1
144457,1
144458,1
144459,1
144467,0
144474,0
144476,0
144477,1
144478,0
144481,1
144483,0
144484,0
144485,1
144486,0
144487,0
144488,0
144492,0
144496,0
144497,0
144500,0
144501,1
144504,0
144505,1
144507,0
144510,0
144511,1
144516,0
144519,0
144521,0
144531,0
144532,0
144537,1
144538,1
144541,1
144544,0
144545,0
144550,0
144552,1
144553,1
144561,0
144562,1
144563,0
144564,0
144566,0
144568,1
144569,0
144576,0
144585,0
144588,0
144597,1
144603,0
144607,1
144612,1
144614,1
144617,0
144618,0
144625,0
144627,1
144629,0
144630,1
144631,0
144632,0
144638,0
144640,1
144641,1
144642,1
144645,1
144646,0
144649,0
144652,0
144659,0
144660,0
144663,0
144667,0
144669,0
144673,0
144674,0
144675,0
144679,1
144686,1
144689,1
144690,0
144693,0
144697,1
144699,1
144701,0
144706,1
144707,0
144708,0
144709,0
144713,0
144716,1
144718,1
144724,1
144725,0
144726,1
144727,1
144729,1
144730,0
144731,0
144734,1
144737,1
144739,1
144745,1
144746,1
144747,1
144748,1
144755,1
144756,0
144759,1
144761,0
144765,1
144767,1
144775,1
144776,0
144778,0
144779,0
144783,1
144788,0
144789,1
144791,1
144801,0
144802,1
144804,1
144810,0
144812,1
144815,0
144824,0
144828,0
144831,0
144835,1
144840,0
144843,1
144844,1
144848,1
144851,1
144853,0
144854,1
144855,1
144856,1
144862,0
144863,1
144864,1
144866,1
144867,0
144869,0
144870,0
144872,1
144874,0
144876,1
144879,1
144881,1
144886,1
144889,1
144893,1
144895,1
144896,1
144898,1
144900,1
144901,1
144908,1
144910,1
144912,1
144913,1
144917,1
144918,0
144920,0
144922,1
144924,1
144926,1
144928,0
144929,0
144930,0
144931,1
144932,0
144933,1
144934,0
144937,0
144939,1
144942,1
144945,0
144949,0
144956,1
144957,1
144959,0
144960,0
144964,1
144965,1
144977,0
144980,1
144983,1
144984,0
144986,0
144988,1
144993,0
144996,1
144998,0
145006,0
145008,1
145009,0
145011,1
145012,1
145014,0
145017,1
145019,0
145020,0
145024,0
145031,1
145033,0
145037,0
145041,1
145043,0
145044,0
145045,0
145047,1
145048,1
145049,1
145051,1
145054,0
145056,1
145057,0
145058,0
145060,0
145061,0
145062,1
145063,0
145065,1
145066,1
145068,1
145070,0
145071,0
145076,1
145078,1
145083,0
145085,1
145086,1
145092,0
145094,1
145095,0
145096,1
145099,1
145101,0
145102,0
145103,1
145105,1
145106,1
145107,0
145109,0
145112,0
145116,0
145117,1
145124,1
145129,1
145132,0
145136,1
145137,1
145142,1
145143,0
145147,0
145149,0
145150,1
145152,1
145155,1
145161,0
145162,0
145163,1
145165,1
145166,0
145167,1
145168,1
145169,0
145170,0
145171,0
145174,0
145179,0
145181,1
145182,1
145184,1
145185,0
145187,1
145192,1
145194,1
145198,1
145199,1
145200,0
145201,0
145202,0
145203,0
145205,1
145206,0
145210,0
145212,0
145213,1
145214,1
145216,1
145217,1
145219,1
145221,0
145222,0
145223,1
145225,0
145228,1
145230,0
145231,1
145232,1
145233,1
145236,1
145237,1
145238,1
145240,0
145243,0
145245,1
145246,0
145248,0
145250,1
145252,1
145259,1
145260,0
145261,1
145262,0
145264,0
145265,1
145267,0
145269,1
145270,1
145272,0
145273,1
145275,1
145282,0
145284,1
145285,0
145288,0
145290,0
145293,0
145296,0
145297,0
145300,0
145306,1
145308,0
145309,1
145310,0
145312,1
145313,1
145315,0
145317,1
145320,1
145321,0
145323,1
145326,1
145327,1
145328,1
145332,1
145335,0
145340,1
145341,0
145342,0
145343,1
145345,1
145349,0
145350,1
145354,0
145355,1
145356,0
145358,1
145359,0
145360,0
145362,1
145363,1
145365,1
145372,0
145376,0
145380,1
145381,0
145382,1
145389,0
145391,0
145395,0
145397,0
145402,0
145404,0
145408,1
145409,1
145410,0
145413,1
145418,0
145420,1
145422,0
145425,0
145426,0
145427,0
145428,0
145429,0
145430,1
145433,1
145436,0
145441,1
145444,1
145446,1
145447,0
145455,0
145456,1
145457,0
145458,0
145459,0
145460,0
145461,1
145463,1
145464,1
145465,0
145466,0
145474,0
145478,0
145479,1
145480,1
145481,0
145484,0
145489,1
145490,0
145492,1
145493,1
145494,1
145497,0
145499,0
145506,1
145507,0
145508,1
145510,0
145514,0
145515,0
145517,0
145521,1
145523,0
145526,1
145530,0
145532,0
145533,1
145535,1
145537,0
145538,0
145540,1
145543,0
145551,0
145552,0
145559,1
145563,1
145566,1
145568,1
145569,0
145575,1
145581,0
145584,1
145586,0
145587,1
145595,1
145597,0
145599,0
145600,1
145601,1
145604,0
145605,1
145607,0
145608,1
145610,1
145612,1
145614,0
145616,0
145618,1
145620,1
145623,1
145627,0
145631,0
145633,0
145635,1
145641,0
145643,0
145645,0
145646,0
145647,0
145648,0
145650,0
145651,0
145652,0
145653,1
145654,0
145657,1
145660,0
145661,0
145663,1
145664,1
145667,0
145669,1
145670,0
145673,0
145675,0
145676,1
145681,1
145683,0
145684,0
145685,0
145686,0
145688,0
145692,0
145693,0
145696,1
145697,0
145698,1
145699,1
145700,0
145701,0
145704,0
145707,0
145708,1
145710,1
145714,1
145716,0
145718,0
145721,1
145722,0
145724,0
145726,0
145731,0
145732,1
145733,1
145735,0
145739,0
145740,0
145741,0
145746,1
145749,0
145763,0
145765,1
145771,1
145772,1
145773,0
145774,0
145777,1
145780,0
145782,1
145786,1
145788,0
145792,0
145793,0
145799,1
145801,0
145808,1
145809,0
145811,1
145814,0
145816,1
145824,0
145830,1
145840,0
145843,1
145844,0
145845,1
145846,0
145848,0
145850,0
145855,0
145857,1
145860,0
145868,0
145871,0
145874,1
145880,0
145882,0
145891,0
145892,1
145894,0
145895,1
145897,0
145904,1
145910,0
145912,0
145914,0
145915,0
145918,0
145920,0
145921,1
145922,0
145923,0
145925,1
145926,0
145932,0
145938,0
145939,0
145944,1
145945,0
145948,0
145950,1
145951,0
145955,0
145962,0
145967,1
145969,1
145970,0
145973,1
145974,1
145979,1
145983,1
145985,1
145987,1
145989,0
145992,1
145994,1
145996,0
145998,1
145999,0
146000,0
146002,1
146008,0
146011,0
146013,0
146015,1
146023,1
146025,1
146027,0
146028,0
146033,0
146036,0
146038,0
146040,0
146045,1
146049,1
146053,0
146054,0
146055,1
146058,1
146059,0
146061,1
146062,1
146064,1
146067,0
146071,0
146074,1
146075,0
146076,0
146079,0
146080,1
146081,0
146085,1
146087,0
146093,1
146095,0
146097,0
146104,0
146106,1
146107,1
146110,1
146111,1
146114,1
146117,0
146118,0
146119,1
146121,1
146122,0
146123,0
146127,0
146130,1
146132,1
146134,1
146136,1
146138,1
146139,0
146145,0
146147,1
146149,0
146151,1
146153,0
146158,1
146160,1
146161,0
146162,1
146171,0
146173,0
146175,0
146176,1
146180,1
146181,1
146185,1
146189,1
146190,0
146191,1
146193,0
146195,1
146198,0
146203,0
146204,1
146212,1
146213,0
146214,0
146215,0
146216,1
146217,0
146220,0
146224,0
146229,1
146232,1
146234,1
146236,1
146239,0
146241,1
146242,1
146243,0
146249,0
146254,0
146256,1
146257,1
146258,0
146260,1
146261,0
146262,1
146263,1
146264,1
146265,1
146279,0
146280,0
146282,0
146286,1
146289,0
146292,0
146293,1
146294,1
146302,0
146303,1
146308,0
146311,0
146312,1
146317,0
146318,0
146320,1
146321,1
146322,1
146324,0
146325,1
146327,1
146329,0
146332,0
146334,1
146335,0
146336,1
146339,0
146341,0
146344,1
146347,1
146351,0
146358,0
146359,0
146363,1
146366,1
146370,0
146373,0
146374,1
146376,0
146379,0
146382,1
146385,1
146390,1
146393,0
146394,0
146395,0
146396,0
146397,0
146398,1
146399,1
146400,1
146403,1
146407,1
146410,0
146412,0
146413,1
146416,1
146417,1
146418,1
146420,1
146421,1
146426,1
146428,1
146429,0
146430,1
146435,1
146436,0
146439,0
146440,0
146443,0
146446,0
146451,1
146454,1
146456,0
146457,1
146458,1
146462,1
146464,0
146465,0
146467,0
146469,1
146470,1
146471,1
146472,1
146475,1
146478,0
146480,1
146481,1
146483,0
146485,0
146489,0
146490,1
146491,0
146498,0
146499,0
146500,1
146501,0
146505,1
146507,1
146511,1
146515,0
146519,1
146520,1
146525,1
146532,0
146537,1
146538,1
146539,0
146540,0
146542,1
146556,0
146557,0
146558,1
146559,0
146561,0
146562,1
146563,1
146564,0
146567,1
146568,0
146569,1
146570,1
146572,0
146573,1
146575,0
146578,0
146580,0
146581,1
146583,0
146587,0
146591,1
146594,1
146595,0
146596,0
146597,0
146599,1
146602,0
146603,0
146605,0
146606,0
146612,0
146615,0
146617,1
146620,1
146623,0
146624,0
146626,0
146627,0
146628,1
146629,0
146633,0
146639,1
146640,1
146644,0
146645,1
146650,0
146651,1
146652,1
146655,1
146656,0
146657,1
146668,1
146669,1
146676,1
146681,0
146687,1
146688,1
146691,1
146692,0
146694,0
146695,0
146699,1
146700,1
146701,1
146703,1
146704,1
146705,1
146707,0
146708,0
146711,0
146716,0
146718,0
146720,0
146724,0
146725,0
146726,0
146727,1
146728,1
146729,1
146735,1
146737,1
146739,1
146742,1
146745,0
146747,0
146749,1
146753,0
146755,1
146758,0
146759,0
146761,1
146764,1
146766,0
146767,0
146768,0
146774,1
146775,1
146776,1
146777,0
146779,1
146780,1
146781,0
146783,0
146784,0
146789,1
146794,0
146796,0
146801,0
146802,0
146803,0
146804,0
146805,0
146809,0
146811,0
146819,1
146820,1
146821,0
146824,1
146825,1
146826,0
146828,0
146829,0
146830,0
146834,1
146844,0
146845,1
146847,1
146848,0
146852,1
146853,1
146856,0
146857,1
146858,0
146859,1
146867,1
146868,1
146871,1
146872,0
146875,0
146876,1
146877,1
146880,0
146881,0
146886,0
146889,0
146894,0
146895,0
146897,0
146902,1
146905,0
146906,0
146907,1
146916,1
146919,1
146922,1
146923,0
146925,1
146926,0
146927,1
146928,1
146930,1
146940,1
146941,1
146944,0
146947,1
146951,1
146953,1
146954,0
146958,1
146959,0
146963,1
146969,1
146970,0
146974,1
146976,1
146981,0
146982,0
146987,0
146989,1
146990,1
146992,0
146993,0
146995,1
146996,0
146997,0
146998,1
147002,1
147004,0
147010,1
147013,0
147014,0
147015,0
147018,1
147024,0
147026,1
147028,0
147040,0
147042,0
147046,1
147055,0
147060,0
147061,0
147063,1
147065,0
147066,0
147069,1
147070,0
147072,0
147075,1
147079,0
147084,0
147091,0
147100,0
147103,0
147107,1
147111,0
147118,1
147119,1
147123,1
147126,1
147127,1
147129,0
147133,1
147135,1
147145,1
147147,1
147151,0
147156,1
147159,0
147160,0
147161,1
147164,0
147165,0
147166,1
147171,0
147172,1
147173,0
147174,1
147180,0
147185,1
147188,0
147190,0
147194,0
147197,1
147200,0
147203,0
147204,0
147208,1
147212,0
147214,1
147215,1
147216,1
147226,0
147227,0
147229,0
147234,1
147235,0
147237,0
147240,1
147245,0
147248,1
147250,1
147252,1
147255,1
147258,1
147261,0
147265,1
147266,1
147267,1
147268,0
147270,0
147275,1
147277,0
147279,0
147281,0
147283,0
147284,0
147289,1
147293,0
147295,0
147296,0
147309,1
147311,0
147314,0
147317,1
147320,1
147321,0
147322,1
147327,0
147329,1
147331,0
147332,1
147335,1
147337,1
147338,0
147339,0
147345,0
147349,0
147354,0
147358,1
147364,1
147367,1
147371,0
147373,1
147374,0
147378,1
147382,1
147383,0
147384,1
147385,0
147386,1
147388,0
147393,0
147394,0
147396,0
147397,1
147398,1
147402,1
147405,1
147410,0
147412,0
147414,0
147419,1
147422,1
147423,0
147425,0
147428,0
147430,0
147432,1
147434,1
147439,1
147447,0
147450,0
147454,0
147455,1
147456,1
147460,0
147463,1
147465,0
147466,0
147470,0
147473,1
147478,0
147482,1
147486,1
147489,0
147490,0
147493,1
147499,1
147501,1
147502,0
147505,1
147506,0
147510,1
147511,0
147515,1
147516,0
147518,1
147526,0
147527,1
147528,0
147531,1
147532,0
147533,1
147535,0
147536,0
147539,0
147540,0
147542,0
147543,0
147544,0
147545,1
147547,1
147549,0
147552,0
147553,0
147555,0
147557,0
147559,0
147560,0
147561,0
147566,0
147569,1
147570,1
147571,0
147572,1
147573,0
147577,1
147578,0
147579,1
147582,0
147585,0
147587,0
147590,1
147593,1
147598,0
147599,1
147600,0
147601,1
147602,0
147603,1
147604,1
147609,1
147612,0
147614,0
147615,1
147618,1
147620,1
147621,1
147622,1
147623,1
147628,0
147630,0
147632,1
147633,0
147635,1
147636,0
147643,0
147647,0
147649,0
147651,1
147654,1
147656,0
147657,0
147659,0
147661,0
147667,0
147668,1
147669,0
147671,1
147673,0
147677,1
147678,1
147682,0
147684,0
147686,0
147688,0
147698,1
147699,1
147707,1
147708,0
147711,0
147715,0
147716,1
147718,1
147720,1
147721,0
147723,0
147732,1
147734,0
147735,0
147736,1
147738,0
147741,1
147742,0
147743,1
147746,1
147747,0
147753,1
147754,0
147755,1
147758,1
147763,1
147764,1
147766,1
147771,0
147775,0
147776,0
147779,1
147783,0
147786,1
147793,1
147795,0
147807,0
147811,0
147812,1
147813,1
147814,1
147816,0
147819,1
147820,0
147826,0
147828,0
147829,1
147842,1
147845,1
147850,0
147851,0
147853,0
147854,1
147855,0
147856,0
147858,0
147861,1
147866,0
147869,0
147871,0
147874,1
147875,0
147880,0
147881,0
147882,0
147883,1
147888,0
147889,1
147891,1
147892,0
147893,0
147896,0
147897,0
147900,0
147901,1
147904,1
147908,0
147912,0
147916,0
147921,1
147922,1
147923,1
147925,0
147926,0
147929,0
147940,0
147941,0
147948,0
147949,1
147951,0
147953,0
147955,0
147959,1
147961,0
147965,1
147967,0
147968,1
147969,1
147974,0
147977,1
147980,1
147981,0
147984,1
147987,1
147996,1
147997,0
147998,0
148000,0
148001,0
148002,0
148003,1
148004,1
148005,1
148007,0
148008,1
148012,1
148013,0
148016,0
148021,0
148022,1
148023,1
148024,0
148026,0
148028,1
148030,1
148032,1
148033,0
148034,0
148035,0
148037,0
148039,1
148040,0
148041,0
148044,1
148045,1
148049,1
148050,1
148051,1
148053,1
148054,1
148055,0
148056,0
148058,0
148059,0
148060,1
148062,1
148070,1
148076,1
148079,1
148080,1
148081,0
148087,1
148088,0
148089,0
148091,0
148095,0
148096,0
148099,1
148100,0
148104,1
148105,1
148116,1
148118,0
148121,0
148122,0
148124,0
148125,1
148130,0
148131,0
148132,0
148144,1
148145,0
148147,1
148152,1
148154,0
148159,0
148161,1
148162,0
148165,1
148166,0
148171,1
148172,1
148175,0
148176,1
148179,1
148180,0
148181,1
148184,0
148186,1
148187,0
148190,1
148192,0
148196,0
148197,1
148198,1
148199,0
148200,0
148201,1
148203,1
148204,1
148205,0
148207,1
148211,0
148213,0
148215,0
148220,0
148223,0
148229,0
148231,0
148232,1
148233,0
148234,1
148235,0
148237,1
148240,0
148244,1
148246,0
148248,0
148251,0
148254,1
148255,0
148256,1
148257,0
148259,1
148265,1
148268,0
148273,1
148276,1
148277,0
148279,1
148281,0
148282,1
148283,0
148290,0
148291,0
148294,1
148295,0
148296,1
148302,0
148305,1
148308,1
148310,0
148311,0
148312,0
148314,1
148316,1
148318,0
148321,1
148326,1
148327,0
148329,1
148331,0
148333,0
148334,0
148336,0
148339,1
148340,1
148341,0
148342,1
148347,0
148353,0
148355,1
148363,0
148367,1
148369,1
148371,1
148372,0
148375,1
148377,0
148378,1
148379,0
148383,0
148385,0
148386,0
148387,0
148388,0
148395,0
148397,0
148399,1
148401,0
148402,1
148406,1
148408,0
148410,0
148411,1
148416,1
148417,0
148418,0
148422,1
148428,1
148430,1
148435,1
148438,1
148439,0
148441,1
148442,1
148444,0
148450,1
148452,0
148453,0
148455,0
148456,1
148457,1
148458,1
148460,0
148464,0
148465,1
148469,0
148473,0
148475,0
148478,0
148482,0
148483,1
148485,0
148490,1
148491,1
148493,0
148494,1
148496,0
148499,0
148501,1
148504,0
148505,0
148508,1
148510,1
148513,1
148514,1
148515,1
148517,1
148527,0
148535,0
148536,0
148539,1
148540,0
148543,0
148546,0
148547,1
148550,0
148555,1
148557,1
148561,1
148564,1
148572,1
148573,0
148578,0
148582,0
148583,0
148585,0
148586,0
148588,1
148592,0
148593,0
148594,0
148599,0
148600,1
148607,1
148611,0
148612,0
148614,1
148615,1
148618,1
148619,0
148621,1
148623,1
148625,1
148626,0
148630,0
148631,1
148632,1
148633,0
148634,1
148635,1
148637,1
148638,0
148639,0
148642,0
148643,0
148647,1
148650,0
148651,0
148652,0
148655,1
148657,1
148658,0
148660,1
148663,1
148667,1
148672,1
148676,1
148680,0
148682,0
148685,1
148690,1
148692,1
148693,1
148695,0
148698,1
148702,1
148704,1
148705,0
148706,1
148707,1
148710,1
148711,1
148715,1
148717,0
148724,1
148726,1
148730,0
148731,0
148733,1
148740,1
148747,0
148751,1
148752,0
148755,1
148758,0
148765,0
148768,0
148769,0
148772,1
148773,0
148774,1
148776,0
148777,0
148779,0
148780,0
148784,0
148785,0
148786,1
148788,1
148795,0
148799,0
148801,0
148805,0
148809,1
148810,0
148813,0
148816,0
148817,0
148818,0
148820,1
148824,1
148825,0
148826,0
148827,0
148829,0
148830,1
148831,0
148832,1
148835,1
148836,1
148838,1
148840,1
148841,0
148842,1
148843,0
148854,1
148857,1
148862,0
148867,0
148869,1
148870,1
148879,1
148880,0
148882,1
148883,1
148887,1
148894,1
148902,0
148904,0
148905,0
148906,0
148908,1
148909,0
148910,0
148911,1
148912,0
148917,0
148920,1
148921,0
148922,0
148925,0
148926,0
148927,1
148928,0
148929,0
148931,0
148936,0
148938,1
148942,1
148943,1
148945,0
148946,1
148948,1
148949,1
148950,1
148953,0
148954,0
148956,0
148958,0
148961,0
148963,1
148965,0
148966,1
148973,0
148974,1
148975,1
148979,1
148980,1
148981,0
148982,1
148984,0
148987,1
148993,0
148996,0
148997,0
148998,1
149006,0
149010,0
149011,0
149014,1
149015,0
149016,1
149017,0
149018,1
149021,0
149023,0
149026,1
149030,0
149031,1
149033,1
149034,1
149038,0
149039,0
149040,0
149041,0
149046,1
149056,0
149057,1
149058,1
149060,0
149061,0
149062,0
149064,1
149066,1
149067,1
149071,0
149072,1
149073,1
149078,1
149079,1
149083,0
149085,0
149086,1
149088,0
149092,1
149094,1
149100,1
149101,0
149102,0
149106,1
149110,1
149111,0
149112,1
149116,1
149117,0
149118,1
149119,1
149120,0
149122,0
149123,1
149125,0
149129,0
149133,1
149136,0
149144,1
149145,0
149147,1
149148,0
149150,1
149152,0
149156,1
149157,0
149159,0
149165,1
149169,0
149170,1
149172,1
149174,0
149178,0
149179,0
149180,1
149185,1
149187,0
149193,1
149197,0
149200,1
149205,0
149206,1
149212,1
149215,1
149216,0
149218,0
149222,1
149224,0
149232,0
149233,0
149235,0
149236,1
149237,0
149239,1
149240,0
149241,0
149242,0
149250,0
149253,0
149254,0
149256,1
149257,0
149260,1
149262,1
149263,0
149264,1
149265,0
149268,1
149269,1
149270,1
149271,1
149273,0
149277,0
149279,0
149282,0
149289,0
149295,0
149297,1
149299,0
149301,1
149306,1
149313,0
149315,1
149316,0
149317,0
149319,0
149320,1
149321,1
149324,0
149325,0
149326,1
149329,0
149330,0
149332,1
149333,0
149339,0
149340,0
149341,1
149342,0
149347,1
149349,1
149353,1
149356,1
149358,1
149359,0
149360,1
149361,0
149362,0
149365,0
149366,0
149367,1
149368,1
149370,1
149372,1
149373,0
149378,0
149379,0
149382,1
149386,1
149395,1
149405,1
149408,1
149409,1
149412,0
149414,0
149415,0
149420,1
149422,1
149424,1
149425,0
149427,1
149429,1
149433,1
149435,1
149437,1
149438,0
149442,0
149443,0
149446,1
149449,0
149452,0
149455,1
149457,0
149465,0
149466,1
149469,1
149470,1
149473,1
149474,1
149476,1
149478,0
149479,0
149481,0
149482,1
149484,1
149489,0
149490,0
149504,1
149506,0
149507,0
149508,1
149509,0
149513,0
149517,1
149526,0
149531,0
149534,0
149535,1
149537,1
149539,1
149542,1
149544,1
149547,1
149548,0
149550,0
149554,1
149555,1
149562,1
149564,1
149566,0
149571,0
149573,0
149574,0
149575,0
149576,0
149580,0
149585,0
149589,0
149591,1
149599,1
149600,0
149607,0
149609,1
149611,0
149612,1
149614,0
149620,1
149624,1
149627,1
149632,1
149637,1
149638,1
149648,0
149649,0
149653,1
149655,0
149659,1
149660,1
149661,1
149668,0
149672,0
149673,1
149676,0
149677,0
149682,1
149685,0
149686,1
149690,0
149694,1
149696,0
149697,1
149702,1
149703,0
149708,0
149710,1
149713,0
149715,1
149718,1
149719,1
149723,1
149724,0
149726,1
149728,0
149729,1
149732,0
149733,1
149736,1
149738,1
149739,1
149740,1
149742,0
149746,1
149747,1
149750,1
149754,0
149755,0
149756,0
149761,0
149762,0
149767,1
149768,1
149771,0
149773,1
149774,0
149775,1
149776,0
149779,0
149781,0
149784,0
149786,1
149790,1
149794,1
149795,0
149797,0
149799,0
149801,1
149806,0
149811,0
149815,0
149823,1
149827,0
149832,0
149839,0
149840,0
149841,1
149843,0
149844,0
149846,0
149851,1
149856,1
149863,1
149865,1
149869,0
149872,1
149874,1
149876,1
149881,1
149884,1
149888,0
149889,0
149896,0
149897,1
149898,0
149900,1
149902,0
149907,1
149910,0
149912,0
149913,0
149914,0
149916,0
149918,1
149924,1
149929,1
149933,1
149935,0
149938,0
149941,0
149942,0
149945,1
149948,0
149949,0
149950,1
149955,1
149956,1
149961,0
149963,0
149969,0
149970,1
149973,1
149974,1
149975,0
149978,1
149980,1
149987,0
149988,1
149989,1
150001,1
150002,0
150004,0
150007,1
150008,1
150009,1
150012,0
150014,1
150015,0
150016,0
150022,0
150023,0
150024,0
150025,1
150026,1
150027,0
150028,0
150035,0
150038,0
150039,0
150040,1
150044,1
150045,1
150046,1
150047,1
150048,1
150049,0
150053,0
150055,0
150056,0
150060,0
150062,1
150068,1
150069,0
150073,1
150079,0
150080,1
150082,0
150083,0
150089,1
150090,0
150091,1
150092,0
150093,0
150095,1
150096,0
150103,1
150106,0
150109,1
150116,0
150118,0
150119,1
150120,1
150122,0
150124,0
150129,1
150131,1
150135,1
150139,1
150140,1
150141,0
150142,0
150144,0
150145,0
150146,1
150147,0
150148,1
150149,1
150151,1
150152,0
150157,1
150161,1
150164,1
150165,1
150167,1
150168,1
150169,1
150172,0
150174,0
150182,1
150185,0
150189,0
150191,1
150192,0
150193,0
150196,1
150200,1
150201,0
150203,1
150205,0
150210,0
150214,1
150216,1
150218,0
150221,0
150222,0
150224,0
150226,0
150230,0
150231,0
150232,0
150249,0
150250,0
150251,0
150253,1
150255,0
150258,1
150263,0
150266,1
150273,0
150276,1
150277,0
150281,0
150283,1
150285,1
150287,1
150288,0
150289,0
150293,0
150294,0
150295,1
150297,1
150299,1
150300,1
150303,0
150307,0
150316,0
150317,0
150320,1
150324,0
150325,1
150327,1
150328,1
150331,0
150333,1
150336,1
150338,1
150340,0
150341,1
150345,1
150346,0
150347,1
150349,0
150350,1
150351,1
150353,0
150354,0
150355,1
150357,0
150358,0
150370,1
150372,0
150374,0
150375,0
150377,0
150378,1
150383,0
150384,1
150391,0
150393,0
150395,1
150401,0
150402,0
150404,0
150407,1
150408,0
150409,0
150412,1
150414,0
150415,0
150416,1
150417,1
150418,0
150420,0
150421,1
150423,0
150424,1
150425,1
150432,0
150435,1
150442,0
150443,1
150444,0
150445,0
150448,1
150452,1
150453,1
150459,1
150464,0
150466,1
150468,1
150469,0
150472,1
150473,0
150474,0
150475,0
150476,1
150477,1
150487,0
150492,1
150499,0
150505,1
150506,1
150512,1
150513,0
150516,1
150517,0
150520,0
150521,1
150524,0
150531,0
150533,0
150534,1
150539,1
150541,1
150542,0
150544,0
150548,1
150550,0
150555,0
150558,1
150559,1
150563,1
150564,1
150565,1
150571,0
150575,1
150578,0
150582,1
150586,1
150597,1
150599,0
150603,0
150613,0
150616,1
150617,1
150621,0
150622,0
150624,0
150628,0
150629,1
150638,0
150639,0
150640,1
150641,1
150643,1
150645,1
150647,1
150650,1
150651,0
150652,0
150653,0
150657,1
150660,0
150661,0
150663,0
150668,0
150669,1
150674,1
150675,1
150678,1
150680,0
150685,1
150687,0
150689,0
150691,1
150692,0
150693,1
150695,1
150696,1
150698,0
150704,0
150713,0
150716,0
150717,1
150720,1
150721,0
150722,1
150727,1
150728,1
150732,1
150733,1
150737,1
150743,0
150744,0
150746,0
150757,1
150758,0
150763,0
150769,1
150770,1
150772,1
150775,1
150783,0
150787,1
150790,1
150796,0
150799,1
150800,1
150802,0
150805,0
150810,0
150814,1
150815,0
150817,1
150820,0
150821,0
150822,1
150824,0
150828,0
150831,0
150835,0
150836,1
150838,0
150839,0
150842,1
150843,0
150844,0
150845,0
150846,0
150849,1
150851,1
150853,0
150854,0
150858,1
150859,1
150860,0
150862,1
150863,0
150866,1
150867,0
150869,1
150870,0
150871,1
150873,0
150876,1
150877,0
150878,0
150880,0
150882,1
150883,1
150885,0
150886,0
150888,0
150893,1
150896,1
150900,0
150901,0
150902,1
150903,1
150909,1
150911,1
150918,1
150919,0
150922,1
150923,1
150925,1
150928,1
150930,0
150931,0
150932,1
150935,0
150936,0
150938,0
150941,0
150942,0
150943,0
150944,0
150948,0
150949,1
150950,1
150953,0
150954,1
150958,0
150963,0
150966,1
150967,1
150968,1
150969,1
150970,1
150971,1
150972,1
150977,1
150979,1
150981,0
150982,1
150983,0
150986,0
150987,1
150988,0
150989,1
150995,1
151000,1
151001,0
151006,1
151007,1
151010,1
151012,1
151015,0
151019,1
151025,1
151028,0
151030,1
151035,0
151042,1
151044,0
151047,1
151048,0
151052,1
151056,0
151059,0
151061,0
151066,0
151067,0
151072,0
151075,0
151076,0
151077,1
151078,1
151082,1
151086,1
151090,0
151098,1
151099,0
151100,1
151102,0
151105,1
151106,1
151107,0
151108,1
151117,0
151119,1
151122,1
151123,1
151126,0
151127,0
151128,1
151130,0
151132,1
151135,0
151139,0
151140,0
151142,1
151144,0
151145,1
151148,1
151149,0
151150,0
151153,1
151154,1
151155,1
151156,0
151158,1
151159,0
151162,1
151163,1
151164,1
151166,1
151170,1
151172,0
151173,1
151174,0
151183,0
151184,1
151185,1
151191,0
151192,0
151194,0
151197,1
151199,1
151201,1
151202,1
151207,0
151210,1
151212,0
151213,0
151216,0
151217,1
151224,1
151226,1
151230,0
151237,0
151241,0
151243,0
151244,1
151248,0
151251,1
151254,0
151257,0
151261,1
151262,0
151267,0
151270,0
151271,0
151280,0
151282,1
151284,1
151285,0
151286,1
151287,1
151288,0
151290,1
151291,0
151292,0
151293,1
151294,0
151295,1
151296,0
151300,1
151303,1
151306,1
151309,1
151313,0
151320,0
151321,1
151324,0
151328,0
151330,1
151332,1
151333,1
151335,1
151340,0
151342,1
151345,1
151353,0
151358,0
151360,1
151361,0
151363,1
151366,0
151371,1
151376,0
151382,1
151385,1
151386,1
151388,1
151389,0
151391,0
151392,0
151395,0
151396,0
151400,1
151403,0
151410,1
151411,0
151412,1
151413,0
151415,0
151416,1
151418,0
151430,0
151432,0
151436,0
151438,1
151439,0
151440,0
151441,0
151444,0
151445,0
151448,0
151449,0
151453,1
151454,1
151456,1
151457,0
151460,1
151462,1
151465,1
151467,1
151468,1
151473,1
151474,0
151475,1
151478,0
151488,1
151491,1
151496,1
151498,0
151501,0
151502,1
151505,1
151507,1
151508,0
151510,0
151515,0
151518,0
151525,1
151529,0
151532,1
151533,1
151534,1
151537,1
151538,1
151541,1
151543,0
151545,1
151546,0
151549,1
151550,1
151556,1
151559,0
151563,1
151564,0
151577,1
151580,1
151581,0
151586,1
151590,1
151592,0
151593,1
151594,1
151597,1
151599,0
151600,1
151604,0
151605,0
151610,1
151612,1
151614,0
151615,1
151616,1
151618,0
151621,0
151622,1
151626,0
151627,1
151628,1
151634,1
151635,0
151636,1
151637,0
151638,1
151642,0
151643,0
151644,1
151645,1
151646,0
151647,1
151648,0
151649,0
151650,0
151658,0
151663,1
151664,0
151666,0
151670,0
151671,0
151672,0
151674,1
151675,1
151680,0
151681,0
151683,0
151688,1
151689,1
151690,1
151691,0
151693,0
151705,0
151707,1
151710,0
151712,0
151713,1
151717,1
151719,0
151723,0
151724,0
151725,0
151729,0
151731,1
151733,1
151734,0
151741,1
151742,0
151743,1
151744,1
151747,1
151749,0
151754,0
151757,1
151758,1
151761,0
151762,0
151763,0
151765,0
151772,1
151773,1
151774,0
151777,0
151778,0
151779,1
151782,1
151783,1
151785,0
151790,0
151792,1
151794,0
151797,0
151798,0
151801,1
151804,0
151807,1
151808,1
151809,1
151811,0
151813,1
151815,1
151816,0
151817,0
151818,0
151823,1
151826,1
151828,0
151831,0
151833,1
151834,1
151835,1
151839,1
151841,0
151842,0
151843,1
151850,1
151853,0
151855,1
151857,0
151858,0
151860,0
151861,1
151862,1
151863,1
151864,1
151865,1
151866,0
151867,0
151871,1
151872,1
151876,1
151886,1
151887,0
151889,1
151890,1
151893,0
151894,0
151895,0
151896,0
151897,0
151900,1
151903,0
151905,1
151910,1
151915,0
151916,0
151919,1
151922,0
151923,1
151925,1
151928,1
151929,1
151932,1
151933,0
151934,1
151935,1
151936,0
151938,1
151941,1
151942,1
151944,1
151948,1
151949,0
151951,0
151952,1
151954,0
151955,1
151960,0
151961,0
151962,0
151965,0
151970,0
151971,1
151975,1
151978,1
151979,1
151980,1
151981,0
151982,1
151987,0
151991,1
151992,1
151993,0
151994,1
151995,0
151997,1
152000,0
152001,1
152004,1
152012,0
152015,0
152016,0
152019,1
152023,1
152024,1
152025,0
152027,1
152028,0
152039,0
152040,1
152046,0
152047,0
152049,1
152050,1
152053,0
152059,1
152064,0
152069,1
152071,0
152072,1
152074,1
152075,1
152077,0
152080,1
152083,0
152085,1
152087,1
152092,0
152093,0
152098,0
152102,1
152103,1
152104,0
152106,0
152107,0
152110,0
152111,0
152112,1
152114,0
152120,0
152127,0
152128,1
152129,1
152132,1
152133,0
152134,1
152135,1
152139,0
152140,1
152141,0
152142,1
152145,1
152152,1
152154,0
152156,1
152157,1
152159,0
152162,0
152163,0
152164,0
152167,0
152168,0
152172,0
152173,0
152174,0
152175,0
152178,0
152180,0
152183,0
152185,0
152186,0
152193,0
152194,0
152195,1
152197,0
152202,0
152205,0
152206,1
152207,1
152209,1
152211,0
152217,0
152218,0
152220,1
152221,0
152228,0
152230,1
152231,1
152234,0
152235,1
152237,1
152238,1
152239,0
152240,0
152241,1
152246,0
152247,0
152248,1
152249,1
152252,1
152253,1
152257,1
152273,1
152279,0
152280,0
152288,0
152290,0
152291,1
152293,1
152294,0
152295,1
152298,1
152301,0
152305,0
152312,0
152314,0
152315,0
152318,1
152321,1
152322,0
152323,0
152325,0
152326,1
152333,1
152334,1
152340,0
152342,0
152345,0
152351,1
152352,0
152355,1
152357,0
152358,0
152359,0
152360,0
152362,0
152364,0
152366,1
152367,1
152370,1
152373,0
152375,0
152376,0
152378,0
152380,1
152382,1
152388,0
152391,1
152394,1
152396,0
152398,0
152399,1
152400,1
152404,1
152405,1
152407,1
152409,0
152410,0
152412,1
152413,0
152414,0
152415,0
152417,0
152421,0
152426,1
152428,0
152432,0
152433,1
152434,0
152436,0
152437,0
152440,1
152444,0
152451,0
152453,1
152458,0
152459,1
152462,0
152464,0
152465,0
152466,1
152467,1
152475,0
152476,0
152479,0
152480,0
152483,1
152484,1
152486,1
152487,1
152488,1
152490,1
152491,1
152494,0
152495,0
152498,1
152499,1
152503,0
152506,0
152509,0
152510,1
152513,0
152515,0
152516,1
152517,1
152518,0
152520,1
152522,1
152523,0
152525,1
152526,0
152527,1
152529,1
152535,1
152536,0
152537,1
152538,1
152542,1
152545,0
152547,1
152549,0
152551,0
152552,0
152554,0
152555,1
152556,0
152557,0
152558,0
152561,1
152564,0
152566,0
152568,0
152569,0
152570,0
152574,0
152578,0
152580,0
152581,1
152582,0
152584,1
152585,1
152586,1
152588,0
152590,0
152594,1
152596,1
152600,0
152602,0
152605,0
152606,1
152608,0
152611,0
152612,1
152613,1
152614,1
152616,1
152617,1
152619,1
152620,0
152622,1
152623,1
152624,0
152629,1
152630,0
152632,0
152633,0
152637,1
152638,1
152640,0
152642,1
152648,0
152649,1
152652,0
152655,0
152657,0
152659,0
152660,0
152661,1
152662,1
152664,1
152668,0
152669,0
152671,0
152673,0
152675,0
152680,0
152683,1
152688,0
152693,0
152694,1
152697,1
152698,0
152699,1
152700,0
152702,0
152706,1
152707,1
152713,1
152717,0
152718,0
152721,0
152722,0
152724,0
152725,1
152726,0
152729,1
152734,1
152735,0
152736,1
152738,0
152740,1
152741,0
152743,0
152744,1
152745,0
152747,1
152749,0
152752,0
152753,0
152757,0
152758,0
152759,1
152763,0
152766,0
152767,0
152768,1
152770,0
152771,0
152773,0
152774,0
152779,0
152781,1
152782,0
152784,0
152786,0
152788,1
152789,1
152792,1
152793,0
152795,1
152799,0
152800,0
152801,0
152805,0
152806,0
152808,1
152811,1
152812,0
152815,1
152816,0
152817,1
152819,1
152820,0
152824,1
152825,0
152826,0
152829,0
152830,0
152831,0
152832,0
152834,0
152838,1
152840,0
152842,0
152843,0
152844,0
152846,0
152847,0
152849,0
152850,0
152851,0
152852,0
152853,0
152856,0
152858,0
152860,0
152862,0
152863,0
152864,1
152866,0
152868,1
152871,1
152873,1
152876,1
152877,1
152881,0
152882,0
152883,0
152885,0
152887,1
152888,0
152892,1
152894,1
152903,0
152906,0
152907,0
152913,0
152915,1
152918,1
152919,0
152926,1
152928,0
152931,1
152932,0
152935,0
152938,0
152939,0
152943,1
152945,1
152946,1
152947,0
152948,0
152950,0
152952,0
152954,0
152955,0
152957,1
152959,1
152961,1
152963,1
152966,0
152968,1
152969,0
152970,1
152972,0
152975,1
152980,0
152981,0
152987,0
152992,0
152993,0
152994,1
152999,1
153001,0
153010,1
153011,0
153012,1
153013,0
153015,1
153016,0
153020,1
153021,0
153022,1
153023,0
153024,0
153028,1
153034,1
153037,1
153038,0
153039,1
153043,0
153049,1
153050,0
153053,0
153054,0
153055,0
153062,0
153063,0
153070,1
153071,0
153072,0
153073,1
153075,0
153078,1
153080,0
153081,1
153082,0
153088,1
153089,1
153091,0
153092,0
153093,1
153094,1
153095,0
153096,0
153097,0
153101,0
153102,0
153104,1
153106,0
153108,0
153110,1
153113,1
153115,1
153116,1
153119,0
153120,0
153129,0
153130,0
153131,0
153132,1
153138,0
153143,1
153144,0
153145,1
153150,1
153152,1
153154,0
153155,0
153159,1
153161,1
153165,1
153166,1
153169,0
153170,1
153172,1
153173,1
153175,1
153178,1
153180,1
153184,0
153188,0
153190,0
153194,1
153197,1
153200,1
153202,0
153204,1
153205,0
153212,0
153215,1
153220,1
153222,0
153223,0
153226,1
153227,0
153231,0
153233,0
153234,1
153237,0
153239,0
153240,1
153242,1
153245,1
153248,0
153249,1
153254,1
153255,0
153258,0
153259,0
153263,0
153264,1
153266,0
153268,0
153272,1
153274,0
153275,0
153276,0
153281,1
153285,0
153289,0
153290,0
153291,1
153293,0
153295,1
153297,1
153298,1
153299,0
153301,0
153304,0
153306,0
153308,0
153309,1
153311,1
153313,0
153314,0
153315,0
153317,1
153321,1
153323,0
153324,0
153326,0
153330,0
153332,0
153333,1
153339,1
153341,1
153343,1
153346,0
153350,1
153356,0
153359,0
153361,1
153363,0
153369,0
153377,0
153378,0
153380,1
153381,1
153391,0
153392,1
153394,1
153398,1
153402,1
153406,0
153408,1
153409,1
153410,0
153411,1
153412,1
153415,1
153417,0
153422,1
153423,1
153428,1
153432,0
153433,0
153434,0
153438,0
153440,0
153444,0
153448,0
153449,0
153450,1
153452,1
153455,1
153456,1
153466,1
153469,1
153479,1
153480,0
153481,1
153482,0
153483,0
153485,0
153486,0
153488,0
153494,0
153501,0
153503,1
153505,0
153507,1
153509,1
153511,1
153515,0
153519,1
153524,1
153531,1
153533,0
153534,1
153535,0
153536,0
153537,1
153541,0
153548,1
153549,0
153550,0
153551,1
153553,1
153554,1
153558,0
153560,1
153561,0
153563,1
153566,1
153568,1
153570,0
153574,0
153575,0
153578,1
153579,0
153580,0
153583,1
153584,0
153585,0
153586,1
153591,0
153592,0
153593,0
153599,1
153601,0
153604,1
153605,0
153610,0
153612,1
153613,0
153614,1
153624,0
153628,1
153630,0
153631,0
153633,0
153635,0
153641,0
153644,0
153646,0
153649,0
153650,1
153653,0
153657,1
153660,0
153661,0
153670,0
153671,0
153672,1
153675,0
153677,1
153678,0
153685,1
153687,1
153690,0
153693,0
153695,0
153698,0
153700,1
153702,0
153704,0
153705,1
153706,0
153707,1
153710,0
153713,1
153715,0
153721,0
153726,1
153727,0
153728,0
153730,0
153735,1
153736,0
153737,0
153738,1
153741,1
153743,0
153745,1
153746,1
153749,1
153752,0
153766,1
153769,0
153771,0
153774,0
153782,0
153783,1
153786,1
153787,1
153789,1
153791,0
153797,1
153804,1
153814,1
153815,0
153817,1
153818,0
153822,1
153823,1
153825,1
153826,0
153828,0
153829,1
153832,1
153833,0
153838,1
153841,0
153844,0
153846,0
153848,1
153852,0
153853,1
153854,1
153855,1
153859,1
153864,1
153865,0
153869,1
153870,0
153871,0
153873,1
153874,1
153875,0
153877,1
153882,0
153883,1
153885,1
153888,1
153890,1
153891,1
153893,1
153896,0
153905,0
153907,1
153910,1
153912,1
153915,1
153919,0
153922,0
153925,0
153928,0
153929,1
153930,1
153933,1
153934,1
153940,0
153942,0
153944,0
153949,0
153950,0
153951,0
153952,0
153959,0
153962,0
153965,1
153970,0
153971,1
153975,0
153978,1
153980,0
153985,0
153986,0
153989,0
153992,0
153993,1
153996,1
153997,0
154001,1
154005,1
154008,1
154009,1
154011,0
154017,1
154022,0
154024,0
154032,0
154033,0
154035,1
154036,1
154037,1
154042,0
154043,0
154044,0
154045,0
154049,1
154050,0
154053,0
154054,0
154055,0
154056,0
154058,1
154059,0
154065,0
154067,0
154069,1
154073,0
154076,1
154077,0
154079,0
154080,0
154081,0
154082,0
154086,1
154089,0
154091,0
154094,0
154097,0
154098,0
154100,0
154104,0
154115,0
154118,1
154122,0
154123,0
154124,0
154125,1
154126,1
154128,0
154131,0
154133,1
154135,0
154136,0
154137,0
154138,0
154139,0
154141,1
154143,0
154144,1
154145,1
154147,1
154153,1
154159,1
154160,1
154169,0
154174,0
154177,1
154181,1
154182,0
154184,1
154185,0
154187,1
154188,1
154189,1
154190,0
154194,0
154198,0
154200,1
154204,1
154208,1
154210,0
154213,1
154214,0
154223,0
154224,0
154225,0
154226,0
154227,1
154231,0
154232,1
154234,0
154235,0
154236,1
154237,0
154239,1
154245,1
154247,1
154248,0
154251,1
154254,0
154256,1
154258,1
154262,1
154265,1
154267,1
154272,0
154274,1
154277,1
154278,1
154282,1
154283,0
154284,0
154298,1
154301,0
154303,0
154304,0
154307,0
154313,1
154315,1
154317,1
154318,0
154319,0
154320,1
154322,1
154324,1
154325,0
154330,1
154332,1
154337,0
154339,0
154340,1
154342,1
154343,0
154347,1
154349,0
154351,0
154352,0
154358,1
154359,0
154364,1
154365,0
154367,0
154371,0
154374,0
154376,1
154378,1
154379,0
154382,1
154384,0
154385,0
154386,0
154394,0
154397,0
154398,1
154399,1
154404,1
154407,1
154408,1
154409,1
154417,1
154418,0
154421,1
154422,1
154426,1
154427,1
154428,1
154430,0
154431,0
154432,0
154442,0
154445,1
154446,0
154447,0
154448,1
154451,0
154452,1
154453,0
154454,1
154457,0
154458,0
154462,0
154463,0
154464,0
154465,1
154469,1
154470,0
154472,1
154473,1
154475,1
154480,1
154483,0
154485,1
154486,1
154490,1
154493,1
154497,1
154498,0
154500,0
154503,1
154506,1
154509,1
154513,1
154519,1
154522,1
154523,0
154525,0
154529,0
154534,1
154539,1
154540,0
154541,1
154543,1
154544,0
154545,1
154547,0
154548,1
154551,1
154554,0
154555,0
154561,1
154571,0
154575,0
154576,0
154577,0
154579,0
154580,0
154582,1
154586,0
154588,0
154594,0
154599,0
154600,0
154602,0
154603,1
154609,0
154612,0
154614,0
154615,1
154616,0
154620,1
154621,1
154623,1
154624,0
154625,0
154626,0
154627,1
154628,1
154631,0
154632,0
154636,0
154640,0
154641,1
154651,0
154652,1
154655,1
154657,1
154660,0
154662,0
154663,0
154666,1
154668,0
154669,0
154672,1
154673,0
154677,1
154678,0
154679,0
154688,1
154689,0
154690,0
154691,1
154693,1
154696,1
154700,1
154704,1
154706,1
154708,0
154711,0
154712,1
154713,0
154714,0
154715,1
154717,0
154720,0
154728,0
154729,0
154731,1
154736,0
154737,0
154739,0
154740,0
154741,1
154744,0
154745,0
154746,1
154750,1
154752,0
154762,0
154767,0
154769,0
154772,0
154773,1
154775,0
154777,1
154778,1
154781,0
154784,0
154793,1
154794,1
154795,1
154798,0
154803,0
154805,0
154806,0
154807,0
154808,0
154814,1
154815,1
154816,1
154817,1
154831,1
154832,0
154837,0
154838,0
154845,1
154846,0
154847,0
154852,0
154854,1
154856,1
154857,1
154859,0
154861,1
154867,0
154871,0
154876,0
154879,1
154885,1
154888,0
154896,0
154899,0
154900,0
154904,0
154908,0
154909,1
154910,1
154912,0
154915,1
154918,0
154919,0
154921,1
154922,1
154924,0
154926,1
154927,1
154928,0
154934,1
154937,0
154938,1
154940,1
154941,1
154942,1
154943,1
154946,0
154951,1
154952,0
154957,0
154959,1
154966,1
154970,0
154976,0
154977,1
154978,1
154984,0
154986,0
154987,0
154988,1
154989,0
154990,0
154991,0
154992,0
154993,1
155000,0
155002,0
155005,0
155006,1
155008,1
155009,0
155011,0
155019,0
155021,0
155022,0
155027,0
155028,1
155032,1
155033,0
155034,1
155038,1
155040,0
155041,0
155047,0
155050,0
155051,1
155052,1
155055,1
155056,1
155057,0
155060,0
155062,0
155063,1
155065,1
155067,0
155068,0
155069,0
155070,1
155072,1
155073,1
155075,0
155080,1
155083,0
155084,0
155085,1
155089,1
155090,1
155091,1
155092,0
155093,1
155097,1
155099,1
155105,0
155117,1
155118,1
155119,1
155121,1
155134,0
155136,1
155140,1
155142,0
155145,1
155150,0
155153,1
155154,1
155155,1
155157,0
155161,1
155162,1
155163,0
155165,1
155166,1
155167,1
155171,0
155175,1
155176,1
155177,1
155180,0
155181,0
155182,1
155196,0
155199,1
155200,1
155201,0
155203,1
155207,1
155211,1
155214,0
155215,1
155216,1
155219,0
155220,0
155223,1
155224,1
155226,1
155227,0
155228,0
155229,0
155231,1
155232,1
155235,1
155240,0
155244,0
155245,0
155247,0
155248,0
155249,1
155250,1
155254,1
155255,1
155256,0
155259,0
155260,1
155263,1
155269,0
155272,0
155274,0
155277,1
155279,0
155281,0
155287,0
155288,1
155290,1
155294,0
155295,1
155300,0
155303,1
155308,0
155309,0
155310,0
155313,0
155314,1
155315,1
155320,1
155321,0
155323,1
155328,1
155330,1
155331,0
155332,1
155336,1
155338,0
155340,1
155341,0
155342,0
155343,1
155344,0
155345,1
155347,0
155348,0
155349,1
155351,1
155352,0
155354,1
155355,0
155356,0
155357,0
155358,0
155363,0
155365,0
155366,1
155367,0
155371,0
155373,1
155374,1
155375,0
155377,0
155378,1
155380,0
155382,0
155383,0
155384,1
155385,1
155386,0
155391,1
155396,0
155399,0
155401,0
155402,0
155404,1
155406,0
155407,1
155408,0
155410,0
155413,0
155415,0
155421,1
155424,0
155425,0
155428,0
155430,0
155431,0
155433,1
155434,0
155437,0
155439,1
155440,1
155443,0
155444,0
155446,0
155449,1
155450,1
155451,0
155452,0
155453,0
155463,0
155464,0
155465,1
155469,0
155475,1
155480,1
155481,0
155483,1
155486,1
155495,0
155498,0
155499,0
155501,0
155502,1
155504,1
155508,0
155509,1
155513,0
155518,0
155519,1
155522,0
155523,1
155528,0
155529,0
155530,0
155531,1
155533,0
155535,0
155536,1
155540,1
155541,0
155542,0
155543,0
155544,1
155545,0
155546,1
155552,0
155553,0
155554,0
155555,1
155556,0
155558,1
155559,0
155560,1
155563,1
155564,0
155565,0
155566,1
155570,0
155571,1
155572,1
155573,0
155575,1
155578,1
155587,0
155589,0
155590,0
155591,1
155593,1
155595,0
155596,1
155606,0
155608,0
155610,1
155614,1
155615,0
155618,0
155625,1
155627,0
155628,0
155629,0
155630,0
155635,0
155639,1
155643,1
155644,1
155648,1
155651,1
155653,0
155654,0
155655,1
155658,0
155660,0
155666,1
155668,1
155669,1
155670,1
155673,0
155676,0
155678,1
155679,1
155681,0
155684,0
155687,1
155688,0
155689,1
155693,1
155695,0
155702,1
155704,1
155706,0
155709,0
155715,1
155716,1
155717,1
155718,0
155719,1
155723,0
155725,0
155729,1
155731,1
155732,0
155733,1
155735,1
155740,0
155741,0
155752,0
155753,1
155755,0
155758,0
155767,1
155777,1
155779,0
155782,0
155785,0
155788,0
155790,1
155795,1
155797,0
155800,1
155801,0
155805,0
155806,1
155807,0
155812,1
155815,0
155816,0
155817,0
155821,1
155822,0
155824,1
155828,0
155832,0
155833,1
155835,1
155836,0
155837,0
155838,0
155839,1
155844,1
155846,0
155847,0
155850,1
155851,0
155854,0
155858,0
155859,0
155860,0
155861,1
155864,0
155865,0
155868,1
155870,0
155873,1
155877,1
155879,0
155880,1
155881,0
155882,0
155886,1
155887,0
155889,0
155894,1
155898,1
155900,1
155902,1
155906,0
155907,0
155908,1
155909,1
155910,0
155911,1
155912,1
155917,1
155920,0
155921,1
155923,1
155927,0
155934,0
155936,0
155937,0
155938,1
155941,1
155942,1
155945,1
155946,1
155948,0
155952,0
155954,1
155956,1
155958,0
155959,1
155962,1
155963,1
155964,1
155965,1
155970,0
155971,0
155972,0
155977,1
155978,0
155982,0
155984,1
155987,1
155988,1
155991,0
155992,1
155993,0
155994,0
155995,0
155997,1
155998,1
155999,1
156004,1
156005,1
156008,1
156011,1
156017,1
156021,1
156023,1
156026,1
156027,0
156033,0
156036,0
156037,1
156038,0
156041,0
156044,1
156047,0
156051,0
156055,1
156057,0
156059,0
156061,0
156062,0
156066,1
156067,1
156069,1
156071,1
156073,0
156075,1
156076,0
156077,0
156083,0
156086,1
156088,1
156090,0
156092,0
156094,1
156098,1
156099,0
156108,0
156111,1
156122,0
156123,1
156131,1
156134,1
156135,1
156137,1
156148,1
156151,0
156153,1
156154,1
156158,1
156161,1
156164,0
156167,0
156169,1
156171,1
156176,1
156178,0
156180,0
156181,0
156183,0
156185,0
156187,0
156188,0
156189,1
156200,0
156202,1
156204,0
156206,1
156208,1
156209,1
156211,1
156214,0
156217,1
156221,1
156223,1
156226,1
156230,1
156232,1
156235,1
156239,0
156240,1
156242,0
156244,0
156247,1
156249,0
156252,1
156254,1
156255,0
156256,0
156258,1
156260,1
156261,0
156262,0
156264,1
156265,1
156266,1
156267,0
156268,1
156271,0
156272,0
156274,0
156278,1
156280,1
156281,1
156284,0
156287,0
156290,1
156292,0
156293,1
156294,1
156295,0
156303,1
156308,0
156310,0
156311,0
156317,0
156319,1
156320,1
156323,0
156332,1
156335,0
156336,0
156337,0
156338,1
156339,0
156340,0
156341,1
156342,0
156348,1
156350,0
156352,0
156353,1
156356,0
156358,1
156361,0
156362,1
156364,1
156367,1
156369,1
156370,1
156372,0
156377,0
156381,0
156390,0
156392,1
156393,0
156394,1
156399,0
156401,1
156403,0
156405,0
156416,1
156417,1
156420,0
156421,1
156422,0
156423,1
156428,1
156431,1
156432,1
156434,1
156438,1
156440,0
156441,0
156444,1
156447,0
156449,1
156456,1
156460,0
156464,1
156466,1
156468,0
156472,0
156475,1
156477,0
156481,1
156485,0
156486,0
156490,0
156491,1
156494,1
156497,0
156499,1
156502,1
156512,1
156514,1
156515,0
156518,0
156521,1
156526,0
156528,1
156530,1
156535,1
156541,1
156544,0
156551,0
156552,1
156555,0
156556,0
156562,1
156565,0
156566,0
156567,0
156568,1
156574,0
156576,1
156577,1
156579,0
156580,1
156581,1
156582,1
156584,1
156585,0
156586,1
156587,1
156596,0
156597,1
156598,0
156601,1
156604,1
156606,1
156609,0
156610,1
156616,0
156618,0
156619,0
156620,1
156621,1
156623,1
156624,0
156628,0
156630,1
156631,1
156632,1
156638,0
156643,0
156645,0
156648,1
156649,1
156650,1
156653,0
156654,1
156656,0
156659,0
156663,1
156667,0
156668,1
156678,0
156679,0
156689,1
156690,1
156692,0
156693,1
156694,1
156696,1
156698,0
156699,0
156706,1
156709,1
156711,1
156713,0
156721,1
156722,0
156723,1
156731,0
156734,0
156738,0
156739,1
156743,1
156744,1
156746,1
156750,0
156751,1
156752,0
156754,1
156760,0
156769,1
156772,1
156776,0
156778,0
156781,0
156783,1
156784,0
156788,1
156793,1
156795,1
156796,0
156799,0
156801,0
156802,0
156807,1
156808,0
156814,0
156818,0
156819,1
156820,0
156823,1
156824,1
156825,0
156826,1
156830,1
156833,1
156836,1
156837,0
156839,0
156843,0
156845,0
156847,1
156848,1
156859,1
156861,0
156864,1
156865,0
156866,1
156867,1
156868,1
156871,0
156873,1
156874,0
156876,0
156877,1
156883,1
156884,0
156885,0
156893,0
156902,1
156904,1
156905,1
156911,0
156912,0
156915,0
156919,1
156920,0
156922,0
156925,0
156929,0
156931,0
156933,1
156937,0
156939,0
156940,1
156941,0
156947,0
156952,1
156956,0
156961,0
156962,1
156963,1
156966,0
156967,1
156970,0
156972,1
156975,0
156976,1
156978,1
156984,0
156985,1
156986,0
156996,0
157004,0
157006,1
157008,0
157010,0
157012,0
157013,1
157015,1
157016,0
157018,0
157020,1
157027,0
157028,0
157032,1
157036,1
157039,1
157040,0
157041,1
157042,1
157044,1
157046,0
157050,0
157052,0
157054,1
157056,0
157058,0
157060,0
157062,0
157063,0
157064,1
157066,0
157067,0
157069,0
157072,1
157073,0
157076,1
157078,0
157079,1
157081,0
157083,1
157085,1
157088,0
157089,0
157090,0
157093,0
157094,0
157095,1
157103,0
157105,0
157107,0
157110,0
157111,0
157115,0
157116,1
157117,0
157119,0
157122,0
157124,0
157125,0
157126,1
157127,0
157128,0
157130,1
157132,0
157133,0
157135,0
157138,0
157139,1
157142,1
157143,1
157144,1
157147,1
157148,1
157151,0
157154,0
157155,0
157158,0
157160,1
157164,0
157165,0
157168,1
157171,0
157177,0
157183,0
157184,1
157190,0
157194,0
157195,0
157199,0
157201,0
157204,1
157208,0
157209,1
157213,0
157217,0
157224,0
157225,0
157231,0
157235,1
157236,0
157240,0
157242,0
157244,1
157246,0
157250,0
157252,0
157254,0
157257,1
157258,1
157260,0
157265,0
157266,0
157272,0
157274,0
157275,0
157276,1
157278,0
157279,1
157281,0
157283,0
157286,1
157287,1
157288,0
157290,1
157291,0
157295,0
157300,1
157302,1
157306,0
157308,1
157309,1
157311,1
157318,1
157320,1
157323,1
157327,1
157328,1
157330,1
157337,1
157339,1
157340,0
157342,0
157354,1
157355,1
157359,1
157362,1
157368,1
157372,1
157374,0
157377,0
157379,1
157380,0
157388,0
157395,1
157398,0
157399,0
157403,0
157405,0
157406,1
157408,1
157410,1
157414,0
157416,1
157419,1
157421,0
157423,1
157428,0
157429,0
157430,1
157433,1
157440,0
157442,0
157445,0
157446,0
157449,0
157450,1
157451,1
157452,0
157454,1
157455,0
157456,1
157458,0
157462,1
157464,1
157465,1
157466,0
157468,1
157474,1
157478,1
157479,0
157480,0
157484,0
157485,1
157486,1
157490,1
157499,1
157500,0
157501,1
157502,0
157503,0
157505,1
157506,1
157510,1
157512,0
157513,0
157514,1
157517,0
157519,1
157520,0
157521,0
157522,1
157527,0
157528,0
157529,0
157530,0
157531,1
157534,0
157541,1
157542,1
157545,0
157548,0
157550,1
157551,1
157552,1
157553,1
157555,1
157559,0
157561,0
157563,0
157564,1
157566,0
157569,1
157571,1
157572,0
157577,0
157580,0
157583,1
157588,0
157590,1
157592,1
157595,0
157598,1
157600,1
157602,0
157603,1
157604,0
157606,1
157611,0
157613,0
157615,1
157617,0
157618,1
157622,0
157624,1
157628,0
157629,1
157630,1
157631,0
157635,1
157638,1
157642,0
157645,0
157647,1
157650,0
157651,1
157652,1
157658,1
157659,0
157664,1
157666,0
157671,0
157672,0
157673,1
157677,1
157678,0
157681,1
157684,1
157686,1
157687,1
157689,1
157693,1
157696,1
157697,0
157698,0
157700,1
157701,0
157703,1
157705,1
157706,0
157708,1
157710,1
157714,0
157715,1
157719,1
157720,1
157723,1
157727,0
157728,0
157731,0
157732,0
157733,1
157735,0
157736,1
157738,0
157742,1
157744,0
157745,1
157750,0
157752,1
157756,1
157757,0
157758,0
157760,1
157761,1
157768,0
157772,1
157776,1
157777,1
157778,1
157779,1
157780,1
157781,0
157782,0
157783,1
157786,0
157787,0
157794,0
157800,1
157802,1
157803,1
157805,0
157810,1
157811,1
157812,0
157813,0
157820,0
157821,1
157823,0
157825,0
157827,0
157833,0
157838,0
157841,1
157843,1
157844,0
157846,1
157849,0
157851,1
157853,0
157855,0
157857,1
157863,0
157867,0
157868,1
157869,1
157870,1
157873,0
157874,1
157880,1
157881,1
157883,1
157886,0
157887,1
157890,0
157891,1
157892,1
157894,0
157895,1
157896,0
157904,0
157905,1
157907,1
157909,1
157910,1
157912,1
157913,0
157915,0
157919,0
157927,1
157929,0
157936,1
157937,1
157939,1
157941,0
157943,0
157944,0
157946,0
157947,1
157949,0
157961,1
157966,0
157968,1
157983,1
157985,1
157986,0
157989,1
157990,1
157991,1
157992,0
157995,1
157997,0
157999,0
158001,0
158006,0
158008,0
158009,1
158010,1
158011,0
158015,1
158017,1
158023,0
158024,0
158025,0
158026,1
158029,0
158032,0
158033,1
158034,0
158035,1
158039,1
158043,0
158045,0
158053,1
158058,0
158059,0
158060,1
158061,1
158069,0
158073,0
158076,0
158080,0
158081,0
158083,0
158084,0
158086,0
158091,0
158093,1
158096,1
158097,1
158100,0
158102,1
158106,1
158107,1
158111,0
158114,0
158115,1
158116,1
158118,0
158120,1
158121,0
158124,1
158127,1
158133,1
158136,0
158140,1
158141,0
158143,1
158145,1
158147,0
158149,1
158150,0
158151,0
158152,0
158154,1
158158,1
158159,0
158162,1
158164,1
158165,0
158168,0
158169,0
158171,1
158172,1
158173,1
158182,1
158185,1
158188,0
158189,0
158190,0
158192,1
158194,0
158195,0
158197,0
158208,0
158213,1
158222,0
158223,1
158225,1
158226,1
158227,0
158231,1
158234,1
158236,1
158238,0
158239,0
158240,1
158241,0
158245,0
158246,0
158247,0
158248,0
158249,0
158252,0
158257,1
158262,0
158263,1
158264,1
158267,0
158269,0
158271,1
158272,1
158277,0
158280,1
158281,1
158284,0
158286,1
158291,0
158292,1
158297,0
158301,1
158302,0
158303,0
158304,0
158307,1
158313,0
158319,1
158321,1
158324,0
158327,0
158328,0
158336,1
158337,1
158340,0
158343,1
158344,1
158345,0
158346,1
158351,0
158352,0
158353,1
158358,1
158359,0
158365,1
158366,1
158367,0
158368,1
158369,0
158370,0
158371,0
158372,1
158377,1
158379,1
158380,1
158383,1
158387,1
158389,0
158392,0
158393,0
158394,0
158396,0
158400,0
158403,1
158406,0
158407,0
158408,0
158409,0
158415,1
158417,1
158419,1
158420,0
158422,0
158423,0
158429,1
158432,0
158439,0
158441,0
158442,0
158443,1
158448,1
158450,0
158453,1
158455,1
158456,1
158458,1
158460,0
158461,0
158462,0
158464,1
158468,1
158470,1
158471,0
158472,0
158479,0
158481,1
158483,0
158487,0
158489,0
158491,0
158495,1
158496,0
158497,0
158499,0
158501,1
158502,0
158504,1
158506,0
158512,0
158513,0
158515,1
158517,1
158519,1
158521,0
158522,1
158523,0
158524,0
158528,1
158531,0
158533,1
158537,1
158542,1
158553,1
158558,0
158559,1
158562,1
158563,0
158564,0
158573,0
158578,0
158579,1
158580,1
158581,1
158584,1
158586,0
158588,0
158590,1
158591,0
158593,0
158594,0
158598,1
158599,0
158609,1
158612,0
158613,0
158614,1
158617,0
158623,1
158625,0
158626,1
158628,1
158629,1
158632,1
158633,1
158634,0
158641,0
158642,0
158645,0
158646,1
158647,0
158649,1
158650,1
158654,1
158655,1
158658,1
158660,1
158665,0
158666,0
158667,1
158673,0
158676,0
158678,1
158679,0
158680,0
158681,1
158690,0
158691,0
158692,0
158695,0
158696,1
158698,0
158699,0
158701,1
158706,1
158707,1
158708,1
158710,0
158711,0
158715,0
158716,0
158718,1
158720,1
158721,1
158722,1
158724,0
158726,1
158728,1
158729,1
158730,0
158731,1
158732,0
158734,0
158736,0
158737,1
158738,0
158741,1
158745,0
158748,1
158749,1
158750,0
158751,0
158755,0
158758,0
158760,0
158763,1
158769,1
158770,1
158771,0
158772,0
158777,1
158780,0
158784,1
158785,1
158786,1
158792,0
158793,1
158794,1
158796,0
158798,0
158799,0
158800,0
158802,1
158803,0
158808,0
158813,0
158814,1
158815,0
158816,1
158817,1
158819,0
158822,1
158826,1
158831,1
158839,1
158842,1
158843,0
158845,0
158846,0
158847,0
158848,1
158850,1
158853,1
158854,0
158857,1
158861,0
158862,0
158863,1
158866,0
158867,1
158869,0
158870,1
158873,0
158879,0
158880,1
158882,1
158883,1
158886,1
158887,0
158888,0
158889,0
158891,1
158892,1
158894,0
158895,1
158898,1
158905,0
158907,0
158909,0
158912,0
158914,1
158915,1
158916,0
158918,1
158919,1
158920,1
158922,0
158926,0
158928,0
158929,0
158931,0
158935,0
158939,1
158941,1
158942,1
158946,0
158948,0
158949,0
158951,0
158953,0
158955,0
158957,1
158959,0
158962,1
158963,1
158965,0
158969,0
158972,0
158974,0
158976,1
158980,1
158982,1
158983,0
158988,1
158989,0
158990,0
158992,0
158993,1
158994,1
158995,1
158996,1
158997,1
158998,1
159003,0
159005,0
159006,1
159007,0
159008,1
159013,0
159020,1
159022,0
159023,0
159024,0
159025,1
159026,1
159031,0
159033,1
159034,1
159035,0
159037,1
159039,0
159040,1
159041,1
159042,1
159047,0
159049,1
159050,1
159052,1
159054,1
159055,0
159059,1
159060,1
159061,1
159062,1
159063,0
159065,0
159068,0
159069,0
159078,0
159084,0
159090,1
159094,1
159095,1
159096,1
159098,0
159099,0
159100,0
159102,0
159103,1
159110,0
159111,1
159112,0
159115,1
159121,0
159124,1
159126,1
159130,1
159135,1
159136,0
159141,0
159144,1
159145,1
159147,0
159151,0
159159,0
159161,0
159165,1
159167,0
159168,1
159170,0
159172,0
159173,0
159174,0
159177,1
159179,0
159181,0
159182,0
159183,1
159184,0
159187,1
159191,1
159195,1
159201,1
159205,0
159206,0
159207,0
159213,1
159216,1
159223,0
159227,1
159228,1
159229,0
159230,0
159233,0
159234,1
159236,1
159237,1
159238,0
159240,0
159241,1
159242,1
159243,1
159244,1
159245,1
159246,1
159249,1
159251,1
159253,0
159254,1
159257,1
159258,1
159263,1
159265,0
159267,0
159269,1
159270,0
159271,0
159272,0
159275,0
159276,1
159277,1
159280,0
159287,1
159289,1
159290,1
159293,0
159294,1
159295,1
159296,1
159299,0
159305,0
159307,0
159309,1
159310,1
159313,1
159315,1
159316,1
159320,1
159323,1
159326,0
159327,1
159331,1
159333,0
159334,0
159335,0
159338,1
159340,1
159341,0
159342,0
159343,0
159346,0
159347,0
159350,0
159353,1
159358,1
159360,1
159361,0
159364,0
159365,0
159368,0
159369,1
159371,1
159372,0
159375,0
159376,0
159379,1
159381,1
159382,0
159386,1
159389,1
159391,0
159392,1
159393,0
159394,0
159396,1
159399,1
159400,1
159403,1
159406,0
159409,1
159410,1
159412,0
159413,0
159414,0
159416,0
159418,1
159419,0
159421,0
159422,1
159429,0
159430,1
159431,1
159432,1
159433,1
159434,1
159435,0
159438,1
159440,1
159448,0
159450,0
159451,1
159452,0
159454,0
159455,0
159462,0
159463,0
159464,1
159465,0
159466,1
159469,1
159470,1
159471,0
159473,0
159474,0
159477,0
159480,1
159482,0
159483,0
159484,1
159485,0
159488,0
159493,1
159495,1
159497,0
159503,1
159504,0
159506,0
159507,1
159509,0
159512,1
159513,1
159516,1
159518,0
159519,1
159520,1
159521,1
159526,1
159527,0
159531,0
159532,0
159533,0
159534,0
159535,0
159537,0
159540,0
159541,1
159543,1
159550,1
159551,0
159552,0
159555,1
159566,1
159568,0
159569,1
159573,0
159574,1
159575,1
159580,0
159581,0
159582,1
159588,1
159589,1
159590,0
159591,1
159597,0
159600,0
159602,0
159603,0
159604,0
159610,1
159613,0
159617,0
159621,1
159627,1
159629,0
159632,0
159635,1
159637,1
159638,1
159640,0
159642,1
159643,1
159645,0
159646,0
159648,0
159649,1
159650,1
159652,1
159655,0
159657,1
159661,1
159670,1
159672,1
159675,1
159676,0
159679,0
159680,0
159682,1
159683,0
159684,0
159687,0
159689,0
159691,0
159694,1
159696,1
159700,0
159702,0
159705,0
159706,0
159708,0
159709,0
159713,0
159716,1
159717,0
159721,0
159722,1
159730,0
159731,0
159732,1
159734,0
159745,0
159746,0
159747,1
159756,1
159757,1
159758,0
159759,0
159768,0
159770,0
159773,1
159775,0
159777,1
159778,0
159781,0
159782,0
159783,1
159785,1
159787,1
159790,0
159792,1
159793,1
159795,1
159799,1
159800,0
159803,0
159807,1
159809,0
159810,0
159811,0
159812,1
159815,0
159819,1
159820,0
159823,1
159824,1
159827,0
159835,1
159841,0
159842,1
159843,1
159848,1
159849,1
159851,0
159854,1
159860,0
159861,0
159867,1
159872,0
159876,0
159877,0
159882,0
159883,1
159885,1
159886,0
159887,0
159888,1
159892,0
159893,0
159894,0
159895,1
159896,0
159897,0
159900,1
159901,1
159904,0
159905,0
159906,1
159908,0
159910,0
159913,1
159915,0
159917,0
159918,0
159922,1
159923,0
159924,1
159927,0
159933,0
159934,1
159935,1
159937,1
159938,0
159939,0
159940,0
159941,1
159944,0
159953,0
159955,1
159956,0
159958,1
159960,1
159962,0
159964,0
159966,0
159970,1
159971,1
159972,0
159973,0
159974,0
159976,0
159979,1
159980,1
159982,1
159983,1
159984,0
159985,1
159987,0
159988,0
159991,0
159992,0
159993,0
159998,0
160001,1
160003,1
160007,0
160014,1
160016,0
160022,0
160024,0
160027,0
160030,0
160032,1
160036,0
160037,0
160042,0
160047,0
160048,1
160050,0
160056,1
160061,0
160062,0
160063,1
160066,1
160067,0
160069,0
160070,1
160072,1
160073,1
160074,0
160075,0
160078,0
160085,0
160086,0
160087,0
160088,0
160090,0
160091,1
160092,1
160096,0
160097,0
160099,1
160101,0
160102,0
160110,1
160111,1
160120,1
160123,1
160126,0
160127,0
160131,0
160132,0
160136,0
160137,1
160142,0
160146,1
160147,1
160148,0
160149,1
160150,0
160153,1
160154,1
160155,1
160156,1
160157,0
160158,0
160159,0
160161,0
160163,1
160164,0
160165,0
160167,0
160169,0
160170,1
160172,1
160176,0
160180,0
160181,0
160185,0
160186,1
160187,1
160188,1
160189,1
160191,0
160194,0
160202,0
160203,0
160205,0
160206,0
160208,1
160210,0
160211,0
160212,0
160213,0
160215,1
160217,0
160220,0
160222,0
160223,1
160224,1
160225,0
160226,1
160227,0
160228,1
160230,0
160235,1
160236,0
160237,1
160239,1
160243,0
160245,1
160249,0
160250,1
160256,0
160262,0
160264,1
160267,0
160272,1
160278,0
160279,1
160280,0
160282,0
160283,0
160284,0
160285,1
160288,1
160289,0
160290,1
160292,0
160298,1
160299,1
160301,0
160304,0
160310,1
160311,1
160313,1
160314,1
160316,0
160317,0
160318,0
160319,1
160320,0
160325,1
160329,0
160331,1
160332,0
160334,1
160339,0
160341,0
160342,1
160344,1
160348,1
160352,0
160353,0
160360,1
160362,0
160363,0
160364,0
160365,1
160368,0
160371,0
160372,0
160374,0
160375,0
160378,1
160380,0
160384,0
160385,0
160388,1
160389,1
160390,0
160392,1
160393,0
160395,1
160399,0
160400,0
160402,0
160403,0
160404,1
160405,0
160406,1
160409,1
160416,0
160417,0
160419,1
160420,1
160422,1
160423,1
160424,1
160425,0
160426,0
160429,0
160437,0
160438,0
160440,1
160442,1
160443,0
160444,1
160445,1
160447,1
160448,0
160450,1
160463,1
160464,0
160465,0
160470,1
160471,0
160476,0
160478,0
160480,1
160481,0
160482,1
160484,1
160486,0
160491,1
160495,0
160497,1
160500,1
160501,0
160502,0
160514,1
160516,1
160519,0
160522,0
160526,1
160528,1
160530,0
160531,1
160532,0
160535,1
160537,0
160539,1
160541,1
160542,1
160546,1
160549,0
160552,0
160557,1
160561,0
160565,1
160566,1
160569,1
160574,0
160575,0
160582,0
160585,1
160587,0
160591,0
160592,1
160593,0
160600,1
160601,1
160602,0
160606,1
160609,0
160616,0
160619,0
160625,1
160626,1
160628,0
160629,1
160634,1
160636,1
160637,0
160639,0
160640,1
160641,1
160645,1
160649,1
160652,1
160653,1
160655,1
160661,0
160665,0
160666,0
160668,0
160670,1
160671,0
160679,0
160680,0
160685,1
160688,0
160689,0
160691,0
160693,0
160695,1
160697,1
160698,1
160699,1
160700,1
160703,0
160705,0
160706,0
160710,0
160713,1
160714,0
160715,0
160717,1
160726,1
160728,1
160731,0
160733,0
160734,0
160736,1
160739,0
160740,0
160747,1
160748,1
160749,0
160751,0
160752,1
160753,1
160757,0
160761,1
160764,1
160766,0
160768,0
160770,1
160771,1
160772,0
160773,0
160776,1
160778,1
160779,0
160781,1
160784,1
160785,1
160787,1
160789,1
160794,0
160795,1
160796,0
160798,0
160800,0
160805,1
160810,0
160811,0
160812,0
160817,0
160820,1
160823,0
160824,1
160830,1
160835,1
160839,0
160843,0
160845,0
160846,0
160848,0
160849,0
160850,0
160853,0
160861,1
160863,0
160865,0
160869,1
160871,1
160874,1
160878,1
160879,0
160880,1
160881,0
160882,0
160883,0
160884,0
160888,1
160890,1
160893,0
160899,0
160900,0
160906,0
160907,0
160914,0
160916,0
160917,0
160920,0
160923,0
160925,0
160926,1
160934,1
160942,0
160948,0
160950,0
160951,0
160954,1
160958,1
160959,0
160963,0
160964,0
160966,1
160967,0
160968,0
160969,1
160971,0
160972,1
160977,0
160978,0
160979,1
160986,1
160989,0
160990,0
160996,0
160998,0
161002,1
161003,0
161005,1
161006,1
161012,0
161013,0
161014,0
161017,1
161018,1
161028,1
161033,0
161035,0
161036,1
161037,0
161038,1
161039,0
161046,1
161051,1
161054,0
161055,0
161056,1
161057,0
161058,1
161063,1
161066,0
161067,1
161069,0
161070,0
161071,0
161073,0
161076,1
161079,0
161080,0
161083,0
161085,1
161086,0
161103,0
161111,0
161112,0
161114,1
161115,0
161120,0
161124,0
161129,0
161130,0
161133,1
161135,1
161136,1
161137,1
161139,0
161140,1
161141,0
161144,0
161148,0
161151,0
161153,0
161155,1
161159,0
161160,1
161161,0
161162,0
161163,0
161164,1
161165,0
161169,0
161171,0
161172,1
161176,1
161181,0
161184,1
161186,0
161191,0
161193,0
161195,0
161199,0
161200,1
161201,0
161202,1
161206,0
161211,0
161212,1
161213,0
161216,1
161217,0
161222,0
161224,1
161233,1
161234,1
161238,1
161241,0
161242,0
161246,0
161248,0
161250,0
161252,1
161254,1
161255,1
161256,0
161257,1
161262,0
161263,1
161265,1
161266,0
161270,0
161271,0
161272,0
161273,0
161276,0
161278,0
161279,1
161281,1
161283,0
161293,1
161294,0
161296,1
161297,1
161299,1
161301,1
161302,0
161308,1
161315,0
161318,0
161321,0
161322,0
161323,0
161328,0
161329,0
161331,1
161333,1
161337,1
161346,1
161348,1
161359,1
161360,1
161361,1
161362,1
161365,0
161366,1
161367,1
161368,1
161371,0
161373,1
161374,1
161377,1
161378,1
161382,0
161383,1
161384,1
161386,0
161388,1
161394,1
161395,1
161396,1
161397,1
161401,0
161404,0
161405,1
161408,1
161409,0
161410,1
161413,1
161417,1
161418,0
161419,0
161422,0
161424,0
161426,0
161429,0
161430,0
161437,0
161442,1
161443,1
161447,0
161450,0
161451,1
161452,1
161455,1
161456,1
161459,0
161461,0
161463,1
161469,1
161471,0
161475,1
161477,0
161478,0
161479,0
161481,0
161482,0
161483,1
161484,0
161485,1
161486,1
161487,0
161488,1
161491,0
161494,1
161496,1
161497,0
161499,1
161500,0
161501,0
161507,0
161511,0
161512,1
161514,1
161515,1
161516,0
161517,1
161520,0
161524,0
161528,0
161529,0
161530,0
161532,1
161535,0
161537,0
161540,1
161543,0
161545,1
161547,1
161551,0
161553,1
161554,1
161555,0
161556,0
161558,1
161560,0
161562,1
161563,0
161564,0
161565,1
161567,1
161571,1
161572,0
161576,0
161577,0
161581,0
161582,0
161583,0
161584,1
161586,1
161589,0
161590,0
161596,0
161599,1
161600,0
161603,0
161606,0
161608,1
161618,1
161619,1
161625,1
161627,0
161630,1
161631,1
161635,0
161636,1
161637,0
161639,0
161645,0
161648,1
161652,1
161653,0
161657,1
161658,1
161659,1
161662,1
161667,0
161668,1
161669,1
161670,1
161671,1
161674,0
161675,1
161676,0
161680,0
161681,1
161683,1
161689,1
161693,0
161694,1
161696,1
161697,1
161699,1
161700,0
161701,1
161702,1
161703,1
161704,1
161710,1
161711,1
161714,1
161715,1
161721,0
161725,0
161726,0
161731,1
161732,0
161734,1
161738,1
161742,0
161744,1
161748,0
161749,1
161750,0
161754,1
161758,0
161760,0
161761,0
161763,1
161764,0
161766,0
161770,1
161775,0
161777,1
161781,0
161782,1
161783,0
161786,0
161787,0
161794,0
161797,1
161800,0
161803,1
161805,1
161806,0
161807,1
161809,1
161810,0
161817,1
161819,1
161821,0
161822,0
161824,1
161825,0
161826,0
161828,1
161836,1
161838,0
161839,0
161841,1
161845,0
161846,1
161851,1
161853,1
161854,0
161856,1
161857,0
161858,0
161860,1
161862,1
161864,1
161867,1
161870,1
161878,1
161879,0
161880,0
161882,0
161883,0
161884,1
161888,0
161891,0
161893,0
161897,0
161899,1
161902,0
161903,1
161904,1
161906,1
161908,0
161909,0
161910,0
161913,0
161914,1
161916,0
161918,1
161920,1
161921,1
161922,0
161924,1
161925,1
161928,0
161929,1
161934,0
161935,0
161937,1
161941,0
161942,0
161943,1
161944,1
161947,0
161951,0
161952,1
161956,0
161961,1
161965,0
161966,0
161967,0
161970,0
161972,0
161973,1
161977,1
161978,1
161979,1
161982,1
161983,1
161989,0
161992,1
161994,1
161997,0
161998,0
161999,0
162007,1
162008,1
162009,0
162010,1
162011,1
162012,1
162015,1
162016,0
162019,1
162022,0
162028,1
162033,1
162038,0
162042,1
162044,0
162045,0
162046,1
162047,0
162048,1
162049,1
162051,1
162053,0
162054,1
162056,0
162057,0
162058,1
162059,0
162063,0
162064,0
162065,0
162066,0
162068,1
162071,0
162075,0
162077,1
162079,1
162082,0
162084,0
162090,0
162092,0
162093,1
162095,0
162096,0
162097,0
162099,0
162100,1
162106,1
162107,0
162108,1
162109,0
162110,0
162113,1
162114,0
162116,1
162117,0
162120,0
162124,1
162127,0
162129,0
162131,1
162134,0
162137,1
162139,0
162144,1
162145,1
162146,0
162150,0
162152,0
162160,0
162162,0
162169,0
162172,0
162173,1
162174,0
162184,0
162189,1
162191,0
162192,1
162196,0
162198,0
162199,0
162201,0
162202,1
162203,1
162206,0
162207,1
162208,0
162211,0
162214,0
162216,1
162217,0
162220,1
162223,0
162227,1
162229,1
162230,0
162231,1
162232,0
162234,1
162238,1
162242,0
162244,0
162245,1
162247,0
162248,1
162250,0
162251,0
162253,1
162255,1
162257,0
162259,1
162260,1
162264,0
162265,0
162266,1
162270,0
162274,1
162277,1
162278,1
162281,0
162283,1
162286,1
162287,0
162289,1
162290,0
162292,1
162293,0
162294,0
162295,1
162296,1
162298,1
162301,1
162302,1
162303,0
162304,1
162305,0
162307,1
162308,1
162309,0
162311,0
162312,0
162317,0
162318,1
162323,1
162325,0
162327,1
162328,0
162330,1
162337,0
162338,0
162339,1
162340,1
162341,0
162343,0
162346,0
162348,0
162349,0
162350,1
162351,0
162352,1
162353,0
162354,0
162358,0
162360,0
162362,1
162364,0
162366,0
162367,0
162376,0
162377,0
162384,0
162385,0
162386,0
162387,0
162394,0
162395,1
162398,0
162399,1
162400,1
162403,0
162405,0
162416,1
162417,1
162419,0
162420,0
162421,1
162422,1
162424,1
162425,1
162427,0
162429,0
162430,0
162431,0
162433,1
162435,0
162436,0
162438,0
162440,0
162442,0
162445,0
162448,1
162451,0
162454,0
162455,0
162458,0
162460,0
162461,1
162462,0
162466,0
162469,0
162472,1
162476,0
162479,0
162480,0
162482,1
162483,0
162484,0
162486,0
162488,0
162490,0
162491,0
162494,0
162497,1
162501,1
162503,1
162505,1
162510,0
162511,1
162512,0
162514,1
162519,1
162521,0
162532,1
162534,1
162540,0
162543,0
162544,1
162546,0
162549,0
162556,0
162558,1
162561,0
162563,0
162568,0
162570,1
162576,1
162578,1
162579,1
162580,0
162581,0
162591,1
162592,1
162595,1
162598,0
162601,1
162602,0
162603,1
162605,1
162615,1
162616,0
162619,1
162620,1
162624,1
162629,0
162632,0
162635,1
162636,0
162640,1
162644,1
162645,1
162647,1
162651,1
162652,0
162654,0
162659,0
162661,1
162664,1
162667,1
162669,0
162674,0
162675,1
162676,1
162679,0
162681,0
162684,1
162687,1
162690,1
162692,0
162696,0
162698,1
162701,1
162707,1
162709,0
162716,1
162718,0
162726,1
162727,0
162729,0
162734,1
162742,0
162743,0
162747,0
162748,1
162755,0
162758,0
162764,0
162765,0
162772,1
162773,0
162775,1
162776,1
162781,0
162787,0
162788,0
162792,0
162795,1
162798,1
162801,0
162803,0
162805,1
162806,0
162809,0
162812,1
162813,1
162814,1
162815,1
162817,0
162818,0
162819,0
162820,0
162821,0
162824,0
162825,0
162826,1
162827,1
162831,1
162832,0
162836,0
162840,0
162841,0
162842,1
162843,0
162844,1
162845,1
162846,0
162851,0
162852,1
162853,0
162854,0
162855,1
162856,0
162862,0
162866,1
162867,1
162870,0
162875,0
162885,1
162891,1
162892,1
162897,0
162900,0
162905,0
162909,1
162912,0
162913,1
162915,0
162916,0
162917,0
162924,1
162927,1
162928,1
162933,0
162937,0
162940,0
162942,1
162943,1
162946,1
162947,1
162951,1
162952,0
162953,0
162954,1
162958,0
162960,1
162962,1
162963,1
162966,0
162969,0
162970,0
162971,0
162972,0
162974,0
162981,0
162982,1
162986,0
162987,1
162989,1
162990,0
162992,0
162994,1
162995,1
162996,1
162997,1
162999,1
163006,1
163007,1
163010,0
163012,0
163014,0
163018,1
163019,0
163020,1
163021,0
163024,1
163025,1
163027,0
163028,1
163029,1
163030,0
163033,0
163034,1
163037,1
163042,0
163043,1
163044,0
163047,1
163049,1
163055,0
163058,1
163059,1
163062,0
163063,1
163066,1
163070,1
163074,0
163080,1
163081,0
163082,1
163083,0
163085,1
163097,1
163098,0
163100,0
163102,0
163103,0
163104,1
163105,1
163106,1
163109,1
163114,1
163115,0
163116,1
163118,0
163119,0
163127,1
163129,1
163134,1
163136,1
163141,0
163143,1
163145,1
163149,0
163153,1
163156,0
163161,1
163164,0
163165,0
163166,0
163170,0
163171,1
163175,0
163178,0
163185,1
163186,1
163192,0
163194,0
163199,1
163201,0
163202,0
163205,1
163207,0
163208,0
163209,0
163210,1
163213,0
163216,1
163217,1
163220,0
163222,0
163223,1
163224,0
163225,0
163231,0
163233,0
163234,0
163235,0
163237,0
163238,1
163244,1
163247,1
163250,0
163253,0
163255,0
163256,1
163257,0
163259,1
163260,0
163262,1
163263,1
163265,0
163266,0
163268,0
163270,1
163271,1
163281,1
163283,1
163284,0
163285,0
163290,0
163293,0
163294,0
163300,1
163301,1
163304,1
163305,1
163308,1
163310,0
163311,0
163315,1
163316,1
163317,1
163318,0
163320,0
163323,1
163326,1
163328,0
163330,0
163334,1
163335,0
163340,0
163342,0
163345,0
163347,0
163349,1
163350,1
163351,1
163353,1
163355,0
163360,1
163365,0
163366,1
163368,0
163373,0
163375,0
163381,0
163382,1
163383,1
163384,1
163386,0
163388,0
163391,0
163394,0
163396,0
163398,0
163399,1
163401,1
163404,1
163408,1
163415,0
163416,0
163417,1
163418,1
163419,1
163422,0
163424,0
163429,0
163432,1
163433,1
163439,0
163440,1
163445,1
163446,1
163447,1
163450,1
163451,1
163455,1
163462,0
163463,0
163465,1
163471,1
163474,1
163475,0
163479,1
163482,0
163483,0
163490,1
163491,1
163494,0
163495,1
163496,1
163499,1
163500,0
163501,0
163504,1
163505,1
163506,0
163507,0
163509,0
163510,1
163511,1
163516,1
163518,1
163520,1
163521,1
163524,1
163528,1
163531,0
163535,1
163536,1
163541,1
163543,1
163546,1
163549,0
163550,1
163551,1
163552,1
163554,0
163555,1
163556,1
163557,0
163558,1
163560,1
163561,0
163563,0
163564,1
163565,1
163568,1
163569,1
163571,0
163572,0
163576,0
163578,0
163583,0
163587,1
163594,0
163600,1
163601,0
163603,1
163606,1
163607,1
163608,1
163611,0
163615,0
163616,1
163621,1
163622,0
163626,0
163628,1
163633,1
163635,0
163637,0
163639,0
163643,0
163644,1
163646,1
163649,0
163651,0
163652,0
163657,1
163659,0
163662,0
163663,0
163665,0
163666,0
163671,0
163673,1
163677,0
163678,1
163681,1
163682,0
163683,0
163687,1
163693,0
163695,0
163696,1
163697,1
163698,1
163700,0
163701,0
163702,1
163703,0
163704,0
163706,0
163708,0
163709,0
163711,1
163713,0
163716,1
163719,0
163720,1
163722,0
163725,1
163726,1
163730,0
163736,0
163749,0
163750,1
163751,0
163752,0
163754,0
163758,0
163760,1
163761,0
163763,0
163766,0
163767,0
163768,0
163769,0
163770,0
163771,1
163772,1
163778,0
163785,0
163790,0
163791,1
163792,1
163794,0
163795,0
163798,1
163800,0
163803,1
163805,1
163806,1
163807,0
163808,0
163812,1
163814,1
163815,1
163816,1
163818,1
163824,0
163825,0
163828,1
163829,0
163836,1
163837,1
163841,1
163843,0
163846,1
163848,1
163849,0
163855,1
163858,1
163860,1
163865,1
163870,1
163871,0
163872,1
163873,0
163875,0
163881,0
163882,1
163888,0
163889,0
163890,0
163894,1
163899,1
163901,0
163902,1
163904,0
163905,1
163908,1
163911,0
163912,0
163913,1
163914,1
163919,0
163923,0
163924,0
163925,0
163926,0
163927,0
163928,1
163930,0
163935,1
163936,0
163937,0
163938,1
163940,1
163942,1
163944,1
163946,1
163948,1
163949,0
163953,0
163955,1
163958,1
163962,0
163967,1
163972,0
163974,0
163976,0
163978,0
163987,1
163990,0
163992,1
163993,1
164001,1
164002,0
164004,1
164005,0
164006,0
164007,0
164009,1
164013,1
164018,1
164019,0
164021,0
164022,1
164023,0
164028,0
164030,0
164031,1
164033,0
164036,1
164037,0
164039,1
164040,1
164047,1
164048,0
164050,1
164051,1
164053,1
164054,1
164056,0
164057,0
164060,0
164062,1
164063,0
164064,0
164068,1
164071,1
164074,0
164077,0
164079,1
164084,1
164087,1
164088,1
164090,0
164095,0
164097,1
164099,0
164100,0
164101,0
164103,0
164106,0
164107,0
164108,1
164111,0
164112,0
164114,1
164115,0
164116,1
164119,0
164121,1
164127,1
164128,1
164129,1
164132,0
164134,0
164135,0
164137,0
164138,0
164142,1
164145,0
164146,0
164147,0
164149,1
164151,0
164153,0
164154,0
164159,0
164161,1
164162,0
164167,0
164168,0
164171,1
164177,1
164178,0
164179,0
164180,1
164181,1
164185,0
164186,0
164187,0
164188,1
164191,1
164195,1
164196,0
164197,0
164198,0
164202,1
164203,1
164206,0
164207,1
164208,1
164210,0
164212,0
164213,0
164217,0
164218,0
164219,0
164220,1
164224,1
164225,0
164226,0
164227,1
164231,0
164234,1
164235,0
164236,1
164240,1
164242,0
164243,1
164245,1
164246,0
164247,0
164249,0
164257,1
164259,1
164262,1
164263,0
164265,0
164266,1
164269,0
164270,1
164271,1
164273,0
164276,1
164278,0
164281,0
164285,1
164289,1
164290,1
164292,1
164293,0
164294,0
164295,1
164297,0
164302,0
164309,0
164310,0
164311,0
164313,1
164314,0
164316,0
164319,0
164322,0
164323,0
164324,0
164326,0
164327,0
164338,0
164339,0
164343,0
164345,0
164347,1
164349,0
164350,1
164351,0
164353,0
164357,1
164358,1
164359,0
164363,1
164364,0
164366,1
164367,1
164368,0
164370,0
164372,1
164374,0
164375,1
164376,1
164379,1
164382,0
164384,1
164385,0
164393,0
164400,1
164401,0
164403,0
164404,0
164405,0
164406,1
164407,1
164410,1
164411,1
164415,0
164418,0
164419,1
164422,0
164427,0
164428,1
164433,1
164436,1
164437,1
164438,1
164441,0
164449,1
164450,0
164451,1
164453,0
164454,1
164456,0
164457,0
164460,0
164461,0
164463,0
164464,0
164466,0
164467,0
164469,1
164470,0
164474,0
164476,1
164479,1
164481,0
164482,0
164485,1
164487,1
164490,0
164495,1
164496,0
164498,1
164499,0
164500,0
164504,1
164509,1
164511,1
164517,0
164521,0
164522,0
164526,0
164527,0
164528,0
164529,1
164535,0
164536,1
164539,1
164540,0
164543,0
164546,1
164547,1
164549,0
164550,1
164552,0
164555,0
164556,1
164558,0
164559,0
164562,0
164563,0
164564,0
164566,0
164571,0
164572,1
164576,0
164577,1
164578,0
164579,1
164583,0
164584,1
164586,0
164587,0
164588,0
164592,0
164595,1
164596,0
164598,0
164602,1
164606,0
164608,0
164609,1
164611,0
164613,1
164615,0
164617,1
164618,0
164619,0
164622,1
164624,1
164625,0
164626,1
164631,0
164634,1
164638,1
164639,0
164640,1
164641,1
164644,0
164648,1
164652,0
164653,1
164654,1
164656,1
164660,0
164661,1
164669,1
164671,0
164674,1
164675,1
164677,1
164680,1
164688,0
164690,0
164691,1
164695,1
164697,1
164699,0
164707,1
164710,1
164711,0
164712,0
164715,1
164717,1
164720,0
164721,0
164724,1
164725,1
164729,1
164732,0
164733,0
164735,1
164736,0
164738,0
164739,1
164746,0
164750,1
164751,1
164752,0
164754,0
164755,0
164756,0
164759,1
164762,0
164764,1
164765,1
164766,0
164767,0
164771,1
164776,1
164777,0
164784,1
164788,1
164795,0
164796,1
164798,1
164801,1
164802,0
164803,1
164805,1
164812,0
164814,1
164818,1
164819,0
164820,0
164821,1
164822,1
164823,0
164826,1
164829,1
164830,1
164832,0
164835,1
164836,0
164845,1
164847,1
164848,1
164849,1
164850,0
164852,1
164853,0
164854,0
164858,1
164860,1
164862,0
164864,1
164865,0
164866,0
164874,0
164880,0
164881,0
164882,1
164883,1
164885,0
164886,0
164887,0
164888,1
164889,1
164890,0
164891,0
164894,0
164899,0
164900,1
164902,0
164904,0
164906,0
164907,1
164908,1
164910,1
164912,0
164914,0
164915,0
164920,1
164931,1
164932,0
164938,0
164940,1
164941,0
164944,0
164946,1
164948,0
164950,1
164951,1
164953,0
164954,1
164956,0
164960,1
164961,0
164963,1
164965,1
164967,0
164969,0
164970,0
164973,1
164977,0
164981,1
164983,0
164985,1
164987,0
164989,0
164996,0
165001,1
165003,1
165008,0
165010,1
165012,1
165013,1
165014,0
165015,0
165018,1
165024,1
165025,0
165027,0
165030,0
165032,1
165033,1
165034,1
165035,0
165036,0
165037,1
165039,0
165041,0
165042,0
165043,0
165044,1
165045,0
165047,0
165048,0
165050,0
165053,1
165054,0
165056,1
165057,1
165059,1
165060,0
165062,1
165063,1
165064,0
165066,0
165067,0
165069,0
165073,0
165074,1
165077,0
165083,0
165084,1
165085,0
165088,1
165090,1
165093,0
165094,0
165095,0
165099,0
165100,0
165101,1
165103,0
165105,0
165114,0
165115,0
165118,1
165120,1
165121,0
165122,0
165123,0
165124,1
165125,0
165128,0
165129,1
165132,1
165135,1
165142,0
165145,0
165146,0
165148,0
165150,0
165153,1
165154,0
165155,1
165160,1
165164,0
165167,0
165169,1
165171,1
165176,0
165177,1
165179,0
165186,1
165189,0
165190,0
165192,0
165193,1
165196,1
165197,1
165198,0
165202,1
165205,1
165207,0
165209,1
165212,1
165213,0
165217,1
165220,1
165223,0
165226,0
165228,1
165232,0
165233,0
165235,1
165240,0
165243,0
165245,1
165246,0
165248,0
165250,1
165251,0
165252,0
165253,0
165257,1
165259,0
165260,0
165262,1
165264,1
165266,1
165267,0
165268,1
165272,0
165273,1
165275,0
165279,0
165281,1
165282,1
165284,0
165286,1
165287,0
165288,1
165301,0
165303,1
165305,1
165307,1
165309,1
165312,0
165313,1
165315,1
165316,0
165319,1
165321,0
165322,0
165327,0
165330,1
165332,1
165333,0
165338,0
165339,1
165344,1
165349,0
165352,0
165354,0
165355,1
165356,1
165365,0
165366,1
165376,1
165378,1
165379,1
165388,1
165395,1
165397,0
165398,0
165400,0
165401,1
165406,0
165407,0
165412,0
165413,0
165419,1
165423,0
165425,1
165426,1
165428,0
165429,0
165433,1
165436,1
165439,1
165441,0
165442,0
165443,0
165444,0
165445,0
165450,1
165456,1
165461,0
165462,1
165463,0
165468,1
165470,0
165480,1
165481,1
165482,0
165484,0
165488,1
165489,0
165490,1
165494,0
165497,1
165500,0
165501,1
165502,1
165503,1
165504,0
165506,0
165508,0
165515,1
165519,0
165520,0
165522,0
165527,0
165531,0
165534,0
165535,1
165538,0
165539,0
165541,1
165543,0
165545,1
165546,0
165547,1
165550,1
165551,1
165556,0
165557,1
165559,0
165560,1
165561,0
165562,0
165563,1
165565,0
165566,0
165568,0
165570,1
165572,1
165574,1
165576,1
165577,0
165578,0
165579,0
165585,0
165586,0
165592,0
165594,0
165597,0
165598,0
165602,0
165603,1
165605,0
165609,0
165615,1
165618,0
165621,0
165623,0
165624,0
165626,1
165631,0
165633,0
165635,0
165636,1
165637,0
165639,0
165640,0
165645,0
165646,1
165648,1
165649,0
165655,1
165658,0
165659,1
165660,1
165662,0
165663,0
165664,0
165671,0
165672,0
165673,1
165674,0
165678,0
165679,1
165680,1
165683,0
165684,1
165693,1
165694,0
165698,1
165699,0
165703,1
165704,0
165708,1
165711,0
165712,1
165713,0
165714,0
165725,0
165729,0
165732,1
165735,1
165736,0
165738,1
165744,0
165745,1
165746,0
165747,0
165751,0
165753,1
165754,1
165756,0
165760,1
165762,1
165764,0
165778,0
165779,1
165780,1
165782,0
165784,0
165788,0
165789,0
165791,0
165792,0
165794,1
165797,0
165799,1
165800,0
165804,0
165810,0
165813,0
165814,1
165821,0
165823,0
165835,1
165838,1
165840,0
165841,0
165842,0
165845,0
165850,0
165852,0
165853,0
165858,1
165859,1
165860,0
165864,0
165865,0
165868,1
165870,0
165871,0
165873,0
165875,0
165877,1
165878,1
165880,0
165881,0
165882,1
165883,0
165885,0
165889,1
165890,0
165893,1
165898,0
165899,1
165901,1
165902,1
165903,0
165907,0
165908,1
165914,1
165917,1
165922,0
165924,1
165929,0
165930,0
165931,0
165935,0
165939,0
165941,0
165942,0
165945,1
165946,1
165947,1
165948,0
165954,1
165958,0
165959,0
165964,1
165972,0
165976,1
165977,1
165978,0
165980,1
165982,0
165984,0
165986,1
165989,0
165992,1
165993,0
165994,1
165997,1
165999,0
166000,0
166002,1
166004,1
166007,0
166008,1
166009,0
166010,1
166011,0
166012,0
166016,1
166017,0
166020,0
166023,0
166024,0
166025,0
166026,1
166027,0
166029,1
166030,1
166034,0
166036,1
166037,0
166038,0
166043,1
166045,1
166046,1
166047,0
166052,0
166055,0
166057,0
166060,0
166063,1
166064,0
166066,0
166067,1
166068,1
166072,1
166075,0
166076,0
166077,0
166082,0
166084,0
166085,0
166088,0
166089,0
166091,0
166092,0
166094,0
166096,0
166102,1
166104,0
166105,0
166107,1
166111,1
166115,1
166121,1
166124,0
166125,0
166128,0
166137,0
166139,0
166140,0
166141,1
166143,1
166151,1
166154,0
166155,0
166157,1
166159,0
166163,0
166165,1
166168,1
166170,1
166174,0
166176,0
166177,0
166178,1
166180,0
166181,1
166182,0
166185,1
166191,1
166192,0
166193,1
166196,1
166197,1
166198,1
166201,1
166202,0
166207,0
166208,0
166209,1
166212,1
166213,1
166214,1
166217,0
166218,1
166220,0
166223,0
166225,1
166231,0
166234,0
166248,1
166253,0
166258,0
166260,0
166263,1
166269,1
166271,0
166272,0
166273,1
166275,1
166277,1
166282,1
166283,1
166285,0
166287,1
166288,0
166299,0
166300,0
166301,0
166302,0
166303,1
166305,0
166308,1
166312,0
166317,1
166318,1
166320,0
166321,0
166322,1
166323,0
166324,1
166326,0
166328,0
166331,0
166335,1
166336,0
166338,0
166340,0
166341,1
166342,1
166343,1
166345,0
166347,1
166348,1
166351,1
166357,1
166358,1
166360,1
166363,1
166364,1
166365,1
166371,1
166374,0
166376,0
166377,0
166378,0
166381,1
166382,0
166383,0
166385,1
166387,1
166391,1
166394,0
166403,0
166404,0
166406,0
166407,0
166408,1
166411,0
166412,1
166414,1
166415,0
166420,0
166428,1
166429,1
166432,1
166434,0
166436,1
166441,1
166442,1
166446,0
166447,1
166448,0
166450,1
166451,1
166453,1
166457,0
166461,1
166463,0
166471,1
166472,1
166473,0
166476,0
166479,1
166485,0
166487,1
166488,0
166489,1
166494,0
166495,0
166499,0
166501,1
166502,0
166505,1
166509,0
166512,0
166516,1
166517,1
166519,1
166520,0
166521,0
166523,1
166525,1
166526,0
166535,1
166538,1
166539,1
166546,1
166548,0
166550,1
166553,1
166555,1
166560,0
166562,0
166564,0
166569,0
166572,0
166573,0
166580,0
166585,0
166586,1
166588,1
166593,1
166596,0
166603,1
166613,0
166620,0
166625,0
166627,1
166629,0
166631,0
166632,1
166635,0
166637,1
166638,1
166639,0
166642,0
166647,0
166649,1
166650,1
166651,1
166652,0
166653,0
166654,0
166655,0
166656,0
166659,1
166661,0
166663,0
166664,0
166665,1
166669,0
166671,1
166672,0
166673,1
166675,0
166678,1
166683,1
166684,0
166685,0
166689,0
166691,0
166693,1
166698,0
166699,0
166700,1
166703,1
166704,0
166705,1
166708,0
166709,1
166710,0
166711,1
166712,0
166714,0
166715,0
166717,1
166721,0
166723,1
166729,1
166732,1
166733,0
166735,0
166741,1
166742,0
166746,0
166747,0
166748,1
166754,0
166755,0
166756,0
166757,1
166761,1
166762,0
166763,0
166767,0
166771,1
166780,1
166782,0
166786,1
166788,1
166789,0
166790,0
166796,0
166798,1
166802,0
166807,1
166811,0
166812,0
166814,0
166816,0
166817,1
166819,1
166822,0
166823,1
166825,0
166827,1
166835,0
166840,0
166842,0
166843,0
166844,1
166845,0
166846,0
166847,1
166848,1
166850,1
166853,0
166854,0
166860,1
166862,0
166867,1
166869,1
166870,0
166874,1
166875,0
166876,1
166879,0
166883,1
166884,0
166887,0
166888,0
166889,0
166893,1
166895,0
166900,1
166902,0
166903,0
166906,0
166910,0
166914,0
166915,1
166917,1
166918,1
166919,1
166921,1
166924,0
166926,1
166927,1
166929,0
166930,1
166932,1
166933,1
166944,0
166947,1
166951,0
166952,0
166953,0
166959,0
166961,1
166966,0
166967,1
166975,1
166976,0
166979,1
166980,0
166981,1
166986,0
166987,1
166988,0
166994,0
166996,0
166997,1
167004,0
167008,1
167009,0
167010,0
167011,0
167013,1
167016,0
167017,0
167018,1
167020,1
167021,1
167022,0
167024,1
167025,0
167026,1
167027,1
167029,1
167030,0
167032,0
167033,1
167038,0
167041,0
167042,1
167043,1
167045,1
167046,1
167048,1
167054,1
167058,0
167059,1
167062,0
167064,0
167065,0
167066,1
167072,0
167073,1
167080,0
167085,0
167088,0
167090,0
167093,1
167094,1
167095,1
167096,0
167100,0
167101,0
167107,1
167108,0
167110,1
167111,0
167113,0
167117,1
167121,1
167122,0
167127,0
167129,1
167130,1
167132,1
167134,0
167136,1
167140,1
167141,0
167143,1
167148,1
167151,1
167155,1
167156,1
167158,1
167161,1
167162,0
167167,1
167170,1
167174,1
167177,1
167182,1
167184,0
167186,0
167188,1
167191,1
167193,1
167196,0
167198,1
167200,1
167201,0
167202,1
167205,1
167206,1
167207,0
167210,1
167212,0
167215,0
167218,0
167225,0
167226,0
167227,0
167232,1
167234,1
167236,1
167237,1
167240,0
167241,0
167251,1
167252,0
167255,0
167259,1
167260,0
167264,0
167268,1
167271,0
167274,0
167275,0
167277,0
167278,0
167284,0
167286,0
167289,0
167290,1
167291,1
167294,1
167299,1
167300,0
167302,1
167304,1
167307,0
167308,1
167310,1
167311,0
167312,0
167315,1
167316,1
167319,1
167321,1
167322,1
167325,0
167326,1
167329,1
167330,0
167331,0
167332,1
167337,1
167338,0
167339,1
167340,1
167343,0
167348,0
167349,0
167351,0
167355,1
167359,1
167361,1
167368,0
167369,1
167371,0
167375,1
167377,1
167381,1
167382,0
167386,1
167390,1
167391,0
167395,1
167396,0
167398,1
167400,1
167406,0
167410,1
167412,0
167414,1
167415,1
167418,1
167419,1
167421,1
167422,1
167423,0
167427,1
167430,1
167431,0
167432,1
167434,0
167441,1
167442,1
167444,1
167445,1
167451,0
167452,0
167453,0
167454,1
167455,0
167458,0
167460,0
167463,0
167464,1
167466,1
167470,1
167474,0
167478,1
167481,0
167483,1
167484,1
167486,1
167488,1
167489,1
167493,0
167499,1
167500,0
167501,1
167505,0
167507,0
167513,1
167514,0
167515,1
167517,1
167519,1
167520,0
167521,0
167522,0
167526,0
167527,0
167528,1
167531,1
167533,0
167534,0
167539,0
167540,1
167543,1
167544,1
167545,0
167547,0
167548,1
167549,1
167552,0
167558,1
167559,0
167561,0
167562,0
167563,1
167564,1
167568,1
167577,0
167579,1
167580,1
167583,0
167584,1
167585,0
167587,1
167589,0
167591,0
167595,0
167596,0
167597,1
167599,0
167600,0
167601,0
167603,1
167604,0
167605,1
167609,1
167611,1
167613,1
167614,1
167615,1
167616,1
167617,1
167620,0
167622,0
167623,1
167624,0
167630,1
167632,0
167638,0
167642,1
167643,0
167648,0
167650,0
167651,1
167653,1
167658,0
167659,1
167660,1
167666,0
167669,1
167676,0
167682,1
167683,1
167685,1
167686,0
167689,0
167691,0
167693,1
167695,1
167696,0
167698,0
167700,0
167701,0
167703,0
167704,1
167705,0
167714,0
167715,1
167717,0
167718,0
167719,1
167720,1
167722,1
167728,1
167732,0
167737,0
167739,0
167741,1
167742,1
167743,0
167746,0
167749,1
167751,0
167752,1
167756,0
167757,0
167758,0
167759,0
167761,0
167767,1
167768,1
167771,0
167772,0
167773,1
167780,1
167781,1
167790,0
167795,1
167796,1
167797,0
167801,0
167802,1
167807,1
167815,1
167817,1
167818,1
167820,1
167831,0
167834,0
167840,1
167842,0
167843,0
167849,0
167850,0
167853,0
167854,0
167855,0
167859,1
167862,1
167863,1
167866,1
167867,1
167868,0
167869,0
167872,0
167875,0
167879,1
167883,1
167884,0
167887,0
167889,1
167890,1
167892,1
167893,1
167897,0
167901,0
167902,1
167904,0
167906,1
167907,1
167911,1
167917,1
167918,1
167920,0
167923,0
167927,0
167928,0
167929,1
167932,1
167936,1
167939,1
167943,0
167944,1
167945,0
167948,1
167950,0
167952,1
167953,1
167954,1
167955,0
167959,1
167967,0
167969,1
167971,1
167972,1
167973,1
167983,0
167985,1
167986,0
167990,1
167993,0
167996,1
167998,0
168002,1
168004,0
168006,0
168011,1
168019,0
168021,0
168022,0
168024,0
168026,1
168027,1
168030,0
168035,0
168036,1
168040,0
168046,0
168049,0
168053,1
168056,0
168058,0
168061,1
168063,0
168067,0
168068,1
168070,1
168071,1
168073,1
168074,0
168076,1
168079,0
168084,0
168085,0
168086,0
168087,0
168088,1
168091,1
168093,1
168098,1
168104,0
168107,1
168109,0
168110,1
168116,1
168118,1
168119,0
168123,0
168126,0
168127,0
168128,0
168129,1
168130,0
168132,0
168134,1
168138,1
168141,1
168144,0
168145,0
168146,1
168152,0
168154,1
168158,0
168159,1
168161,0
168162,0
168173,1
168179,1
168182,0
168184,0
168192,1
168193,0
168198,0
168199,1
168202,1
168205,1
168206,1
168207,1
168210,1
168211,0
168212,1
168215,0
168216,1
168217,1
168218,0
168219,0
168220,0
168221,0
168223,1
168225,0
168230,0
168232,0
168233,1
168239,0
168244,1
168245,0
168246,0
168248,0
168253,0
168255,0
168257,1
168258,1
168260,0
168263,1
168264,1
168271,0
168275,0
168276,0
168279,1
168280,1
168281,1
168283,0
168286,0
168287,1
168288,0
168292,1
168298,0
168300,0
168301,1
168304,0
168305,0
168307,0
168309,1
168313,1
168319,1
168320,0
168322,0
168323,0
168324,0
168326,0
168329,0
168330,1
168332,0
168333,1
168334,0
168337,0
168341,1
168342,0
168343,0
168349,0
168351,1
168353,1
168354,1
168355,0
168358,1
168359,1
168362,1
168366,1
168373,0
168374,0
168375,0
168377,1
168380,1
168382,0
168388,0
168389,0
168391,1
168392,0
168393,0
168399,0
168400,1
168405,1
168410,0
168414,0
168415,1
168416,0
168418,0
168420,0
168423,1
168425,0
168426,1
168429,1
168430,1
168431,0
168437,1
168438,1
168439,1
168440,1
168443,1
168444,1
168446,1
168447,1
168452,0
168454,1
168455,0
168456,1
168457,0
168461,0
168464,0
168466,1
168467,1
168472,0
168475,1
168477,0
168479,0
168485,1
168488,1
168489,0
168492,1
168494,0
168495,0
168497,1
168501,0
168504,1
168512,1
168515,1
168520,0
168522,1
168523,1
168525,0
168526,1
168533,1
168534,0
168539,0
168540,1
168544,0
168545,1
168547,0
168549,0
168555,1
168556,0
168559,1
168561,1
168562,1
168567,0
168568,0
168573,0
168579,0
168583,0
168585,1
168586,0
168593,0
168594,0
168597,0
168599,1
168600,1
168601,0
168604,0
168605,0
168609,1
168613,1
168614,1
168616,1
168617,0
168620,0
168621,1
168626,0
168629,0
168630,0
168632,0
168636,1
168637,1
168640,0
168644,1
168646,1
168648,0
168651,0
168653,0
168654,1
168655,1
168658,1
168663,1
168664,1
168665,0
168667,1
168672,1
168677,1
168683,0
168687,0
168688,0
168691,0
168696,0
168697,0
168698,1
168700,0
168702,1
168703,0
168708,1
168709,0
168711,1
168713,0
168715,1
168723,1
168730,0
168734,0
168735,1
168736,0
168737,1
168739,0
168740,0
168741,0
168742,1
168744,0
168746,1
168747,1
168748,0
168751,0
168752,1
168753,0
168754,1
168755,0
168758,0
168760,0
168762,1
168764,0
168765,0
168768,1
168773,0
168774,0
168775,0
168777,1
168779,1
168783,1
168785,0
168787,1
168788,1
168790,0
168793,1
168795,0
168804,1
168808,0
168809,1
168815,1
168816,1
168817,1
168819,0
168820,0
168822,0
168823,1
168824,0
168827,1
168832,1
168834,0
168840,0
168841,0
168842,1
168847,0
168849,1
168853,1
168855,1
168857,1
168860,1
168863,0
168868,0
168869,0
168874,0
168875,1
168878,1
168880,0
168882,0
168887,0
168891,0
168893,1
168894,0
168898,0
168899,0
168901,0
168905,0
168908,1
168909,0
168911,0
168912,1
168916,1
168918,0
168921,0
168924,0
168932,0
168933,1
168937,1
168938,1
168939,0
168942,1
168943,1
168946,0
168948,0
168949,1
168955,0
168956,0
168958,0
168964,0
168969,1
168971,1
168973,0
168975,0
168976,0
168977,0
168978,0
168982,0
168987,0
168989,0
168990,0
168991,0
168992,0
168996,1
168998,1
169000,0
169001,1
169004,0
169005,0
169006,0
169007,0
169009,1
169011,0
169013,0
169017,1
169021,1
169023,1
169026,1
169027,1
169032,1
169034,1
169036,0
169037,1
169038,1
169042,0
169043,0
169044,1
169046,1
169049,0
169051,0
169057,0
169059,0
169066,0
169067,0
169068,1
169075,0
169076,0
169077,0
169078,0
169079,1
169083,1
169088,0
169091,1
169092,1
169094,0
169095,0
169098,0
169099,0
169101,1
169103,0
169105,1
169107,1
169108,0
169109,0
169112,1
169113,0
169119,0
169126,1
169127,0
169128,1
169130,0
169132,1
169133,0
169136,1
169140,1
169145,1
169146,1
169149,0
169151,0
169152,1
169154,0
169158,1
169165,0
169170,1
169172,1
169173,1
169174,1
169175,0
169181,0
169182,0
169188,0
169189,1
169190,1
169191,1
169196,1
169198,1
169202,0
169204,1
169207,0
169211,1
169213,1
169216,1
169225,1
169226,1
169230,1
169231,0
169234,1
169235,1
169237,0
169246,1
169248,0
169251,0
169252,1
169253,0
169255,0
169256,1
169258,1
169260,1
169262,0
169263,1
169266,1
169270,0
169272,1
169274,1
169275,1
169279,1
169280,1
169283,0
169287,0
169288,0
169290,0
169291,0
169292,0
169295,1
169297,1
169302,1
169306,1
169308,0
169309,0
169311,0
169313,1
169317,1
169324,0
169328,1
169330,0
169332,0
169336,0
169338,1
169339,0
169340,1
169341,0
169342,0
169343,1
169344,1
169346,0
169349,0
169357,0
169359,1
169361,1
169364,1
169366,1
169372,0
169373,1
169374,0
169375,1
169377,1
169381,1
169382,1
169385,1
169386,1
169387,1
169391,1
169393,1
169394,0
169395,1
169398,0
169399,0
169401,0
169402,0
169406,0
169408,0
169411,0
169412,0
169415,0
169418,0
169423,1
169424,0
169426,1
169427,1
169430,0
169431,0
169432,1
169433,1
169434,1
169437,0
169438,0
169445,1
169446,1
169447,1
169448,1
169450,1
169454,0
169455,1
169459,1
169461,0
169462,0
169464,0
169465,0
169469,1
169470,1
169475,0
169476,1
169477,0
169478,0
169482,0
169485,0
169486,1
169488,1
169497,1
169500,0
169502,0
169506,1
169507,0
169509,0
169510,0
169514,1
169518,0
169519,0
169525,0
169528,0
169529,0
169532,0
169535,1
169540,0
169542,0
169544,1
169545,0
169547,1
169548,1
169552,1
169553,0
169554,1
169555,0
169556,0
169560,1
169562,1
169564,1
169565,1
169568,0
169573,0
169574,1
169575,1
169577,1
169580,0
169581,0
169584,1
169589,0
169591,1
169592,1
169593,1
169595,0
169598,1
169604,1
169607,0
169608,0
169615,0
169619,1
169620,0
169622,1
169623,0
169625,1
169627,1
169631,0
169632,0
169633,0
169652,0
169653,0
169654,1
169655,0
169659,1
169661,0
169662,1
169663,0
169664,0
169665,0
169667,0
169669,1
169675,1
169677,1
169679,1
169681,1
169687,1
169688,0
169689,0
169691,1
169692,0
169698,0
169699,1
169700,1
169705,0
169707,0
169710,1
169715,1
169723,0
169724,0
169728,0
169729,0
169730,1
169735,1
169743,0
169744,1
169747,1
169748,1
169749,0
169750,1
169752,1
169762,0
169763,1
169765,1
169766,1
169768,1
169777,1
169778,0
169783,0
169786,1
169789,1
169791,1
169793,0
169794,0
169797,1
169801,1
169806,0
169807,1
169808,1
169811,0
169815,0
169817,1
169820,0
169824,1
169825,1
169831,0
169833,0
169834,1
169838,1
169840,1
169843,1
169847,0
169848,1
169849,0
169851,0
169852,1
169854,1
169860,1
169861,0
169865,0
169866,1
169867,1
169877,0
169880,1
169884,1
169887,1
169890,1
169891,0
169894,1
169897,0
169898,1
169899,0
169903,0
169906,0
169908,0
169909,0
169911,1
169912,0
169914,0
169915,1
169917,1
169925,0
169926,1
169930,1
169932,1
169934,0
169935,0
169939,1
169941,0
169942,1
169943,0
169944,0
169945,1
169947,0
169948,1
169951,0
169953,0
169958,1
169959,0
169965,1
169967,0
169970,0
169974,0
169975,1
169978,0
169979,0
169981,1
169982,0
169984,0
169986,0
169988,0
169989,0
169990,1
169991,0
169992,1
169997,1
169998,0
170001,1
170006,0
170015,0
170019,0
170020,0
170022,0
170023,1
170025,1
170027,1
170028,0
170031,1
170035,0
170039,1
170041,1
170044,0
170045,1
170047,0
170049,0
170052,0
170055,1
170057,0
170060,1
170061,0
170063,1
170065,1
170072,1
170073,1
170074,0
170076,1
170077,1
170078,1
170079,0
170085,0
170088,1
170089,1
170092,0
170095,1
170096,0
170097,0
170098,1
170101,1
170102,1
170103,1
170108,0
170116,0
170119,1
170120,1
170122,1
170124,0
170128,0
170134,0
170135,0
170136,1
170140,1
170144,1
170147,1
170149,1
170151,1
170152,1
170155,1
170158,0
170160,1
170166,1
170167,0
170168,0
170171,0
170173,1
170175,0
170176,1
170177,0
170178,1
170179,0
170182,1
170183,0
170185,0
170188,0
170192,1
170194,0
170197,1
170198,0
170200,0
170201,1
170203,1
170206,0
170210,0
170211,1
170217,0
170219,1
170221,1
170222,1
170227,1
170228,1
170230,0
170232,1
170233,1
170234,1
170235,1
170236,1
170237,0
170239,0
170242,0
170245,0
170246,0
170247,1
170250,1
170254,1
170256,1
170258,1
170261,1
170263,0
170266,0
170275,0
170277,0
170280,0
170282,1
170283,1
170290,1
170295,0
170297,0
170299,0
170304,0
170305,0
170309,0
170310,1
170312,1
170315,0
170317,0
170318,0
170319,0
170320,0
170321,0
170323,0
170327,1
170334,0
170335,0
170336,1
170339,1
170348,0
170351,0
170363,0
170367,1
170370,0
170373,1
170380,0
170385,1
170388,0
170390,0
170391,1
170395,1
170396,0
170397,0
170398,0
170402,0
170404,0
170405,0
170406,1
170407,0
170408,0
170411,0
170412,0
170415,0
170416,0
170417,0
170419,0
170420,1
170421,0
170426,1
170428,1
170429,1
170436,1
170437,1
170445,0
170447,0
170448,1
170450,1
170451,1
170452,1
170453,0
170454,1
170455,0
170456,1
170459,1
170460,1
170462,1
170463,0
170465,1
170469,1
170471,1
170472,0
170478,0
170479,0
170483,0
170484,1
170486,0
170488,0
170493,0
170494,1
170495,0
170498,0
170504,0
170506,0
170508,1
170509,0
170513,1
170515,1
170517,1
170519,0
170522,0
170524,0
170526,1
170527,0
170528,0
170533,1
170535,0
170536,0
170539,1
170544,0
170545,1
170547,1
170548,0
170552,1
170553,1
170554,1
170556,0
170557,0
170560,0
170563,0
170564,0
170567,1
170568,0
170569,1
170578,0
170580,1
170581,0
170583,0
170584,0
170591,0
170592,0
170594,0
170599,1
170600,0
170603,1
170604,1
170606,0
170608,0
170609,0
170611,0
170612,1
170613,0
170620,1
170621,1
170622,1
170626,0
170631,1
170632,0
170633,0
170641,0
170642,0
170643,0
170646,0
170647,0
170650,0
170651,1
170654,0
170655,0
170657,0
170658,0
170659,1
170660,0
170662,1
170667,0
170673,0
170674,1
170675,0
170676,1
170677,1
170679,0
170680,0
170682,1
170684,1
170685,1
170687,0
170688,0
170690,1
170693,0
170701,1
170704,1
170705,0
170709,0
170711,1
170713,1
170718,0
170725,1
170727,1
170728,0
170731,1
170732,1
170733,1
170737,1
170741,1
170742,0
170745,1
170746,1
170750,0
170752,0
170753,1
170757,1
170759,0
170760,0
170766,1
170769,1
170770,1
170776,1
170778,0
170779,1
170780,0
170782,0
170784,1
170786,0
170787,1
170788,1
170790,1
170791,1
170793,1
170795,0
170799,0
170805,1
170807,0
170810,0
170811,0
170816,0
170817,1
170818,1
170823,0
170828,0
170829,0
170835,0
170836,1
170839,1
170842,0
170843,0
170845,0
170846,0
170847,0
170848,0
170861,1
170863,1
170868,0
170870,1
170871,1
170873,1
170879,0
170882,0
170889,0
170891,0
170894,1
170899,1
170900,0
170901,0
170902,1
170913,0
170915,0
170916,1
170918,0
170921,1
170923,1
170924,0
170927,1
170928,1
170929,0
170932,0
170934,1
170936,1
170940,0
170941,0
170943,1
170947,0
170948,1
170949,0
170950,0
170953,1
170955,0
170957,0
170962,1
170965,0
170970,0
170971,1
170973,1
170974,1
170975,0
170976,0
170979,1
170980,1
170983,0
170987,0
170989,1
170990,0
170993,0
170994,0
170995,1
171000,0
171001,1
171006,1
171009,0
171012,0
171014,0
171016,1
171017,1
171019,0
171022,1
171023,0
171024,1
171027,1
171029,1
171030,1
171035,1
171036,0
171038,1
171039,0
171040,1
171041,1
171042,0
171043,0
171044,0
171048,1
171056,0
171057,0
171059,1
171060,1
171062,0
171066,1
171067,0
171069,1
171075,1
171082,1
171084,0
171086,0
171087,0
171091,1
171092,1
171093,1
171094,1
171096,0
171098,0
171099,1
171101,1
171102,1
171107,0
171108,1
171113,0
171115,1
171116,0
171122,0
171123,1
171127,0
171129,0
171130,1
171132,1
171133,1
171136,1
171140,0
171142,1
171143,1
171144,1
171145,0
171148,0
171149,0
171150,1
171158,1
171160,1
171163,0
171165,1
171173,1
171174,1
171178,0
171182,1
171184,1
171185,0
171186,1
171199,1
171201,0
171202,0
171207,1
171210,0
171212,0
171213,1
171214,0
171216,0
171217,0
171220,0
171221,0
171222,0
171224,0
171225,1
171233,0
171234,0
171237,1
171241,1
171242,0
171243,1
171246,1
171248,1
171249,0
171250,0
171253,1
171255,0
171256,1
171262,0
171264,1
171267,1
171270,1
171272,0
171273,1
171274,1
171275,1
171276,1
171277,0
171278,0
171279,1
171280,1
171283,0
171285,1
171289,0
171290,1
171292,0
171294,1
171296,1
171300,1
171302,1
171303,0
171310,0
171311,1
171312,0
171314,1
171316,0
171319,1
171320,0
171324,1
171327,1
171331,1
171332,0
171333,1
171334,0
171336,1
171337,1
171338,1
171339,0
171341,1
171343,1
171345,0
171347,0
171349,0
171350,0
171354,0
171356,0
171357,0
171358,0
171359,0
171360,1
171361,0
171363,0
171364,1
171366,1
171370,1
171371,0
171374,0
171375,1
171376,1
171377,0
171382,0
171388,1
171392,1
171394,0
171396,0
171397,0
171399,1
171402,1
171405,0
171411,1
171415,0
171418,1
171419,0
171421,0
171422,0
171426,0
171428,0
171429,0
171430,0
171440,0
171441,0
171443,0
171445,0
171451,0
171456,0
171457,0
171467,0
171468,0
171469,0
171470,0
171473,1
171475,0
171479,0
171480,0
171482,1
171483,0
171484,1
171492,1
171494,0
171497,1
171500,1
171503,1
171504,1
171507,0
171509,1
171516,0
171518,0
171520,0
171522,0
171523,0
171528,1
171535,1
171537,0
171538,0
171539,1
171546,1
171547,1
171548,1
171550,0
171552,1
171554,0
171556,0
171557,0
171558,0
171559,0
171560,0
171562,0
171565,1
171567,0
171568,0
171569,1
171570,0
171571,1
171573,0
171576,0
171584,1
171585,1
171589,1
171591,1
171601,0
171606,1
171608,0
171611,1
171614,0
171617,1
171627,1
171628,1
171632,1
171639,0
171640,0
171642,1
171647,1
171648,0
171650,0
171652,0
171653,0
171657,1
171658,0
171659,1
171661,0
171663,0
171669,1
171672,1
171673,1
171676,1
171679,0
171689,0
171690,0
171691,0
171697,1
171698,0
171703,0
171708,0
171709,0
171716,1
171718,0
171719,1
171731,0
171732,0
171738,1
171739,1
171740,1
171741,0
171742,1
171745,1
171746,1
171747,1
171748,0
171749,0
171752,0
171755,1
171756,1
171759,1
171760,1
171761,1
171762,1
171766,1
171771,0
171774,0
171776,0
171777,1
171780,0
171781,1
171782,1
171784,0
171785,0
171786,1
171791,0
171793,0
171794,1
171795,0
171799,1
171802,1
171807,1
171808,1
171809,0
171810,1
171811,1
171814,0
171815,1
171816,0
171818,1
171819,0
171821,0
171822,1
171825,0
171826,0
171827,0
171828,0
171829,1
171832,0
171833,1
171837,1
171838,0
171840,1
171842,1
171843,1
171844,1
171845,0
171846,0
171847,1
171848,1
171852,0
171853,1
171855,0
171858,1
171864,1
171865,0
171866,0
171868,0
171874,0
171876,0
171877,1
171879,1
171880,1
171881,1
171882,0
171888,0
171890,1
171892,1
171893,1
171900,0
171901,1
171902,0
171903,1
171907,1
171911,0
171912,0
171914,1
171915,1
171916,0
171918,0
171919,1
171922,0
171929,1
171934,1
171935,0
171937,1
171938,1
171939,0
171943,1
171944,1
171946,1
171947,1
171948,0
171950,1
171951,0
171960,1
171961,0
171962,1
171967,0
171976,0
171977,0
171979,1
171981,0
171985,0
171989,1
171990,0
171992,0
171998,0
172001,1
172002,0
172004,1
172005,0
172007,0
172011,0
172012,0
172015,0
172016,0
172017,0
172019,0
172021,1
172024,0
172025,0
172026,0
172027,1
172031,0
172033,0
172034,0
172035,0
172038,1
172039,0
172040,1
172042,1
172043,0
172048,1
172049,1
172050,1
172053,0
172055,1
172056,0
172059,0
172060,1
172061,1
172062,1
172065,1
172066,0
172069,1
172070,1
172075,1
172080,0
172081,0
172082,0
172084,1
172086,0
172094,0
172095,0
172096,0
172098,0
172099,0
172103,0
172107,0
172109,1
172116,0
172117,1
172120,0
172125,0
172130,1
172135,1
172142,1
172144,0
172146,0
172149,0
172152,0
172160,1
172161,0
172162,0
172164,0
172165,1
172167,1
172168,0
172171,1
172174,0
172175,0
172179,0
172180,1
172181,0
172182,1
172185,0
172189,0
172194,0
172197,1
172198,0
172207,0
172208,1
172212,0
172215,1
172216,1
172225,1
172226,0
172227,1
172228,1
172229,0
172231,1
172233,1
172234,0
172235,1
172236,1
172239,1
172240,1
172241,1
172243,0
172244,1
172245,1
172249,1
172250,0
172254,0
172256,1
172261,1
172263,0
172264,1
172272,0
172275,1
172276,0
172277,1
172278,0
172281,1
172285,1
172288,1
172293,0
172294,1
172299,0
172300,1
172305,1
172307,1
172308,1
172310,0
172319,1
172322,0
172328,1
172330,0
172332,0
172337,0
172339,0
172341,1
172349,0
172353,0
172358,0
172359,0
172360,1
172363,0
172364,1
172368,1
172369,1
172370,1
172376,0
172379,0
172382,0
172383,0
172388,1
172389,1
172392,0
172394,1
172400,1
172402,0
172404,1
172406,0
172408,0
172409,0
172412,0
172415,1
172416,0
172418,1
172419,0
172421,0
172423,1
172425,1
172427,1
172428,0
172430,0
172432,0
172434,1
172435,0
172436,1
172447,1
172449,1
172450,0
172454,1
172455,0
172456,1
172459,0
172460,0
172462,1
172464,0
172467,0
172468,0
172469,1
172470,0
172472,1
172475,1
172476,1
172480,1
172481,1
172482,1
172483,0
172484,1
172486,0
172487,0
172488,1
172489,0
172493,1
172495,0
172503,1
172504,1
172505,1
172506,0
172507,1
172510,1
172513,1
172514,1
172515,0
172520,0
172523,1
172526,1
172527,1
172528,0
172536,1
172537,0
172542,1
172543,0
172544,1
172545,1
172552,1
172553,0
172554,1
172555,0
172557,0
172560,1
172561,1
172562,0
172563,0
172565,0
172568,0
172570,0
172576,1
172577,0
172598,1
172600,0
172602,0
172603,1
172605,0
172608,1
172609,0
172610,0
172612,1
172613,0
172615,0
172616,0
172620,0
172624,1
172626,0
172628,0
172629,0
172630,0
172633,0
172635,1
172637,0
172640,0
172641,1
172642,1
172643,0
172644,0
172649,1
172651,0
172655,0
172656,0
172658,0
172661,0
172663,1
172665,1
172669,0
172672,0
172673,1
172681,0
172682,0
172686,1
172687,1
172688,0
172690,0
172692,1
172693,0
172696,0
172697,0
172704,0
172709,1
172710,0
172713,1
172714,0
172715,0
172717,1
172720,1
172722,0
172727,0
172728,0
172729,0
172732,1
172733,0
172737,1
172741,0
172742,0
172744,0
172745,0
172748,1
172751,0
172758,1
172763,1
172764,1
172766,1
172768,0
172771,0
172773,0
172774,1
172780,1
172782,1
172785,1
172786,1
172788,0
172791,0
172793,0
172795,0
172796,1
172798,0
172802,0
172804,1
172806,1
172808,0
172815,1
172820,0
172821,1
172827,1
172830,1
172831,0
172835,1
172837,1
172840,1
172841,0
172846,1
172847,0
172848,0
172851,0
172852,0
172854,1
172855,0
172856,0
172862,1
172863,1
172865,1
172868,1
172871,1
172875,1
172877,0
172880,1
172881,0
172883,0
172884,1
172886,0
172887,1
172889,0
172890,1
172891,1
172894,1
172896,0
172897,1
172898,1
172901,1
172904,0
172908,0
172911,0
172912,1
172914,1
172915,1
172917,0
172920,0
172922,1
172923,1
172924,1
172925,1
172927,0
172930,1
172935,1
172937,0
172939,0
172942,0
172947,1
172949,0
172950,1
172951,0
172952,0
172953,1
172955,1
172958,1
172969,1
172972,0
172973,1
172974,0
172977,0
172984,0
172986,0
172988,1
172991,1
172992,0
172995,1
172998,0
173000,1
173002,0
173003,0
173004,1
173006,1
173010,0
173011,1
173013,1
173018,0
173019,1
173020,1
173021,1
173023,0
173026,0
173027,1
173033,1
173039,1
173040,0
173043,1
173045,1
173048,0
173052,1
173054,1
173055,1
173056,0
173057,0
173058,1
173059,0
173060,1
173062,1
173065,1
173066,0
173067,0
173069,0
173070,0
173074,1
173076,0
173080,0
173081,1
173087,0
173088,1
173091,1
173092,0
173093,1
173094,1
173097,1
173099,1
173102,1
173103,1
173105,1
173109,0
173111,1
173113,0
173119,1
173122,0
173123,1
173124,0
173128,0
173131,0
173133,0
173134,0
173135,1
173136,1
173137,0
173140,1
173141,1
173144,0
173147,1
173149,0
173152,1
173160,1
173161,1
173165,1
173166,1
173167,0
173172,0
173176,0
173178,0
173180,0
173184,1
173188,1
173189,0
173193,1
173197,0
173200,0
173201,1
173202,0
173216,1
173222,0
173224,1
173226,1
173231,0
173232,1
173233,1
173235,1
173237,0
173238,1
173243,1
173245,1
173246,0
173249,1
173259,1
173261,1
173263,1
173270,0
173271,1
173277,1
173280,1
173282,0
173284,1
173291,0
173294,0
173296,0
173301,0
173302,0
173304,0
173306,1
173307,0
173308,0
173312,0
173314,1
173315,0
173317,1
173318,1
173320,1
173321,0
173323,1
173328,1
173329,1
173330,0
173335,1
173338,1
173340,0
173345,1
173350,0
173354,1
173358,1
173359,1
173362,0
173363,1
173364,0
173367,1
173370,0
173373,0
173375,1
173377,1
173378,0
173380,1
173381,0
173385,0
173386,0
173389,1
173391,1
173392,0
173393,0
173399,1
173402,0
173403,0
173404,0
173407,1
173408,1
173413,1
173415,0
173421,0
173422,1
173425,1
173430,0
173431,1
173437,1
173438,0
173445,1
173448,0
173450,0
173451,1
173453,0
173457,0
173472,1
173474,1
173475,0
173482,1
173490,1
173492,0
173493,0
173495,0
173498,1
173500,1
173502,1
173509,0
173511,0
173515,0
173518,0
173520,1
173521,1
173523,1
173527,0
173533,1
173534,0
173535,1
173536,0
173542,1
173543,1
173545,0
173551,1
173555,0
173559,0
173567,0
173568,0
173569,0
173570,0
173573,1
173574,0
173577,0
173579,1
173581,1
173584,1
173585,0
173589,1
173590,0
173592,1
173593,0
173598,1
173599,0
173601,0
173604,1
173606,1
173608,1
173610,0
173611,0
173614,0
173617,0
173618,1
173619,1
173623,1
173624,1
173625,0
173628,1
173629,1
173630,1
173631,1
173632,0
173636,1
173638,0
173640,1
173641,1
173642,1
173644,0
173648,1
173649,0
173650,1
173653,0
173654,0
173658,0
173659,1
173663,0
173671,0
173672,1
173674,0
173675,0
173680,1
173681,0
173682,0
173684,1
173685,0
173692,1
173693,1
173696,0
173699,1
173700,1
173704,0
173705,0
173706,1
173709,0
173713,0
173715,0
173718,1
173720,1
173725,0
173726,1
173728,0
173729,1
173734,0
173735,1
173736,1
173737,0
173741,0
173742,0
173746,0
173747,1
173752,1
173756,0
173757,0
173758,0
173759,1
173762,0
173766,0
173769,0
173770,0
173775,0
173779,0
173788,1
173789,0
173790,0
173791,0
173793,0
173794,0
173796,0
173800,0
173805,1
173806,0
173807,1
173815,0
173820,0
173821,1
173824,0
173827,1
173829,0
173832,1
173833,0
173836,1
173837,0
173839,0
173847,1
173849,1
173850,1
173853,0
173856,1
173859,1
173862,0
173865,0
173870,1
173871,1
173873,0
173876,1
173880,1
173881,1
173882,1
173883,0
173888,0
173890,0
173891,0
173896,0
173897,0
173899,0
173900,1
173904,1
173905,1
173916,0
173922,0
173925,1
173926,0
173928,1
173929,1
173930,0
173932,0
173934,0
173940,0
173941,1
173951,1
173956,0
173957,0
173958,1
173960,0
173962,1
173963,1
173965,0
173966,1
173967,0
173968,0
173971,1
173975,0
173976,1
173977,1
173978,1
173980,0
173986,0
173987,1
173993,1
173995,0
173996,0
174000,1
174002,1
174003,0
174007,1
174009,0
174011,1
174014,1
174015,1
174019,0
174020,0
174021,0
174026,1
174033,0
174035,0
174036,0
174037,0
174039,0
174043,1
174050,1
174055,1
174061,1
174067,1
174068,1
174069,0
174072,1
174075,0
174080,0
174086,1
174090,0
174091,1
174093,0
174094,0
174095,0
174096,0
174104,0
174106,0
174107,0
174111,1
174116,0
174118,1
174119,1
174122,0
174127,1
174131,0
174133,1
174137,0
174138,0
174141,0
174144,0
174145,0
174149,1
174153,1
174154,1
174155,0
174156,0
174165,0
174166,0
174167,1
174177,1
174179,0
174187,0
174189,1
174193,1
174197,1
174198,0
174199,0
174200,0
174203,1
174204,0
174208,1
174217,0
174219,1
174220,1
174224,1
174227,1
174230,0
174234,0
174235,0
174240,0
174241,1
174245,1
174248,0
174250,0
174251,1
174255,0
174256,0
174257,0
174259,1
174261,0
174262,0
174264,1
174265,1
174266,1
174274,0
174275,0
174276,0
174280,1
174281,1
174282,0
174283,1
174284,1
174285,1
174287,0
174288,0
174289,0
174294,0
174298,0
174304,1
174306,1
174316,0
174317,1
174319,1
174322,0
174327,0
174329,0
174332,1
174334,0
174337,1
174340,0
174346,1
174350,0
174352,0
174353,1
174355,1
174358,1
174362,0
174363,1
174367,1
174368,0
174374,1
174375,0
174378,1
174380,0
174388,0
174391,0
174392,0
174395,0
174396,0
174399,1
174400,1
174401,1
174402,1
174405,0
174414,0
174426,0
174427,1
174431,0
174432,1
174433,0
174438,0
174439,0
174444,0
174445,1
174447,0
174449,1
174452,0
174454,0
174455,1
174457,1
174458,0
174460,0
174461,0
174467,1
174468,0
174469,1
174470,0
174475,1
174476,0
174478,0
174481,0
174483,0
174485,1
174486,1
174488,1
174492,0
174495,0
174496,1
174497,0
174500,0
174505,1
174506,0
174507,0
174508,0
174509,0
174511,0
174512,1
174514,0
174516,0
174517,1
174521,1
174523,1
174524,1
174527,0
174528,0
174529,0
174533,0
174534,1
174537,0
174538,1
174540,0
174541,1
174543,1
174544,1
174545,1
174546,1
174550,0
174551,1
174553,0
174555,0
174563,0
174564,1
174566,0
174568,0
174571,1
174572,0
174573,1
174580,1
174584,0
174587,0
174588,1
174591,0
174598,0
174600,0
174601,1
174602,0
174604,1
174606,1
174611,0
174614,1
174615,1
174620,0
174622,0
174628,0
174630,0
174632,0
174635,0
174636,1
174637,1
174639,0
174641,1
174642,0
174643,0
174645,0
174646,1
174647,0
174650,0
174652,1
174655,0
174658,0
174661,0
174671,0
174672,1
174674,1
174676,1
174678,0
174679,1
174683,0
174688,0
174692,1
174693,0
174695,1
174697,1
174700,1
174706,1
174708,0
174709,0
174710,0
174711,0
174712,0
174714,0
174715,0
174716,1
174723,1
174725,0
174726,0
174728,0
174729,0
174732,0
174733,1
174735,1
174741,0
174744,0
174747,1
174751,1
174753,0
174758,0
174759,1
174761,1
174762,0
174764,0
174765,1
174768,0
174769,1
174770,0
174771,1
174775,0
174778,1
174779,1
174783,1
174786,0
174788,0
174789,0
174790,1
174793,0
174797,1
174800,0
174804,1
174806,1
174809,0
174811,0
174814,0
174815,1
174816,0
174817,1
174819,0
174820,1
174822,1
174823,1
174826,1
174827,1
174828,1
174831,0
174832,1
174834,0
174836,1
174837,0
174838,1
174840,0
174843,1
174844,1
174846,1
174847,1
174848,0
174850,0
174852,0
174854,1
174855,1
174857,1
174858,1
174860,0
174863,0
174864,0
174866,0
174870,1
174873,1
174880,1
174881,1
174885,0
174889,1
174899,0
174901,1
174902,1
174903,1
174904,1
174907,0
174908,1
174909,1
174914,1
174916,0
174919,0
174920,0
174921,1
174922,1
174925,0
174926,1
174930,0
174937,1
174940,0
174941,1
174943,1
174944,0
174945,0
174946,1
174949,1
174952,0
174953,0
174954,1
174956,0
174957,1
174959,0
174960,1
174962,1
174964,0
174966,1
174967,1
174968,0
174969,1
174972,0
174975,1
174976,0
174977,0
174981,0
174983,1
174984,1
174991,0
174992,0
174993,0
174994,1
174995,1
174997,0
174998,1
174999,0
175000,0
175002,1
175005,0
175006,1
175009,1
175010,1
175012,0
175013,0
175016,1
175019,1
175021,1
175024,0
175025,1
175027,0
175032,0
175034,0
175035,1
175036,0
175037,1
175038,1
175039,0
175040,1
175046,0
175047,1
175050,0
175051,1
175052,0
175056,1
175058,0
175062,1
175067,0
175069,0
175070,1
175071,1
175072,1
175074,0
175075,0
175079,0
175080,0
175081,1
175082,1
175085,1
175086,0
175088,1
175089,0
175093,0
175095,1
175096,0
175098,1
175100,1
175101,1
175103,0
175108,1
175114,0
175115,0
175116,1
175118,1
175119,1
175120,1
175121,1
175127,1
175128,1
175129,0
175131,1
175132,0
175136,1
175139,0
175140,0
175145,0
175146,0
175147,0
175149,0
175151,0
175153,0
175154,0
175157,1
175162,1
175163,1
175167,1
175168,1
175172,0
175173,0
175174,1
175175,1
175177,1
175178,1
175189,0
175190,0
175191,0
175192,1
175195,0
175201,0
175203,1
175207,1
175211,0
175213,0
175214,1
175215,1
175216,0
175217,1
175218,1
175223,0
175232,1
175235,0
175236,0
175237,0
175238,0
175239,1
175241,1
175244,1
175245,0
175246,0
175247,0
175250,0
175254,0
175258,1
175262,0
175263,1
175264,0
175267,0
175269,0
175275,1
175277,1
175282,0
175283,1
175284,0
175290,0
175302,1
175304,1
175306,0
175307,1
175308,0
175310,0
175313,1
175316,1
175318,1
175319,1
175320,0
175323,1
175324,1
175327,1
175330,0
175331,0
175332,1
175333,1
175335,1
175340,0
175347,1
175349,0
175351,1
175355,0
175356,0
175360,1
175364,1
175366,0
175367,0
175369,0
175372,0
175374,0
175375,0
175376,0
175378,0
175379,0
175381,1
175382,1
175384,0
175385,0
175386,0
175391,0
175393,0
175398,1
175402,0
175405,0
175408,0
175409,0
175417,0
175418,0
175420,1
175425,0
175426,0
175427,1
175428,1
175431,0
175441,0
175446,0
175447,0
175448,0
175449,0
175450,1
175456,0
175458,0
175465,0
175467,0
175468,1
175470,0
175471,1
175472,1
175473,0
175475,1
175480,1
175487,0
175488,1
175489,0
175490,1
175491,0
175492,0
175494,1
175499,0
175501,1
175504,0
175510,1
175513,0
175514,1
175521,0
175525,1
175529,1
175531,1
175532,0
175533,1
175535,0
175538,1
175539,1
175545,1
175546,0
175548,0
175550,0
175554,0
175558,1
175559,0
175562,0
175563,0
175565,0
175568,0
175572,0
175574,1
175575,1
175576,0
175579,0
175582,0
175583,1
175584,1
175585,0
175587,0
175588,1
175589,0
175590,0
175591,0
175593,0
175595,0
175596,0
175598,1
175605,0
175608,1
175610,0
175612,1
175614,1
175618,0
175620,1
175621,1
175622,0
175625,0
175628,0
175630,0
175634,0
175635,0
175636,1
175637,0
175641,0
175643,0
175644,1
175645,0
175649,0
175651,0
175652,1
175653,1
175656,0
175658,0
175659,0
175661,1
175663,1
175664,1
175666,0
175667,1
175669,0
175670,0
175671,0
175672,1
175679,0
175683,1
175687,1
175690,1
175692,0
175698,1
175699,1
175703,0
175704,0
175708,0
175711,0
175712,1
175716,0
175717,0
175718,0
175719,0
175721,1
175722,1
175723,1
175724,1
175727,0
175728,0
175729,0
175734,1
175740,1
175742,1
175744,1
175746,0
175749,0
175750,1
175752,1
175753,0
175754,0
175755,0
175757,1
175758,0
175759,1
175763,0
175764,1
175770,0
175771,1
175772,0
175774,1
175775,1
175777,1
175780,0
175783,0
175784,0
175788,0
175794,0
175795,1
175797,1
175798,1
175799,0
175801,0
175804,0
175805,0
175811,1
175813,1
175818,1
175822,0
175825,1
175827,1
175830,1
175831,1
175835,1
175836,0
175837,0
175838,0
175839,1
175840,0
175842,0
175843,1
175845,0
175852,0
175856,0
175862,1
175863,0
175864,1
175865,0
175866,1
175867,0
175869,1
175871,0
175876,0
175878,1
175879,1
175881,0
175883,0
175885,1
175888,1
175889,0
175893,0
175894,0
175897,0
175898,1
175900,1
175906,0
175911,0
175918,0
175919,0
175922,1
175923,1
175929,1
175931,0
175937,1
175939,0
175940,1
175946,1
175947,1
175948,0
175950,1
175952,0
175953,0
175955,1
175961,0
175962,1
175967,0
175968,1
175974,0
175977,0
175978,0
175982,1
175986,1
175987,1
175990,0
175992,0
175995,1
175996,1
175997,1
176004,0
176007,0
176008,0
176010,1
176011,1
176012,1
176015,1
176016,0
176017,0
176018,0
176021,1
176026,0
176027,1
176030,0
176033,1
176035,0
176036,1
176037,1
176042,0
176043,1
176044,0
176045,0
176046,0
176048,0
176049,0
176062,0
176063,1
176065,1
176069,1
176072,1
176077,1
176078,1
176080,1
176083,1
176084,0
176087,1
176091,1
176092,1
176093,1
176094,0
176095,0
176096,0
176099,0
176101,0
176103,1
176108,0
176115,0
176117,1
176119,1
176120,0
176121,0
176122,0
176125,0
176126,0
176128,0
176129,1
176130,1
176132,0
176134,1
176138,1
176143,0
176144,0
176145,0
176147,0
176149,1
176150,0
176151,1
176153,0
176159,0
176160,0
176162,0
176163,0
176166,0
176170,0
176171,0
176173,1
176176,0
176177,0
176178,0
176180,0
176181,0
176182,0
176184,1
176185,0
176186,1
176187,0
176188,1
176189,1
176190,0
176192,1
176196,1
176198,0
176199,0
176205,1
176206,1
176207,1
176208,1
176209,1
176210,0
176213,1
176217,1
176220,0
176223,0
176226,0
176227,1
176228,1
176231,0
176232,1
176233,0
176235,1
176236,1
176243,1
176247,1
176250,1
176252,0
176257,0
176259,1
176261,0
176262,0
176264,0
176265,1
176266,1
176268,0
176271,0
176278,1
176280,1
176281,0
176283,0
176286,1
176289,0
176290,0
176292,0
176293,0
176296,1
176298,0
176299,0
176303,1
176304,0
176308,1
176310,0
176311,0
176312,0
176314,1
176315,1
176316,0
176317,0
176324,1
176327,0
176328,1
176329,0
176330,1
176331,1
176338,0
176340,0
176343,1
176349,0
176351,0
176356,0
176358,0
176359,1
176360,0
176362,1
176364,1
176365,1
176369,1
176370,1
176371,0
176372,0
176373,0
176374,0
176378,1
176380,0
176387,0
176388,0
176389,1
176390,1
176391,0
176399,1
176402,0
176406,1
176410,1
176413,1
176414,1
176417,1
176419,0
176421,0
176424,1
176425,1
176428,1
176429,1
176430,1
176432,1
176433,1
176435,0
176436,0
176438,1
176440,0
176442,0
176444,1
176450,1
176454,1
176456,0
176462,0
176464,0
176467,1
176469,1
176470,1
176472,1
176474,0
176477,1
176479,0
176485,1
176486,1
176489,0
176490,0
176493,1
176494,0
176495,1
176497,0
176500,1
176502,1
176504,1
176505,1
176507,0
176510,0
176512,0
176514,1
176515,0
176516,1
176517,0
176518,0
176519,1
176526,1
176527,0
176529,0
176531,0
176533,1
176536,1
176540,1
176546,1
176547,1
176557,1
176558,1
176559,1
176560,0
176562,1
176566,0
176568,0
176570,0
176576,1
176583,1
176584,1
176591,0
176593,0
176595,0
176596,0
176597,1
176602,0
176603,1
176604,1
176606,0
176609,1
176611,0
176612,0
176614,1
176625,0
176627,1
176628,1
176633,0
176636,1
176638,0
176639,0
176649,0
176652,1
176654,0
176656,1
176657,1
176659,0
176660,1
176663,1
176664,0
176665,0
176667,1
176671,0
176673,0
176676,0
176677,0
176678,0
176680,0
176688,0
176689,1
176691,0
176692,0
176693,1
176694,0
176695,0
176699,1
176704,0
176706,0
176709,1
176713,1
176714,1
176716,1
176717,0
176718,0
176721,0
176722,0
176724,1
176725,0
176726,0
176728,0
176731,0
176734,0
176735,1
176736,0
176737,1
176742,0
176749,0
176752,0
176754,1
176757,1
176759,1
176765,0
176769,1
176773,1
176774,1
176775,1
176779,0
176783,1
176784,1
176785,0
176786,1
176787,0
176791,0
176792,0
176796,1
176797,1
176802,1
176803,0
176808,1
176811,1
176812,1
176814,0
176817,1
176818,0
176821,1
176822,1
176824,0
176826,0
176829,1
176830,1
176832,1
176838,1
176840,1
176841,1
176844,0
176845,0
176847,1
176848,1
176849,0
176856,1
176857,0
176858,0
176860,1
176861,0
176863,0
176865,0
176868,1
176870,0
176873,1
176875,0
176883,1
176885,0
176886,0
176887,0
176891,0
176893,0
176895,0
176896,0
176901,0
176902,1
176905,0
176906,1
176909,0
176910,1
176913,0
176917,0
176918,0
176930,0
176934,0
176935,0
176936,0
176937,0
176938,0
176940,1
176942,1
176945,0
176946,0
176948,1
176951,1
176952,1
176955,1
176956,0
176959,1
176960,0
176964,0
176966,1
176974,1
176977,1
176978,0
176983,0
176985,1
176986,0
176987,1
176988,1
176991,0
176996,0
176998,1
177000,1
177003,0
177005,0
177006,1
177007,0
177009,0
177010,1
177016,0
177021,0
177026,1
177031,0
177034,0
177035,1
177038,0
177041,1
177042,1
177051,0
177052,0
177054,0
177056,1
177057,1
177058,0
177059,1
177060,1
177062,1
177066,0
177067,1
177076,0
177080,1
177081,1
177086,1
177088,0
177089,1
177090,0
177100,0
177103,1
177105,0
177108,0
177109,1
177110,0
177113,0
177114,0
177116,1
177117,1
177119,0
177126,1
177128,0
177129,0
177130,1
177131,0
177134,0
177135,0
177137,1
177138,0
177139,1
177140,0
177141,1
177142,1
177143,0
177144,0
177149,1
177150,0
177151,0
177152,0
177153,0
177156,0
177157,0
177160,1
177162,0
177163,0
177165,0
177171,0
177172,1
177173,0
177174,1
177177,1
177186,0
177188,1
177194,0
177195,1
177201,1
177205,0
177207,0
177208,1
177210,0
177211,1
177212,1
177214,0
177217,0
177221,0
177222,0
177225,1
177228,0
177229,1
177230,1
177237,0
177238,0
177242,0
177248,0
177249,0
177251,1
177252,0
177259,1
177263,1
177266,0
177268,1
177270,0
177272,1
177274,1
177277,1
177278,1
177281,0
177286,0
177290,1
177293,1
177295,1
177297,1
177299,1
177302,0
177304,1
177305,1
177308,1
177312,0
177313,0
177317,0
177320,0
177324,1
177331,1
177332,1
177336,1
177339,0
177342,1
177345,0
177347,1
177349,1
177352,1
177354,1
177355,1
177356,0
177357,1
177358,0
177361,0
177364,0
177368,0
177369,1
177374,0
177379,1
177380,1
177386,0
177387,0
177389,0
177390,0
177391,0
177392,0
177393,0
177394,0
177397,1
177399,1
177405,0
177409,1
177410,1
177411,0
177412,1
177413,0
177416,0
177421,0
177423,0
177426,0
177429,0
177432,0
177434,0
177440,0
177443,1
177444,0
177449,1
177450,1
177452,0
177453,1
177455,1
177456,1
177460,1
177461,1
177462,0
177465,1
177470,0
177477,0
177483,1
177484,0
177486,1
177488,0
177491,0
177492,1
177495,0
177497,0
177500,1
177501,0
177503,1
177505,0
177509,0
177510,0
177511,1
177516,0
177520,1
177521,0
177524,0
177529,1
177530,1
177531,1
177533,1
177535,0
177536,1
177538,0
177541,0
177542,0
177546,1
177549,1
177550,0
177552,0
177554,0
177562,1
177563,1
177564,1
177569,1
177573,1
177575,0
177577,1
177580,1
177581,0
177584,1
177586,1
177589,1
177592,1
177594,1
177595,1
177603,1
177604,0
177605,0
177607,1
177608,1
177610,0
177611,1
177612,0
177618,1
177619,1
177621,1
177627,0
177629,0
177633,0
177634,0
177637,0
177639,0
177642,1
177643,0
177645,0
177646,0
177648,0
177652,1
177653,0
177655,1
177665,1
177666,1
177667,1
177675,0
177680,1
177681,1
177683,1
177684,0
177687,0
177693,1
177696,0
177699,0
177706,1
177707,1
177709,0
177712,0
177713,1
177714,1
177715,0
177719,1
177720,0
177723,0
177725,0
177726,1
177728,1
177731,1
177733,1
177734,0
177735,0
177736,1
177742,0
177743,1
177748,1
177749,1
177752,0
177753,0
177755,1
177757,0
177764,0
177765,1
177767,0
177770,1
177773,0
177780,0
177781,0
177788,0
177789,1
177791,0
177792,0
177793,1
177795,0
177797,1
177798,0
177800,1
177801,0
177807,1
177808,0
177809,1
177814,0
177815,1
177819,0
177824,1
177829,0
177831,0
177832,0
177834,0
177837,0
177845,0
177846,0
177848,0
177852,0
177853,0
177858,0
177859,0
177860,0
177862,0
177863,0
177864,1
177866,0
177867,1
177868,0
177871,1
177873,1
177886,0
177888,1
177890,1
177891,0
177892,1
177897,0
177898,0
177900,0
177902,1
177905,1
177907,0
177908,0
177909,0
177914,0
177915,1
177919,0
177922,0
177926,1
177928,1
177937,0
177941,0
177943,0
177945,1
177946,1
177947,0
177948,1
177950,1
177951,1
177952,1
177954,0
177955,0
177959,1
177960,0
177961,0
177970,1
177971,0
177974,0
177976,1
177978,0
177979,0
177980,1
177983,1
177988,1
177989,1
177990,1
177992,1
177993,1
177994,0
177996,1
177997,1
177998,0
178001,1
178005,0
178008,1
178013,1
178015,1
178016,1
178019,1
178023,0
178024,1
178025,1
178026,0
178027,0
178029,1
178032,1
178035,0
178036,1
178040,1
178046,1
178052,0
178062,1
178064,1
178067,1
178068,0
178070,0
178073,0
178080,1
178083,0
178084,1
178085,0
178086,0
178087,0
178088,1
178089,0
178092,1
178094,1
178096,0
178097,0
178102,1
178104,0
178106,0
178107,1
178108,0
178112,0
178113,1
178117,0
178119,0
178120,0
178122,0
178126,0
178128,1
178133,1
178135,0
178136,0
178137,1
178139,1
178141,0
178143,0
178144,1
178145,1
178146,0
178147,1
178148,0
178153,0
178159,0
178163,0
178164,0
178165,1
178166,0
178167,1
178170,1
178173,0
178177,1
178179,1
178180,1
178182,0
178189,1
178191,0
178192,1
178193,1
178195,0
178196,0
178199,1
178200,1
178204,1
178208,0
178210,1
178211,0
178215,0
178218,0
178222,1
178224,0
178225,0
178228,1
178230,1
178234,1
178239,0
178240,1
178241,0
178243,0
178245,1
178247,0
178248,0
178250,1
178251,1
178253,0
178254,1
178255,0
178256,0
178257,1
178261,1
178263,1
178267,0
178268,0
178270,0
178274,1
178275,0
178276,0
178278,0
178280,1
178284,1
178286,0
178287,1
178289,0
178290,0
178293,0
178294,0
178300,1
178301,1
178310,1
178311,1
178319,0
178320,0
178327,0
178328,1
178332,1
178337,0
178339,1
178342,0
178346,0
178347,1
178348,1
178350,0
178351,1
178352,0
178357,1
178358,1
178361,0
178362,1
178365,0
178369,0
178370,0
178371,0
178372,1
178376,0
178379,1
178380,1
178381,0
178382,0
178385,1
178387,1
178389,1
178392,1
178394,1
178396,1
178397,1
178399,1
178400,0
178401,0
178404,0
178405,1
178408,0
178409,0
178410,1
178411,0
178417,0
178419,1
178421,1
178423,1
178424,1
178426,1
178435,0
178437,1
178446,1
178449,0
178451,0
178452,0
178453,1
178454,0
178457,0
178461,0
178464,1
178466,1
178468,0
178470,1
178471,1
178472,0
178475,0
178476,0
178479,0
178481,0
178482,1
178483,1
178484,0
178486,0
178487,0
178488,1
178490,1
178491,0
178492,0
178493,0
178495,1
178497,1
178498,1
178499,1
178500,1
178501,1
178509,0
178511,0
178513,1
178515,0
178516,1
178517,0
178522,0
178523,0
178526,0
178529,0
178531,0
178533,0
178534,0
178535,1
178538,1
178542,1
178546,0
178550,1
178559,1
178560,0
178561,0
178562,1
178563,0
178565,1
178568,0
178571,0
178576,0
178577,1
178579,1
178583,0
178584,0
178586,0
178587,0
178588,1
178590,1
178591,0
178593,0
178594,0
178595,1
178597,1
178598,0
178602,0
178607,1
178608,0
178613,0
178614,0
178615,1
178616,0
178619,0
178621,0
178624,0
178628,1
178630,0
178631,0
178632,1
178634,0
178641,0
178642,1
178644,0
178645,0
178647,0
178648,1
178649,1
178650,0
178651,0
178657,0
178663,1
178664,0
178666,1
178667,0
178672,1
178675,0
178681,0
178687,0
178688,1
178689,0
178691,0
178694,1
178695,1
178699,0
178700,0
178703,0
178704,0
178705,1
178709,0
178712,0
178715,1
178716,0
178721,0
178724,1
178739,1
178740,1
178743,1
178744,1
178746,0
178747,0
178753,1
178754,1
178755,0
178757,1
178759,0
178760,1
178761,1
178766,0
178767,1
178771,0
178778,1
178779,1
178790,0
178791,0
178792,1
178793,1
178797,0
178799,0
178800,1
178802,1
178806,0
178807,0
178810,0
178814,0
178821,0
178824,1
178826,1
178831,0
178834,1
178836,0
178838,1
178839,0
178843,0
178844,0
178849,0
178853,0
178856,1
178857,1
178858,0
178859,0
178860,1
178864,1
178865,0
178870,0
178871,0
178872,0
178875,1
178881,0
178886,1
178890,1
178894,0
178901,1
178903,1
178904,1
178907,0
178910,1
178912,0
178913,1
178917,1
178919,1
178920,0
178921,0
178923,0
178925,1
178926,0
178927,1
178931,1
178937,1
178943,0
178944,1
178950,0
178951,0
178953,0
178954,1
178955,1
178958,0
178959,0
178960,0
178962,0
178963,0
178965,1
178968,0
178971,1
178972,0
178976,0
178978,1
178981,0
178983,1
178984,1
178985,1
178986,1
178987,1
178988,0
178989,0
178990,0
178992,0
178993,0
178994,0
178996,1
178998,0
178999,0
179000,1
179001,1
179005,1
179007,0
179008,0
179011,1
179019,0
179022,0
179026,1
179028,1
179031,1
179036,0
179041,0
179042,0
179044,0
179052,0
179054,1
179059,0
179060,1
179061,0
179062,0
179068,1
179071,0
179073,0
179075,0
179076,1
179081,0
179084,1
179086,1
179091,0
179096,1
179098,0
179100,0
179101,0
179102,0
179103,0
179107,1
179109,0
179110,0
179112,1
179114,1
179116,0
179118,0
179119,0
179121,0
179126,1
179138,1
179141,1
179143,1
179153,1
179155,1
179160,0
179161,0
179164,0
179165,1
179166,0
179167,0
179168,0
179170,1
179171,0
179172,0
179173,1
179174,0
179176,1
179177,0
179178,0
179180,1
179182,1
179184,1
179185,1
179186,0
179189,0
179191,1
179196,1
179198,1
179201,0
179202,1
179205,1
179210,0
179211,1
179214,1
179216,0
179218,0
179221,0
179222,0
179226,1
179227,0
179228,1
179229,0
179230,1
179235,0
179239,1
179240,1
179241,1
179242,1
179247,0
179249,1
179252,0
179253,0
179259,1
179260,0
179261,1
179262,0
179265,0
179266,1
179271,1
179272,1
179274,1
179275,0
179276,0
179279,1
179280,1
179285,0
179287,1
179288,0
179289,1
179290,0
179291,0
179294,1
179298,0
179302,1
179306,0
179308,1
179309,0
179313,1
179318,1
179320,0
179322,1
179327,1
179329,1
179334,0
179335,0
179337,1
179340,1
179341,0
179342,0
179343,0
179348,1
179352,1
179358,0
179359,1
179361,1
179362,0
179363,1
179365,0
179368,0
179370,0
179371,0
179375,0
179378,0
179381,1
179382,1
179383,0
179384,1
179388,0
179389,1
179390,1
179394,1
179395,1
179396,0
179403,1
179404,1
179406,1
179407,1
179408,0
179410,1
179411,1
179412,0
179413,0
179414,1
179415,1
179418,0
179419,0
179421,1
179423,0
179425,0
179429,1
179431,0
179434,1
179437,0
179438,1
179443,0
179444,0
179445,1
179447,0
179450,1
179453,1
179456,1
179459,1
179460,1
179461,1
179469,1
179475,1
179476,1
179482,1
179483,0
179484,1
179485,1
179486,0
179488,1
179491,1
179492,1
179494,1
179496,0
179499,0
179500,0
179503,0
179504,1
179505,1
179514,0
179517,0
179519,0
179520,1
179522,1
179528,0
179536,0
179541,1
179544,0
179551,1
179553,1
179554,1
179555,0
179557,0
179560,0
179561,0
179564,0
179571,0
179572,0
179575,1
179578,0
179591,0
179598,0
179602,0
179603,0
179610,1
179611,0
179613,0
179614,0
179616,0
179620,0
179621,1
179623,0
179624,0
179625,1
179629,1
179630,0
179632,0
179633,1
179634,0
179635,0
179637,0
179638,1
179642,1
179643,0
179644,0
179647,1
179649,0
179664,0
179668,1
179670,0
179671,1
179672,0
179675,1
179676,0
179677,0
179679,0
179681,1
179684,0
179690,0
179698,1
179701,0
179705,1
179708,0
179713,1
179715,1
179719,1
179724,1
179726,1
179730,0
179737,1
179740,0
179741,1
179742,1
179743,0
179745,0
179747,1
179750,1
179751,0
179755,1
179756,0
179757,0
179758,0
179760,1
179761,1
179763,1
179764,1
179765,0
179769,1
179773,1
179776,0
179780,1
179784,1
179787,0
179788,1
179790,1
179791,1
179792,0
179793,1
179794,0
179796,0
179799,1
179802,1
179806,0
179807,1
179808,1
179809,1
179811,0
179813,0
179815,1
179820,0
179822,1
179825,1
179826,1
179833,0
179835,0
179838,1
179840,0
179841,0
179842,1
179844,0
179846,1
179857,1
179860,1
179862,1
179863,0
179865,1
179867,1
179868,0
179873,1
179874,1
179875,0
179877,0
179879,0
179880,1
179882,1
179887,1
179891,0
179892,0
179894,1
179896,0
179899,1
179901,1
179902,1
179904,1
179912,0
179915,1
179917,1
179918,0
179925,0
179926,1
179934,1
179935,0
179941,1
179942,1
179945,0
179950,0
179951,0
179955,1
179956,1
179959,0
179961,1
179962,1
179963,0
179964,0
179967,1
179970,1
179974,0
179984,0
179986,0
179987,1
179988,1
179990,0
179991,1
179998,0
179999,0
180000,0
180002,1
180007,0
180010,1
180011,1
180014,0
180016,0
180020,0
180024,0
180025,1
180027,1
180030,0
180032,0
180034,0
180035,1
180037,0
180038,1
180040,1
180041,1
180043,1
180049,1
180051,0
180055,0
180058,1
180060,1
180063,1
180065,0
180066,0
180071,0
180073,0
180074,1
180077,1
180080,0
180082,1
180086,1
180090,1
180093,1
180096,1
180100,0
180104,1
180106,0
180111,1
180114,0
180115,0
180116,1
180118,0
180120,1
180121,1
180123,0
180124,0
180127,1
180128,0
180129,0
180132,0
180133,1
180135,0
180138,0
180139,1
180140,0
180143,0
180144,0
180147,1
180152,1
180155,0
180156,1
180157,0
180158,0
180159,0
180161,0
180162,1
180163,1
180164,0
180165,1
180166,0
180168,0
180170,0
180172,0
180173,1
180177,0
180179,1
180181,0
180183,0
180185,1
180187,0
180191,1
180193,1
180197,1
180198,1
180199,0
180200,0
180205,1
180206,0
180208,1
180209,0
180210,0
180213,1
180214,1
180220,0
180224,1
180225,1
180227,0
180228,0
180231,1
180233,1
180237,1
180240,0
180241,1
180244,1
180247,0
180251,1
180254,1
180258,0
180259,0
180263,1
180269,0
180272,0
180273,1
180274,1
180276,1
180277,0
180278,0
180280,1
180285,1
180289,0
180291,1
180293,0
180298,0
180305,1
180308,1
180310,1
180311,0
180320,0
180322,0
180324,0
180327,0
180328,1
180333,0
180335,1
180336,0
180340,1
180345,1
180347,1
180348,1
180350,1
180353,1
180355,1
180356,1
180357,0
180358,0
180360,1
180361,0
180365,1
180366,0
180367,1
180369,0
180377,1
180389,1
180394,0
180397,0
180398,0
180399,1
180400,0
180402,0
180403,1
180404,0
180405,0
180407,0
180411,1
180419,0
180423,1
180424,0
180433,0
180434,0
180441,0
180442,1
180444,0
180445,1
180456,0
180460,1
180462,1
180463,1
180465,0
180466,1
180470,0
180480,0
180485,1
180486,0
180487,0
180490,1
180493,0
180495,0
180507,1
180508,0
180509,1
180512,0
180513,1
180520,1
180522,1
180523,0
180525,0
180526,0
180527,0
180533,0
180543,0
180544,1
180546,1
180553,1
180555,1
180557,0
180558,1
180562,1
180564,1
180570,0
180573,0
180574,0
180580,1
180587,0
180590,0
180592,0
180594,1
180600,0
180603,1
180606,1
180608,0
180610,1
180611,0
180613,0
180615,1
180617,0
180625,1
180631,1
180632,0
180633,1
180634,1
180635,1
180636,1
180637,0
180639,1
180640,0
180643,1
180645,1
180647,0
180649,0
180651,1
180655,0
180658,1
180663,0
180664,1
180668,1
180669,0
180671,0
180672,1
180673,1
180674,0
180679,1
180686,1
180689,1
180691,0
180698,1
180699,1
180703,0
180707,1
180708,1
180709,1
180711,1
180718,0
180721,0
180722,1
180725,1
180730,1
180735,1
180737,1
180741,0
180744,1
180746,0
180747,1
180748,1
180752,0
180753,1
180754,1
180755,0
180759,1
180762,0
180769,0
180770,1
180771,1
180773,0
180778,1
180779,0
180780,1
180781,0
180783,1
180785,1
180787,1
180790,1
180791,1
180792,1
180793,1
180794,1
180798,1
180800,1
180802,1
180804,0
180805,1
180808,0
180809,1
180810,0
180811,0
180813,0
180818,1
180821,0
180824,1
180825,1
180826,1
180828,0
180829,0
180830,1
180838,1
180839,1
180845,0
180846,1
180847,1
180855,0
180857,1
180862,1
180865,1
180867,1
180869,1
180872,0
180873,1
180874,1
180882,0
180886,1
180889,1
180890,0
180891,0
180910,0
180915,0
180917,0
180919,0
180922,0
180923,0
180925,0
180927,1
180929,1
180930,0
180932,0
180935,1
180936,0
180937,0
180945,0
180946,0
180948,0
180952,0
180953,1
180961,0
180966,0
180967,1
180968,0
180973,1
180975,0
180979,0
180982,1
180984,0
180987,0
180989,1
180991,0
180992,0
180994,0
180995,0
180996,1
180997,1
180998,0
181001,0
181002,0
181004,0
181011,0
181012,0
181015,1
181016,0
181018,0
181020,1
181021,1
181023,0
181025,0
181027,1
181030,0
181033,0
181034,1
181035,1
181036,0
181039,0
181040,0
181041,1
181043,0
181045,1
181046,1
181047,0
181048,1
181049,1
181050,1
181052,0
181056,1
181057,1
181059,0
181067,0
181070,1
181074,1
181076,0
181078,1
181080,1
181084,0
181085,0
181088,1
181090,1
181095,1
181099,1
181100,1
181101,0
181104,0
181111,1
181114,0
181117,1
181121,1
181122,1
181124,0
181125,0
181129,1
181130,0
181131,1
181132,0
181133,1
181134,0
181135,0
181136,1
181137,0
181139,0
181141,0
181142,1
181143,1
181146,0
181147,0
181148,1
181152,0
181153,1
181155,1
181156,0
181157,0
181164,1
181165,0
181166,0
181168,0
181172,0
181173,0
181177,0
181179,0
181184,1
181185,1
181186,1
181191,0
181192,1
181194,0
181196,1
181197,1
181199,0
181203,0
181206,0
181208,0
181210,1
181213,0
181214,1
181216,1
181217,0
181220,0
181221,1
181222,1
181223,0
181224,1
181225,1
181226,1
181228,0
181231,0
181233,1
181234,1
181238,1
181240,0
181241,0
181242,1
181243,1
181247,0
181249,0
181250,1
181252,1
181253,0
181262,0
181264,1
181267,0
181269,0
181270,1
181271,1
181275,1
181278,1
181280,1
181287,1
181294,1
181297,0
181298,0
181299,0
181303,0
181304,1
181307,1
181308,0
181310,1
181311,1
181312,0
181314,0
181320,1
181324,0
181325,0
181331,1
181334,0
181336,1
181339,1
181342,0
181343,0
181345,0
181348,0
181349,1
181351,0
181352,1
181353,0
181356,0
181358,0
181360,1
181364,1
181367,0
181368,1
181369,0
181370,0
181372,0
181373,1
181378,0
181379,0
181381,0
181385,0
181388,0
181390,0
181391,0
181393,1
181395,0
181396,1
181400,0
181404,1
181405,1
181406,1
181408,1
181409,1
181414,0
181415,1
181419,0
181421,0
181422,0
181423,1
181424,1
181431,0
181433,1
181435,0
181438,0
181439,1
181440,0
181442,0
181443,1
181446,0
181447,0
181451,1
181452,0
181456,0
181457,0
181458,0
181459,1
181461,0
181464,0
181467,1
181469,1
181470,0
181471,0
181472,0
181475,0
181476,0
181477,0
181478,0
181479,0
181482,1
181483,0
181484,1
181486,0
181494,1
181495,0
181497,1
181499,1
181502,0
181505,0
181514,1
181518,0
181519,0
181520,0
181521,0
181522,0
181524,1
181526,0
181528,0
181530,1
181532,1
181534,0
181535,1
181536,1
181538,0
181541,0
181543,0
181544,1
181545,0
181549,1
181552,0
181560,0
181563,0
181568,0
181576,1
181581,0
181583,0
181585,0
181586,0
181588,1
181589,1
181595,1
181596,1
181597,1
181598,1
181599,1
181600,0
181601,0
181602,0
181604,0
181607,1
181608,0
181611,1
181612,0
181615,0
181617,1
181621,1
181625,1
181626,1
181627,0
181628,0
181632,0
181633,0
181635,0
181638,1
181639,0
181641,1
181642,0
181645,0
181646,1
181647,1
181650,0
181651,0
181653,1
181654,0
181656,0
181658,0
181660,1
181662,0
181663,0
181666,0
181667,0
181668,0
181674,0
181681,0
181682,1
181683,0
181684,0
181691,0
181693,1
181695,0
181696,1
181697,0
181700,1
181703,0
181705,0
181708,0
181710,1
181712,0
181714,1
181715,0
181719,0
181720,0
181723,0
181724,0
181725,1
181727,0
181729,1
181731,1
181732,0
181734,1
181739,0
181744,1
181745,1
181750,0
181759,0
181762,0
181778,1
181783,0
181785,0
181786,0
181790,0
181791,1
181793,1
181794,0
181798,0
181799,1
181801,1
181804,0
181806,0
181817,0
181819,0
181823,1
181828,1
181840,0
181846,1
181849,0
181856,0
181858,1
181860,0
181862,0
181869,1
181870,1
181873,0
181880,1
181881,0
181885,0
181886,1
181889,0
181890,1
181891,0
181893,1
181895,0
181896,1
181897,1
181902,0
181906,1
181908,1
181909,0
181911,1
181917,1
181920,0
181922,0
181923,1
181924,1
181925,0
181928,0
181929,0
181931,1
181933,0
181934,0
181935,1
181936,0
181937,0
181941,0
181945,1
181947,0
181948,1
181950,0
181952,1
181953,1
181955,0
181956,0
181957,0
181960,0
181961,1
181967,0
181969,0
181970,1
181971,0
181973,0
181976,0
181979,0
181980,0
181981,0
181982,0
181992,0
181995,1
181997,1
181998,1
182003,1
182007,1
182014,0
182016,0
182022,0
182023,0
182030,1
182031,1
182034,0
182035,1
182039,0
182040,0
182044,0
182045,0
182047,1
182050,1
182052,0
182053,0
182054,1
182061,0
182063,0
182064,0
182067,0
182070,1
182075,0
182076,1
182078,1
182085,1
182087,0
182088,0
182097,0
182101,1
182104,1
182105,1
182106,1
182107,1
182108,1
182109,0
182110,0
182111,1
182113,0
182116,0
182117,1
182119,1
182121,0
182124,1
182127,1
182128,1
182129,1
182130,1
182135,0
182140,0
182143,1
182144,0
182145,0
182147,0
182148,0
182149,0
182150,1
182152,0
182156,0
182158,1
182160,1
182162,1
182168,0
182169,0
182170,1
182174,1
182180,1
182182,0
182186,0
182188,0
182190,0
182191,0
182192,1
182193,0
182194,0
182195,1
182196,1
182201,0
182203,1
182205,1
182206,0
182210,0
182211,1
182213,0
182215,0
182218,1
182219,1
182220,1
182225,1
182226,1
182228,1
182229,0
182230,1
182231,0
182234,1
182235,0
182238,1
182240,1
182241,0
182242,0
182246,0
182247,0
182248,1
182252,1
182255,0
182256,1
182257,1
182265,0
182267,0
182268,0
182270,1
182272,0
182274,0
182278,1
182279,1
182281,1
182282,0
182285,1
182289,1
182290,0
182291,0
182295,1
182296,1
182297,0
182299,0
182300,1
182301,1
182302,1
182304,0
182306,1
182307,1
182309,0
182313,0
182314,1
182317,1
182319,1
182321,0
182322,0
182323,0
182324,1
182330,0
182332,1
182333,1
182335,0
182345,1
182346,0
182356,0
182359,0
182361,1
182366,1
182369,0
182371,0
182374,0
182377,1
182385,0
182387,1
182390,1
182393,0
182396,1
182397,0
182398,1
182399,0
182401,1
182402,1
182407,0
182409,1
182417,1
182421,0
182422,0
182425,1
182427,0
182433,1
182435,1
182437,0
182441,0
182444,1
182445,0
182446,0
182449,0
182450,1
182455,0
182456,0
182458,0
182461,0
182465,0
182470,1
182471,0
182479,0
182480,1
182481,1
182482,1
182485,1
182486,0
182489,0
182490,0
182494,1
182495,0
182496,1
182498,1
182504,0
182506,0
182507,1
182508,1
182512,0
182513,0
182516,1
182518,1
182519,1
182521,1
182525,0
182527,0
182534,1
182535,1
182536,1
182539,1
182540,0
182542,0
182544,1
182549,1
182551,0
182556,1
182559,0
182561,1
182568,0
182570,0
182576,1
182580,0
182582,0
182583,0
182584,0
182585,1
182586,0
182589,0
182590,1
182594,1
182595,0
182598,0
182600,0
182602,1
182603,1
182605,0
182608,1
182612,1
182613,0
182617,0
182618,1
182619,1
182620,1
182621,1
182625,0
182626,0
182628,0
182629,0
182633,0
182634,0
182635,0
182637,0
182638,0
182641,1
182642,0
182643,0
182644,1
182645,0
182646,1
182647,1
182649,0
182656,1
182659,0
182664,0
182667,0
182668,0
182676,0
182681,0
182686,1
182688,1
182689,0
182690,1
182694,0
182695,0
182699,0
182703,1
182706,0
182711,0
182717,1
182718,1
182719,1
182722,0
182724,0
182726,1
182727,1
182729,0
182731,1
182734,1
182738,1
182739,1
182742,0
182743,0
182749,0
182751,1
182752,1
182753,0
182759,1
182760,0
182762,0
182764,0
182767,1
182770,1
182771,0
182772,0
182774,0
182783,0
182784,1
182785,1
182786,0
182792,0
182793,0
182796,1
182804,0
182805,0
182807,1
182809,1
182811,1
182813,1
182814,1
182816,1
182819,0
182821,0
182822,0
182823,1
182826,1
182828,0
182832,0
182833,0
182842,1
182844,1
182845,0
182848,0
182849,0
182851,0
182854,1
182855,0
182856,0
182857,0
182862,1
182864,0
182868,0
182869,0
182870,1
182876,0
182878,0
182879,0
182880,1
182883,0
182884,1
182885,1
182887,1
182893,0
182895,0
182898,0
182899,1
182900,0
182901,0
182903,0
182905,1
182910,0
182912,0
182913,1
182917,0
182920,0
182921,0
182922,1
182924,0
182925,0
182928,1
182930,0
182933,0
182935,1
182938,1
182940,0
182941,0
182943,1
182949,0
182951,1
182952,1
182954,0
182955,0
182957,0
182958,0
182959,1
182962,1
182965,1
182966,1
182968,1
182979,0
182984,1
182989,1
182990,0
182993,0
182996,0
183007,0
183008,1
183011,1
183020,0
183021,0
183022,0
183024,0
183026,1
183027,1
183029,1
183033,0
183035,0
183038,1
183042,1
183044,0
183046,0
183050,1
183052,0
183054,1
183056,0
183057,0
183058,0
183062,0
183063,0
183064,1
183065,1
183067,0
183068,1
183071,1
183074,1
183077,0
183080,0
183081,0
183082,0
183083,1
183087,1
183089,0
183091,1
183093,0
183094,1
183098,1
183099,1
183102,1
183103,1
183106,0
183108,0
183114,1
183115,0
183116,0
183121,1
183124,1
183125,1
183127,0
183129,0
183131,0
183132,0
183133,0
183138,0
183140,0
183144,1
183146,1
183149,1
183152,1
183153,1
183154,1
183159,0
183160,1
183161,0
183163,0
183165,0
183166,1
183167,1
183171,0
183173,0
183174,1
183177,1
183179,1
183180,0
183185,0
183191,0
183192,0
183195,0
183197,1
183198,0
183200,0
183201,0
183203,0
183204,0
183211,0
183214,1
183218,1
183223,1
183226,1
183227,0
183228,1
183229,0
183230,0
183235,1
183236,0
183237,1
183238,0
183239,1
183246,0
183248,0
183250,1
183252,1
183254,0
183256,0
183257,1
183259,1
183262,0
183263,1
183265,0
183267,0
183273,0
183277,1
183279,1
183280,1
183285,1
183291,0
183294,1
183296,0
183298,0
183301,1
183308,0
183309,0
183313,0
183315,1
183317,0
183319,0
183320,1
183324,0
183325,1
183330,1
183335,1
183338,0
183339,1
183340,1
183341,0
183342,0
183344,1
183346,1
183351,0
183353,1
183356,1
183357,0
183361,0
183362,0
183363,0
183365,1
183366,0
183367,1
183376,0
183377,1
183380,0
183382,1
183384,1
183386,1
183389,1
183390,0
183396,1
183397,0
183399,0
183400,0
183403,0
183404,1
183406,0
183407,0
183413,0
183416,1
183419,1
183422,0
183423,1
183424,0
183429,1
183431,0
183433,0
183434,0
183435,0
183436,0
183437,0
183438,0
183446,0
183448,1
183450,0
183454,1
183456,0
183457,1
183459,1
183460,0
183461,1
183466,1
183469,0
183472,0
183475,1
183478,1
183484,1
183486,0
183488,0
183489,1
183490,0
183491,0
183493,0
183497,1
183499,1
183500,1
183505,1
183507,0
183509,0
183510,1
183511,0
183513,0
183514,0
183516,1
183520,0
183521,1
183522,0
183525,0
183529,0
183530,1
183535,0
183536,0
183537,0
183538,1
183539,0
183540,0
183541,1
183543,0
183545,0
183546,1
183549,1
183553,0
183558,1
183567,1
183570,1
183572,0
183573,0
183587,1
183588,1
183589,0
183591,0
183593,1
183596,1
183597,0
183598,1
183600,1
183601,0
183603,0
183607,1
183608,1
183610,1
183613,0
183618,1
183621,1
183622,0
183623,0
183626,1
183628,1
183631,0
183633,0
183635,0
183639,1
183640,1
183641,1
183642,1
183644,0
183651,0
183654,1
183655,0
183658,0
183659,1
183664,0
183667,1
183668,0
183669,0
183670,0
183672,1
183676,1
183677,0
183678,0
183679,0
183680,0
183681,1
183684,0
183685,1
183687,1
183691,1
183693,0
183696,0
183700,0
183702,1
183705,1
183710,0
183711,1
183713,0
183718,1
183719,0
183726,1
183728,0
183736,1
183737,0
183738,0
183741,1
183744,0
183746,0
183749,1
183755,0
183759,0
183760,0
183761,0
183763,0
183764,1
183767,1
183770,0
183773,0
183774,1
183775,1
183776,0
183777,1
183780,1
183783,0
183787,0
183788,1
183795,1
183799,1
183804,1
183807,0
183809,0
183811,0
183812,1
183814,0
183815,1
183816,1
183817,0
183820,1
183823,0
183824,1
183826,0
183827,1
183829,1
183831,1
183832,1
183834,1
183840,0
183841,0
183843,0
183845,0
183847,1
183848,0
183853,1
183862,0
183864,0
183865,1
183866,1
183868,1
183874,1
183882,1
183883,0
183886,0
183887,0
183888,1
183889,1
183892,1
183894,0
183895,1
183897,1
183900,0
183901,0
183905,0
183906,1
183907,1
183908,0
183913,1
183915,1
183916,1
183921,0
183923,1
183924,0
183926,1
183927,1
183928,1
183939,1
183940,1
183943,1
183946,0
183947,1
183948,0
183950,0
183951,1
183952,0
183953,0
183954,0
183956,0
183962,0
183966,1
183968,0
183970,1
183973,1
183974,0
183975,1
183976,1
183980,1
183981,1
183984,1
183985,0
183987,1
183992,1
183993,0
183998,1
183999,0
184000,0
184001,0
184002,0
184005,0
184006,1
184008,1
184010,1
184011,0
184012,0
184016,1
184017,0
184019,0
184021,1
184023,1
184028,1
184030,0
184034,1
184036,1
184040,1
184041,0
184044,0
184051,1
184052,1
184056,1
184058,0
184059,0
184061,0
184063,1
184065,1
184068,1
184069,1
184070,0
184071,0
184072,1
184073,1
184075,1
184077,0
184079,1
184080,0
184083,0
184084,0
184088,1
184092,1
184094,0
184096,0
184099,1
184100,0
184101,1
184104,0
184108,0
184113,1
184121,1
184122,0
184131,0
184133,0
184134,0
184137,1
184139,0
184140,1
184141,0
184148,1
184149,0
184150,0
184151,0
184152,0
184153,0
184154,1
184156,0
184162,0
184163,1
184165,1
184166,0
184171,0
184173,1
184176,1
184177,0
184181,0
184188,0
184193,0
184194,1
184197,1
184198,0
184200,1
184201,1
184205,0
184207,0
184209,0
184213,0
184214,0
184215,0
184217,1
184220,0
184221,0
184224,1
184225,0
184229,0
184232,0
184234,1
184238,1
184239,0
184240,0
184243,0
184244,1
184248,1
184249,1
184252,1
184253,1
184256,0
184260,0
184261,1
184263,0
184265,0
184267,0
184269,1
184274,0
184279,0
184280,1
184281,0
184284,0
184286,1
184288,0
184291,1
184292,0
184293,1
184294,1
184296,0
184297,1
184299,1
184304,0
184308,1
184309,0
184312,0
184315,0
184316,0
184319,0
184320,1
184324,0
184326,1
184330,0
184331,0
184332,1
184333,1
184337,1
184339,0
184340,1
184344,0
184345,1
184353,1
184356,1
184357,1
184358,1
184362,0
184364,1
184365,0
184367,0
184370,1
184378,1
184380,0
184384,1
184385,0
184386,0
184388,1
184389,1
184390,0
184391,0
184393,1
184394,1
184395,1
184402,1
184404,1
184406,0
184407,0
184408,1
184410,1
184411,0
184412,0
184414,1
184415,1
184417,0
184418,0
184419,1
184421,0
184422,0
184426,1
184427,1
184430,1
184431,0
184432,1
184434,1
184436,0
184438,0
184441,1
184442,1
184443,0
184446,0
184447,0
184451,0
184455,0
184456,1
184457,0
184463,0
184467,0
184471,1
184475,1
184478,1
184480,0
184481,0
184486,1
184487,0
184489,1
184490,1
184493,0
184494,0
184500,1
184501,0
184502,1
184503,0
184504,0
184507,1
184510,0
184512,1
184515,0
184516,0
184520,0
184524,1
184525,1
184529,0
184533,1
184535,1
184536,0
184539,1
184541,1
184544,0
184545,1
184546,0
184551,0
184552,1
184557,0
184558,1
184559,0
184562,0
184563,0
184567,0
184568,1
184569,1
184571,0
184572,0
184575,1
184577,1
184580,0
184581,0
184583,0
184585,1
184587,1
184589,1
184590,1
184592,0
184593,0
184594,1
184597,0
184599,0
184602,0
184603,0
184605,1
184606,1
184609,0
184610,1
184611,0
184613,0
184614,1
184616,0
184618,0
184619,1
184632,1
184634,1
184636,0
184638,0
184639,0
184641,1
184642,0
184643,0
184644,0
184645,0
184648,1
184650,1
184651,0
184652,0
184653,1
184654,1
184655,1
184656,1
184659,0
184661,0
184663,0
184666,1
184667,0
184669,0
184670,1
184674,0
184678,0
184680,1
184684,1
184687,0
184690,1
184692,0
184693,1
184694,1
184699,0
184704,1
184708,0
184710,1
184714,1
184719,1
184720,1
184721,1
184726,0
184728,1
184732,0
184733,0
184734,1
184736,1
184737,1
184738,0
184742,1
184743,1
184747,0
184750,0
184751,1
184752,1
184753,0
184754,0
184759,0
184766,0
184767,1
184771,1
184774,0
184775,1
184778,1
184782,0
184783,0
184784,1
184788,1
184789,0
184790,1
184792,0
184793,1
184801,1
184804,1
184805,0
184806,0
184807,0
184808,0
184810,0
184812,0
184813,1
184819,0
184826,0
184827,1
184830,1
184832,1
184834,1
184838,0
184839,0
184842,0
184844,0
184851,1
184852,0
184854,0
184855,1
184856,1
184857,1
184859,1
184860,0
184862,0
184863,0
184864,1
184865,0
184866,0
184867,0
184868,0
184871,0
184872,0
184875,0
184877,1
184879,0
184881,0
184882,1
184886,0
184887,1
184891,0
184892,0
184893,1
184896,0
184897,0
184899,0
184900,1
184904,0
184905,0
184909,0
184911,0
184914,0
184922,1
184923,1
184928,0
184929,0
184930,0
184933,1
184935,0
184936,1
184937,0
184938,0
184943,1
184944,1
184947,0
184948,1
184950,1
184952,1
184953,0
184955,0
184956,0
184957,1
184962,1
184965,1
184967,0
184969,1
184971,1
184977,1
184978,1
184981,0
184984,0
184985,0
184990,0
184991,0
184992,0
184994,1
184995,1
184996,0
184998,1
185001,0
185005,0
185008,1
185009,1
185011,0
185013,0
185016,1
185020,0
185023,0
185024,0
185025,0
185026,0
185027,0
185029,1
185033,0
185034,0
185035,0
185038,0
185039,1
185045,1
185047,1
185048,0
185053,1
185054,0
185055,0
185057,1
185058,1
185059,0
185062,1
185063,0
185065,1
185076,1
185077,1
185081,1
185086,1
185089,0
185092,0
185094,0
185096,0
185099,1
185105,1
185106,1
185110,0
185111,1
185112,1
185113,0
185115,0
185118,0
185119,0
185122,0
185123,1
185126,1
185127,1
185128,1
185130,0
185134,0
185135,1
185136,0
185139,1
185142,1
185145,0
185148,1
185151,0
185152,1
185156,1
185157,1
185159,0
185161,1
185162,0
185163,1
185166,1
185167,0
185170,0
185172,1
185173,0
185177,0
185179,0
185181,1
185183,0
185185,0
185186,0
185187,0
185188,1
185190,1
185193,1
185197,0
185200,0
185201,0
185202,1
185203,1
185205,0
185206,0
185208,0
185210,0
185213,0
185214,0
185217,0
185218,1
185221,0
185222,1
185224,1
185226,1
185229,0
185230,0
185234,1
185236,0
185237,1
185239,1
185242,0
185245,0
185246,0
185249,0
185255,1
185257,1
185266,1
185268,0
185270,0
185272,0
185273,1
185275,1
185282,1
185284,0
185285,1
185286,1
185287,0
185289,1
185291,0
185292,1
185293,0
185295,1
185296,0
185297,1
185298,0
185299,1
185300,0
185302,1
185303,1
185305,1
185308,1
185310,1
185311,1
185313,1
185320,1
185322,1
185324,1
185327,0
185328,0
185329,0
185331,1
185333,0
185334,1
185335,1
185339,0
185340,0
185341,1
185342,0
185345,1
185347,1
185348,0
185349,1
185350,1
185351,1
185352,0
185353,0
185357,0
185358,0
185359,0
185361,1
185363,1
185364,0
185365,0
185367,1
185368,1
185371,1
185378,1
185379,0
185380,0
185381,1
185385,1
185391,1
185394,0
185395,0
185396,0
185397,1
185398,1
185399,1
185401,1
185404,0
185406,1
185411,1
185415,1
185417,0
185419,0
185421,1
185425,0
185430,0
185431,1
185432,0
185435,1
185438,0
185442,0
185445,0
185447,0
185449,1
185450,1
185454,0
185455,0
185456,1
185462,1
185465,0
185466,0
185468,1
185472,0
185473,0
185474,1
185476,1
185482,0
185484,0
185492,1
185494,0
185495,0
185497,1
185498,1
185507,1
185508,1
185509,0
185513,1
185516,1
185517,1
185518,1
185521,1
185522,1
185523,1
185524,0
185525,1
185526,1
185529,0
185530,1
185532,0
185535,1
185537,0
185541,1
185545,1
185547,0
185550,0
185552,0
185555,1
185557,1
185559,1
185563,1
185568,1
185569,0
185570,1
185571,1
185575,1
185581,1
185582,0
185583,1
185585,1
185587,0
185596,0
185597,0
185598,0
185600,1
185601,0
185609,1
185610,0
185620,1
185621,0
185623,1
185625,0
185626,0
185628,1
185630,1
185633,0
185638,1
185640,0
185641,1
185647,0
185649,1
185651,1
185658,1
185663,0
185668,1
185671,0
185672,0
185673,1
185677,0
185679,1
185680,1
185681,0
185682,1
185683,1
185685,0
185687,1
185689,1
185690,1
185692,0
185693,0
185694,0
185696,0
185698,1
185699,1
185704,1
185707,1
185708,1
185710,1
185713,1
185714,0
185715,0
185719,1
185724,0
185725,0
185726,0
185727,0
185731,0
185732,1
185734,1
185735,0
185743,1
185746,1
185752,1
185755,1
185756,1
185757,1
185758,0
185759,0
185762,0
185765,0
185770,0
185772,0
185776,0
185778,0
185781,0
185784,0
185785,1
185786,0
185789,0
185791,0
185794,0
185796,0
185797,0
185798,0
185801,1
185805,1
185806,1
185813,1
185814,0
185819,1
185820,1
185821,0
185823,1
185825,1
185828,1
185831,1
185834,0
185836,1
185841,0
185842,1
185844,1
185846,0
185847,0
185848,0
185850,1
185852,0
185854,0
185855,0
185856,0
185859,0
185863,1
185868,0
185870,0
185871,1
185872,1
185875,0
185876,0
185878,0
185880,0
185881,0
185887,0
185890,0
185891,0
185892,0
185899,1
185902,0
185906,1
185910,0
185912,1
185915,1
185917,1
185918,1
185919,0
185927,0
185935,1
185936,0
185944,0
185945,1
185946,1
185949,1
185954,1
185955,0
185957,1
185958,1
185963,1
185971,0
185972,0
185974,1
185975,0
185976,0
185978,0
185982,0
185983,0
185984,1
185991,1
185993,1
185994,0
185996,0
185999,1
186000,0
186001,1
186004,0
186005,0
186009,0
186012,0
186013,1
186018,1
186020,1
186023,1
186024,0
186026,1
186027,0
186029,0
186034,0
186036,1
186038,0
186039,0
186040,1
186043,0
186044,0
186046,0
186053,0
186055,0
186058,1
186062,0
186069,1
186075,1
186076,0
186078,1
186083,1
186084,1
186088,0
186089,1
186090,0
186092,1
186095,1
186098,1
186102,0
186104,1
186106,1
186108,0
186109,0
186113,1
186116,0
186118,0
186119,0
186123,0
186125,1
186130,0
186135,0
186136,0
186137,0
186138,1
186139,1
186142,1
186143,1
186144,0
186145,1
186146,1
186147,0
186148,0
186149,0
186150,0
186152,0
186155,1
186157,0
186159,1
186161,0
186166,1
186167,1
186168,1
186172,0
186173,0
186175,1
186176,0
186180,1
186181,0
186182,1
186183,0
186188,0
186193,0
186194,0
186195,1
186196,0
186199,0
186200,0
186204,0
186205,1
186207,0
186209,0
186212,0
186214,1
186215,1
186217,1
186218,1
186219,1
186222,1
186225,0
186227,0
186230,1
186235,0
186237,1
186242,0
186243,0
186246,1
186247,1
186249,0
186251,0
186259,0
186261,0
186265,0
186268,1
186272,0
186275,0
186278,0
186279,0
186282,1
186284,0
186286,0
186291,1
186292,0
186294,0
186300,1
186302,1
186303,0
186305,0
186306,0
186308,1
186309,0
186310,1
186312,0
186314,1
186315,1
186316,0
186317,0
186318,0
186320,0
186326,1
186327,0
186328,0
186329,0
186333,1
186334,0
186339,0
186340,0
186342,1
186347,0
186348,1
186349,1
186353,0
186354,0
186356,0
186357,0
186364,0
186366,0
186369,0
186370,0
186376,0
186381,1
186383,0
186385,0
186389,0
186390,1
186393,1
186396,1
186397,0
186398,1
186399,1
186400,1
186404,1
186406,0
186408,1
186410,0
186411,1
186414,0
186419,1
186420,1
186422,1
186431,1
186434,1
186436,1
186442,0
186444,0
186445,0
186449,1
186451,1
186455,1
186459,0
186464,0
186465,0
186470,1
186471,0
186473,0
186475,0
186480,0
186481,0
186484,0
186485,0
186486,1
186488,1
186494,0
186495,0
186496,0
186498,0
186501,0
186505,1
186506,0
186507,0
186508,0
186509,1
186511,1
186512,0
186513,0
186514,1
186516,1
186518,0
186519,1
186530,0
186532,0
186533,0
186536,1
186542,1
186544,0
186548,1
186550,1
186553,0
186560,0
186566,1
186569,0
186571,0
186577,1
186578,0
186580,0
186581,0
186584,0
186586,0
186588,1
186590,0
186591,1
186592,1
186594,0
186595,0
186597,1
186598,1
186600,0
186601,1
186602,1
186607,0
186609,0
186611,1
186613,1
186614,1
186619,1
186621,0
186627,1
186629,1
186630,0
186640,1
186643,0
186645,1
186646,0
186647,1
186648,1
186649,0
186653,0
186655,0
186657,0
186658,1
186660,0
186663,1
186665,1
186670,0
186673,1
186678,1
186679,1
186682,0
186684,0
186685,1
186698,0
186702,0
186703,1
186705,1
186707,1
186709,0
186710,1
186712,0
186713,1
186716,0
186718,1
186719,1
186722,0
186723,1
186730,0
186734,0
186735,1
186736,1
186737,0
186740,1
186741,1
186745,1
186746,0
186747,0
186749,1
186750,0
186751,1
186755,1
186756,0
186758,0
186759,1
186760,1
186762,0
186763,1
186765,0
186772,1
186773,1
186774,1
186775,1
186776,0
186783,1
186784,1
186787,0
186788,0
186791,0
186792,0
186794,1
186796,1
186797,1
186798,1
186802,1
186803,1
186804,1
186807,0
186809,1
186812,1
186813,0
186815,0
186818,0
186819,1
186820,0
186824,0
186825,1
186826,1
186829,0
186833,1
186837,0
186841,1
186843,0
186844,0
186846,0
186847,1
186852,1
186854,1
186858,1
186859,1
186860,1
186865,0
186867,1
186868,0
186873,0
186874,1
186878,0
186879,1
186882,0
186883,1
186885,0
186886,0
186892,1
186893,0
186894,0
186896,0
186898,0
186899,1
186902,0
186904,0
186905,1
186906,1
186909,0
186911,0
186912,0
186913,0
186914,0
186916,1
186917,1
186918,1
186921,0
186922,1
186925,1
186926,1
186932,1
186937,1
186948,1
186951,0
186953,0
186954,0
186955,0
186957,0
186958,1
186966,1
186969,1
186970,1
186972,0
186975,0
186978,1
186980,1
186981,0
186982,0
186985,1
186986,0
186989,0
186991,1
186992,0
186995,1
186996,1
186997,1
186999,0
187001,0
187007,0
187008,1
187010,0
187012,1
187014,0
187018,0
187020,0
187023,1
187029,1
187031,1
187032,0
187035,0
187038,0
187039,1
187040,0
187041,0
187042,0
187044,0
187045,0
187047,1
187049,1
187051,0
187054,1
187056,0
187058,1
187060,1
187064,0
187068,0
187069,0
187073,1
187075,0
187076,1
187077,0
187080,1
187085,0
187087,0
187092,0
187093,1
187094,1
187095,1
187097,1
187099,0
187100,0
187103,0
187104,1
187105,1
187106,1
187107,0
187108,1
187109,0
187110,1
187111,0
187112,0
187113,1
187114,0
187117,0
187118,1
187119,1
187123,0
187125,1
187126,0
187128,1
187131,0
187132,1
187133,0
187135,1
187140,0
187141,1
187142,0
187143,1
187144,1
187146,1
187151,0
187163,0
187165,1
187166,0
187169,1
187171,0
187173,1
187176,1
187177,0
187178,1
187184,0
187185,1
187188,1
187189,1
187192,1
187194,1
187195,1
187199,0
187200,1
187201,1
187202,1
187203,1
187204,0
187205,1
187211,1
187214,0
187216,0
187218,0
187219,0
187220,1
187223,1
187225,0
187229,1
187232,1
187238,0
187242,1
187243,0
187244,1
187247,1
187252,0
187253,1
187254,0
187255,1
187256,1
187259,0
187261,0
187262,0
187268,1
187273,0
187278,1
187280,1
187283,1
187286,0
187287,1
187292,0
187293,0
187295,1
187298,1
187300,0
187302,0
187306,0
187308,1
187311,0
187313,1
187317,0
187318,1
187319,0
187320,0
187321,0
187322,1
187323,0
187329,1
187330,0
187336,1
187338,1
187343,0
187344,0
187345,0
187346,0
187348,1
187356,0
187357,0
187358,1
187361,1
187363,0
187364,0
187369,1
187376,0
187382,1
187387,1
187388,0
187389,1
187394,1
187398,1
187399,0
187401,0
187403,1
187406,1
187407,1
187408,0
187409,0
187415,0
187423,1
187430,1
187436,0
187437,0
187439,0
187445,0
187448,1
187449,1
187452,1
187453,1
187454,0
187457,1
187458,0
187461,0
187462,0
187463,0
187464,0
187465,0
187467,0
187470,1
187471,1
187474,0
187477,1
187479,1
187482,0
187483,1
187484,0
187488,0
187489,1
187491,0
187492,1
187493,1
187494,1
187496,0
187499,1
187501,0
187502,0
187505,1
187510,1
187513,0
187515,0
187517,1
187520,0
187521,1
187522,1
187523,0
187529,1
187530,0
187534,1
187535,1
187537,0
187540,1
187542,1
187545,0
187547,0
187549,0
187552,0
187557,0
187563,1
187564,0
187565,1
187567,0
187569,1
187573,0
187574,1
187577,0
187578,0
187579,0
187584,0
187586,1
187587,0
187590,1
187592,0
187595,0
187596,1
187598,1
187601,0
187605,1
187608,0
187609,0
187610,0
187614,0
187615,0
187616,0
187619,0
187620,1
187621,0
187628,0
187633,0
187640,1
187643,0
187648,1
187649,1
187650,1
187651,0
187658,0
187659,0
187661,1
187663,1
187664,0
187665,1
187666,0
187667,1
187668,0
187669,1
187670,0
187672,0
187674,0
187675,1
187677,1
187678,1
187680,1
187681,0
187682,0
187683,1
187684,1
187685,0
187686,0
187687,0
187690,0
187695,1
187698,1
187699,0
187700,0
187701,0
187702,0
187703,1
187704,1
187705,0
187709,1
187712,1
187714,1
187718,0
187720,0
187721,1
187731,1
187732,1
187734,1
187735,1
187736,0
187737,1
187742,1
187744,1
187746,1
187748,1
187749,1
187752,0
187757,0
187759,0
187760,0
187765,1
187768,1
187770,0
187771,0
187773,1
187774,1
187778,1
187780,0
187781,0
187786,0
187788,0
187790,0
187791,1
187797,0
187802,1
187804,0
187805,1
187808,0
187809,0
187811,0
187812,1
187813,0
187814,0
187817,0
187819,0
187822,0
187833,0
187834,0
187837,1
187840,1
187841,1
187842,0
187845,1
187846,0
187847,1
187848,0
187849,0
187850,0
187851,0
187854,1
187855,1
187857,0
187861,1
187862,1
187868,1
187871,1
187872,0
187873,0
187875,0
187876,1
187877,0
187879,0
187880,1
187882,0
187884,0
187885,1
187892,0
187894,1
187895,1
187897,0
187901,0
187904,1
187905,1
187907,1
187908,1
187915,1
187917,1
187918,0
187921,0
187923,1
187929,0
187931,0
187933,0
187935,1
187936,0
187939,0
187942,1
187944,1
187946,1
187947,1
187950,1
187952,0
187955,1
187957,1
187959,0
187960,0
187961,0
187966,0
187967,0
187972,0
187974,0
187975,0
187983,0
187984,0
187987,0
187989,0
187994,0
187995,1
187996,1
187997,1
187999,1
188001,1
188002,0
188003,1
188004,1
188007,1
188008,1
188009,0
188012,0
188017,1
188019,1
188022,0
188026,1
188028,0
188031,1
188033,1
188035,1
188039,0
188040,0
188041,0
188043,0
188049,0
188052,1
188055,1
188067,1
188069,1
188071,1
188073,1
188074,0
188076,0
188077,0
188078,1
188080,0
188081,0
188085,0
188086,1
188089,0
188096,0
188097,0
188098,0
188109,1
188111,0
188113,0
188118,0
188120,0
188122,1
188124,0
188127,1
188128,0
188130,1
188135,0
188140,0
188143,0
188145,1
188146,1
188148,1
188149,1
188152,1
188157,0
188163,0
188165,0
188166,1
188167,1
188170,1
188182,1
188186,0
188188,0
188189,1
188192,1
188194,0
188195,1
188196,0
188198,0
188202,1
188206,0
188209,0
188212,0
188216,1
188218,0
188221,0
188223,1
188224,1
188225,1
188229,0
188230,0
188231,1
188238,1
188240,1
188241,0
188242,0
188243,0
188245,1
188246,1
188247,0
188248,0
188250,1
188252,0
188253,0
188255,0
188257,0
188258,0
188260,0
188264,1
188265,0
188268,0
188270,0
188278,0
188281,0
188283,0
188284,0
188285,0
188286,1
188289,0
188290,1
188291,0
188294,0
188297,0
188298,1
188302,0
188304,0
188305,0
188306,1
188307,1
188311,1
188312,1
188313,1
188314,0
188315,0
188317,0
188318,0
188327,1
188328,0
188330,1
188334,1
188335,0
188338,0
188339,1
188344,1
188346,0
188347,0
188348,0
188350,0
188351,0
188352,1
188356,0
188357,0
188358,0
188359,1
188361,0
188362,1
188364,1
188366,0
188368,0
188369,0
188370,0
188371,1
188372,0
188373,1
188376,0
188379,1
188380,0
188382,1
188384,0
188385,1
188386,1
188390,0
188394,0
188396,0
188398,0
188401,1
188402,1
188406,1
188410,1
188411,0
188415,0
188418,0
188420,0
188425,0
188427,0
188430,0
188432,1
188436,0
188437,0
188438,1
188439,1
188442,0
188443,0
188444,1
188447,1
188448,1
188450,0
188452,1
188457,1
188458,1
188459,1
188460,0
188461,1
188467,1
188468,0
188472,0
188478,1
188479,0
188480,1
188482,0
188483,0
188485,1
188489,0
188490,1
188494,1
188495,1
188500,0
188503,0
188504,1
188505,1
188507,1
188508,1
188512,0
188514,0
188517,1
188521,1
188524,0
188525,0
188526,1
188527,1
188528,0
188532,0
188536,1
188537,0
188539,0
188540,0
188541,1
188542,1
188544,1
188546,1
188548,1
188549,1
188552,0
188554,1
188559,0
188563,1
188564,1
188565,0
188567,0
188568,0
188572,0
188573,0
188575,0
188576,0
188580,1
188581,0
188582,1
188586,0
188593,1
188594,0
188597,1
188598,0
188599,1
188601,1
188604,1
188605,1
188607,1
188608,1
188609,0
188610,1
188611,1
188612,0
188614,1
188619,0
188621,0
188624,0
188628,0
188629,1
188632,1
188634,1
188635,1
188637,1
188642,0
188645,0
188646,0
188648,0
188654,1
188657,1
188663,1
188666,0
188668,1
188669,1
188670,0
188674,1
188678,1
188681,1
188682,0
188683,0
188684,1
188688,0
188689,1
188690,1
188694,1
188696,0
188697,0
188698,1
188699,0
188700,1
188702,0
188703,1
188712,0
188713,0
188715,1
188717,0
188721,0
188722,1
188723,1
188725,1
188726,0
188733,1
188734,1
188735,0
188736,1
188737,0
188739,1
188741,0
188742,0
188743,0
188747,1
188748,0
188750,0
188752,0
188755,0
188756,0
188757,1
188759,1
188761,0
188762,1
188765,0
188766,1
188771,0
188772,1
188773,0
188775,0
188777,1
188781,1
188783,1
188786,1
188792,1
188795,1
188798,0
188799,1
188802,1
188805,1
188806,0
188811,1
188814,0
188817,1
188820,1
188821,0
188823,1
188825,0
188826,1
188827,0
188829,0
188831,0
188832,1
188833,0
188836,0
188837,1
188838,0
188839,1
188841,1
188845,1
188850,0
188851,1
188855,1
188858,0
188859,1
188861,1
188862,0
188863,0
188866,0
188869,0
188871,0
188877,1
188881,0
188883,0
188886,1
188887,0
188889,0
188890,0
188895,1
188897,1
188905,1
188906,0
188907,1
188908,1
188909,0
188910,1
188911,0
188916,0
188918,0
188921,0
188922,0
188923,1
188924,0
188926,0
188927,1
188929,1
188930,1
188935,0
188937,1
188938,1
188940,1
188944,0
188945,0
188946,0
188947,1
188948,1
188950,0
188954,0
188956,0
188958,0
188960,0
188965,1
188970,0
188971,0
188972,1
188973,0
188979,1
188980,0
188983,0
188984,1
188986,1
188988,0
188989,1
188992,1
188995,0
188996,1
189005,0
189009,1
189010,1
189012,1
189017,0
189018,1
189020,1
189021,1
189022,0
189023,1
189025,0
189027,1
189028,0
189029,1
189030,0
189032,0
189034,1
189035,0
189038,0
189040,0
189041,0
189043,0
189044,1
189047,0
189049,0
189052,0
189053,0
189055,0
189059,1
189060,1
189062,1
189064,0
189065,1
189066,0
189067,1
189068,0
189069,0
189071,1
189077,1
189085,1
189086,0
189087,1
189091,0
189094,1
189098,1
189099,0
189101,1
189104,1
189106,0
189107,0
189108,1
189109,1
189110,1
189112,0
189117,0
189118,1
189120,1
189121,0
189124,0
189126,0
189131,0
189132,0
189133,1
189138,1
189141,0
189142,1
189143,1
189144,0
189147,1
189154,1
189155,1
189158,1
189159,1
189162,0
189164,0
189166,0
189172,0
189182,0
189186,0
189187,0
189191,1
189194,0
189197,1
189202,1
189207,0
189209,1
189210,1
189211,1
189212,1
189213,0
189215,0
189216,1
189220,1
189223,0
189224,0
189228,0
189231,0
189237,0
189238,0
189240,0
189242,0
189245,1
189249,0
189252,1
189254,1
189256,0
189258,1
189261,0
189262,0
189265,1
189271,0
189275,0
189276,0
189279,0
189280,0
189282,0
189284,0
189285,0
189289,0
189290,0
189291,1
189294,0
189297,0
189300,1
189301,0
189303,1
189310,1
189311,1
189313,0
189315,0
189317,1
189319,1
189332,0
189333,1
189334,0
189336,1
189339,1
189340,0
189343,1
189345,1
189346,0
189351,0
189352,0
189353,0
189357,0
189358,0
189360,1
189371,1
189372,1
189374,1
189376,0
189377,0
189378,1
189382,1
189384,0
189389,1
189392,1
189393,1
189397,0
189398,1
189399,1
189400,1
189406,0
189407,1
189408,0
189411,1
189416,1
189418,0
189419,1
189422,0
189424,0
189426,0
189428,0
189434,0
189437,0
189444,1
189446,0
189451,1
189453,1
189454,1
189455,0
189458,0
189460,0
189463,1
189464,0
189465,0
189466,1
189467,0
189471,0
189474,0
189475,1
189476,1
189477,1
189478,1
189487,1
189489,0
189493,0
189494,0
189497,0
189504,1
189507,0
189510,0
189513,0
189514,0
189515,0
189525,0
189526,1
189527,0
189530,0
189535,1
189536,0
189537,0
189538,1
189543,0
189545,0
189546,1
189547,0
189548,1
189549,0
189550,1
189557,0
189562,0
189565,1
189566,0
189567,1
189571,0
189572,0
189575,0
189577,0
189585,0
189586,0
189589,0
189590,0
189596,0
189599,0
189603,0
189614,0
189615,0
189616,0
189622,0
189625,0
189627,0
189628,0
189630,0
189633,1
189635,1
189636,1
189638,0
189642,0
189643,0
189644,1
189645,0
189646,1
189647,1
189648,0
189653,1
189654,0
189656,0
189657,0
189659,0
189661,0
189662,0
189663,0
189664,0
189676,0
189677,0
189678,0
189682,0
189683,1
189686,1
189698,0
189699,0
189701,1
189707,1
189708,0
189712,0
189719,1
189720,1
189721,1
189726,0
189728,1
189729,1
189730,0
189731,1
189736,1
189738,0
189742,0
189745,0
189747,0
189750,0
189751,1
189752,0
189754,0
189759,0
189762,0
189763,1
189766,0
189767,0
189769,1
189770,1
189771,1
189772,0
189773,1
189774,1
189777,0
189778,1
189779,0
189780,0
189781,0
189783,0
189784,0
189786,0
189788,0
189789,0
189791,1
189792,0
189793,1
189794,1
189798,0
189803,0
189804,0
189805,0
189806,1
189808,1
189809,0
189810,0
189815,1
189821,1
189822,1
189827,0
189828,1
189829,0
189830,0
189831,1
189833,0
189834,0
189835,1
189838,0
189846,0
189849,1
189851,0
189853,1
189856,1
189859,0
189861,0
189864,0
189866,0
189868,0
189871,1
189876,1
189877,1
189881,1
189882,0
189883,0
189886,1
189888,1
189901,1
189902,1
189904,0
189908,0
189911,1
189914,1
189915,0
189923,0
189924,1
189925,0
189928,0
189931,1
189934,0
189937,1
189939,1
189940,0
189944,1
189947,1
189948,1
189951,0
189955,1
189956,0
189957,1
189958,0
189959,1
189960,0
189964,0
189968,1
189974,1
189975,0
189978,0
189983,1
189988,1
189990,0
189998,1
189999,1
190000,0
190001,0
190004,0
190005,0
190006,1
190011,1
190013,1
190026,1
190029,0
190034,1
190038,1
190040,0
190045,0
190047,1
190055,0
190063,1
190067,0
190070,0
190072,0
190075,1
190076,0
190078,1
190079,1
190081,1
190082,1
190085,0
190088,1
190091,0
190092,0
190093,0
190096,0
190100,1
190102,1
190104,1
190106,0
190109,1
190114,1
190117,0
190118,1
190121,0
190122,0
190123,1
190125,1
190126,1
190128,1
190133,1
190134,1
190135,1
190136,0
190139,0
190143,0
190145,1
190146,1
190148,0
190150,1
190151,1
190152,0
190159,1
190161,0
190162,0
190164,0
190170,0
190171,1
190173,0
190174,1
190178,0
190183,0
190186,0
190187,1
190190,0
190192,1
190194,1
190195,0
190200,1
190202,1
190204,0
190206,0
190210,0
190211,1
190212,1
190214,0
190215,0
190217,1
190220,1
190223,0
190228,0
190229,1
190239,1
190241,1
190242,1
190246,0
190247,1
190251,0
190252,0
190253,1
190257,0
190258,1
190260,1
190261,0
190266,0
190267,1
190269,0
190272,1
190274,1
190280,0
190281,1
190282,1
190284,1
190286,0
190293,0
190295,1
190296,1
190297,1
190298,0
190301,1
190303,0
190306,1
190307,0
190312,0
190313,0
190316,1
190319,0
190325,0
190330,0
190333,0
190337,0
190338,0
190342,1
190345,0
190346,0
190349,1
190352,0
190354,1
190359,1
190360,1
190361,0
190366,0
190367,0
190368,0
190370,0
190373,1
190379,1
190382,1
190386,1
190391,0
190392,1
190393,1
190395,1
190397,0
190400,0
190403,1
190407,1
190409,0
190410,0
190413,1
190414,0
190415,1
190416,0
190425,1
190426,0
190428,1
190430,1
190434,1
190435,1
190436,1
190438,0
190439,1
190445,1
190448,0
190451,1
190457,0
190458,0
190461,1
190462,0
190467,0
190468,1
190469,1
190474,0
190476,1
190486,1
190487,0
190490,1
190491,0
190492,1
190493,0
190499,0
190503,0
190506,0
190508,0
190509,0
190512,0
190517,1
190521,0
190529,0
190533,1
190534,0
190535,1
190536,0
190537,1
190539,0
190541,1
190542,0
190545,0
190546,1
190548,1
190549,1
190550,1
190551,0
190552,1
190554,0
190558,1
190561,0
190562,0
190563,0
190567,0
190568,0
190571,0
190576,1
190578,0
190579,1
190580,1
190582,1
190583,1
190584,0
190585,1
190591,1
190593,1
190596,0
190599,1
190601,0
190605,1
190608,1
190609,0
190610,0
190613,0
190614,0
190623,1
190624,0
190626,0
190629,1
190630,0
190631,1
190632,1
190635,0
190639,1
190640,0
190641,1
190642,0
190643,0
190645,0
190652,1
190657,1
190664,1
190682,0
190683,0
190684,1
190685,1
190686,1
190689,1
190690,0
190691,0
190693,1
190696,0
190697,1
190699,1
190700,0
190702,0
190704,0
190707,1
190710,0
190711,0
190713,0
190717,0
190720,0
190723,1
190724,0
190725,0
190727,0
190729,0
190730,1
190732,0
190733,1
190739,0
190742,1
190745,0
190746,0
190748,1
190750,1
190751,0
190754,1
190755,0
190756,1
190762,1
190764,1
190766,1
190767,0
190770,0
190771,1
190773,0
190774,0
190775,1
190779,0
190781,1
190787,1
190794,0
190795,0
190801,0
190802,1
190803,0
190805,0
190808,1
190809,0
190810,0
190815,0
190817,1
190818,1
190819,0
190824,0
190826,1
190827,1
190828,1
190829,0
190838,1
190839,0
190841,0
190842,0
190843,0
190844,1
190845,0
190847,1
190850,1
190853,0
190854,0
190855,0
190856,0
190858,0
190859,0
190860,0
190862,1
190869,0
190874,1
190880,0
190885,1
190889,1
190895,0
190896,1
190897,0
190898,0
190899,0
190902,0
190904,0
190905,0
190912,1
190914,1
190918,1
190919,0
190920,1
190921,0
190925,0
190928,1
190933,0
190939,0
190941,0
190942,0
190944,1
190945,1
190953,1
190954,0
190955,0
190956,1
190957,0
190962,1
190970,0
190971,1
190972,0
190974,0
190978,0
190979,0
190980,0
190981,0
190982,1
190983,0
190987,1
190989,0
190991,0
190994,1
190995,1
190998,1
190999,1
191000,1
191001,1
191005,0
191007,1
191008,0
191010,0
191011,0
191012,1
191020,0
191021,1
191022,0
191024,1
191025,1
191026,0
191028,1
191033,0
191038,0
191039,0
191041,0
191043,1
191045,0
191046,0
191047,0
191048,0
191049,0
191050,0
191052,0
191053,0
191056,0
191059,0
191061,0
191064,0
191068,0
191073,1
191074,0
191088,1
191093,1
191095,0
191096,1
191100,0
191101,0
191102,0
191103,1
191104,1
191108,0
191110,1
191112,0
191114,1
191115,1
191118,0
191119,1
191120,0
191121,1
191122,1
191124,0
191127,1
191128,1
191129,0
191132,0
191133,0
191135,1
191136,1
191137,1
191138,0
191140,1
191142,0
191147,1
191148,0
191149,0
191153,0
191161,0
191165,1
191166,1
191167,0
191171,0
191172,0
191174,1
191176,1
191179,1
191182,0
191187,1
191188,1
191192,0
191194,0
191195,0
191197,0
191199,0
191200,1
191208,0
191212,0
191214,0
191216,1
191217,0
191219,1
191220,0
191222,0
191224,0
191228,0
191229,0
191230,0
191233,1
191235,0
191236,0
191239,0
191241,0
191243,1
191244,1
191245,1
191249,0
191252,0
191256,0
191260,0
191261,0
191263,0
191264,0
191269,0
191279,1
191283,1
191287,1
191288,1
191291,0
191295,0
191297,1
191299,0
191300,0
191304,0
191307,1
191309,0
191310,1
191312,0
191314,1
191316,0
191319,0
191321,0
191325,1
191327,1
191337,0
191338,0
191339,1
191341,0
191342,1
191344,0
191345,1
191347,1
191348,0
191351,1
191354,1
191356,0
191358,1
191362,0
191364,1
191368,0
191370,1
191372,1
191374,0
191375,1
191380,0
191382,1
191383,1
191387,1
191388,1
191389,1
191393,1
191400,1
191402,0
191403,1
191404,0
191405,0
191406,1
191410,1
191411,0
191412,1
191415,1
191416,0
191418,0
191422,1
191423,0
191432,0
191435,1
191438,1
191439,0
191442,1
191443,0
191446,1
191447,1
191450,0
191451,1
191452,0
191453,0
191459,0
191461,1
191463,1
191464,1
191465,1
191466,0
191467,1
191470,0
191471,0
191472,0
191474,0
191477,0
191479,0
191480,0
191484,1
191487,0
191488,0
191489,0
191491,1
191494,1
191495,1
191496,0
191500,0
191502,1
191503,0
191504,0
191506,1
191515,1
191523,1
191524,1
191526,1
191527,1
191528,0
191529,1
191530,0
191533,0
191537,1
191538,0
191541,0
191542,0
191543,1
191560,1
191562,0
191564,0
191568,1
191572,1
191578,0
191583,0
191586,1
191588,1
191589,0
191591,0
191592,1
191594,1
191600,1
191603,0
191605,0
191610,1
191612,0
191616,0
191619,0
191620,0
191622,1
191624,0
191625,0
191628,1
191630,1
191634,0
191637,1
191642,1
191644,1
191645,1
191646,0
191650,1
191652,0
191653,1
191654,0
191655,0
191657,1
191659,1
191664,1
191668,1
191671,1
191674,1
191678,0
191680,1
191683,0
191684,0
191685,0
191686,1
191688,1
191689,1
191694,1
191695,0
191700,0
191708,1
191709,0
191710,0
191714,0
191716,0
191717,1
191719,0
191720,1
191721,0
191727,1
191728,0
191730,0
191735,1
191736,0
191738,1
191740,0
191745,0
191746,1
191747,0
191748,0
191752,0
191753,0
191755,1
191759,0
191764,1
191765,1
191766,0
191768,0
191772,1
191774,0
191779,1
191781,1
191782,1
191783,1
191784,1
191785,1
191790,0
191792,1
191797,1
191801,1
191803,0
191808,1
191809,0
191810,1
191812,0
191816,0
191817,1
191819,1
191821,0
191822,0
191823,0
191825,0
191827,0
191828,0
191830,1
191833,1
191835,0
191843,0
191845,1
191847,0
191848,1
191851,1
191852,0
191853,1
191854,0
191855,0
191860,1
191862,0
191863,0
191865,1
191866,0
191869,1
191871,0
191879,0
191882,1
191883,1
191885,1
191887,0
191892,1
191893,0
191894,0
191899,0
191900,0
191901,0
191903,0
191912,0
191914,0
191916,1
191921,1
191922,1
191923,1
191924,1
191932,0
191934,0
191941,1
191943,0
191946,1
191947,1
191948,1
191950,1
191954,0
191955,0
191957,0
191958,0
191959,0
191960,0
191962,0
191968,1
191972,1
191975,1
191979,1
191980,1
191982,0
191983,1
191989,1
191995,0
191997,0
191998,1
192002,0
192004,0
192005,1
192008,0
192009,0
192018,1
192020,1
192023,1
192025,1
192026,1
192027,1
192028,0
192029,1
192035,1
192039,1
192041,0
192045,0
192047,1
192049,1
192050,0
192057,1
192060,1
192064,0
192071,1
192072,0
192075,0
192079,1
192080,1
192083,0
192084,1
192087,1
192088,0
192095,0
192096,0
192098,0
192105,1
192110,0
192111,0
192113,0
192117,0
192121,0
192123,1
192128,1
192130,1
192131,0
192132,0
192133,1
192138,0
192140,0
192142,0
192144,1
192146,0
192147,0
192150,0
192151,0
192152,1
192154,1
192156,0
192161,0
192162,1
192163,0
192164,1
192165,0
192166,0
192167,1
192168,1
192169,0
192170,0
192177,0
192178,1
192179,0
192183,1
192187,1
192188,0
192190,1
192191,0
192192,0
192195,1
192198,0
192199,1
192202,0
192203,0
192206,1
192209,0
192211,1
192214,0
192215,0
192216,0
192218,1
192219,1
192222,1
192225,1
192227,0
192228,1
192229,1
192233,0
192234,0
192236,1
192239,1
192241,0
192242,0
192246,1
192247,1
192250,0
192252,1
192253,1
192259,0
192260,1
192263,0
192264,1
192265,1
192266,1
192268,1
192272,1
192273,0
192276,0
192277,1
192282,1
192285,1
192289,1
192290,0
192291,0
192292,1
192293,0
192295,0
192300,0
192302,1
192304,1
192306,1
192308,1
192309,1
192311,1
192313,0
192317,0
192320,0
192323,1
192324,0
192325,1
192327,0
192329,0
192330,0
192331,0
192332,1
192333,1
192334,1
192337,0
192338,1
192339,1
192341,0
192342,1
192343,0
192348,0
192349,1
192351,0
192352,1
192353,0
192362,0
192364,0
192365,0
192367,0
192369,1
192371,1
192373,0
192376,0
192377,0
192381,0
192384,1
192385,1
192388,1
192392,0
192395,1
192396,0
192397,1
192401,1
192403,1
192404,1
192407,1
192411,1
192415,0
192418,0
192419,1
192421,1
192424,1
192425,0
192427,1
192431,0
192433,1
192436,0
192439,1
192440,0
192442,0
192445,1
192446,1
192448,1
192449,0
192451,0
192454,0
192456,1
192457,0
192459,1
192461,0
192463,1
192464,1
192467,0
192476,1
192477,1
192479,1
192480,1
192488,0
192492,0
192493,0
192496,1
192497,1
192498,1
192500,1
192502,1
192505,1
192509,1
192510,1
192511,0
192516,0
192517,0
192518,0
192520,0
192521,0
192524,1
192525,0
192530,0
192531,0
192533,1
192536,1
192537,0
192538,1
192539,0
192540,1
192545,1
192546,1
192548,1
192549,0
192554,1
192555,0
192556,0
192558,1
192559,0
192561,0
192563,1
192565,0
192566,0
192567,1
192570,1
192571,0
192573,1
192576,1
192577,1
192578,0
192579,0
192581,1
192584,1
192586,1
192587,1
192588,0
192591,1
192596,1
192599,0
192600,0
192601,0
192603,0
192606,0
192607,0
192608,1
192612,1
192615,1
192616,0
192617,0
192618,0
192620,0
192623,0
192624,1
192625,0
192633,0
192635,1
192636,1
192642,1
192644,1
192652,1
192655,1
192656,1
192661,0
192662,1
192663,1
192666,0
192668,1
192672,1
192673,0
192674,1
192675,1
192690,1
192691,1
192692,0
192698,1
192700,1
192706,0
192709,0
192714,1
192716,1
192719,0
192720,0
192724,1
192727,0
192730,1
192733,1
192735,1
192738,0
192740,0
192741,0
192743,0
192745,1
192748,0
192751,1
192753,0
192754,1
192756,1
192757,1
192760,1
192762,1
192763,1
192764,0
192765,0
192766,0
192767,0
192768,0
192770,1
192773,1
192774,1
192778,1
192779,1
192780,1
192784,1
192785,0
192786,1
192789,1
192790,0
192792,0
192793,0
192795,0
192797,0
192798,0
192802,0
192806,0
192807,0
192809,1
192813,0
192814,0
192817,0
192820,1
192825,0
192826,1
192831,1
192833,1
192840,0
192842,1
192844,0
192845,0
192848,0
192852,0
192856,0
192858,1
192859,0
192860,1
192866,0
192868,0
192869,0
192876,0
192877,1
192879,1
192880,1
192886,0
192890,1
192891,0
192893,0
192898,0
192900,0
192902,0
192904,0
192905,1
192908,0
192909,1
192911,0
192912,1
192913,0
192915,1
192920,1
192922,0
192923,0
192934,1
192938,1
192939,0
192946,1
192949,1
192950,1
192951,1
192953,1
192956,1
192961,1
192963,0
192964,1
192965,0
192966,1
192973,1
192974,0
192982,0
192990,0
192992,1
192993,1
192994,0
192995,0
192997,0
193004,0
193005,1
193008,0
193012,0
193014,1
193019,1
193022,1
193023,1
193024,0
193025,1
193030,0
193033,0
193034,1
193035,1
193037,1
193038,0
193039,1
193040,0
193045,1
193046,1
193049,1
193050,0
193051,0
193056,0
193058,0
193060,0
193062,0
193063,1
193064,0
193065,1
193070,0
193071,1
193072,0
193075,0
193076,1
193077,1
193080,1
193084,0
193086,0
193089,0
193091,0
193096,1
193099,1
193103,1
193106,1
193109,1
193113,1
193116,1
193117,1
193121,1
193125,0
193126,1
193127,1
193128,0
193132,1
193136,1
193137,1
193144,0
193146,0
193147,0
193148,1
193151,1
193152,0
193154,0
193155,0
193156,0
193158,0
193159,1
193161,0
193162,0
193163,0
193165,1
193174,0
193175,0
193178,1
193181,0
193185,0
193186,1
193187,1
193188,0
193191,1
193193,1
193195,0
193198,1
193199,0
193206,0
193208,1
193209,0
193210,0
193212,1
193213,0
193214,0
193224,1
193227,0
193228,0
193229,0
193245,0
193246,1
193247,1
193249,1
193251,1
193254,0
193255,1
193258,1
193259,0
193260,0
193263,1
193264,1
193271,1
193272,1
193273,0
193277,1
193280,1
193283,0
193286,1
193287,1
193293,0
193299,0
193300,0
193303,0
193306,0
193309,1
193316,1
193319,1
193323,0
193324,0
193327,1
193328,0
193332,1
193336,1
193337,1
193339,1
193342,1
193344,1
193346,1
193348,0
193351,1
193352,1
193356,0
193357,1
193358,1
193359,0
193361,0
193365,0
193370,0
193372,0
193374,1
193375,0
193377,0
193380,0
193382,0
193384,1
193385,0
193390,0
193393,1
193396,1
193397,0
193398,0
193401,1
193410,0
193411,0
193413,0
193416,1
193417,1
193418,0
193420,0
193428,0
193432,0
193434,0
193435,0
193437,0
193442,0
193444,1
193446,1
193447,0
193452,1
193453,0
193454,0
193457,0
193458,0
193461,1
193464,0
193465,1
193467,0
193470,0
193472,1
193473,0
193480,0
193481,0
193485,0
193486,0
193490,0
193495,1
193497,1
193499,1
193500,0
193502,0
193509,1
193515,1
193518,0
193519,1
193520,1
193521,1
193528,0
193530,0
193531,0
193535,0
193537,1
193538,1
193540,0
193542,0
193543,0
193544,1
193548,0
193549,1
193551,1
193552,0
193559,0
193560,0
193566,0
193568,1
193570,1
193575,1
193577,1
193579,0
193582,0
193583,0
193585,1
193592,1
193595,0
193598,1
193599,1
193600,1
193601,0
193605,1
193606,0
193607,0
193609,0
193611,1
193613,1
193614,0
193615,0
193619,1
193621,0
193623,1
193626,1
193631,1
193632,0
193633,1
193634,0
193638,1
193640,0
193641,1
193648,0
193650,0
193655,0
193656,1
193658,1
193659,1
193661,1
193665,0
193666,1
193671,0
193673,1
193678,1
193680,1
193681,1
193686,0
193692,0
193693,1
193694,1
193695,0
193700,1
193705,0
193710,0
193711,0
193712,1
193713,0
193718,0
193720,1
193723,1
193730,1
193737,1
193739,1
193740,1
193748,0
193750,1
193754,0
193756,0
193759,1
193760,1
193761,1
193762,0
193767,1
193769,1
193773,0
193774,0
193775,0
193777,1
193779,0
193780,0
193787,0
193789,0
193793,1
193797,1
193800,0
193801,1
193804,0
193807,1
193811,1
193814,1
193819,1
193821,0
193827,0
193832,0
193834,0
193837,1
193841,0
193844,0
193845,1
193848,1
193850,1
193854,0
193857,0
193860,1
193861,0
193864,1
193867,0
193868,1
193869,0
193876,0
193878,1
193879,1
193881,1
193882,0
193884,0
193885,0
193886,0
193889,0
193895,1
193899,1
193905,0
193906,1
193908,1
193910,1
193911,1
193915,0
193922,1
193924,0
193925,0
193934,0
193937,1
193940,1
193942,0
193945,0
193946,0
193948,0
193950,1
193951,0
193952,1
193953,0
193954,0
193956,0
193959,0
193960,0
193964,1
193968,0
193970,0
193971,0
193978,0
193988,0
193990,0
193992,1
193996,0
193997,1
194001,1
194004,0
194005,1
194009,0
194013,0
194014,1
194016,1
194023,0
194024,1
194025,1
194026,1
194027,0
194029,0
194031,0
194034,0
194040,0
194043,0
194046,1
194047,0
194052,0
194057,1
194061,1
194062,0
194069,1
194070,0
194071,1
194074,0
194075,1
194076,1
194079,1
194083,0
194084,0
194086,1
194087,1
194089,1
194090,1
194091,1
194092,0
194094,1
194095,1
194098,1
194099,1
194102,0
194105,1
194106,0
194112,1
194115,1
194116,1
194120,1
194123,0
194126,1
194131,0
194134,0
194137,0
194138,1
194139,1
194145,0
194146,0
194149,1
194152,1
194153,0
194154,0
194156,0
194161,0
194167,1
194168,0
194174,0
194175,0
194177,1
194178,1
194179,1
194180,1
194183,1
194188,0
194189,0
194192,1
194193,1
194195,0
194197,0
194203,1
194204,1
194206,0
194207,1
194208,0
194216,0
194219,0
194220,1
194224,1
194225,1
194226,1
194228,1
194229,0
194230,1
194232,0
194233,1
194234,0
194235,0
194239,0
194250,0
194252,0
194254,1
194255,0
194258,0
194259,1
194262,0
194263,1
194265,0
194269,1
194273,0
194275,0
194279,0
194283,1
194287,0
194288,0
194289,1
194298,1
194299,1
194301,1
194302,0
194303,0
194305,0
194307,0
194309,1
194312,0
194313,1
194316,0
194321,0
194323,1
194327,1
194328,1
194329,1
194330,1
194334,0
194336,0
194337,0
194338,1
194340,1
194347,0
194350,1
194352,1
194353,0
194354,0
194357,0
194358,1
194361,0
194362,0
194365,0
194366,0
194370,1
194374,1
194376,1
194379,1
194380,0
194381,1
194382,1
194384,1
194385,1
194388,1
194389,1
194390,1
194392,1
194393,0
194394,1
194398,1
194401,0
194404,1
194407,1
194411,1
194412,0
194416,0
194423,0
194426,0
194433,0
194435,1
194436,1
194437,0
194439,1
194440,1
194445,0
194446,1
194448,1
194449,0
194452,1
194453,1
194455,0
194458,1
194460,0
194462,1
194463,1
194464,0
194467,0
194468,1
194469,0
194471,1
194472,1
194473,0
194477,0
194479,1
194486,1
194487,1
194491,1
194495,1
194496,0
194498,0
194502,0
194506,1
194509,0
194510,1
194514,0
194516,0
194519,1
194520,1
194522,1
194523,0
194524,0
194527,0
194533,1
194536,0
194537,0
194549,1
194551,1
194552,0
194554,0
194557,0
194559,1
194560,0
194563,1
194570,0
194575,0
194577,0
194578,0
194584,1
194585,0
194588,1
194592,0
194595,0
194596,0
194598,1
194599,0
194601,0
194603,0
194604,0
194608,1
194618,0
194619,1
194620,1
194622,1
194623,0
194628,1
194630,0
194631,1
194632,0
194633,1
194635,0
194636,1
194638,0
194639,1
194641,1
194643,0
194644,1
194645,0
194646,0
194647,1
194650,1
194655,0
194656,0
194657,1
194658,1
194668,0
194669,1
194671,1
194672,1
194674,1
194675,0
194677,1
194679,1
194684,0
194685,0
194692,1
194693,1
194698,0
194701,1
194702,0
194703,0
194705,0
194712,0
194714,1
194715,0
194720,1
194721,0
194723,0
194727,0
194730,0
194733,1
194734,1
194741,0
194742,0
194744,1
194746,0
194748,0
194751,0
194752,1
194753,1
194758,1
194759,0
194762,1
194764,0
194770,1
194771,0
194772,1
194775,1
194778,1
194784,0
194786,0
194788,1
194790,0
194797,1
194803,1
194805,0
194807,0
194810,1
194817,0
194818,0
194820,1
194825,1
194826,1
194827,0
194828,1
194834,0
194835,0
194838,0
194841,1
194845,1
194849,0
194856,1
194857,0
194859,0
194860,0
194861,0
194862,0
194863,0
194866,1
194867,1
194870,0
194871,0
194872,0
194873,1
194875,0
194876,0
194877,1
194879,1
194880,0
194885,0
194888,0
194889,0
194890,0
194893,0
194895,0
194896,0
194897,0
194900,0
194906,0
194908,0
194909,1
194915,0
194919,0
194922,0
194923,1
194924,1
194928,0
194929,1
194931,0
194932,1
194934,0
194937,1
194941,1
194942,0
194944,0
194946,1
194951,1
194956,0
194957,1
194963,1
194965,1
194969,1
194973,1
194983,1
194985,0
194988,1
194990,1
194992,0
194994,1
194995,1
194996,1
194999,1
195000,1
195005,1
195006,1
195007,0
195010,0
195019,1
195020,0
195021,1
195024,1
195027,0
195031,1
195036,0
195043,0
195048,1
195052,1
195055,0
195057,1
195058,0
195059,1
195060,0
195062,0
195063,0
195072,0
195076,1
195080,0
195081,1
195082,0
195090,0
195095,0
195096,0
195097,1
195098,1
195099,0
195100,1
195101,0
195107,1
195113,0
195114,0
195115,0
195118,0
195119,1
195123,0
195124,1
195128,0
195131,0
195135,0
195136,0
195137,0
195140,1
195143,0
195145,1
195146,0
195155,0
195157,0
195158,0
195159,0
195163,0
195167,0
195168,0
195171,1
195172,1
195173,0
195174,0
195179,0
195182,1
195185,1
195187,0
195193,0
195196,0
195203,1
195204,1
195207,1
195211,1
195214,1
195218,0
195221,1
195228,0
195231,1
195232,1
195235,0
195237,0
195238,1
195239,1
195242,1
195249,0
195250,0
195254,1
195255,1
195258,1
195260,0
195263,0
195266,1
195268,1
195269,1
195271,1
195272,0
195274,1
195276,0
195277,1
195278,1
195281,0
195283,0
195285,1
195287,1
195296,1
195299,1
195300,0
195302,0
195303,1
195306,0
195307,1
195308,1
195310,0
195311,0
195313,0
195321,0
195322,1
195325,1
195326,1
195328,0
195330,1
195331,1
195336,0
195337,1
195338,0
195340,1
195346,0
195349,0
195351,0
195357,1
195358,1
195359,0
195362,1
195363,1
195364,1
195365,1
195366,1
195368,1
195371,0
195376,0
195380,1
195381,0
195386,1
195390,0
195393,0
195395,0
195396,1
195397,0
195398,0
195400,0
195402,1
195403,1
195404,1
195405,0
195411,0
195412,0
195414,0
195417,1
195418,0
195420,1
195423,0
195424,0
195426,1
195430,0
195431,0
195432,0
195436,1
195437,0
195440,1
195444,1
195445,1
195448,0
195449,1
195450,0
195452,0
195453,1
195454,1
195458,0
195460,0
195466,0
195469,0
195470,0
195471,1
195472,0
195475,0
195481,0
195489,1
195490,1
195492,0
195494,0
195495,1
195498,1
195500,0
195502,0
195505,0
195506,0
195507,1
195508,1
195510,0
195514,0
195515,1
195516,1
195518,0
195519,0
195521,0
195522,1
195523,1
195525,1
195526,0
195528,0
195529,0
195531,0
195533,0
195534,0
195537,0
195539,1
195540,0
195542,0
195543,0
195545,1
195546,0
195547,0
195553,1
195554,0
195556,1
195557,0
195559,0
195561,0
195562,0
195566,0
195570,1
195571,1
195572,0
195573,1
195577,1
195585,1
195587,0
195588,0
195590,0
195593,0
195596,1
195597,1
195600,0
195601,1
195602,0
195604,0
195605,0
195606,1
195609,0
195611,1
195614,0
195616,0
195621,0
195622,0
195623,0
195624,1
195625,1
195628,0
195629,1
195630,0
195633,0
195637,0
195638,0
195639,1
195640,0
195642,0
195643,1
195652,0
195653,0
195655,1
195657,0
195660,0
195666,0
195668,1
195669,1
195671,0
195674,1
195678,1
195680,1
195683,1
195684,1
195685,1
195688,1
195694,0
195696,1
195701,1
195702,0
195704,1
195705,1
195707,0
195708,1
195709,0
195713,1
195717,1
195718,0
195721,1
195723,0
195724,1
195728,0
195731,0
195734,0
195737,0
195739,1
195740,1
195743,1
195744,0
195745,0
195746,0
195754,0
195756,0
195760,1
195762,0
195765,0
195766,1
195767,0
195770,0
195774,1
195775,0
195780,1
195783,0
195784,0
195788,1
195796,0
195797,0
195798,1
195801,0
195803,0
195804,0
195805,0
195808,1
195809,1
195812,0
195818,1
195819,0
195821,1
195822,0
195828,0
195830,1
195832,1
195833,0
195835,0
195836,1
195840,1
195844,0
195849,0
195851,0
195852,0
195855,0
195858,0
195860,1
195863,1
195869,1
195874,0
195877,0
195878,1
195880,1
195887,0
195888,0
195889,1
195891,1
195893,1
195894,0
195897,0
195899,0
195900,0
195906,1
195911,0
195913,0
195915,0
195917,1
195919,1
195920,1
195921,0
195923,0
195925,0
195927,1
195931,0
195935,0
195938,1
195939,1
195942,1
195944,1
195949,0
195950,0
195951,1
195954,1
195957,0
195961,1
195965,1
195966,0
195970,1
195971,1
195973,0
195975,0
195977,0
195978,0
195982,1
195983,0
195997,1
196004,0
196005,1
196012,1
196013,1
196020,0
196022,0
196024,0
196026,1
196027,0
196028,0
196029,0
196031,0
196033,1
196034,1
196038,1
196041,0
196043,1
196044,0
196047,0
196052,0
196056,1
196061,1
196064,0
196065,0
196066,1
196068,0
196073,1
196074,1
196075,0
196077,0
196079,0
196080,1
196084,0
196086,1
196087,1
196090,1
196092,1
196095,0
196097,1
196098,1
196099,0
196101,1
196103,1
196105,0
196108,1
196109,0
196110,0
196111,1
196113,0
196114,0
196115,0
196124,0
196126,0
196129,0
196130,1
196134,1
196137,1
196138,0
196139,1
196141,1
196145,1
196148,1
196150,0
196153,0
196155,1
196157,0
196158,0
196159,1
196161,0
196162,0
196163,0
196165,1
196166,1
196173,0
196175,0
196183,0
196186,1
196187,1
196192,1
196193,0
196194,0
196195,1
196198,1
196200,1
196203,1
196206,1
196207,0
196210,0
196211,1
196212,1
196215,0
196216,0
196217,0
196228,0
196231,1
196232,0
196233,0
196235,1
196238,1
196239,1
196242,0
196244,0
196246,0
196247,1
196251,0
196253,1
196255,0
196256,0
196259,0
196264,0
196266,0
196267,0
196270,1
196271,1
196272,1
196273,1
196274,1
196279,1
196281,0
196283,0
196284,1
196287,1
196294,0
196295,1
196298,1
196299,1
196305,1
196306,0
196308,0
196312,0
196315,1
196316,1
196317,0
196322,1
196326,0
196327,0
196329,1
196333,1
196336,1
196341,0
196344,1
196345,1
196351,0
196352,1
196354,0
196358,0
196359,1
196362,0
196367,1
196372,1
196373,1
196375,1
196376,1
196379,1
196381,1
196383,1
196384,0
196388,0
196390,0
196392,0
196395,1
196396,1
196398,0
196401,1
196402,1
196403,0
196404,1
196405,0
196406,0
196407,1
196408,0
196413,0
196414,1
196416,1
196418,0
196419,0
196423,1
196427,0
196429,0
196430,1
196435,1
196439,0
196440,1
196442,0
196443,0
196449,0
196451,0
196452,0
196453,0
196456,0
196457,0
196464,0
196466,1
196467,1
196468,0
196469,1
196470,0
196472,1
196473,1
196474,0
196475,1
196484,0
196485,1
196486,0
196487,0
196489,0
196490,0
196492,0
196493,0
196495,0
196497,1
196499,0
196501,0
196506,0
196508,0
196510,0
196516,0
196520,1
196521,1
196526,0
196527,1
196529,0
196534,0
196540,1
196548,0
196552,0
196553,1
196556,0
196557,0
196560,0
196564,0
196565,0
196568,1
196570,1
196571,0
196573,1
196576,1
196577,1
196580,1
196583,0
196590,1
196591,1
196592,1
196595,1
196596,0
196597,1
196598,1
196599,0
196601,1
196604,0
196607,0
196608,0
196610,1
196616,1
196621,0
196624,0
196627,0
196628,1
196629,1
196630,0
196635,1
196638,0
196639,1
196640,1
196648,0
196649,0
196650,0
196652,0
196654,1
196656,0
196657,0
196661,1
196667,1
196671,1
196674,1
196675,1
196678,0
196684,0
196685,0
196688,0
196689,0
196692,1
196693,0
196694,0
196695,1
196696,1
196697,0
196704,1
196705,1
196706,0
196707,1
196714,0
196719,1
196721,1
196723,0
196724,1
196726,1
196727,0
196733,1
196735,1
196736,0
196737,0
196740,0
196743,0
196745,0
196746,0
196748,1
196749,0
196755,0
196756,0
196761,1
196765,1
196766,0
196777,1
196781,0
196786,1
196787,1
196788,1
196790,0
196794,0
196796,1
196799,1
196801,1
196803,1
196806,0
196807,0
196809,1
196810,0
196816,1
196821,0
196822,1
196823,0
196832,0
196833,1
196834,1
196835,0
196838,0
196846,1
196851,1
196852,1
196855,0
196859,1
196866,0
196873,1
196874,0
196877,1
196880,0
196881,0
196882,1
196887,1
196891,1
196893,1
196894,1
196900,1
196901,0
196905,1
196906,1
196908,1
196911,0
196914,0
196915,0
196917,1
196918,0
196920,1
196921,0
196923,1
196924,0
196926,1
196927,0
196928,1
196929,0
196933,0
196939,0
196941,1
196945,1
196946,1
196947,0
196948,1
196949,1
196951,1
196952,1
196955,1
196958,0
196959,1
196960,0
196961,0
196962,1
196963,1
196968,0
196969,1
196971,0
196972,0
196973,1
196976,0
196987,0
196994,0
197001,0
197002,1
197006,0
197008,0
197009,1
197011,0
197012,0
197015,1
197024,1
197027,1
197033,0
197041,0
197042,1
197045,1
197049,0
197055,1
197061,1
197064,0
197066,0
197067,0
197068,1
197069,0
197072,0
197073,0
197078,1
197080,0
197085,1
197089,0
197094,1
197096,1
197097,1
197101,0
197103,1
197104,0
197107,0
197109,1
197111,0
197114,0
197118,1
197119,0
197120,0
197121,1
197123,1
197124,0
197131,0
197133,0
197135,1
197139,0
197142,1
197148,1
197151,0
197155,1
197156,0
197157,1
197158,1
197161,1
197164,0
197165,0
197167,1
197169,0
197172,1
197173,1
197181,0
197183,1
197185,0
197187,0
197188,1
197189,1
197192,1
197194,0
197195,0
197197,1
197198,1
197199,0
197208,0
197211,0
197212,0
197213,0
197214,1
197215,1
197216,0
197217,1
197218,1
197220,1
197223,1
197225,1
197227,0
197228,1
197229,0
197232,0
197233,0
197234,0
197235,0
197238,0
197239,1
197240,0
197242,0
197243,0
197244,0
197246,0
197248,1
197249,0
197252,0
197253,0
197254,0
197262,0
197263,0
197264,0
197267,0
197269,0
197270,1
197271,1
197272,1
197273,1
197274,1
197275,0
197276,0
197278,0
197279,0
197284,0
197288,0
197289,0
197294,1
197295,0
197297,0
197298,1
197303,1
197307,0
197308,0
197309,0
197310,0
197311,0
197312,0
197314,0
197316,0
197318,1
197319,0
197323,0
197325,0
197326,0
197328,1
197329,0
197331,0
197333,1
197334,0
197335,0
197336,1
197337,1
197338,0
197340,1
197343,1
197344,1
197345,0
197346,0
197348,1
197354,0
197356,0
197357,1
197359,0
197360,1
197365,1
197366,1
197375,1
197377,0
197379,0
197380,0
197384,1
197388,0
197389,1
197392,1
197393,1
197396,0
197397,0
197398,0
197399,0
197402,1
197404,0
197411,1
197414,0
197419,1
197424,1
197426,0
197427,1
197428,0
197429,0
197431,1
197433,0
197434,1
197435,1
197436,0
197438,0
197440,1
197443,1
197444,0
197446,0
197447,0
197449,0
197450,0
197451,1
197452,1
197453,0
197455,0
197467,0
197475,0
197478,0
197481,0
197482,1
197483,0
197486,0
197490,1
197492,1
197494,1
197495,1
197497,0
197501,0
197503,0
197504,0
197506,0
197509,0
197510,1
197512,0
197514,1
197518,1
197521,0
197522,0
197525,0
197527,1
197528,0
197529,1
197530,1
197539,0
197541,0
197542,1
197543,1
197545,0
197546,1
197551,0
197552,1
197554,0
197555,0
197558,0
197563,0
197564,1
197565,1
197568,0
197569,0
197571,0
197574,1
197579,0
197580,1
197582,0
197584,1
197586,1
197593,0
197596,1
197597,1
197602,0
197607,0
197612,0
197613,1
197615,0
197618,0
197623,1
197627,0
197630,1
197634,1
197635,0
197636,1
197638,0
197640,0
197641,0
197642,0
197645,1
197648,0
197650,1
197651,0
197657,1
197659,0
197660,0
197661,0
197663,0
197664,0
197667,1
197668,0
197673,1
197674,0
197676,0
197678,0
197679,0
197680,1
197682,0
197683,0
197688,1
197689,1
197690,1
197694,0
197700,1
197706,1
197707,0
197708,1
197710,1
197711,0
197716,0
197718,0
197719,0
197720,1
197721,0
197722,0
197726,1
197728,0
197730,0
197731,0
197732,0
197733,0
197735,0
197736,1
197745,0
197747,1
197748,0
197749,1
197750,0
197754,0
197755,0
197757,1
197759,0
197762,0
197765,0
197766,0
197767,1
197771,1
197772,1
197773,1
197774,0
197775,1
197777,0
197778,1
197784,1
197785,1
197787,0
197789,0
197794,0
197798,1
197800,1
197803,1
197808,0
197809,1
197814,1
197816,0
197817,1
197820,1
197826,0
197828,1
197829,1
197835,0
197836,1
197837,0
197844,0
197849,1
197852,1
197855,1
197864,1
197867,0
197868,0
197871,1
197874,1
197878,0
197879,0
197883,0
197884,1
197886,0
197890,0
197891,1
197894,0
197901,0
197902,0
197903,0
197904,1
197909,0
197914,0
197915,0
197919,1
197922,0
197924,1
197926,1
197930,0
197935,1
197936,0
197938,1
197939,1
197945,0
197946,1
197948,0
197949,1
197954,0
197955,1
197956,1
197967,0
197971,0
197974,0
197975,0
197978,0
197979,1
197981,1
197985,1
197987,0
197989,0
197991,1
198000,1
198002,0
198005,1
198008,1
198011,1
198013,1
198018,1
198022,0
198024,1
198028,1
198029,0
198030,1
198031,0
198034,1
198035,0
198037,1
198038,0
198042,0
198043,0
198044,1
198045,0
198049,1
198051,0
198052,0
198054,1
198056,0
198057,1
198058,0
198059,0
198061,1
198063,1
198064,1
198065,0
198066,1
198067,0
198068,1
198069,0
198070,1
198071,0
198073,0
198076,1
198078,1
198082,0
198084,0
198085,1
198086,0
198087,0
198088,0
198091,0
198095,0
198103,1
198105,0
198106,0
198108,0
198110,0
198113,1
198115,0
198116,1
198118,1
198121,0
198125,1
198127,0
198130,1
198132,1
198136,0
198137,1
198140,0
198141,0
198142,0
198145,0
198146,0
198151,0
198154,1
198155,0
198158,1
198160,0
198164,0
198166,0
198167,1
198168,1
198172,0
198174,0
198175,1
198177,0
198178,1
198182,1
198186,1
198187,1
198192,1
198193,1
198194,0
198195,0
198196,0
198199,0
198203,1
198204,1
198205,1
198206,0
198209,0
198213,1
198214,0
198217,0
198219,1
198221,1
198222,0
198224,1
198225,1
198227,0
198229,1
198230,1
198232,0
198233,0
198234,0
198235,1
198236,0
198239,0
198242,1
198247,0
198248,1
198251,0
198252,0
198253,1
198254,0
198255,0
198256,0
198259,1
198262,1
198264,0
198265,0
198267,1
198271,1
198273,1
198275,0
198276,1
198277,0
198288,0
198291,0
198294,1
198296,0
198300,0
198302,0
198308,1
198309,1
198311,0
198319,1
198323,0
198324,0
198326,0
198327,1
198331,0
198333,1
198337,1
198339,0
198341,1
198343,0
198344,0
198346,1
198349,0
198350,0
198351,0
198352,1
198353,1
198356,1
198357,0
198359,0
198361,0
198365,1
198366,1
198367,1
198374,1
198376,1
198379,1
198382,0
198383,1
198385,0
198387,1
198388,1
198395,0
198397,1
198405,1
198406,0
198408,0
198409,1
198411,0
198414,0
198416,0
198417,1
198420,0
198424,0
198428,1
198431,0
198434,0
198435,1
198436,1
198437,0
198439,1
198440,0
198441,0
198442,1
198445,1
198446,1
198453,1
198454,1
198456,0
198458,0
198464,1
198465,0
198467,0
198469,0
198473,1
198475,1
198481,1
198482,0
198483,1
198486,0
198487,0
198489,0
198491,1
198493,1
198497,0
198503,0
198504,1
198506,0
198512,0
198518,0
198521,1
198524,1
198525,0
198528,1
198529,0
198530,0
198534,1
198535,0
198538,0
198539,0
198543,1
198547,1
198550,0
198552,0
198556,1
198557,0
198558,1
198559,1
198560,0
198561,1
198567,1
198568,1
198569,1
198575,0
198576,0
198577,0
198582,0
198583,1
198585,1
198588,1
198592,1
198593,0
198595,0
198596,0
198597,0
198603,1
198606,1
198607,0
198608,0
198610,0
198613,0
198614,0
198616,1
198620,0
198622,0
198629,1
198630,1
198632,1
198635,1
198636,1
198639,1
198641,1
198643,1
198644,0
198645,0
198646,0
198652,0
198658,1
198660,0
198662,0
198664,1
198665,0
198666,1
198667,1
198669,0
198670,1
198672,0
198674,0
198676,0
198682,0
198683,1
198685,0
198686,1
198689,0
198692,0
198695,0
198696,1
198698,1
198704,0
198705,0
198706,0
198707,1
198708,0
198711,1
198713,0
198715,1
198716,0
198717,1
198719,0
198721,0
198723,0
198724,1
198725,0
198726,1
198727,0
198728,0
198729,1
198730,1
198731,1
198732,0
198734,1
198736,0
198738,1
198739,0
198742,0
198743,0
198744,0
198745,1
198748,1
198751,1
198756,1
198758,1
198762,0
198766,0
198769,0
198772,1
198775,1
198776,1
198779,1
198780,0
198783,0
198784,1
198785,1
198786,1
198787,1
198789,0
198794,0
198798,1
198804,1
198805,1
198806,1
198809,1
198814,1
198816,1
198818,1
198820,0
198822,1
198825,1
198835,1
198836,1
198839,1
198843,1
198844,0
198846,0
198847,0
198848,1
198851,0
198855,1
198861,0
198864,0
198865,1
198866,0
198867,0
198868,1
198871,1
198872,0
198874,1
198875,1
198880,0
198886,0
198888,1
198900,0
198901,0
198905,1
198906,1
198908,0
198910,0
198911,1
198912,0
198914,1
198918,1
198921,1
198923,0
198924,0
198927,1
198930,1
198935,1
198941,1
198944,1
198947,1
198950,1
198955,0
198958,1
198961,0
198963,0
198964,0
198965,1
198971,0
198974,1
198976,0
198977,1
198980,1
198981,1
198983,1
198984,0
198985,1
198988,0
198994,0
198997,0
198999,0
199000,1
199001,1
199009,0
199013,1
199014,1
199016,0
199017,1
199020,0
199025,1
199028,0
199030,0
199031,0
199038,1
199041,0
199046,1
199047,1
199048,0
199051,0
199053,0
199054,1
199056,1
199058,0
199062,1
199063,1
199064,1
199071,0
199072,1
199073,0
199074,0
199079,0
199080,0
199087,0
199089,1
199090,0
199091,0
199095,0
199102,0
199103,1
199105,0
199106,1
199112,0
199115,1
199117,0
199119,1
199121,1
199123,1
199124,1
199126,0
199128,1
199129,0
199131,0
199132,1
199137,0
199138,0
199142,0
199144,0
199150,0
199152,1
199153,0
199155,0
199156,1
199157,0
199160,0
199161,0
199164,1
199165,1
199166,1
199171,0
199172,1
199173,1
199175,0
199176,1
199179,0
199183,1
199189,0
199191,0
199192,1
199195,0
199196,1
199200,0
199203,1
199207,1
199209,0
199211,1
199214,1
199216,1
199217,1
199218,0
199219,0
199220,0
199228,1
199230,0
199238,1
199240,1
199241,0
199243,1
199244,1
199245,0
199247,1
199250,1
199252,1
199255,0
199256,0
199257,0
199258,1
199264,1
199265,0
199274,1
199277,1
199281,0
199282,0
199283,1
199285,1
199286,0
199293,0
199295,1
199302,0
199311,0
199314,1
199319,0
199323,1
199324,0
199327,1
199328,0
199329,0
199330,1
199331,1
199338,0
199341,0
199342,1
199344,1
199351,1
199352,1
199356,0
199357,1
199359,0
199360,1
199365,0
199366,1
199367,1
199370,0
199371,1
199372,0
199374,1
199375,0
199376,1
199377,0
199378,0
199382,1
199384,1
199388,0
199392,1
199393,0
199394,1
199396,0
199397,0
199398,0
199404,0
199406,0
199410,1
199411,1
199415,1
199417,0
199419,1
199422,0
199426,1
199427,1
199429,0
199431,0
199434,1
199436,1
199437,0
199440,1
199441,0
199442,1
199447,1
199449,1
199453,0
199454,0
199459,1
199466,0
199469,1
199476,0
199477,0
199479,1
199480,1
199483,1
199484,1
199487,0
199489,1
199490,0
199491,1
199492,1
199494,0
199495,0
199502,1
199506,1
199509,0
199512,1
199515,0
199516,1
199519,0
199523,0
199524,0
199528,1
199529,0
199530,0
199531,1
199532,1
199535,0
199536,0
199543,0
199549,0
199551,0
199559,1
199561,1
199562,1
199564,0
199567,1
199569,0
199571,0
199579,1
199580,1
199581,1
199588,0
199589,0
199590,1
199591,1
199595,1
199597,0
199600,1
199601,1
199603,0
199604,1
199605,1
199606,1
199607,0
199608,1
199609,1
199610,1
199611,0
199615,0
199617,1
199618,0
199620,0
199621,0
199622,0
199624,1
199625,1
199626,0
199628,0
199630,0
199634,1
199635,0
199643,0
199647,1
199654,0
199659,0
199661,0
199662,0
199667,0
199671,1
199672,0
199675,1
199677,1
199679,1
199680,0
199682,0
199688,0
199690,1
199691,1
199693,1
199705,1
199706,0
199709,0
199710,1
199711,0
199713,1
199714,1
199715,0
199717,0
199718,0
199720,0
199724,1
199725,1
199726,0
199727,0
199730,1
199731,0
199732,1
199733,0
199735,0
199738,0
199740,1
199741,0
199742,0
199743,0
199745,1
199746,0
199747,0
199749,0
199752,0
199755,0
199756,0
199758,0
199761,1
199765,1
199766,1
199767,0
199768,1
199773,0
199778,1
199783,0
199784,1
199785,0
199786,0
199787,1
199788,0
199792,0
199794,0
199796,0
199800,1
199802,0
199806,1
199807,1
199808,0
199809,1
199811,1
199813,1
199815,0
199819,1
199820,0
199823,1
199825,0
199826,0
199828,1
199829,1
199830,0
199838,0
199840,0
199848,0
199856,0
199858,1
199862,1
199863,0
199864,0
199865,1
199868,0
199875,0
199876,0
199877,0
199879,1
199880,1
199884,1
199885,0
199886,0
199887,0
199888,0
199890,0
199891,1
199898,1
199900,1
199903,1
199907,1
199911,0
199913,1
199916,1
199917,0
199918,1
199922,1
199926,1
199930,1
199935,0
199936,1
199938,0
199939,1
199942,1
199947,1
199948,1
199950,1
199955,0
199957,0
199958,0
199961,0
199964,1
199965,1
199967,0
199968,0
199970,1
199971,1
199972,1
199973,0
199977,1
199978,0
199979,0
199981,0
199982,0
199983,1
199985,1
199986,1
199987,1
199991,0
199995,1
199996,1
199997,0
199998,1
199999,0
200000,1
200002,1
200003,0
200005,0
200008,1
200009,1
200010,1
200016,0
200021,0
200024,0
200025,1
200027,0
200030,0
200034,0
200036,1
200038,0
200040,0
200041,0
200045,0
200047,1
200049,1
200050,1
200052,1
200053,1
200054,1
200055,0
200056,1
200057,1
200058,1
200059,0
200067,0
200068,1
200077,1
200078,0
200079,0
200083,0
200085,0
200092,1
200093,0
200097,0
200099,0
200102,0
200104,1
200105,0
200106,1
200107,0
200108,0
200109,0
200112,0
200113,0
200115,0
200116,1
200118,0
200125,1
200126,1
200131,1
200132,1
200133,1
200134,0
200137,0
200139,1
200140,1
200142,1
200144,1
200145,1
200147,1
200148,1
200149,0
200150,0
200151,0
200154,1
200156,1
200161,1
200163,0
200166,0
200167,0
200169,1
200170,1
200171,1
200172,0
200174,1
200176,1
200178,0
200181,0
200183,0
200184,1
200185,0
200187,0
200190,0
200193,1
200194,0
200195,0
200198,0
200200,0
200202,0
200203,0
200204,1
200207,1
200208,1
200209,1
200210,1
200212,1
200214,0
200217,0
200218,1
200222,1
200223,1
200226,1
200227,0
200228,1
200230,0
200232,1
200233,1
200235,1
200236,0
200242,0
200243,0
200244,1
200245,1
200246,1
200250,0
200252,0
200255,0
200257,0
200258,1
200259,0
200261,0
200264,1
200265,1
200266,0
200268,1
200269,0
200270,0
200272,0
200274,0
200276,0
200278,0
200282,1
200285,0
200287,1
200294,1
200300,0
200301,1
200306,0
200308,1
200310,1
200311,1
200313,1
200319,1
200320,1
200322,1
200323,1
200325,1
200326,0
200331,0
200332,0
200338,0
200342,1
200343,1
200346,0
200351,0
200354,1
200356,0
200362,0
200365,1
200366,0
200372,0
200376,0
200379,1
200380,1
200382,1
200383,0
200387,1
200389,1
200390,0
200391,1
200392,1
200393,0
200394,0
200396,1
200397,0
200400,1
200405,1
200410,1
200416,1
200417,1
200419,1
200421,1
200423,1
200426,1
200430,1
200431,0
200432,0
200434,0
200435,0
200438,0
200440,1
200441,0
200442,0
200444,1
200445,0
200446,1
200450,0
200451,1
200453,0
200456,1
200458,1
200459,1
200460,0
200461,0
200465,1
200466,1
200469,0
200473,1
200474,0
200475,1
200479,0
200481,1
200486,1
200492,1
200502,0
200503,1
200504,0
200506,1
200508,0
200510,1
200512,0
200513,0
200514,1
200516,1
200523,0
200524,0
200526,1
200527,0
200529,1
200532,1
200533,1
200534,1
200536,0
200540,0
200541,0
200544,0
200546,1
200551,0
200553,0
200558,1
200559,1
200563,1
200566,0
200568,1
200571,1
200572,0
200573,0
200576,1
200579,1
200581,0
200582,1
200585,0
200586,1
200590,0
200594,0
200596,0
200598,0
200601,1
200603,0
200607,0
200608,0
200609,1
200611,1
200614,1
200617,1
200618,0
200622,1
200623,0
200632,0
200633,1
200634,0
200636,1
200642,1
200643,1
200645,1
200647,1
200648,1
200649,1
200656,0
200657,0
200663,1
200669,0
200670,1
200671,1
200678,0
200679,1
200682,0
200683,0
200685,0
200686,0
200688,0
200690,1
200691,1
200692,1
200695,0
200696,1
200698,0
200699,1
200700,1
200707,0
200708,1
200710,1
200714,0
200716,1
200718,1
200720,1
200723,0
200727,1
200735,0
200738,1
200745,1
200746,0
200747,1
200748,1
200751,0
200755,0
200757,0
200758,1
200761,0
200765,0
200766,0
200768,1
200769,1
200770,0
200771,0
200772,0
200773,0
200774,0
200776,1
200777,1
200778,1
200779,1
200781,1
200782,1
200783,0
200784,0
200785,0
200788,0
200793,0
200794,0
200796,0
200801,1
200806,0
200808,1
200812,0
200814,1
200815,0
200819,1
200820,1
200821,1
200822,1
200824,0
200827,0
200828,1
200829,1
200832,0
200835,1
200840,1
200841,0
200843,0
200845,0
200847,0
200849,0
200850,1
200851,1
200852,1
200854,0
200856,1
200861,1
200862,0
200863,1
200869,1
200870,0
200871,0
200872,1
200873,0
200874,0
200878,1
200879,1
200882,0
200883,0
200886,0
200887,0
200889,1
200893,0
200895,1
200897,1
200898,1
200899,1
200902,0
200903,0
200905,0
200907,0
200908,0
200910,1
200913,1
200915,0
200916,0
200918,0
200920,1
200922,1
200923,0
200927,0
200930,1
200931,1
200933,0
200936,1
200939,0
200940,1
200941,0
200944,0
200945,1
200947,1
200948,0
200950,0
200951,1
200959,0
200961,1
200962,0
200967,0
200969,0
200970,1
200971,1
200973,0
200975,1
200979,0
200981,1
200982,0
200984,1
200987,0
200988,1
200990,0
200994,1
201001,0
201002,1
201006,0
201007,1
201008,1
201009,0
201015,1
201016,1
201017,0
201020,1
201023,0
201025,0
201027,1
201030,0
201031,0
201036,0
201037,0
201040,0
201042,1
201045,1
201046,1
201047,0
201049,1
201050,0
201052,1
201054,1
201056,0
201064,1
201065,1
201067,1
201070,0
201071,1
201074,0
201075,1
201077,0
201078,0
201082,1
201085,0
201088,0
201093,0
201100,1
201101,0
201104,1
201105,1
201110,0
201112,1
201114,1
201118,0
201121,1
201123,1
201124,0
201126,1
201135,0
201136,1
201137,1
201140,0
201143,0
201147,1
201149,0
201156,0
201157,0
201158,0
201159,0
201161,0
201163,1
201166,1
201168,1
201170,1
201171,1
201172,0
201173,0
201175,1
201176,0
201177,1
201178,0
201185,0
201190,1
201192,1
201193,0
201194,0
201195,0
201196,1
201198,1
201201,0
201206,1
201209,0
201214,0
201217,0
201218,0
201219,0
201220,0
201222,1
201227,1
201230,0
201232,0
201236,0
201238,1
201240,0
201241,1
201249,1
201250,1
201252,0
201253,0
201255,0
201256,1
201258,0
201259,0
201261,0
201265,1
201266,1
201267,1
201269,1
201272,0
201274,1
201276,1
201277,1
201279,0
201280,1
201282,0
201285,1
201297,0
201298,0
201300,1
201301,0
201303,1
201304,1
201305,0
201309,0
201310,0
201311,1
201315,0
201316,0
201317,1
201319,1
201320,0
201321,0
201322,0
201325,0
201326,1
201329,0
201331,0
201334,1
201335,0
201336,1
201337,1
201338,1
201340,1
201342,0
201344,1
201350,0
201352,0
201353,1
201356,1
201359,1
201361,1
201363,1
201365,1
201368,0
201369,1
201371,0
201373,1
201375,0
201384,0
201385,0
201386,0
201387,0
201393,1
201396,1
201398,0
201399,0
201401,0
201407,1
201409,0
201410,0
201414,0
201416,1
201418,0
201420,0
201422,1
201427,0
201428,0
201429,1
201430,0
201435,1
201436,0
201437,0
201438,1
201442,1
201443,0
201446,1
201447,0
201453,0
201457,1
201458,0
201459,0
201462,1
201463,0
201465,1
201466,0
201468,1
201469,1
201473,1
201474,0
201475,0
201477,1
201479,0
201480,1
201482,1
201483,0
201484,0
201488,0
201490,1
201493,0
201495,1
201496,1
201499,1
201501,0
201505,1
201506,1
201507,0
201509,0
201510,0
201516,1
201522,0
201523,0
201524,1
201527,1
201529,0
201530,0
201532,0
201534,0
201541,1
201542,0
201543,1
201545,0
201546,0
201549,0
201550,0
201551,0
201555,0
201556,1
201564,0
201565,1
201566,0
201567,1
201570,0
201572,0
201573,0
201575,1
201579,1
201581,1
201583,1
201585,0
201596,0
201597,0
201600,1
201602,0
201603,0
201605,1
201608,0
201609,0
201613,1
201614,1
201615,1
201618,0
201619,0
201624,1
201626,0
201629,1
201630,1
201631,0
201632,1
201633,1
201640,0
201643,1
201644,0
201646,1
201655,1
201656,1
201657,1
201658,0
201660,0
201661,0
201662,0
201664,0
201666,0
201668,1
201669,1
201670,1
201671,1
201674,0
201681,0
201685,0
201686,1
201687,0
201689,1
201690,0
201691,0
201696,0
201697,0
201699,1
201700,1
201704,0
201705,1
201712,0
201713,0
201714,0
201717,0
201718,1
201720,1
201724,0
201725,0
201726,0
201727,0
201728,0
201729,1
201734,0
201735,1
201740,0
201741,1
201743,0
201749,0
201751,0
201752,0
201756,1
201759,0
201760,1
201763,1
201767,0
201775,0
201776,0
201777,1
201778,1
201781,0
201783,0
201784,1
201788,0
201789,1
201791,1
201798,1
201803,1
201804,0
201805,0
201808,1
201811,0
201815,1
201816,0
201817,0
201820,1
201821,1
201823,0
201824,1
201828,0
201830,1
201834,0
201835,0
201836,0
201838,0
201842,0
201843,1
201844,1
201849,1
201850,1
201855,0
201857,0
201868,0
201869,1
201870,0
201873,0
201875,1
201879,1
201880,0
201882,1
201889,1
201890,1
201891,0
201894,1
201896,1
201897,0
201905,0
201908,1
201911,1
201912,1
201915,1
201916,1
201917,0
201927,1
201934,0
201935,1
201936,1
201941,1
201942,0
201944,0
201945,1
201950,1
201952,1
201953,0
201957,1
201959,1
201962,1
201963,1
201965,0
201967,0
201970,1
201974,1
201977,1
201979,0
201980,1
201982,0
201983,1
201986,0
201989,0
201993,0
201994,0
201995,1
201999,0
202002,1
202005,1
202007,0
202008,0
202012,0
202013,0
202019,0
202020,1
202025,1
202026,1
202028,1
202029,1
202042,1
202043,1
202045,0
202047,0
202049,0
202057,1
202058,1
202064,0
202067,1
202070,0
202072,0
202075,1
202078,1
202079,0
202083,0
202084,1
202086,0
202087,1
202089,1
202095,1
202097,0
202099,0
202101,0
202106,1
202108,1
202109,0
202114,0
202115,0
202116,0
202119,1
202121,1
202123,0
202126,1
202128,0
202133,0
202134,0
202138,1
202140,0
202144,1
202145,0
202149,0
202159,1
202160,0
202161,0
202162,0
202165,0
202166,1
202167,1
202175,1
202189,1
202197,0
202198,1
202199,1
202201,1
202203,1
202204,1
202206,1
202214,1
202215,1
202217,0
202218,0
202222,0
202223,0
202224,1
202225,0
202226,0
202227,0
202229,0
202235,0
202236,1
202239,0
202244,0
202247,0
202248,0
202251,0
202252,0
202254,1
202257,0
202259,1
202261,1
202264,1
202266,0
202269,0
202270,1
202274,0
202277,1
202282,1
202283,1
202287,0
202289,0
202290,1
202292,0
202293,0
202297,1
202299,0
202300,0
202303,1
202304,1
202305,0
202306,1
202308,0
202309,0
202311,0
202312,0
202313,0
202314,0
202317,0
202318,1
202319,1
202326,0
202328,1
202331,1
202332,0
202335,0
202342,0
202343,0
202348,1
202349,1
202350,1
202351,0
202352,1
202356,1
202362,1
202364,0
202366,1
202367,1
202375,0
202378,0
202379,0
202381,1
202385,1
202386,0
202390,0
202392,0
202393,0
202394,1
202397,1
202399,1
202403,1
202406,1
202407,1
202413,1
202417,1
202423,0
202426,1
202427,1
202431,1
202433,1
202436,0
202437,1
202441,0
202442,1
202444,1
202446,0
202451,1
202454,1
202458,1
202459,0
202464,1
202469,1
202470,0
202473,1
202475,0
202482,0
202483,1
202489,0
202490,1
202491,0
202493,1
202494,0
202495,0
202499,0
202501,0
202503,0
202505,1
202507,0
202508,0
202511,1
202512,1
202514,1
202515,1
202516,0
202518,0
202521,0
202522,0
202523,1
202525,0
202526,0
202527,1
202529,1
202531,0
202534,0
202536,0
202538,0
202540,1
202542,1
202543,0
202546,1
202547,1
202548,0
202549,0
202552,0
202554,0
202561,0
202562,0
202563,0
202564,1
202568,0
202571,0
202572,1
202573,1
202574,0
202575,0
202576,1
202579,0
202584,0
202587,0
202588,0
202589,1
202592,0
202595,0
202599,0
202606,0
202607,1
202608,1
202610,0
202611,0
202612,1
202613,1
202622,1
202624,1
202625,0
202629,0
202633,0
202634,0
202642,0
202643,0
202645,0
202646,0
202647,0
202648,1
202650,1
202653,1
202656,0
202657,1
202659,1
202660,1
202661,1
202662,1
202664,0
202665,1
202668,0
202670,0
202673,0
202676,0
202679,1
202683,0
202684,1
202685,0
202692,0
202705,0
202711,1
202713,0
202716,0
202718,0
202721,0
202729,1
202731,1
202734,1
202735,0
202737,1
202739,0
202741,0
202742,0
202743,1
202744,1
202746,1
202749,1
202755,0
202756,0
202758,1
202760,1
202761,0
202763,1
202765,1
202766,0
202768,0
202770,1
202774,0
202775,0
202778,0
202780,1
202781,0
202786,1
202790,1
202791,1
202793,1
202797,1
202801,1
202803,1
202808,1
202813,0
202814,1
202815,0
202820,0
202824,0
202825,0
202827,1
202829,0
202832,0
202833,1
202834,1
202842,1
202846,0
202847,0
202848,0
202850,1
202854,1
202859,1
202860,1
202863,1
202865,1
202869,0
202870,1
202878,1
202882,0
202883,0
202884,1
202885,1
202886,0
202887,0
202888,0
202890,0
202894,1
202895,1
202896,0
202899,0
202901,0
202902,1
202907,0
202908,0
202909,0
202915,1
202917,1
202918,0
202919,1
202921,1
202923,1
202924,0
202926,0
202930,0
202933,1
202934,1
202939,1
202942,1
202943,0
202949,1
202950,0
202952,1
202953,0
202955,1
202956,1
202957,1
202958,0
202963,0
202967,0
202968,1
202970,1
202973,0
202974,0
202975,1
202981,0
202982,0
202987,0
202988,1
202993,1
202997,0
203000,1
203004,0
203006,1
203007,1
203009,0
203013,1
203015,1
203016,0
203017,1
203020,0
203027,1
203028,0
203029,1
203030,1
203032,1
203035,1
203036,0
203038,1
203039,0
203040,0
203046,1
203048,0
203051,1
203053,0
203057,0
203058,0
203060,0
203063,0
203064,1
203065,0
203066,0
203071,1
203073,0
203074,0
203077,1
203078,1
203081,0
203082,1
203084,0
203085,0
203087,1
203088,1
203089,1
203091,0
203094,1
203100,0
203103,0
203104,1
203105,1
203106,0
203107,1
203114,0
203115,0
203117,1
203122,0
203123,1
203125,0
203127,1
203131,1
203133,0
203137,1
203141,1
203142,0
203145,1
203148,0
203152,0
203153,1
203154,1
203155,0
203156,0
203160,0
203161,0
203163,0
203164,1
203165,1
203168,1
203170,0
203172,0
203173,1
203174,1
203175,0
203178,0
203180,1
203181,0
203185,1
203186,0
203187,0
203192,1
203195,0
203196,1
203198,1
203199,0
203200,1
203208,1
203209,0
203212,0
203215,0
203218,1
203220,1
203221,1
203225,1
203231,1
203232,1
203240,1
203241,0
203242,1
203243,0
203245,0
203249,0
203253,1
203254,1
203255,0
203259,0
203268,1
203270,0
203274,1
203275,0
203276,0
203279,1
203281,0
203283,0
203285,0
203287,1
203290,1
203293,1
203294,1
203297,0
203299,0
203300,1
203302,0
203304,0
203309,1
203311,1
203312,0
203314,0
203315,0
203316,0
203319,1
203320,1
203321,0
203323,0
203326,1
203327,0
203329,0
203334,1
203337,0
203340,1
203341,1
203348,1
203352,0
203353,1
203360,0
203362,1
203363,1
203365,0
203366,1
203369,0
203370,0
203371,1
203375,0
203378,0
203382,0
203386,0
203387,1
203388,0
203395,0
203397,1
203398,0
203400,1
203408,1
203413,1
203414,1
203416,1
203417,1
203420,0
203422,0
203424,0
203425,1
203428,1
203431,0
203434,1
203437,0
203439,1
203442,1
203444,1
203449,0
203450,1
203452,0
203458,1
203461,1
203464,1
203468,0
203469,1
203475,0
203478,0
203479,0
203480,0
203485,1
203488,1
203489,0
203490,1
203491,0
203492,1
203494,1
203498,0
203500,0
203504,1
203505,0
203507,1
203511,1
203512,1
203514,1
203518,0
203519,0
203524,0
203529,0
203531,0
203532,1
203541,0
203544,1
203545,1
203547,0
203548,1
203550,0
203552,1
203553,1
203558,0
203559,1
203560,1
203561,0
203562,1
203564,1
203566,1
203571,0
203572,0
203573,1
203574,1
203577,1
203580,0
203581,1
203583,1
203585,1
203587,0
203591,1
203592,0
203593,1
203594,1
203596,1
203598,1
203600,0
203601,1
203613,0
203614,0
203617,0
203623,1
203624,1
203625,0
203632,1
203638,1
203640,0
203643,0
203647,1
203648,1
203649,0
203650,0
203651,1
203654,0
203656,0
203661,0
203662,1
203665,1
203666,0
203672,0
203674,0
203677,0
203678,1
203680,1
203687,1
203689,0
203692,0
203695,1
203699,0
203701,1
203702,1
203711,0
203712,1
203715,0
203718,0
203720,1
203721,1
203726,1
203727,0
203728,0
203729,1
203733,1
203734,0
203735,1
203736,0
203737,1
203739,1
203741,0
203746,1
203749,0
203752,1
203753,0
203755,0
203757,1
203758,0
203762,1
203765,1
203766,0
203767,0
203769,0
203776,0
203788,1
203789,1
203790,0
203791,0
203795,1
203799,0
203800,1
203803,1
203806,1
203813,1
203818,1
203819,0
203826,1
203830,1
203831,1
203833,0
203834,0
203835,0
203837,1
203842,0
203843,1
203844,0
203847,1
203850,0
203851,0
203852,1
203855,0
203858,0
203859,0
203860,0
203861,1
203862,0
203863,1
203868,1
203870,0
203871,1
203872,0
203873,1
203875,0
203876,1
203877,0
203878,1
203879,1
203880,0
203882,0
203886,0
203887,1
203889,1
203892,1
203895,0
203896,1
203897,1
203899,0
203901,1
203903,0
203907,1
203910,1
203911,1
203912,0
203913,0
203914,0
203917,1
203920,0
203922,0
203923,1
203924,1
203930,0
203931,0
203936,0
203937,0
203938,1
203939,1
203942,0
203944,1
203946,0
203950,0
203952,1
203954,0
203962,0
203964,0
203965,1
203968,0
203969,0
203972,1
203973,0
203974,0
203977,1
203978,0
203981,0
203984,1
203991,0
203992,1
203995,0
203996,1
203997,0
204001,1
204007,1
204011,1
204013,0
204015,1
204016,0
204017,0
204019,1
204022,0
204023,0
204024,0
204031,1
204034,1
204036,0
204039,1
204041,1
204043,1
204044,1
204045,1
204050,1
204051,1
204053,0
204063,1
204065,1
204066,0
204067,1
204068,0
204072,0
204076,0
204078,0
204079,0
204083,1
204084,0
204085,0
204087,0
204088,0
204091,0
204094,1
204095,1
204096,1
204098,0
204105,1
204106,0
204109,0
204114,0
204120,1
204123,1
204125,1
204128,0
204129,0
204130,0
204136,1
204137,0
204138,0
204142,1
204143,0
204145,0
204148,1
204149,0
204150,1
204152,1
204153,1
204155,0
204159,0
204160,0
204161,0
204163,1
204166,0
204171,0
204173,0
204176,1
204180,0
204181,0
204183,0
204184,1
204192,0
204193,1
204196,0
204198,1
204203,1
204204,0
204205,0
204206,1
204210,0
204212,0
204219,0
204220,0
204221,1
204224,0
204225,1
204227,1
204228,1
204231,0
204232,0
204233,0
204234,0
204239,0
204240,1
204241,0
204243,1
204246,1
204247,0
204249,0
204251,0
204252,1
204258,0
204259,0
204262,1
204263,0
204266,0
204268,0
204271,0
204274,1
204276,0
204278,1
204280,0
204281,0
204284,1
204288,0
204292,0
204294,0
204295,0
204299,1
204300,1
204301,0
204303,1
204312,0
204316,0
204319,0
204324,1
204325,0
204328,0
204329,0
204332,1
204337,0
204338,1
204339,1
204340,0
204341,0
204343,1
204346,1
204347,0
204349,1
204351,1
204353,0
204356,0
204358,0
204361,1
204364,0
204371,1
204372,0
204374,1
204376,0
204377,1
204379,1
204382,0
204383,0
204385,1
204388,1
204389,0
204390,0
204392,1
204395,0
204396,0
204397,1
204398,0
204399,0
204401,0
204403,1
204407,1
204412,0
204414,1
204419,0
204420,0
204422,0
204426,0
204427,0
204428,1
204430,0
204433,0
204436,0
204438,1
204440,1
204441,0
204445,1
204446,0
204451,1
204457,0
204459,1
204465,0
204468,0
204469,0
204471,0
204475,1
204476,1
204480,1
204481,1
204482,0
204483,0
204485,0
204487,0
204489,1
204493,1
204495,1
204496,0
204498,1
204501,0
204504,0
204507,0
204509,0
204513,1
204514,0
204515,1
204520,0
204522,1
204524,1
204526,0
204527,0
204529,0
204530,0
204532,0
204535,0
204536,1
204537,0
204538,1
204543,1
204544,0
204546,0
204553,1
204555,1
204559,1
204561,0
204564,0
204565,0
204567,0
204568,0
204573,1
204580,0
204585,0
204592,0
204598,1
204600,0
204601,1
204602,0
204604,1
204605,1
204606,0
204607,1
204608,1
204612,1
204614,1
204616,1
204619,0
204620,1
204624,1
204626,1
204627,0
204628,1
204630,0
204631,0
204635,0
204640,0
204641,0
204645,0
204647,0
204650,1
204652,0
204654,0
204655,0
204663,1
204665,0
204666,0
204672,1
204675,1
204679,0
204681,0
204687,1
204689,1
204690,1
204691,1
204694,1
204695,0
204696,0
204699,0
204705,0
204709,0
204713,0
204717,0
204720,1
204722,0
204730,1
204731,0
204732,0
204734,1
204736,1
204737,1
204738,0
204743,0
204745,1
204746,0
204748,1
204749,0
204756,0
204758,0
204763,0
204766,1
204767,0
204772,0
204775,1
204777,1
204778,1
204784,0
204785,1
204789,1
204790,0
204792,1
204795,0
204797,1
204798,1
204807,0
204808,0
204809,1
204811,0
204812,0
204813,0
204814,0
204816,0
204818,0
204820,0
204822,0
204824,1
204825,1
204827,1
204830,0
204831,0
204832,1
204833,1
204836,1
204837,0
204838,1
204839,0
204840,0
204842,0
204850,0
204851,1
204857,1
204860,1
204866,1
204868,1
204881,1
204885,0
204888,1
204892,1
204893,0
204897,1
204900,1
204902,1
204904,1
204906,0
204909,1
204911,0
204914,1
204916,1
204921,0
204922,1
204928,1
204935,0
204938,0
204944,1
204945,1
204946,1
204949,1
204953,1
204955,1
204956,1
204957,1
204958,0
204960,0
204961,0
204962,1
204963,1
204964,1
204965,1
204966,1
204969,0
204970,1
204974,1
204976,0
204978,0
204982,1
204985,0
204991,1
204992,0
204993,1
204994,1
204995,0
204998,0
204999,1
205000,0
205001,1
205005,0
205006,1
205011,0
205012,1
205014,0
205015,1
205019,1
205020,0
205024,0
205029,1
205031,0
205034,0
205040,0
205042,1
205043,0
205046,0
205047,1
205051,1
205053,1
205056,1
205057,0
205059,0
205060,0
205061,1
205062,0
205064,0
205066,1
205068,1
205069,0
205070,0
205075,1
205077,1
205083,1
205085,1
205087,0
205089,1
205092,1
205093,0
205096,1
205098,1
205099,1
205103,1
205104,0
205106,0
205108,0
205109,1
205114,0
205115,0
205120,1
205121,0
205123,0
205124,1
205133,0
205135,1
205142,1
205144,0
205147,1
205150,0
205151,0
205157,1
205161,1
205162,1
205166,1
205167,0
205168,0
205170,1
205172,1
205173,0
205174,1
205175,1
205177,0
205178,0
205182,1
205184,0
205187,1
205190,1
205192,1
205194,1
205196,1
205203,1
205204,1
205205,0
205206,1
205210,1
205212,0
205216,0
205218,1
205221,0
205222,1
205225,0
205232,1
205234,0
205242,0
205245,0
205246,0
205248,1
205249,1
205252,1
205263,0
205271,0
205272,0
205274,0
205275,1
205276,1
205277,0
205278,0
205282,1
205286,0
205287,1
205291,0
205293,0
205296,1
205298,1
205301,0
205302,1
205303,1
205306,0
205307,1
205310,0
205311,1
205314,0
205325,0
205327,1
205341,1
205342,1
205344,0
205347,1
205349,0
205351,1
205357,1
205358,0
205359,0
205360,1
205361,0
205363,0
205365,0
205367,0
205369,1
205374,1
205375,0
205377,0
205378,0
205379,1
205382,1
205384,0
205385,1
205386,0
205387,1
205389,1
205393,1
205395,0
205398,1
205402,1
205403,1
205404,0
205405,0
205406,1
205408,0
205409,1
205413,1
205414,0
205416,0
205418,0
205425,0
205426,1
205428,0
205433,0
205435,0
205436,1
205438,0
205440,0
205441,1
205443,1
205444,0
205445,0
205449,1
205450,0
205451,0
205454,1
205455,0
205457,0
205462,0
205464,1
205467,0
205470,1
205473,1
205475,1
205477,1
205478,0
205485,1
205487,0
205489,1
205490,1
205492,1
205495,0
205497,0
205500,1
205502,0
205503,0
205508,0
205509,0
205510,0
205512,0
205519,0
205520,0
205521,1
205523,1
205524,1
205526,0
205527,1
205529,1
205531,0
205532,1
205535,1
205536,0
205538,1
205539,1
205540,0
205541,0
205542,1
205543,1
205544,0
205548,1
205549,1
205550,0
205553,0
205556,0
205557,0
205558,0
205560,0
205561,0
205562,1
205568,0
205570,0
205572,1
205574,1
205578,1
205580,1
205584,1
205590,0
205591,0
205592,1
205595,0
205596,1
205597,1
205598,1
205601,1
205603,1
205605,1
205609,0
205611,1
205617,1
205620,0
205625,0
205626,1
205627,0
205628,1
205629,1
205632,0
205633,1
205634,1
205636,0
205640,0
205641,1
205647,0
205653,1
205654,1
205655,0
205656,0
205659,1
205660,0
205662,0
205664,1
205665,0
205667,1
205670,1
205672,1
205676,0
205677,0
205682,1
205684,0
205688,0
205689,0
205694,0
205695,0
205698,1
205700,1
205706,0
205710,0
205712,1
205715,0
205718,1
205719,1
205722,1
205723,1
205724,0
205727,0
205728,0
205737,0
205742,0
205744,0
205745,0
205747,1
205756,0
205761,1
205764,0
205766,1
205769,0
205771,0
205772,0
205775,0
205777,0
205782,1
205783,0
205784,1
205785,1
205786,1
205788,1
205790,0
205791,1
205794,0
205795,0
205799,0
205800,0
205802,1
205805,0
205807,0
205811,0
205815,1
205816,1
205817,0
205818,1
205821,1
205822,1
205823,0
205825,0
205829,0
205833,1
205834,1
205838,1
205841,1
205842,0
205843,1
205851,1
205853,1
205854,1
205857,0
205858,0
205861,0
205862,0
205863,0
205868,1
205871,0
205872,0
205878,1
205879,1
205880,1
205882,0
205886,0
205892,1
205903,1
205906,0
205907,0
205909,0
205910,0
205911,0
205913,1
205914,1
205915,0
205916,1
205918,0
205919,0
205920,1
205921,0
205923,0
205927,0
205928,0
205930,1
205931,0
205935,1
205936,1
205938,1
205941,0
205942,1
205944,0
205945,0
205946,1
205947,0
205950,1
205954,0
205956,0
205957,1
205960,1
205961,1
205962,0
205969,1
205971,0
205973,0
205975,0
205979,0
205982,1
205983,0
205985,1
205986,1
205987,0
205988,0
205989,0
205990,1
205991,0
205992,1
205995,1
205997,0
205999,0
206004,0
206015,0
206020,1
206027,0
206031,1
206032,0
206033,1
206034,0
206036,0
206037,1
206039,1
206043,0
206045,0
206050,0
206051,0
206053,0
206056,0
206057,1
206058,0
206059,1
206061,0
206062,1
206063,1
206064,0
206065,1
206066,1
206069,0
206074,1
206077,1
206080,0
206082,1
206085,1
206090,0
206092,1
206093,1
206094,1
206097,1
206098,0
206099,0
206102,0
206103,1
206104,1
206106,1
206107,1
206116,1
206120,0
206123,0
206127,0
206128,1
206129,1
206133,0
206139,1
206140,0
206143,1
206149,0
206151,1
206156,0
206157,0
206160,1
206165,0
206168,0
206175,0
206177,0
206178,0
206180,0
206182,0
206183,1
206186,1
206187,0
206195,0
206196,0
206198,1
206202,0
206203,0
206204,0
206205,0
206206,1
206207,0
206212,1
206216,0
206222,1
206224,1
206226,0
206228,1
206229,1
206230,0
206233,0
206234,1
206235,0
206237,0
206238,1
206240,0
206245,0
206247,1
206248,1
206250,0
206252,0
206254,1
206259,1
206260,0
206262,1
206264,0
206265,0
206267,0
206268,0
206270,0
206271,0
206272,0
206274,0
206276,0
206277,0
206279,1
206280,0
206282,0
206284,1
206286,0
206287,1
206290,1
206291,0
206292,1
206293,1
206296,0
206297,1
206302,0
206303,0
206306,1
206308,0
206309,1
206310,1
206311,0
206312,0
206314,1
206315,0
206319,0
206321,0
206322,1
206323,0
206324,1
206325,1
206328,1
206329,0
206330,0
206332,0
206334,0
206335,1
206336,0
206349,0
206352,1
206355,1
206356,0
206357,1
206361,1
206362,1
206363,0
206367,1
206371,1
206372,1
206373,1
206375,1
206377,1
206379,1
206384,1
206385,0
206386,1
206388,1
206392,0
206393,1
206394,0
206396,0
206397,1
206399,0
206400,0
206402,0
206403,1
206404,0
206405,0
206406,0
206407,1
206408,0
206409,0
206410,1
206423,0
206424,1
206431,0
206432,0
206433,0
206439,0
206447,0
206448,1
206452,1
206453,1
206455,0
206456,1
206458,0
206460,1
206462,0
206464,1
206467,1
206470,1
206471,1
206474,0
206476,1
206477,1
206479,1
206481,0
206482,0
206486,0
206487,1
206489,1
206490,1
206492,1
206496,1
206504,1
206506,0
206507,0
206510,0
206512,1
206515,0
206516,0
206518,0
206523,1
206526,1
206539,0
206542,0
206544,0
206547,1
206548,0
206551,0
206552,0
206553,1
206555,0
206556,1
206561,0
206567,1
206569,1
206570,0
206572,0
206573,0
206576,0
206577,0
206580,0
206582,0
206584,1
206587,0
206590,0
206591,0
206592,0
206595,0
206596,1
206597,1
206598,1
206599,0
206600,0
206602,1
206606,0
206608,0
206610,1
206611,0
206612,1
206613,1
206617,1
206618,1
206619,0
206620,1
206625,0
206628,1
206629,1
206632,1
206633,0
206634,1
206635,1
206638,0
206642,1
206644,1
206650,1
206652,1
206654,1
206655,1
206656,1
206661,0
206665,1
206667,0
206669,0
206670,0
206671,0
206678,0
206680,0
206681,0
206682,1
206687,0
206688,1
206689,1
206692,0
206695,0
206698,0
206700,0
206704,1
206705,0
206708,1
206709,1
206710,1
206711,0
206712,1
206713,1
206716,0
206726,1
206727,0
206730,0
206732,0
206736,0
206737,1
206738,1
206739,1
206742,0
206744,1
206745,0
206747,1
206750,0
206754,0
206755,1
206757,0
206759,0
206761,0
206762,0
206765,1
206767,1
206774,1
206775,1
206776,1
206777,0
206780,0
206785,0
206792,0
206793,0
206798,0
206800,1
206802,0
206807,0
206810,1
206813,0
206816,0
206825,1
206831,0
206832,1
206834,0
206840,1
206845,0
206846,1
206847,1
206848,0
206856,0
206857,0
206860,1
206861,0
206862,1
206863,1
206864,0
206866,0
206868,0
206871,0
206875,0
206876,0
206878,0
206879,1
206880,1
206882,1
206884,0
206886,1
206887,1
206888,0
206890,1
206891,1
206897,1
206901,1
206902,0
206907,0
206908,1
206913,1
206914,0
206917,0
206921,1
206925,0
206929,0
206933,1
206934,1
206936,0
206937,1
206940,0
206943,0
206947,0
206950,1
206954,1
206955,0
206957,1
206959,0
206962,1
206967,0
206968,1
206972,0
206973,1
206977,1
206978,0
206979,1
206980,1
206981,0
206982,1
206986,0
206987,0
206988,1
206991,1
206992,1
206994,0
206995,0
206996,1
206999,1
207000,0
207002,1
207006,0
207014,0
207016,1
207018,1
207020,1
207021,0
207026,0
207028,1
207029,0
207031,0
207035,0
207040,0
207041,0
207042,1
207044,0
207047,1
207048,1
207049,1
207050,1
207053,1
207054,0
207055,0
207058,1
207059,0
207060,1
207064,1
207067,0
207068,1
207069,1
207073,1
207076,0
207077,1
207079,1
207082,1
207083,1
207085,1
207086,0
207088,0
207089,1
207090,0
207091,0
207095,0
207096,1
207099,1
207102,0
207103,1
207104,0
207106,1
207107,1
207109,0
207113,1
207117,0
207119,1
207120,1
207123,1
207124,0
207126,1
207127,1
207128,1
207131,1
207132,1
207133,0
207136,0
207139,1
207140,0
207144,0
207149,0
207150,0
207158,0
207160,1
207161,1
207163,0
207165,0
207166,0
207167,0
207170,1
207171,1
207172,0
207173,0
207175,0
207176,1
207179,0
207180,0
207182,0
207184,1
207190,0
207195,1
207196,1
207198,1
207205,1
207206,0
207210,1
207211,0
207213,1
207215,1
207216,1
207217,0
207220,0
207221,0
207223,0
207228,0
207232,0
207233,0
207235,0
207244,1
207245,1
207246,1
207247,1
207249,1
207250,0
207254,0
207255,0
207260,1
207261,1
207263,0
207264,1
207265,1
207267,0
207271,1
207275,1
207276,1
207277,1
207278,0
207279,0
207284,0
207285,1
207289,1
207297,0
207308,0
207310,1
207312,1
207313,1
207316,0
207320,1
207325,1
207326,1
207328,0
207333,0
207335,0
207337,0
207339,0
207341,0
207342,0
207344,0
207346,1
207347,1
207348,1
207349,1
207350,0
207351,0
207352,0
207355,1
207356,1
207357,1
207360,0
207363,1
207365,0
207366,0
207368,0
207370,1
207371,0
207373,0
207374,1
207375,1
207376,1
207377,0
207379,1
207381,0
207383,1
207384,1
207385,0
207386,1
207395,1
207396,1
207397,1
207401,1
207403,1
207411,1
207417,1
207418,0
207421,0
207425,1
207426,1
207428,1
207429,1
207430,1
207432,0
207439,1
207441,1
207442,0
207444,1
207447,1
207448,1
207449,0
207451,1
207453,0
207458,1
207459,1
207461,1
207462,1
207465,1
207474,0
207479,1
207481,0
207483,1
207486,1
207488,1
207489,1
207491,0
207493,1
207497,1
207500,0
207504,1
207506,1
207510,1
207511,1
207512,0
207517,0
207521,1
207524,1
207527,0
207528,0
207545,0
207546,0
207549,0
207550,0
207551,0
207552,0
207553,0
207554,1
207555,1
207556,1
207560,0
207563,1
207565,1
207566,0
207567,1
207572,1
207573,1
207577,1
207584,1
207586,1
207587,0
207588,1
207589,1
207592,0
207594,0
207598,1
207599,0
207601,0
207605,1
207607,1
207608,0
207614,0
207615,0
207616,1
207621,0
207628,0
207629,1
207635,1
207637,0
207638,1
207639,1
207640,0
207642,1
207645,1
207646,1
207648,0
207649,1
207652,0
207658,1
207664,0
207666,1
207668,1
207671,1
207672,1
207678,1
207680,1
207681,0
207683,0
207685,0
207686,0
207688,1
207690,1
207691,0
207693,1
207694,0
207695,1
207699,0
207700,1
207703,0
207710,1
207713,1
207717,1
207722,1
207726,1
207728,1
207730,1
207734,1
207739,0
207740,0
207742,0
207744,1
207747,1
207749,1
207750,0
207753,1
207755,0
207756,0
207757,1
207758,1
207759,0
207760,1
207762,0
207763,0
207764,1
207766,0
207771,1
207774,1
207776,0
207777,0
207778,0
207781,0
207788,1
207789,1
207790,1
207791,0
207793,0
207794,0
207795,1
207797,1
207800,0
207801,1
207803,0
207804,0
207805,0
207808,0
207810,1
207813,1
207814,1
207816,1
207820,1
207823,0
207824,0
207827,0
207828,0
207832,0
207835,0
207836,0
207837,1
207838,1
207842,1
207847,0
207849,1
207854,0
207855,1
207856,1
207858,0
207866,1
207867,1
207868,1
207869,1
207871,1
207873,1
207875,1
207881,1
207883,1
207887,0
207889,1
207895,0
207896,0
207899,0
207900,0
207902,1
207904,1
207905,0
207906,1
207909,0
207912,1
207924,1
207925,0
207928,0
207929,0
207930,1
207933,1
207934,0
207935,1
207937,1
207938,1
207939,1
207941,0
207942,0
207943,0
207946,1
207947,1
207948,0
207956,1
207959,0
207960,0
207962,0
207966,0
207968,0
207969,1
207970,1
207971,0
207972,1
207975,1
207976,0
207978,0
207979,1
207982,0
207983,0
207984,0
207985,1
207986,0
207988,0
207995,0
207996,1
207997,0
207998,0
208000,0
208001,1
208002,1
208003,0
208007,0
208010,1
208012,1
208015,0
208016,0
208017,1
208020,1
208023,0
208025,0
208033,1
208034,1
208036,0
208039,0
208040,0
208041,1
208043,0
208046,0
208048,1
208049,0
208054,1
208056,1
208062,0
208063,1
208065,1
208066,1
208067,0
208069,0
208073,0
208076,0
208077,1
208079,0
208083,1
208091,1
208094,1
208097,0
208101,1
208105,0
208108,1
208109,0
208110,1
208114,0
208121,1
208122,1
208123,1
208126,0
208127,0
208131,1
208132,0
208134,0
208135,1
208141,1
208144,0
208145,0
208148,0
208149,0
208151,1
208153,0
208154,1
208156,0
208160,0
208161,0
208163,1
208166,0
208167,1
208173,0
208176,1
208179,1
208180,1
208181,1
208182,1
208183,1
208186,1
208192,1
208193,1
208194,1
208196,0
208197,0
208198,1
208199,1
208201,0
208205,0
208211,1
208217,0
208218,1
208220,0
208222,0
208223,0
208226,1
208227,0
208232,1
208234,0
208236,1
208237,0
208239,1
208241,1
208243,0
208246,1
208251,1
208254,0
208264,0
208266,1
208271,0
208273,0
208274,1
208277,0
208278,0
208280,0
208281,1
208284,0
208286,1
208288,0
208293,0
208294,0
208296,0
208303,1
208304,0
208307,0
208308,1
208309,0
208312,1
208313,0
208314,1
208318,1
208319,0
208321,0
208323,0
208324,0
208325,0
208328,0
208329,0
208331,0
208332,0
208333,0
208334,0
208338,1
208339,1
208340,1
208341,0
208342,0
208344,0
208349,0
208351,0
208353,1
208354,0
208360,1
208363,1
208369,1
208374,1
208377,0
208380,0
208381,1
208388,1
208389,0
208390,0
208396,0
208398,0
208399,1
208402,1
208405,0
208409,1
208413,1
208415,1
208418,1
208423,1
208424,0
208432,0
208433,0
208437,1
208440,0
208441,0
208442,1
208444,0
208445,1
208450,1
208451,1
208453,1
208454,1
208455,1
208456,1
208457,1
208458,1
208460,0
208462,1
208463,1
208464,1
208465,1
208468,1
208470,1
208473,0
208475,1
208477,0
208478,1
208479,0
208482,1
208487,0
208488,1
208489,1
208493,0
208494,0
208496,0
208500,0
208509,0
208511,0
208513,1
208515,1
208518,1
208521,1
208524,1
208525,0
208527,0
208529,1
208532,1
208545,0
208546,0
208549,0
208553,1
208554,1
208555,0
208557,0
208558,1
208560,0
208566,1
208568,0
208570,0
208577,1
208580,1
208581,0
208582,0
208583,0
208584,0
208586,0
208591,1
208592,0
208593,0
208596,1
208598,0
208600,0
208602,1
208605,0
208606,1
208607,0
208611,0
208612,1
208613,1
208617,1
208618,1
208619,1
208620,0
208623,0
208625,1
208626,1
208628,1
208630,1
208633,0
208634,0
208636,1
208637,0
208639,1
208641,1
208647,0
208649,0
208654,0
208656,1
208657,0
208658,0
208659,1
208661,1
208662,1
208670,1
208671,0
208672,1
208675,0
208676,0
208677,1
208680,0
208683,1
208685,1
208687,0
208688,0
208690,1
208692,1
208694,1
208695,0
208697,1
208698,1
208699,1
208701,0
208708,1
208710,0
208711,0
208718,1
208725,1
208726,0
208727,0
208728,0
208731,1
208737,0
208738,1
208739,0
208741,0
208743,1
208744,0
208745,1
208753,0
208755,0
208757,0
208758,0
208761,0
208762,0
208767,0
208768,1
208770,0
208772,1
208776,1
208777,1
208781,0
208783,0
208787,1
208788,0
208789,0
208791,1
208795,0
208798,1
208800,0
208801,1
208803,1
208808,1
208815,0
208817,0
208818,0
208825,0
208826,1
208827,0
208828,0
208830,0
208831,0
208833,0
208834,0
208836,0
208837,1
208838,1
208839,0
208842,1
208846,0
208847,1
208848,1
208850,0
208851,0
208853,0
208854,0
208855,1
208858,1
208861,1
208862,0
208863,1
208864,0
208866,0
208868,0
208871,0
208873,0
208875,1
208878,1
208879,0
208880,0
208882,0
208885,0
208888,1
208889,1
208891,1
208894,1
208895,0
208897,1
208898,0
208899,0
208901,0
208902,1
208903,0
208904,1
208905,0
208909,0
208911,0
208914,0
208917,1
208920,1
208924,0
208926,1
208927,0
208930,1
208931,1
208935,0
208936,1
208937,1
208939,0
208943,0
208946,0
208950,0
208952,1
208955,0
208958,0
208959,0
208963,0
208972,1
208974,0
208976,0
208979,1
208982,0
208983,1
208984,1
208986,0
208987,0
208989,0
208990,0
208992,0
208998,0
208999,0
209004,1
209005,1
209006,0
209008,0
209010,0
209012,1
209014,0
209015,0
209016,0
209017,0
209022,0
209031,1
209035,0
209038,1
209041,1
209042,1
209043,0
209047,0
209048,1
209049,0
209053,1
209054,0
209055,1
209062,1
209063,1
209065,1
209067,1
209068,1
209071,0
209072,1
209073,0
209074,1
209075,0
209087,1
209089,0
209090,0
209091,1
209092,0
209096,1
209097,0
209100,1
209101,0
209108,0
209110,0
209112,0
209113,1
209114,0
209117,1
209118,0
209120,1
209122,1
209123,1
209127,1
209130,0
209131,0
209136,1
209142,1
209145,0
209148,1
209149,1
209151,0
209155,0
209156,0
209162,0
209163,1
209164,1
209166,0
209168,1
209171,0
209174,1
209175,1
209178,1
209180,1
209181,1
209182,0
209184,1
209186,1
209190,1
209192,0
209194,0
209195,0
209197,0
209198,1
209201,0
209202,0
209204,1
209205,1
209208,0
209215,1
209216,0
209217,1
209218,1
209220,0
209221,0
209223,0
209226,1
209230,1
209232,0
209234,1
209237,0
209238,1
209242,0
209243,0
209245,1
209246,0
209247,1
209249,1
209253,1
209256,0
209257,0
209258,1
209260,1
209261,1
209263,1
209271,0
209272,0
209274,1
209275,1
209280,1
209281,0
209285,0
209287,1
209289,1
209291,0
209294,0
209300,0
209301,1
209303,0
209304,0
209305,1
209306,1
209308,1
209309,1
209313,1
209314,0
209315,0
209316,1
209321,0
209325,1
209327,0
209328,1
209329,1
209330,0
209331,0
209336,0
209337,0
209340,0
209341,0
209345,1
209348,0
209349,0
209351,0
209352,0
209354,1
209355,0
209356,0
209358,1
209360,0
209361,1
209362,0
209370,1
209373,0
209374,1
209375,0
209376,0
209378,0
209380,1
209381,0
209385,1
209389,0
209390,0
209393,1
209394,0
209398,0
209400,0
209401,1
209403,1
209405,0
209413,0
209418,1
209420,0
209426,0
209427,1
209428,1
209429,0
209431,1
209434,0
209439,0
209443,1
209444,1
209445,0
209448,0
209450,0
209453,0
209454,0
209457,0
209460,1
209463,1
209468,0
209473,0
209474,0
209478,1
209480,1
209481,1
209483,1
209485,0
209489,0
209491,0
209495,1
209497,1
209498,0
209499,1
209500,1
209502,0
209504,1
209505,0
209508,1
209515,0
209517,0
209519,1
209520,1
209526,0
209530,1
209531,1
209532,1
209533,0
209536,1
209540,0
209541,1
209543,0
209544,0
209546,1
209548,0
209549,0
209551,1
209560,1
209564,0
209565,1
209568,0
209569,0
209571,1
209575,0
209577,0
209579,0
209580,0
209581,0
209582,0
209585,1
209586,1
209589,1
209590,0
209591,0
209592,0
209593,1
209597,1
209598,0
209599,1
209600,1
209601,1
209609,0
209614,0
209617,0
209618,0
209619,0
209620,0
209623,0
209624,1
209625,0
209629,0
209631,0
209633,1
209640,1
209641,0
209644,1
209645,0
209646,1
209649,0
209650,1
209651,1
209652,1
209653,0
209657,1
209659,0
209665,1
209668,0
209669,1
209674,0
209676,0
209677,1
209682,1
209683,1
209686,1
209689,1
209690,1
209691,1
209695,1
209698,1
209701,0
209703,1
209705,1
209708,0
209709,0
209713,1
209715,0
209719,1
209720,1
209724,1
209727,1
209733,1
209736,0
209738,1
209740,1
209743,1
209745,1
209748,0
209753,0
209754,0
209755,1
209760,0
209764,1
209765,0
209766,1
209768,1
209769,1
209778,1
209782,0
209784,0
209785,0
209787,1
209789,1
209791,1
209793,1
209800,0
209801,1
209802,0
209803,0
209807,1
209810,0
209814,0
209824,0
209827,1
209830,0
209831,0
209832,1
209836,1
209841,0
209845,1
209849,1
209855,1
209856,0
209860,0
209861,1
209865,1
209866,1
209870,1
209871,0
209873,0
209874,1
209876,0
209878,0
209880,0
209881,1
209882,0
209885,1
209889,1
209892,1
209893,1
209894,0
209895,0
209899,0
209906,0
209907,0
209912,0
209916,0
209917,1
209918,0
209919,0
209920,1
209921,0
209923,0
209924,0
209927,1
209928,1
209932,0
209933,0
209941,0
209942,0
209943,0
209945,1
209946,0
209947,1
209948,1
209949,1
209953,0
209954,1
209955,1
209957,1
209963,1
209965,1
209967,1
209968,1
209969,0
209970,1
209971,0
209973,1
209974,1
209978,0
209979,1
209982,1
209984,1
209987,1
209988,0
209989,0
209992,0
209995,1
210000,0
210001,1
210003,0
210008,1
210009,1
210010,1
210012,0
210015,0
210019,1
210022,0
210023,0
210025,1
210028,0
210029,0
210031,0
210033,1
210041,1
210043,0
210045,0
210048,1
210049,0
210050,0
210051,0
210052,1
210055,1
210058,1
210060,1
210064,1
210072,0
210075,1
210076,0
210078,0
210080,1
210087,1
210091,1
210095,0
210099,1
210100,0
210103,1
210104,1
210106,0
210107,1
210110,1
210111,0
210113,0
210114,1
210115,1
210116,0
210120,0
210124,0
210126,1
210131,0
210136,1
210137,0
210141,0
210142,0
210145,0
210150,1
210151,0
210153,1
210155,1
210156,0
210157,1
210158,1
210159,1
210162,0
210163,0
210167,0
210170,0
210171,0
210172,1
210175,0
210177,1
210179,1
210182,1
210184,1
210185,0
210188,1
210190,1
210191,1
210192,0
210193,0
210198,0
210206,0
210207,0
210208,1
210210,1
210211,0
210214,1
210215,0
210217,1
210218,0
210219,0
210222,0
210223,1
210224,1
210225,0
210230,1
210234,0
210235,0
210237,1
210241,0
210247,0
210248,1
210250,0
210251,1
210253,0
210257,0
210258,0
210262,0
210263,1
210264,0
210268,1
210270,1
210272,1
210273,0
210279,1
210280,0
210284,1
210285,1
210287,1
210292,1
210296,1
210297,1
210301,1
210303,1
210312,0
210313,1
210317,1
210319,0
210327,0
210329,0
210330,0
210331,1
210332,0
210334,0
210337,1
210338,0
210339,1
210341,1
210344,1
210348,0
210349,1
210350,1
210352,1
210353,1
210355,0
210364,1
210365,0
210367,1
210374,0
210376,1
210379,0
210382,0
210383,0
210386,1
210390,1
210394,0
210395,1
210397,0
210398,0
210399,1
210402,1
210403,1
210416,1
210417,1
210418,0
210420,0
210421,0
210422,0
210423,1
210424,0
210425,1
210426,0
210430,1
210434,1
210435,1
210437,0
210439,0
210440,0
210442,1
210443,1
210445,0
210446,0
210452,0
210457,1
210461,0
210464,1
210466,1
210469,1
210472,0
210475,1
210481,1
210484,0
210485,1
210487,0
210489,1
210490,1
210497,1
210499,0
210501,1
210504,1
210506,1
210508,0
210513,1
210517,0
210519,0
210520,1
210523,1
210524,1
210529,0
210532,1
210534,0
210535,0
210539,0
210541,1
210542,0
210543,0
210547,0
210549,1
210554,1
210555,1
210560,0
210561,0
210563,0
210564,1
210565,0
210566,0
210570,1
210575,1
210576,1
210579,0
210583,1
210586,0
210587,1
210588,1
210589,0
210592,1
210597,1
210600,0
210604,1
210605,0
210606,1
210607,1
210611,1
210613,0
210617,0
210622,1
210623,1
210624,0
210625,0
210627,1
210628,1
210632,0
210635,0
210638,0
210640,0
210642,0
210645,0
210646,1
210649,0
210652,0
210653,0
210654,1
210655,1
210656,0
210657,0
210659,0
210660,1
210662,0
210665,1
210667,1
210673,1
210677,0
210678,0
210679,0
210680,0
210681,1
210683,0
210684,1
210686,0
210687,1
210689,0
210693,0
210694,1
210696,0
210697,0
210698,0
210700,1
210701,1
210702,1
210705,0
210706,1
210711,0
210718,0
210719,0
210720,1
210721,1
210722,1
210725,0
210728,1
210731,0
210732,0
210733,0
210735,0
210736,1
210741,1
210743,1
210748,0
210751,0
210755,1
210756,1
210758,1
210759,0
210764,0
210768,1
210769,1
210776,0
210779,1
210780,0
210784,1
210787,0
210789,1
210796,0
210797,1
210798,0
210800,0
210801,0
210802,0
210808,1
210812,1
210814,0
210815,1
210819,0
210823,1
210824,1
210825,0
210826,0
210828,1
210830,0
210831,0
210832,0
210834,1
210844,1
210845,1
210846,1
210847,0
210848,1
210852,1
210853,0
210854,0
210856,1
210858,0
210860,1
210861,0
210864,1
210867,0
210870,0
210871,1
210874,1
210875,1
210879,1
210880,1
210882,1
210883,0
210884,0
210885,1
210888,1
210889,0
210891,1
210894,1
210896,0
210897,1
210903,1
210905,1
210906,0
210907,1
210910,1
210913,0
210915,0
210916,1
210918,1
210920,0
210922,1
210923,0
210929,1
210930,1
210932,1
210935,1
210938,1
210940,1
210941,0
210942,0
210945,0
210946,1
210947,0
210952,0
210954,1
210961,0
210964,0
210968,1
210969,0
210974,0
210976,1
210978,0
210979,1
210982,0
210983,1
210984,0
210986,0
210997,1
210999,1
211006,1
211016,0
211018,0
211019,0
211021,1
211025,1
211026,1
211033,1
211035,1
211038,0
211039,0
211044,1
211046,1
211047,0
211048,0
211054,0
211056,0
211058,0
211059,0
211061,0
211066,1
211068,1
211069,0
211071,1
211076,1
211087,0
211089,0
211091,1
211092,0
211094,1
211095,0
211100,0
211101,0
211103,0
211106,0
211107,1
211108,0
211110,1
211115,0
211116,1
211117,0
211118,0
211126,1
211131,1
211132,1
211133,1
211136,0
211137,0
211138,1
211142,1
211145,1
211146,0
211149,1
211152,0
211153,0
211155,0
211156,1
211161,0
211163,0
211164,0
211166,0
211168,0
211172,1
211181,1
211184,0
211186,0
211189,1
211190,1
211191,0
211193,1
211194,1
211195,0
211196,1
211198,1
211201,0
211204,1
211206,1
211212,1
211214,1
211217,0
211218,0
211219,0
211221,0
211225,0
211226,1
211228,1
211229,1
211232,0
211235,0
211239,1
211240,0
211246,1
211249,0
211250,0
211252,0
211254,1
211256,0
211261,1
211265,1
211267,0
211268,0
211271,1
211278,0
211282,0
211284,0
211285,1
211286,0
211288,0
211289,1
211293,1
211296,1
211304,1
211305,0
211306,0
211307,0
211310,0
211311,0
211314,1
211315,1
211316,1
211317,0
211318,0
211321,1
211322,0
211327,1
211333,1
211335,0
211337,0
211338,0
211339,0
211340,0
211347,1
211349,0
211350,1
211351,0
211353,1
211357,1
211358,1
211360,1
211363,0
211368,1
211370,1
211374,1
211375,0
211377,0
211380,1
211383,0
211384,0
211385,0
211387,0
211390,0
211392,1
211394,0
211395,1
211402,1
211403,0
211406,1
211407,0
211408,0
211409,1
211410,1
211420,0
211421,0
211423,1
211424,0
211425,1
211429,1
211430,0
211433,0
211437,0
211441,0
211443,0
211444,1
211445,0
211449,1
211450,0
211452,0
211454,1
211455,0
211464,1
211468,0
211469,0
211473,0
211475,1
211480,0
211483,1
211484,1
211486,0
211487,0
211488,1
211489,0
211493,1
211495,1
211496,0
211498,1
211500,1
211502,0
211507,1
211508,0
211511,0
211512,1
211513,1
211516,0
211525,0
211528,1
211529,1
211535,1
211538,1
211540,1
211542,1
211543,0
211544,0
211548,1
211551,1
211554,1
211556,1
211557,1
211559,0
211560,1
211564,1
211568,0
211570,1
211575,0
211576,0
211583,0
211595,1
211597,1
211598,0
211599,0
211600,1
211604,1
211605,0
211606,0
211607,0
211611,0
211615,1
211618,0
211621,1
211623,1
211625,1
211626,0
211627,1
211629,1
211634,1
211639,1
211643,0
211644,1
211647,1
211648,1
211652,1
211655,1
211657,0
211665,1
211666,0
211669,0
211676,1
211677,0
211680,0
211686,1
211687,1
211688,0
211690,0
211691,0
211694,1
211698,0
211699,1
211703,1
211705,0
211707,0
211708,0
211709,0
211712,1
211713,1
211717,0
211719,1
211720,1
211724,0
211725,1
211728,1
211732,0
211736,1
211738,1
211742,1
211747,0
211749,0
211753,1
211757,1
211758,1
211760,0
211763,1
211766,1
211770,1
211771,0
211773,1
211774,0
211775,0
211776,0
211779,0
211780,1
211781,1
211785,0
211786,0
211789,1
211791,0
211794,0
211795,0
211797,0
211799,0
211800,1
211804,1
211807,0
211809,1
211813,0
211818,0
211819,0
211821,1
211824,0
211825,1
211826,1
211831,0
211834,0
211839,0
211841,1
211842,0
211843,1
211848,0
211852,1
211854,1
211860,0
211868,1
211871,1
211872,0
211874,1
211875,1
211878,0
211879,1
211884,0
211888,1
211889,1
211891,1
211892,1
211895,0
211899,1
211901,1
211902,0
211904,0
211906,1
211914,0
211916,1
211921,1
211922,0
211924,1
211925,0
211926,1
211927,1
211930,1
211932,0
211934,0
211935,1
211936,1
211938,0
211940,0
211941,0
211942,1
211943,1
211946,1
211947,1
211948,1
211949,1
211952,0
211953,0
211954,0
211955,1
211962,0
211963,1
211965,1
211966,1
211968,0
211972,0
211973,0
211974,1
211978,0
211979,0
211981,0
211982,0
211985,1
211986,1
211987,1
211992,1
211999,0
212000,1
212003,0
212004,1
212012,1
212013,1
212015,0
212027,1
212028,0
212029,1
212032,1
212036,0
212037,0
212040,0
212042,1
212047,0
212051,0
212053,1
212056,0
212061,1
212062,0
212063,1
212064,1
212065,1
212067,1
212070,0
212071,0
212073,1
212074,0
212075,0
212076,0
212079,1
212080,1
212081,1
212085,0
212088,1
212092,0
212093,1
212095,1
212096,1
212098,0
212099,0
212100,1
212102,0
212108,0
212110,0
212115,1
212117,0
212121,1
212124,1
212125,1
212127,0
212128,1
212130,1
212131,0
212132,1
212135,1
212138,0
212147,1
212150,1
212151,0
212153,0
212155,0
212157,1
212159,1
212160,1
212161,1
212162,0
212167,1
212169,0
212172,1
212173,0
212175,0
212177,0
212181,1
212182,0
212188,1
212189,0
212193,0
212194,1
212197,0
212198,1
212201,0
212205,0
212206,1
212209,1
212215,1
212216,1
212218,0
212219,0
212225,1
212227,0
212231,0
212232,0
212233,0
212234,1
212235,1
212238,1
212239,0
212240,1
212242,1
212244,0
212246,0
212253,1
212254,0
212255,1
212256,0
212263,1
212271,0
212272,1
212274,1
212275,0
212276,0
212279,0
212281,1
212285,0
212287,1
212289,0
212294,1
212296,1
212298,1
212300,1
212301,0
212305,1
212307,0
212309,0
212315,1
212322,1
212326,1
212327,0
212330,1
212332,0
212338,1
212341,0
212345,0
212348,0
212351,0
212357,1
212361,0
212362,1
212368,0
212370,0
212371,1
212372,0
212374,1
212375,0
212378,1
212385,1
212388,1
212390,1
212392,1
212395,0
212396,1
212397,0
212399,0
212400,1
212403,0
212404,1
212405,1
212406,1
212408,1
212411,0
212412,1
212416,1
212417,1
212419,1
212426,1
212428,0
212430,0
212432,0
212437,0
212442,0
212446,0
212449,1
212452,0
212454,0
212456,0
212458,0
212459,0
212460,0
212461,1
212462,1
212463,0
212465,0
212467,0
212470,1
212471,0
212474,1
212475,0
212476,0
212477,0
212478,1
212480,0
212483,0
212484,1
212485,1
212486,1
212487,1
212489,0
212490,1
212492,1
212495,0
212497,1
212500,1
212504,0
212505,0
212506,0
212509,1
212510,1
212511,0
212512,0
212513,1
212517,0
212518,1
212522,0
212526,1
212530,1
212531,0
212532,0
212536,1
212537,1
212540,1
212541,0
212549,0
212550,0
212551,0
212554,0
212556,1
212557,1
212558,0
212560,0
212565,1
212570,1
212571,1
212572,0
212573,0
212576,0
212579,1
212580,0
212582,0
212583,1
212585,0
212589,1
212593,1
212594,0
212595,0
212596,0
212604,0
212606,0
212608,0
212610,0
212612,1
212613,1
212616,1
212619,0
212623,1
212624,0
212626,1
212629,0
212630,1
212635,0
212636,0
212638,0
212646,0
212647,0
212649,1
212654,1
212655,1
212658,0
212664,0
212665,1
212667,1
212669,0
212671,1
212672,1
212674,1
212675,1
212676,0
212677,1
212678,0
212679,1
212681,1
212682,1
212686,0
212687,0
212690,0
212691,1
212692,0
212702,0
212703,0
212710,0
212711,1
212713,0
212718,1
212719,1
212721,1
212723,1
212724,0
212729,0
212732,1
212733,1
212739,0
212740,1
212747,1
212748,0
212752,1
212755,0
212756,0
212759,1
212761,1
212763,0
212766,0
212767,0
212769,1
212770,0
212773,1
212777,1
212780,0
212783,0
212784,0
212787,1
212790,0
212791,1
212793,0
212797,1
212798,1
212800,0
212805,1
212809,1
212812,0
212813,0
212816,0
212817,1
212819,1
212820,0
212822,0
212824,0
212827,1
212831,0
212832,0
212833,0
212834,0
212835,1
212836,0
212842,1
212843,1
212848,0
212850,0
212851,0
212853,1
212854,1
212861,1
212865,0
212867,0
212873,0
212876,1
212878,1
212879,0
212880,1
212883,0
212884,0
212885,1
212887,0
212888,1
212893,0
212894,1
212898,0
212899,0
212900,0
212903,0
212904,1
212909,0
212912,1
212913,1
212916,1
212917,1
212922,0
212927,0
212928,1
212930,0
212932,1
212933,0
212936,1
212937,0
212938,1
212940,0
212943,1
212944,0
212945,0
212950,1
212955,1
212958,1
212959,0
212961,0
212962,1
212966,0
212969,0
212972,1
212973,1
212974,0
212977,0
212981,1
212985,0
212987,1
212990,0
212991,1
212994,0
212996,1
212997,0
212998,1
213003,1
213007,0
213008,1
213014,1
213019,1
213020,0
213021,1
213023,1
213024,1
213025,1
213026,1
213027,1
213030,0
213034,1
213035,0
213040,0
213041,0
213043,1
213047,0
213048,1
213055,1
213061,0
213062,1
213069,0
213071,1
213072,0
213074,1
213077,0
213079,0
213080,1
213081,0
213082,0
213083,0
213087,0
213094,0
213098,1
213099,1
213104,0
213105,1
213112,0
213116,1
213117,1
213124,0
213128,1
213131,1
213132,0
213134,0
213136,1
213138,1
213139,1
213142,1
213143,0
213145,1
213150,1
213155,0
213160,1
213161,0
213162,0
213165,0
213172,1
213174,0
213178,0
213181,1
213186,1
213188,1
213189,0
213190,0
213194,1
213195,1
213196,1
213197,1
213198,1
213200,1
213204,0
213208,0
213214,1
213218,0
213219,1
213221,1
213224,0
213225,0
213227,1
213229,1
213231,0
213236,0
213237,1
213239,1
213243,1
213244,0
213245,0
213247,0
213249,1
213251,0
213252,1
213254,0
213263,1
213264,0
213265,1
213266,1
213268,1
213270,1
213274,0
213277,0
213282,0
213286,0
213287,1
213290,0
213293,0
213298,0
213299,1
213300,0
213302,1
213305,1
213310,0
213313,0
213317,1
213318,1
213322,0
213325,1
213326,0
213327,1
213328,0
213330,1
213332,0
213339,0
213340,1
213342,1
213343,1
213345,0
213346,1
213347,0
213348,0
213350,0
213352,1
213354,1
213355,1
213357,0
213362,1
213364,1
213365,0
213368,0
213371,1
213372,1
213373,0
213378,0
213379,0
213381,0
213382,1
213384,0
213385,0
213399,1
213400,0
213401,0
213405,1
213406,0
213407,0
213408,0
213409,1
213410,0
213412,0
213422,1
213423,0
213424,1
213425,0
213426,1
213428,1
213432,1
213441,0
213442,1
213445,1
213446,1
213448,1
213451,0
213452,0
213455,0
213461,1
213462,0
213463,1
213464,1
213466,1
213468,1
213469,0
213471,1
213474,1
213476,1
213477,1
213478,0
213479,0
213480,0
213483,0
213484,1
213485,1
213490,1
213492,0
213494,1
213495,0
213498,1
213499,1
213500,0
213501,1
213502,0
213504,1
213505,0
213508,1
213510,0
213514,1
213515,0
213518,0
213520,0
213524,1
213525,1
213528,0
213529,1
213534,0
213535,1
213537,0
213540,0
213542,0
213543,1
213544,1
213547,1
213550,0
213553,0
213554,0
213555,0
213564,1
213565,0
213567,0
213571,1
213572,0
213573,1
213574,1
213575,0
213577,0
213580,1
213581,1
213584,0
213586,0
213587,1
213591,0
213593,0
213596,0
213601,1
213605,0
213606,1
213607,0
213608,0
213614,0
213616,0
213619,0
213621,0
213622,1
213623,0
213625,1
213627,0
213630,1
213633,0
213636,1
213640,0
213642,1
213644,0
213649,0
213650,0
213654,0
213655,1
213656,1
213659,1
213662,0
213664,0
213665,0
213666,0
213667,1
213668,1
213670,0
213671,1
213672,0
213674,1
213675,0
213677,1
213678,0
213679,1
213683,0
213684,1
213685,0
213686,1
213688,1
213689,0
213692,1
213693,1
213694,1
213696,1
213698,1
213702,1
213703,0
213704,1
213705,1
213709,0
213713,0
213715,0
213717,1
213718,1
213719,1
213720,0
213722,1
213724,0
213725,0
213726,0
213727,0
213728,1
213731,0
213738,0
213745,1
213747,1
213749,0
213751,1
213752,0
213759,1
213760,1
213762,1
213763,0
213764,1
213766,1
213769,0
213773,0
213774,0
213775,1
213776,0
213778,0
213783,0
213788,1
213790,0
213791,1
213793,0
213796,0
213799,1
213800,0
213803,0
213806,1
213807,1
213808,1
213810,1
213811,0
213814,1
213815,0
213817,1
213818,0
213819,0
213822,1
213823,0
213825,1
213827,0
213829,0
213831,0
213832,1
213834,0
213836,1
213838,0
213839,1
213844,0
213845,0
213847,0
213848,0
213852,1
213853,0
213855,0
213856,1
213857,1
213859,0
213860,1
213863,0
213864,0
213868,1
213871,1
213872,1
213873,1
213874,0
213880,1
213881,1
213883,0
213884,1
213885,1
213886,0
213888,0
213895,1
213904,0
213908,0
213916,0
213917,0
213920,0
213921,1
213922,0
213925,0
213929,0
213930,1
213933,0
213934,1
213936,1
213937,0
213938,1
213945,1
213948,1
213951,1
213952,0
213955,0
213956,0
213959,1
213960,1
213962,1
213963,1
213964,1
213965,0
213966,0
213967,0
213968,0
213973,0
213974,0
213977,0
213979,1
213981,0
213984,0
213985,1
213988,0
213989,0
213990,1
213991,0
213992,0
213994,1
213999,0
214001,1
214007,1
214009,1
214010,0
214014,0
214016,0
214019,0
214021,1
214024,1
214025,0
214026,0
214028,1
214029,1
214037,0
214040,1
214043,0
214047,0
214051,0
214053,0
214054,0
214055,0
214056,1
214059,1
214061,1
214063,1
214064,1
214066,1
214067,0
214074,1
214076,0
214085,0
214088,1
214089,1
214090,1
214094,1
214102,1
214103,0
214109,0
214110,0
214111,0
214112,1
214113,1
214115,1
214116,0
214120,1
214125,1
214131,0
214134,1
214140,0
214144,1
214151,0
214152,0
214156,0
214157,0
214161,1
214166,1
214167,0
214169,1
214171,1
214172,1
214176,0
214178,1
214179,1
214181,1
214183,1
214184,0
214185,1
214189,0
214194,0
214196,1
214197,0
214201,0
214204,0
214208,0
214211,0
214217,1
214220,0
214221,0
214223,1
214226,0
214227,1
214231,0
214232,1
214237,1
214238,1
214241,0
214248,0
214249,0
214254,0
214255,1
214257,1
214259,0
214262,1
214265,0
214266,1
214270,0
214271,1
214272,1
214273,1
214274,0
214275,1
214280,0
214282,0
214286,0
214287,1
214288,0
214289,0
214292,0
214293,0
214296,1
214299,1
214302,1
214303,1
214306,1
214312,1
214315,1
214318,1
214321,1
214322,1
214323,0
214325,1
214326,1
214327,1
214328,1
214332,1
214334,0
214336,0
214338,0
214343,0
214344,0
214345,1
214347,1
214348,1
214349,0
214350,1
214351,0
214352,1
214353,0
214355,0
214356,0
214360,1
214361,0
214367,1
214368,0
214375,0
214377,0
214383,0
214389,0
214392,1
214395,0
214403,1
214404,0
214406,1
214408,1
214411,0
214412,0
214413,0
214418,0
214420,1
214421,1
214423,1
214427,0
214428,1
214431,1
214436,1
214438,1
214442,1
214444,0
214447,0
214448,0
214456,0
214458,0
214459,1
214463,0
214464,1
214467,1
214469,0
214474,1
214475,1
214478,0
214479,1
214480,1
214483,0
214485,0
214486,0
214489,1
214493,1
214497,1
214498,1
214500,0
214501,1
214503,1
214504,1
214509,0
214510,1
214512,1
214515,0
214517,1
214521,1
214522,0
214527,1
214531,0
214534,1
214535,0
214537,0
214541,1
214544,0
214547,0
214548,0
214555,1
214558,1
214559,0
214563,1
214564,0
214565,1
214566,0
214567,0
214568,0
214571,0
214581,1
214584,1
214587,0
214589,0
214594,0
214598,0
214599,1
214605,1
214607,0
214608,1
214611,0
214613,0
214614,1
214617,0
214621,1
214624,1
214628,0
214630,0
214631,0
214632,1
214634,0
214635,0
214642,0
214648,1
214650,1
214651,1
214652,1
214653,1
214654,0
214655,0
214656,1
214658,1
214667,0
214668,0
214674,0
214676,1
214681,0
214682,0
214684,1
214686,0
214689,1
214690,0
214691,0
214692,0
214698,0
214700,0
214704,0
214705,0
214707,0
214717,1
214718,1
214719,1
214720,1
214721,1
214722,0
214725,0
214726,1
214727,1
214732,0
214738,0
214739,0
214740,1
214742,1
214745,0
214747,0
214749,1
214750,0
214754,1
214755,1
214757,0
214758,1
214759,1
214760,1
214761,0
214764,1
214767,0
214768,1
214770,1
214771,1
214772,1
214774,0
214775,1
214778,1
214781,1
214783,1
214784,1
214789,0
214790,1
214793,1
214797,0
214802,1
214803,0
214808,0
214809,0
214813,1
214823,1
214827,1
214828,0
214829,1
214831,1
214834,0
214835,0
214836,0
214837,0
214840,1
214844,0
214846,0
214850,0
214852,1
214855,0
214856,0
214858,1
214862,0
214867,1
214869,1
214872,0
214876,0
214878,0
214887,0
214888,1
214891,1
214895,0
214896,1
214899,0
214901,1
214903,0
214904,1
214906,0
214908,0
214911,0
214913,1
214915,1
214916,1
214920,0
214924,0
214925,1
214926,0
214927,0
214930,0
214932,0
214936,0
214938,1
214942,0
214943,0
214945,1
214949,0
214950,0
214953,1
214956,0
214958,1
214965,0
214966,1
214967,0
214970,0
214971,0
214975,1
214980,0
214981,1
214982,1
214983,1
214986,1
214987,1
214990,0
214991,1
214992,0
214996,0
214997,1
214998,0
214999,0
215002,1
215003,0
215004,0
215006,0
215009,1
215010,1
215013,1
215019,1
215023,0
215025,0
215026,1
215036,1
215039,1
215042,0
215043,0
215051,0
215053,1
215056,1
215057,0
215062,1
215063,0
215069,1
215075,0
215079,0
215080,0
215081,1
215082,1
215088,0
215089,0
215090,0
215091,0
215103,1
215107,1
215110,0
215113,1
215114,0
215115,1
215117,1
215118,0
215120,1
215126,1
215129,0
215130,0
215132,0
215133,0
215135,0
215137,0
215140,0
215143,1
215145,1
215150,0
215159,1
215161,0
215164,0
215165,1
215167,1
215172,0
215174,1
215178,1
215180,0
215182,1
215183,1
215184,1
215185,0
215187,1
215188,0
215197,0
215199,0
215200,0
215201,1
215206,0
215208,1
215209,1
215210,1
215211,0
215214,0
215215,0
215219,1
215221,0
215223,0
215227,0
215228,1
215229,0
215230,0
215234,0
215235,0
215242,0
215245,0
215252,0
215257,1
215261,0
215268,0
215272,0
215275,1
215280,0
215283,1
215286,1
215287,1
215289,0
215291,0
215292,0
215293,0
215296,1
215298,1
215300,0
215304,1
215305,1
215308,0
215313,0
215315,0
215318,1
215321,0
215323,0
215329,0
215331,0
215335,0
215338,1
215339,0
215342,0
215344,1
215345,0
215348,1
215350,1
215354,0
215355,0
215356,0
215357,0
215358,1
215363,0
215366,0
215371,0
215372,0
215375,0
215384,1
215386,1
215389,0
215391,1
215394,1
215396,1
215399,0
215402,0
215403,0
215407,0
215408,0
215409,0
215410,0
215413,0
215415,0
215417,0
215419,1
215423,1
215424,0
215425,1
215426,0
215427,1
215429,1
215430,0
215431,0
215434,0
215436,0
215439,0
215440,0
215441,1
215442,0
215444,0
215445,0
215446,0
215452,0
215453,1
215456,0
215457,1
215460,0
215461,0
215463,1
215464,0
215465,0
215471,0
215477,0
215481,0
215482,1
215484,1
215486,1
215488,0
215489,0
215490,0
215491,1
215492,1
215493,1
215501,1
215502,1
215504,0
215510,0
215512,1
215513,1
215514,1
215516,1
215518,0
215519,1
215522,0
215524,1
215530,1
215531,1
215534,1
215535,1
215538,1
215539,0
215541,0
215542,1
215545,1
215546,1
215549,1
215550,0
215554,1
215556,1
215558,0
215565,0
215567,0
215571,0
215572,1
215573,1
215579,1
215580,1
215585,1
215586,1
215588,0
215589,1
215593,0
215597,1
215599,1
215605,1
215606,1
215610,0
215612,0
215613,0
215614,1
215617,0
215618,1
215619,1
215622,1
215628,0
215632,0
215636,0
215640,1
215643,1
215645,0
215646,1
215649,0
215651,1
215653,0
215654,0
215656,0
215658,1
215659,0
215661,1
215662,0
215663,1
215664,1
215665,1
215667,0
215669,1
215673,1
215674,0
215681,0
215682,0
215683,0
215694,0
215699,1
215703,0
215704,1
215705,0
215706,1
215707,0
215708,0
215713,1
215715,1
215718,1
215719,0
215724,1
215727,1
215728,1
215729,1
215730,1
215733,1
215737,1
215738,1
215745,0
215747,0
215749,0
215752,0
215757,1
215758,1
215760,0
215761,1
215762,0
215765,0
215766,1
215767,1
215768,1
215775,0
215780,0
215781,1
215785,1
215788,0
215789,1
215792,1
215794,0
215797,0
215803,1
215804,1
215806,1
215808,0
215809,1
215810,0
215811,1
215814,0
215815,1
215816,1
215817,0
215819,1
215820,1
215822,1
215830,0
215831,0
215833,1
215836,0
215837,0
215845,1
215849,1
215852,1
215853,1
215856,0
215857,1
215858,1
215859,1
215862,1
215863,0
215866,1
215868,0
215869,0
215870,1
215871,1
215874,0
215876,0
215877,1
215880,1
215882,1
215883,0
215885,0
215888,1
215889,1
215892,0
215894,1
215895,0
215896,1
215898,0
215903,1
215904,1
215905,0
215907,0
215910,1
215912,1
215915,0
215916,0
215919,0
215920,0
215924,1
215925,1
215927,0
215930,0
215931,0
215933,1
215934,1
215936,0
215937,1
215939,1
215940,1
215942,0
215943,0
215944,1
215951,1
215952,1
215954,1
215956,0
215958,0
215960,1
215962,1
215964,0
215965,1
215966,0
215967,1
215970,0
215971,1
215972,1
215973,0
215977,1
215978,0
215983,0
215990,0
215994,0
215998,1
215999,0
216000,0
216002,1
216003,0
216005,1
216006,1
216007,1
216012,0
216014,1
216018,1
216021,1
216023,1
216029,1
216033,0
216034,1
216037,0
216041,1
216044,0
216045,0
216046,0
216047,0
216048,1
216051,1
216053,1
216056,1
216057,1
216059,0
216060,0
216061,0
216062,0
216066,0
216068,1
216069,1
216070,0
216073,0
216082,1
216094,1
216096,1
216097,0
216100,0
216102,0
216103,0
216104,0
216106,0
216108,0
216110,1
216114,1
216118,0
216122,0
216126,0
216131,1
216133,0
216138,1
216139,0
216141,0
216143,1
216144,0
216146,1
216151,1
216152,0
216154,1
216155,0
216158,0
216159,0
216167,1
216168,1
216171,0
216174,0
216176,1
216183,1
216184,0
216186,0
216191,0
216193,1
216194,0
216199,0
216201,1
216211,1
216212,1
216213,0
216215,1
216216,0
216217,0
216219,0
216222,1
216225,1
216227,0
216232,0
216234,0
216235,0
216237,0
216238,0
216244,0
216245,1
216246,1
216247,1
216248,0
216249,1
216252,0
216255,0
216256,1
216260,0
216264,0
216265,0
216269,0
216274,1
216276,0
216280,1
216281,1
216282,1
216283,0
216287,1
216291,0
216294,0
216300,0
216302,1
216308,0
216309,1
216311,1
216312,1
216313,1
216317,0
216319,0
216322,0
216323,0
216328,1
216333,0
216336,0
216340,0
216343,0
216345,0
216346,0
216348,1
216353,1
216358,0
216359,1
216360,1
216369,0
216371,1
216373,1
216375,1
216378,0
216379,1
216381,1
216382,0
216384,0
216385,0
216386,1
216388,1
216390,1
216391,0
216392,0
216393,0
216395,0
216398,1
216400,0
216401,0
216402,0
216404,1
216405,0
216409,1
216412,1
216413,0
216416,1
216417,1
216418,1
216419,1
216422,1
216424,1
216430,0
216438,0
216440,1
216442,1
216445,0
216447,0
216450,0
216452,0
216455,1
216459,0
216460,0
216463,1
216464,1
216465,1
216466,1
216470,0
216471,0
216472,0
216474,0
216478,1
216479,1
216480,1
216482,0
216486,0
216488,0
216493,0
216494,1
216498,1
216499,1
216500,0
216502,1
216505,0
216512,0
216515,1
216520,1
216522,1
216526,1
216527,0
216531,0
216533,1
216534,1
216536,0
216541,0
216543,0
216544,1
216545,0
216549,0
216550,1
216551,1
216552,1
216560,0
216561,1
216562,1
216563,1
216566,1
216567,1
216569,0
216570,1
216576,1
216579,1
216583,0
216590,0
216594,0
216596,0
216597,1
216599,0
216600,0
216603,0
216605,1
216606,0
216609,0
216610,1
216614,0
216619,1
216625,1
216630,0
216631,0
216632,0
216639,0
216641,0
216644,0
216645,0
216648,0
216649,0
216652,0
216654,1
216655,1
216656,1
216658,0
216659,0
216660,1
216661,0
216662,0
216664,0
216665,0
216667,1
216672,1
216674,1
216676,0
216678,0
216681,0
216683,0
216688,1
216689,0
216690,0
216691,1
216693,1
216696,0
216698,0
216701,0
216706,0
216711,1
216714,0
216717,0
216718,0
216719,0
216723,1
216729,1
216730,1
216731,1
216741,1
216742,1
216745,1
216746,0
216748,1
216750,1
216751,0
216755,1
216756,0
216757,1
216759,1
216760,0
216761,1
216768,1
216770,0
216771,0
216773,0
216774,0
216775,0
216776,0
216777,1
216778,0
216782,0
216788,1
216791,1
216792,1
216794,0
216798,1
216799,1
216800,0
216802,0
216804,0
216806,1
216813,1
216814,1
216818,0
216819,1
216820,1
216827,1
216828,0
216832,0
216833,1
216834,1
216837,1
216838,1
216842,0
216846,0
216848,1
216852,1
216855,0
216860,1
216861,1
216863,0
216866,1
216868,0
216871,0
216873,1
216874,1
216875,1
216880,0
216883,0
216884,0
216900,1
216903,0
216904,1
216905,1
216908,1
216909,1
216911,0
216916,1
216921,0
216922,1
216924,1
216926,1
216927,0
216928,0
216930,0
216932,0
216937,1
216946,1
216947,0
216951,0
216952,1
216960,0
216961,0
216962,1
216964,0
216966,1
216967,0
216971,1
216973,0
216975,0
216976,1
216978,0
216980,1
216985,1
216986,1
216988,1
216989,1
216990,1
216991,1
216996,1
216997,1
217000,0
217001,1
217009,0
217010,0
217012,0
217013,1
217014,1
217019,1
217020,0
217021,1
217022,0
217024,1
217026,1
217027,0
217029,1
217033,0
217034,1
217035,0
217037,1
217041,0
217042,1
217043,1
217048,1
217050,0
217054,0
217056,1
217058,0
217060,1
217061,1
217066,0
217067,0
217069,1
217072,0
217075,0
217079,0
217080,1
217081,0
217084,1
217085,1
217086,0
217087,0
217088,1
217089,1
217094,0
217097,1
217100,1
217101,1
217104,0
217108,0
217113,1
217116,0
217118,1
217119,0
217121,0
217123,0
217128,0
217130,0
217133,0
217134,1
217136,0
217138,0
217139,1
217141,0
217144,0
217147,1
217150,0
217151,0
217152,0
217153,0
217159,0
217162,0
217163,1
217167,0
217169,1
217170,1
217173,0
217175,1
217176,0
217180,1
217182,1
217183,0
217184,0
217186,1
217188,0
217189,0
217190,1
217191,1
217195,0
217197,0
217199,0
217203,1
217204,1
217206,1
217209,0
217211,0
217212,0
217213,1
217214,0
217217,0
217218,0
217222,0
217224,1
217225,0
217226,1
217227,1
217228,0
217230,0
217231,0
217232,1
217234,1
217235,0
217236,0
217240,0
217244,0
217245,1
217248,0
217249,1
217250,0
217251,0
217252,1
217253,0
217258,0
217259,0
217261,0
217265,0
217267,1
217270,1
217272,1
217276,1
217277,1
217278,0
217280,0
217283,1
217284,0
217287,0
217289,1
217292,0
217293,1
217296,1
217303,0
217304,0
217305,1
217307,0
217310,0
217315,0
217316,0
217319,0
217322,1
217323,0
217325,0
217326,1
217327,0
217328,1
217334,0
217336,0
217339,1
217344,0
217345,1
217353,1
217354,0
217355,0
217357,1
217361,0
217364,1
217365,1
217366,0
217369,0
217370,0
217371,0
217372,1
217375,0
217377,0
217382,0
217383,0
217384,1
217389,1
217391,1
217393,1
217395,1
217396,1
217397,0
217398,0
217400,1
217406,0
217407,0
217415,1
217425,0
217426,1
217429,1
217430,1
217431,0
217436,0
217438,1
217439,0
217441,1
217442,0
217444,1
217446,0
217448,1
217449,1
217450,1
217451,0
217452,1
217456,0
217457,1
217460,1
217461,1
217462,1
217465,1
217467,1
217468,0
217473,0
217474,0
217476,1
217480,0
217485,1
217488,0
217490,0
217493,0
217496,0
217504,0
217506,0
217512,0
217513,1
217517,0
217519,0
217523,0
217525,0
217526,0
217528,1
217529,0
217533,0
217534,1
217539,0
217541,1
217542,0
217545,0
217546,1
217549,0
217551,0
217552,0
217556,1
217558,0
217560,1
217568,0
217569,0
217573,1
217576,0
217581,0
217585,1
217586,0
217587,1
217590,1
217592,0
217595,0
217596,1
217598,0
217599,0
217601,0
217607,1
217610,0
217619,1
217620,1
217624,1
217626,1
217630,0
217631,1
217633,1
217634,0
217636,1
217638,0
217641,0
217642,0
217643,0
217645,1
217648,0
217653,1
217655,1
217656,1
217657,0
217659,0
217664,1
217667,1
217671,0
217673,1
217675,1
217676,1
217677,0
217680,0
217681,1
217684,0
217686,0
217690,0
217693,0
217694,1
217695,1
217696,1
217698,1
217701,1
217702,1
217705,0
217708,1
217709,1
217712,0
217716,0
217719,0
217722,1
217723,1
217729,0
217730,1
217731,1
217737,1
217738,1
217743,1
217745,0
217748,0
217749,0
217752,1
217754,1
217759,1
217766,1
217770,0
217772,1
217774,1
217777,1
217778,0
217780,0
217782,0
217784,1
217788,0
217791,0
217793,1
217795,0
217797,1
217800,1
217811,0
217814,0
217819,1
217823,1
217825,1
217827,1
217831,1
217832,0
217834,1
217837,1
217838,1
217839,1
217842,0
217843,1
217845,1
217848,1
217849,0
217853,0
217855,0
217858,0
217859,0
217862,0
217863,1
217867,1
217871,1
217874,1
217879,0
217880,1
217885,0
217886,1
217888,1
217891,0
217898,1
217899,0
217900,1
217905,1
217906,1
217908,1
217909,0
217913,1
217916,1
217917,0
217918,1
217920,1
217924,0
217925,0
217927,0
217929,1
217930,0
217931,0
217932,0
217933,1
217934,0
217936,1
217940,1
217947,1
217948,0
217952,1
217959,0
217960,0
217961,0
217964,1
217965,0
217966,1
217971,1
217973,0
217974,1
217977,0
217978,0
217981,0
217983,1
217985,1
217987,0
217988,1
217992,0
217995,1
217996,0
217998,0
217999,0
218001,0
218002,1
218003,0
218005,1
218009,1
218011,0
218012,1
218013,0
218014,0
218018,0
218022,0
218023,1
218024,1
218025,1
218027,1
218028,1
218031,1
218034,1
218039,0
218042,0
218045,0
218049,0
218053,0
218058,0
218059,0
218062,1
218064,1
218067,0
218069,1
218071,1
218073,0
218075,0
218078,0
218079,0
218080,0
218081,0
218082,0
218083,1
218084,0
218085,0
218086,0
218096,1
218097,0
218098,0
218099,1
218102,0
218103,0
218104,1
218105,1
218107,0
218108,1
218116,1
218120,1
218122,0
218124,1
218129,1
218139,1
218141,0
218143,0
218145,1
218148,0
218153,0
218156,1
218157,1
218160,0
218161,0
218162,0
218163,0
218170,1
218171,1
218172,0
218175,0
218177,1
218178,0
218182,1
218186,1
218187,1
218188,0
218189,1
218192,1
218196,1
218198,0
218199,1
218200,0
218204,0
218205,0
218207,0
218210,1
218212,1
218214,0
218216,0
218217,1
218219,0
218223,1
218225,1
218226,0
218232,1
218239,1
218242,0
218245,0
218247,1
218248,0
218249,0
218250,0
218251,1
218257,1
218260,0
218262,1
218263,1
218264,1
218275,1
218276,1
218278,0
218279,1
218281,1
218285,1
218286,1
218289,0
218291,0
218292,1
218298,0
218299,0
218302,0
218307,0
218308,0
218309,1
218315,0
218320,1
218322,0
218329,0
218330,1
218333,1
218337,0
218338,0
218347,0
218348,0
218349,1
218351,1
218352,1
218356,0
218358,1
218359,0
218360,1
218362,0
218364,0
218365,1
218368,0
218369,0
218370,1
218371,1
218372,1
218376,1
218378,0
218382,0
218384,1
218385,0
218387,1
218389,1
218391,1
218392,1
218395,1
218396,0
218400,1
218401,1
218404,0
218405,1
218406,0
218408,0
218409,1
218410,1
218412,1
218416,0
218418,1
218419,0
218420,1
218422,1
218425,0
218426,0
218427,1
218432,1
218433,0
218435,0
218436,1
218441,1
218444,1
218445,0
218450,1
218451,1
218452,0
218454,0
218455,0
218457,1
218458,1
218460,0
218462,0
218464,0
218469,0
218471,1
218472,1
218473,0
218482,1
218484,0
218488,1
218491,0
218492,0
218498,1
218499,0
218506,1
218511,1
218514,0
218517,0
218520,1
218523,1
218524,0
218526,1
218530,1
218532,1
218536,1
218539,1
218540,0
218544,1
218547,0
218552,1
218553,1
218556,1
218558,0
218559,1
218562,0
218563,0
218564,0
218565,1
218570,1
218573,0
218577,1
218581,0
218582,1
218591,0
218592,1
218595,1
218596,0
218597,1
218598,1
218603,1
218605,0
218610,0
218612,0
218613,1
218615,1
218617,0
218618,0
218619,0
218620,0
218621,1
218622,1
218623,1
218624,0
218625,1
218626,1
218630,1
218631,0
218636,1
218641,0
218645,0
218647,1
218648,1
218649,1
218651,0
218654,0
218659,0
218670,1
218672,0
218674,1
218675,1
218676,0
218678,0
218684,0
218688,1
218689,1
218690,1
218691,1
218697,1
218698,0
218700,1
218703,1
218706,0
218708,0
218711,1
218714,0
218715,1
218720,1
218722,1
218724,0
218725,0
218726,1
218732,1
218737,1
218738,0
218739,0
218744,0
218745,1
218746,1
218747,1
218750,0
218753,0
218754,0
218760,0
218765,1
218766,1
218767,1
218768,0
218772,1
218773,0
218776,0
218779,0
218780,0
218782,1
218787,1
218788,1
218790,0
218791,0
218794,0
218798,1
218799,0
218805,1
218807,1
218809,0
218810,1
218812,0
218814,0
218818,0
218819,0
218831,0
218832,1
218833,1
218834,0
218835,1
218836,0
218839,1
218841,0
218846,1
218847,0
218849,0
218850,1
218855,1
218860,0
218861,0
218875,1
218876,0
218891,1
218892,1
218893,1
218894,0
218896,0
218903,1
218905,1
218915,0
218916,1
218922,0
218923,1
218930,0
218932,0
218935,0
218936,1
218937,1
218940,0
218943,1
218945,0
218950,1
218951,0
218955,0
218956,1
218960,0
218962,0
218963,0
218964,0
218965,1
218966,0
218967,1
218970,0
218971,0
218972,1
218973,0
218974,0
218975,1
218978,1
218979,0
218980,0
218981,1
218983,1
218984,1
218987,0
218993,0
218997,0
219000,1
219002,0
219004,1
219005,0
219011,0
219015,0
219018,0
219020,1
219021,0
219022,0
219025,1
219027,0
219028,0
219029,0
219032,1
219034,0
219036,0
219037,0
219038,1
219039,0
219040,0
219041,0
219042,1
219044,1
219049,1
219050,1
219051,0
219052,1
219054,1
219055,0
219056,1
219060,0
219063,0
219067,0
219068,1
219072,0
219077,0
219078,1
219079,0
219080,0
219081,1
219082,1
219084,1
219086,1
219088,0
219091,1
219092,0
219093,1
219096,0
219099,0
219101,1
219105,1
219106,1
219111,0
219112,0
219113,0
219114,1
219116,1
219117,1
219118,1
219119,1
219121,0
219124,1
219127,0
219128,0
219129,0
219130,0
219131,1
219136,0
219142,1
219143,1
219151,0
219152,0
219153,0
219154,0
219156,1
219157,0
219158,0
219161,1
219163,0
219169,1
219170,0
219174,1
219175,0
219176,1
219179,0
219181,0
219184,1
219185,0
219187,0
219188,0
219191,1
219194,1
219198,0
219199,1
219200,0
219201,1
219203,0
219204,0
219208,0
219211,1
219213,0
219214,1
219218,0
219221,1
219222,0
219224,0
219225,1
219229,0
219231,1
219233,1
219234,1
219235,0
219236,0
219237,1
219239,0
219242,0
219243,1
219244,0
219247,1
219248,1
219251,1
219252,0
219256,1
219260,1
219261,0
219263,0
219265,1
219266,1
219271,0
219272,0
219276,1
219277,1
219278,0
219280,0
219282,0
219284,1
219285,0
219287,0
219294,1
219298,1
219300,1
219301,1
219304,1
219305,0
219309,0
219313,0
219314,0
219316,0
219319,0
219322,1
219323,1
219328,1
219333,1
219334,0
219337,0
219343,0
219348,1
219351,1
219353,1
219355,1
219356,0
219359,1
219360,0
219362,0
219366,1
219371,0
219379,1
219381,1
219382,0
219385,1
219390,0
219394,0
219397,1
219400,1
219404,0
219405,1
219411,1
219413,0
219414,1
219415,0
219416,0
219417,0
219418,1
219422,0
219423,0
219426,1
219427,1
219428,1
219429,0
219431,1
219432,1
219434,1
219435,0
219438,0
219439,1
219442,0
219444,0
219445,0
219447,1
219456,1
219458,1
219459,0
219463,0
219467,1
219468,0
219471,0
219473,1
219474,1
219475,0
219476,0
219477,0
219478,0
219479,0
219480,1
219481,0
219487,0
219494,1
219504,0
219506,1
219511,0
219513,1
219517,1
219518,0
219519,0
219520,0
219521,1
219525,0
219526,0
219527,1
219528,1
219529,0
219530,1
219532,0
219534,1
219536,0
219538,0
219543,0
219553,0
219556,0
219557,1
219558,0
219563,1
219565,1
219568,0
219571,0
219573,1
219578,0
219579,0
219580,1
219584,0
219585,1
219586,0
219591,0
219594,0
219596,1
219598,0
219599,0
219600,0
219601,0
219603,0
219604,1
219606,0
219608,0
219609,1
219610,1
219612,1
219614,1
219620,0
219621,0
219625,0
219626,1
219630,0
219631,1
219637,0
219639,0
219640,1
219642,0
219643,0
219645,0
219646,1
219648,1
219650,1
219653,0
219658,0
219659,0
219660,0
219661,0
219662,0
219663,0
219675,1
219677,1
219678,1
219680,0
219681,1
219682,0
219686,1
219688,1
219690,1
219693,1
219696,0
219697,1
219699,1
219702,0
219709,1
219716,0
219717,0
219720,1
219722,1
219723,0
219724,0
219726,0
219729,1
219736,0
219739,1
219741,0
219744,1
219749,0
219755,1
219756,1
219757,1
219760,0
219762,0
219763,1
219767,1
219770,1
219771,0
219773,1
219774,0
219775,1
219776,0
219783,0
219785,1
219786,0
219788,1
219789,1
219794,1
219795,0
219796,0
219800,1
219802,0
219805,1
219811,1
219813,0
219827,1
219829,1
219830,0
219832,1
219833,0
219835,1
219836,0
219838,0
219844,0
219850,0
219854,1
219856,0
219861,0
219862,0
219865,1
219868,1
219872,0
219874,0
219875,0
219876,1
219877,1
219879,1
219882,1
219886,0
219894,0
219895,1
219896,1
219897,0
219899,0
219900,1
219904,0
219907,1
219909,0
219913,0
219914,0
219915,1
219917,0
219918,0
219922,1
219924,0
219925,1
219928,0
219929,0
219931,1
219933,1
219935,0
219937,0
219938,1
219940,1
219942,1
219943,1
219944,1
219945,0
219948,1
219950,0
219955,0
219958,1
219964,1
219967,1
219968,1
219969,0
219970,1
219972,1
219976,0
219981,0
219982,0
219985,1
219989,1
219990,0
219993,0
219996,0
219997,1
219999,0
220000,1
220003,0
220005,1
220008,1
220011,0
220012,1
220016,1
220018,1
220020,0
220023,1
220025,1
220028,1
220029,1
220031,1
220034,0
220036,1
220043,1
220047,0
220048,1
220051,0
220054,1
220063,0
220066,0
220067,1
220068,1
220074,1
220079,0
220081,1
220083,1
220085,1
220086,1
220087,1
220093,1
220094,0
220095,0
220098,0
220099,0
220102,0
220103,0
220108,1
220109,1
220113,1
220114,1
220116,1
220118,0
220119,0
220120,0
220124,1
220126,1
220129,0
220141,0
220142,0
220143,0
220145,1
220149,0
220152,1
220154,1
220157,0
220159,0
220160,1
220172,1
220174,0
220177,1
220178,0
220181,0
220182,0
220183,0
220185,1
220187,0
220189,0
220192,1
220195,0
220197,1
220201,0
220202,1
220205,0
220212,1
220218,0
220219,1
220222,0
220223,1
220224,1
220230,0
220233,1
220234,0
220237,0
220241,1
220243,1
220245,0
220247,0
220249,1
220250,0
220251,0
220253,1
220254,0
220255,0
220257,0
220258,0
220259,0
220260,1
220261,1
220263,1
220267,1
220269,0
220272,1
220282,0
220284,0
220290,1
220291,0
220293,1
220295,0
220296,1
220299,0
220301,0
220302,0
220307,0
220309,0
220311,0
220326,0
220327,0
220328,0
220330,1
220333,1
220334,0
220341,1
220342,0
220343,0
220355,1
220356,0
220357,0
220361,1
220366,1
220367,0
220372,1
220375,1
220378,1
220380,0
220385,1
220387,1
220389,0
220390,0
220393,0
220398,1
220402,1
220404,1
220407,0
220413,1
220414,0
220415,1
220417,0
220421,0
220422,1
220427,1
220430,1
220435,1
220438,1
220439,1
220444,0
220448,0
220450,1
220453,1
220455,0
220456,1
220458,1
220459,0
220463,0
220469,1
220470,0
220471,1
220478,0
220483,1
220485,1
220488,0
220489,0
220491,1
220495,0
220496,1
220497,0
220498,0
220499,1
220500,0
220504,1
220506,1
220508,0
220509,0
220510,1
220511,1
220512,0
220514,1
220515,1
220516,0
220520,0
220521,1
220523,0
220528,1
220530,0
220531,1
220532,1
220533,0
220534,1
220538,1
220539,1
220542,0
220544,0
220547,0
220550,1
220555,1
220556,1
220558,1
220559,0
220563,0
220567,1
220568,0
220569,1
220571,1
220573,0
220574,1
220576,0
220577,0
220580,1
220582,1
220594,0
220596,1
220597,0
220598,1
220599,1
220602,0
220603,0
220605,1
220609,0
220614,1
220625,0
220626,1
220630,1
220631,1
220642,0
220643,1
220645,1
220646,0
220657,0
220659,0
220661,0
220662,0
220664,1
220665,1
220671,0
220672,0
220676,0
220677,0
220678,0
220681,0
220682,0
220686,0
220687,1
220692,0
220694,1
220695,1
220698,0
220699,0
220700,1
220701,1
220704,0
220706,1
220709,1
220713,0
220715,1
220719,0
220723,1
220724,0
220732,0
220733,0
220740,1
220744,0
220748,0
220750,0
220753,0
220755,0
220756,0
220760,0
220765,1
220766,1
220768,1
220770,1
220771,1
220772,0
220774,0
220775,0
220780,0
220782,1
220783,1
220786,0
220790,0
220791,1
220793,1
220794,1
220799,0
220800,0
220804,1
220805,0
220807,0
220809,1
220810,1
220816,0
220818,1
220820,0
220821,1
220830,0
220831,0
220833,1
220840,0
220841,1
220842,1
220843,1
220844,0
220846,1
220847,1
220851,1
220852,1
220855,1
220856,0
220857,1
220865,1
220866,1
220874,1
220875,0
220876,0
220881,1
220884,1
220885,0
220893,1
220894,0
220896,1
220899,0
220901,0
220902,0
220908,0
220910,1
220913,0
220914,0
220916,1
220920,0
220923,0
220927,1
220928,1
220934,1
220938,0
220939,1
220941,0
220942,0
220951,0
220955,0
220960,0
220961,1
220973,0
220974,1
220976,0
220980,1
220982,0
220983,1
220990,1
220991,1
220992,0
220993,0
220994,0
220995,0
220998,1
221000,0
221001,0
221003,0
221006,0
221007,1
221008,1
221010,0
221021,0
221022,1
221025,1
221029,0
221030,0
221031,1
221032,0
221035,0
221039,1
221044,1
221045,1
221047,0
221048,0
221049,0
221053,0
221055,1
221056,0
221058,1
221061,1
221063,1
221064,1
221066,0
221067,1
221068,1
221071,0
221073,0
221074,0
221075,0
221078,1
221080,0
221086,1
221087,1
221090,0
221093,0
221098,0
221099,0
221101,1
221105,1
221106,0
221108,0
221112,0
221113,0
221114,0
221116,0
221119,1
221120,1
221124,1
221125,0
221126,1
221129,1
221133,1
221134,1
221137,0
221138,0
221140,0
221141,1
221142,1
221144,1
221145,1
221146,1
221149,0
221151,0
221153,1
221156,1
221158,0
221159,0
221160,1
221162,1
221163,1
221164,1
221172,0
221175,1
221179,0
221180,0
221184,0
221185,0
221189,1
221191,0
221192,1
221196,1
221197,0
221198,1
221200,0
221202,0
221203,0
221205,1
221206,0
221209,0
221215,0
221217,0
221218,1
221219,1
221221,0
221223,0
221225,1
221227,0
221228,1
221229,1
221230,0
221232,1
221233,0
221235,1
221244,0
221245,0
221246,0
221250,0
221251,1
221252,1
221253,0
221256,0
221259,1
221262,1
221264,0
221265,1
221268,0
221270,0
221271,1
221272,0
221273,0
221275,1
221277,0
221281,0
221287,0
221289,0
221290,1
221291,1
221298,0
221300,0
221302,1
221304,0
221306,1
221313,1
221315,0
221316,0
221317,0
221318,1
221319,0
221320,1
221324,0
221329,1
221330,0
221334,0
221336,1
221337,1
221342,1
221347,1
221348,0
221354,0
221355,0
221359,1
221362,0
221363,0
221364,0
221366,1
221370,0
221371,0
221375,0
221377,1
221378,1
221379,1
221384,1
221385,0
221391,0
221393,0
221394,0
221396,1
221398,1
221399,1
221400,1
221401,1
221406,0
221410,0
221411,0
221413,0
221415,1
221419,0
221422,0
221426,0
221434,1
221435,0
221442,0
221444,1
221453,1
221454,0
221457,1
221459,1
221462,1
221463,0
221468,1
221469,1
221470,0
221477,0
221481,0
221482,0
221483,0
221485,1
221486,0
221489,0
221501,0
221502,0
221505,0
221506,1
221507,1
221508,1
221509,0
221512,0
221516,1
221518,0
221519,1
221523,1
221524,0
221526,1
221533,0
221535,0
221536,0
221538,0
221539,0
221540,0
221541,1
221544,0
221547,1
221548,0
221549,0
221555,1
221556,1
221557,0
221559,1
221560,0
221561,0
221563,1
221564,0
221566,0
221568,1
221570,0
221578,0
221582,0
221584,0
221585,0
221588,0
221589,0
221593,0
221595,1
221596,0
221597,1
221598,0
221600,1
221604,0
221606,0
221608,1
221610,1
221612,1
221615,1
221616,0
221617,1
221618,0
221620,0
221621,0
221627,1
221628,1
221630,0
221632,0
221633,1
221637,1
221639,1
221641,0
221643,0
221644,0
221646,1
221653,1
221654,1
221655,1
221656,0
221659,1
221660,1
221661,0
221671,0
221672,1
221673,0
221681,1
221682,0
221683,1
221684,0
221691,0
221692,0
221693,0
221695,0
221696,1
221699,1
221700,1
221701,0
221702,1
221709,0
221710,1
221714,0
221717,0
221719,0
221721,1
221722,1
221727,1
221729,0
221731,1
221732,0
221734,0
221735,0
221736,0
221738,1
221740,1
221751,0
221755,0
221760,1
221763,1
221764,0
221765,0
221769,0
221771,0
221775,0
221780,1
221781,1
221783,0
221786,0
221791,1
221792,1
221793,1
221795,1
221796,0
221799,1
221801,1
221802,0
221803,0
221807,0
221808,0
221812,1
221816,1
221818,1
221822,1
221827,1
221829,1
221831,0
221833,0
221837,1
221838,0
221840,1
221841,1
221842,1
221850,0
221852,0
221857,1
221858,0
221860,0
221862,1
221863,1
221864,0
221866,1
221867,0
221871,1
221872,1
221873,0
221875,1
221881,1
221882,0
221883,0
221884,1
221889,0
221891,1
221892,0
221895,1
221897,1
221898,1
221899,0
221901,1
221903,0
221904,0
221910,1
221911,0
221912,1
221914,1
221917,0
221921,0
221922,0
221925,0
221934,0
221936,1
221939,0
221940,0
221942,0
221945,0
221947,0
221950,0
221952,0
221953,1
221955,0
221956,0
221957,0
221958,0
221959,1
221962,0
221965,1
221968,0
221969,0
221970,1
221974,0
221977,1
221978,1
221979,0
221981,0
221983,1
221986,0
221990,1
221993,1
221995,0
221996,0
221998,1
221999,1
222002,1
222007,0
222010,0
222012,1
222023,0
222025,0
222031,0
222032,1
222035,1
222036,0
222037,1
222039,0
222040,0
222044,0
222046,1
222047,0
222050,1
222055,0
222056,1
222058,0
222063,0
222064,0
222066,0
222068,0
222069,1
222071,1
222076,1
222078,1
222079,1
222081,0
222087,1
222088,0
222089,1
222095,0
222096,1
222099,0
222100,0
222103,1
222109,0
222111,0
222112,1
222116,1
222118,1
222120,0
222122,1
222123,0
222125,1
222126,0
222129,0
222131,1
222133,1
222135,1
222137,0
222140,0
222141,0
222143,0
222148,0
222150,0
222152,1
222157,0
222158,0
222160,0
222161,0
222162,0
222165,0
222166,0
222169,1
222170,1
222176,0
222179,0
222180,1
222181,1
222183,1
222185,1
222186,0
222187,1
222188,0
222192,0
222194,0
222195,0
222201,0
222204,0
222206,0
222208,0
222211,1
222212,1
222222,0
222223,0
222224,1
222226,1
222229,0
222232,0
222235,1
222236,0
222238,0
222239,0
222241,1
222242,0
222245,1
222246,0
222247,0
222248,0
222250,0
222252,0
222253,0
222255,0
222257,1
222259,0
222261,0
222263,0
222264,0
222265,0
222266,0
222267,0
222270,0
222273,0
222274,0
222275,0
222277,0
222279,1
222286,0
222287,0
222288,1
222292,1
222294,0
222297,0
222298,1
222299,1
222300,1
222305,0
222306,1
222307,0
222310,1
222311,0
222312,1
222314,1
222315,0
222320,0
222322,0
222323,0
222324,1
222325,1
222326,1
222329,0
222330,1
222332,1
222334,0
222337,1
222338,0
222340,0
222342,1
222343,1
222345,1
222353,0
222357,0
222360,1
222361,1
222364,1
222365,1
222366,1
222367,0
222369,0
222370,0
222372,0
222373,0
222377,0
222378,0
222379,1
222381,0
222383,1
222386,0
222389,1
222395,1
222397,0
222399,0
222403,0
222404,0
222406,1
222409,0
222411,1
222415,1
222416,1
222417,0
222420,0
222422,1
222428,0
222432,0
222434,1
222437,1
222441,1
222448,1
222449,1
222455,1
222458,0
222459,0
222460,0
222461,1
222464,0
222469,1
222470,0
222471,0
222476,0
222479,0
222480,1
222482,1
222484,0
222489,1
222490,0
222491,1
222493,1
222495,0
222496,0
222497,0
222498,0
222499,0
222500,0
222501,0
222502,0
222503,1
222507,1
222510,0
222511,1
222512,0
222513,0
222515,0
222516,0
222521,1
222523,0
222524,1
222529,1
222536,0
222537,1
222539,0
222548,0
222550,1
222556,1
222559,0
222563,0
222566,0
222567,1
222570,0
222571,0
222572,0
222573,1
222577,1
222578,1
222582,1
222584,0
222585,0
222586,0
222591,1
222592,0
222593,1
222602,0
222609,0
222610,0
222615,0
222617,1
222619,1
222624,0
222626,1
222629,1
222630,1
222632,1
222633,0
222634,1
222636,1
222638,1
222644,0
222646,1
222651,0
222652,0
222654,1
222656,0
222657,0
222658,0
222660,0
222663,0
222664,1
222665,0
222670,1
222671,0
222672,0
222681,0
222684,1
222685,0
222686,1
222687,0
222689,0
222690,1
222692,1
222693,1
222694,0
222695,0
222697,1
222699,0
222700,1
222704,0
222705,0
222706,1
222707,1
222708,0
222709,1
222710,1
222716,0
222717,0
222718,0
222720,0
222722,0
222723,1
222724,1
222729,1
222732,0
222741,0
222743,0
222746,0
222749,1
222750,0
222754,1
222759,0
222760,0
222762,1
222764,1
222766,0
222773,0
222774,0
222779,0
222780,0
222783,0
222784,1
222789,0
222790,0
222793,0
222794,0
222795,0
222797,1
222798,1
222799,1
222803,0
222809,0
222810,1
222816,0
222817,1
222818,0
222820,0
222821,1
222823,1
222824,1
222826,0
222827,0
222829,0
222830,0
222831,0
222837,0
222849,0
222850,1
222854,0
222861,0
222862,1
222864,1
222867,1
222868,0
222869,1
222870,0
222872,1
222875,1
222877,0
222882,0
222883,1
222886,0
222888,0
222891,1
222892,1
222896,1
222897,1
222909,0
222911,0
222917,0
222918,0
222919,1
222921,0
222926,1
222928,0
222931,1
222933,0
222935,1
222936,0
222938,0
222939,0
222940,1
222942,0
222945,0
222949,1
222951,1
222952,0
222954,0
222961,1
222962,1
222964,1
222966,1
222969,0
222974,0
222977,1
222979,1
222980,0
222981,0
222982,1
222983,0
222984,1
222991,0
222993,0
222995,0
222996,1
223006,0
223009,0
223012,1
223013,0
223014,0
223019,1
223020,1
223023,0
223028,1
223032,0
223033,1
223035,0
223036,0
223038,0
223040,1
223044,1
223046,1
223047,0
223049,0
223050,0
223051,0
223055,1
223057,1
223059,1
223065,0
223066,0
223069,1
223077,1
223079,0
223081,1
223093,1
223094,0
223095,0
223097,0
223099,1
223101,1
223102,0
223103,0
223106,0
223108,1
223112,0
223118,0
223123,1
223124,1
223127,1
223128,0
223129,1
223130,1
223131,0
223134,1
223135,0
223137,0
223139,1
223140,0
223143,0
223144,0
223145,0
223146,1
223149,0
223154,0
223155,0
223157,1
223160,1
223161,1
223162,0
223163,1
223171,0
223172,1
223174,1
223175,1
223176,1
223177,0
223178,0
223185,0
223186,0
223188,0
223190,1
223193,1
223195,1
223198,1
223201,1
223203,1
223204,0
223212,0
223217,0
223220,0
223225,0
223227,0
223228,1
223230,1
223231,0
223235,0
223236,1
223243,0
223245,1
223249,1
223251,0
223252,0
223255,0
223256,1
223258,0
223259,0
223260,1
223262,1
223264,0
223268,1
223270,1
223275,1
223277,0
223278,0
223280,1
223282,0
223283,1
223285,0
223286,0
223292,0
223293,0
223294,1
223295,1
223298,1
223300,0
223301,0
223304,1
223308,0
223310,0
223313,0
223315,0
223319,1
223320,0
223321,1
223326,1
223328,0
223329,1
223330,1
223334,0
223340,1
223341,1
223342,1
223349,1
223350,0
223352,0
223353,0
223355,0
223356,1
223360,0
223362,0
223365,1
223366,0
223367,1
223377,1
223378,1
223381,1
223382,1
223384,0
223386,1
223387,0
223390,1
223392,1
223393,1
223394,1
223395,0
223396,0
223397,1
223398,0
223410,0
223413,0
223414,0
223415,0
223416,0
223418,1
223419,1
223422,1
223424,1
223429,1
223430,0
223436,0
223437,1
223439,1
223440,0
223442,1
223443,0
223446,0
223447,0
223448,1
223453,1
223456,0
223457,0
223459,0
223461,0
223462,0
223463,0
223465,1
223466,1
223467,1
223469,1
223470,1
223471,0
223473,0
223474,1
223475,0
223477,0
223480,1
223481,0
223483,1
223484,1
223486,1
223487,0
223488,1
223489,1
223491,0
223492,1
223498,0
223502,0
223505,1
223513,1
223515,1
223516,1
223522,0
223525,0
223526,0
223528,0
223529,1
223531,1
223532,0
223534,1
223536,1
223540,0
223541,1
223542,0
223543,0
223545,1
223553,0
223555,1
223556,1
223561,1
223562,1
223563,0
223571,1
223573,0
223577,0
223578,1
223579,1
223580,0
223581,0
223582,0
223583,1
223584,0
223585,1
223589,1
223594,1
223595,0
223596,1
223597,0
223598,1
223599,0
223603,0
223605,0
223606,0
223607,1
223609,0
223611,1
223612,0
223615,1
223616,0
223620,0
223624,1
223626,0
223627,0
223633,0
223638,0
223639,1
223640,1
223642,0
223644,0
223648,0
223649,0
223650,1
223651,0
223652,0
223653,0
223659,0
223662,0
223664,1
223666,0
223667,1
223668,1
223669,0
223675,1
223678,0
223679,1
223684,0
223685,0
223687,1
223688,0
223690,1
223691,0
223699,1
223701,1
223704,1
223705,0
223708,0
223716,1
223717,1
223718,0
223719,0
223720,0
223722,0
223723,1
223729,0
223731,1
223738,1
223741,0
223745,1
223751,1
223755,1
223758,0
223760,1
223761,0
223771,1
223774,0
223777,0
223783,0
223785,1
223787,0
223792,0
223795,1
223799,0
223803,0
223806,0
223807,1
223808,0
223809,1
223810,1
223815,1
223820,0
223823,1
223824,1
223826,1
223827,1
223834,1
223838,1
223843,1
223844,0
223847,1
223849,0
223853,0
223855,0
223858,0
223863,0
223871,1
223873,1
223874,1
223875,1
223877,0
223879,0
223881,0
223882,1
223884,1
223885,0
223886,0
223889,0
223890,0
223891,1
223892,0
223893,0
223894,0
223905,1
223908,1
223909,1
223910,0
223911,0
223912,1
223915,0
223917,1
223920,1
223927,0
223930,1
223936,0
223938,1
223940,1
223941,1
223943,0
223946,0
223949,1
223951,0
223953,0
223958,0
223960,1
223963,0
223964,0
223965,1
223967,0
223969,0
223971,0
223976,1
223979,1
223980,0
223981,1
223982,0
223985,0
223986,0
223989,0
223993,1
223995,0
224001,0
224004,0
224005,1
224008,1
224014,1
224018,0
224020,0
224022,0
224024,0
224026,1
224028,1
224031,0
224032,1
224035,1
224039,1
224041,1
224053,0
224054,1
224055,0
224058,1
224059,0
224060,0
224061,1
224064,1
224065,1
224066,0
224069,0
224074,0
224075,0
224076,1
224077,1
224080,0
224085,1
224088,1
224090,1
224091,1
224093,0
224094,1
224095,1
224096,1
224097,0
224098,0
224099,0
224100,1
224102,1
224110,0
224113,0
224115,1
224116,1
224119,1
224120,0
224124,0
224125,0
224128,1
224131,0
224133,0
224134,0
224140,0
224142,1
224144,0
224145,0
224148,0
224150,0
224151,1
224152,1
224153,1
224156,1
224158,0
224161,0
224162,1
224165,1
224171,1
224179,0
224181,1
224186,1
224188,1
224192,1
224194,1
224197,0
224198,1
224199,0
224200,1
224201,0
224205,1
224206,1
224214,0
224216,1
224222,1
224226,0
224229,0
224231,1
224233,1
224234,1
224235,0
224236,1
224237,0
224238,1
224240,1
224241,0
224242,1
224244,0
224245,1
224248,1
224250,1
224252,1
224255,0
224258,0
224262,1
224267,1
224268,0
224270,1
224271,0
224272,1
224274,0
224276,1
224281,0
224282,0
224286,1
224288,0
224289,0
224292,1
224293,1
224298,1
224299,1
224300,1
224301,0
224302,0
224303,1
224306,0
224308,1
224309,0
224310,1
224312,1
224313,1
224314,0
224317,1
224318,1
224320,1
224324,0
224325,0
224327,0
224334,1
224339,0
224342,0
224354,0
224356,1
224363,0
224364,1
224366,1
224367,1
224368,1
224369,1
224370,0
224375,1
224377,0
224378,1
224380,1
224383,1
224388,1
224390,1
224393,0
224399,1
224401,1
224406,0
224407,1
224408,1
224412,1
224416,0
224417,1
224418,0
224420,1
224421,0
224425,0
224435,0
224444,0
224447,1
224450,1
224454,1
224456,1
224457,1
224459,0
224460,1
224463,0
224464,1
224466,0
224468,0
224471,0
224472,1
224476,0
224477,0
224478,1
224481,1
224487,0
224490,1
224495,1
224500,0
224507,1
224511,0
224513,1
224514,0
224520,1
224521,0
224523,1
224524,0
224529,0
224532,1
224534,0
224541,0
224546,0
224556,0
224557,1
224558,1
224559,0
224562,0
224571,0
224572,1
224574,1
224575,0
224576,1
224580,1
224584,1
224585,0
224588,0
224590,0
224591,0
224592,1
224594,0
224599,0
224600,0
224605,1
224608,0
224609,1
224610,0
224613,0
224614,0
224617,1
224619,0
224622,0
224623,1
224626,0
224627,1
224628,0
224630,0
224634,1
224638,0
224644,1
224647,0
224650,0
224651,1
224653,1
224657,0
224661,1
224664,0
224666,1
224670,1
224671,1
224672,0
224674,1
224677,0
224681,0
224687,0
224689,1
224690,0
224693,0
224697,1
224706,1
224707,0
224708,0
224709,0
224714,0
224718,0
224719,0
224721,0
224723,0
224725,1
224727,0
224729,1
224733,1
224735,0
224736,1
224737,1
224738,0
224744,1
224748,0
224749,0
224751,0
224755,1
224756,1
224757,0
224760,0
224761,1
224762,1
224763,1
224766,1
224770,0
224771,0
224772,1
224773,1
224775,1
224777,1
224778,0
224779,1
224780,0
224783,1
224784,1
224786,0
224787,0
224797,0
224798,1
224800,1
224801,1
224802,1
224806,1
224807,0
224811,0
224816,1
224818,0
224820,0
224823,1
224825,0
224828,0
224831,1
224833,1
224835,1
224836,1
224839,0
224841,0
224844,0
224848,1
224856,1
224858,1
224862,1
224867,0
224870,1
224871,0
224873,1
224879,1
224880,0
224881,0
224888,0
224891,1
224895,1
224896,0
224898,0
224899,1
224901,1
224904,0
224909,0
224912,1
224914,0
224919,0
224920,0
224921,0
224928,1
224929,0
224930,1
224933,1
224934,0
224935,1
224937,1
224941,1
224942,1
224945,0
224948,0
224949,1
224954,0
224956,0
224957,1
224958,0
224960,1
224963,1
224973,1
224974,0
224975,1
224978,0
224982,1
224983,1
224984,0
224985,0
224987,1
224989,0
224991,1
224992,1
224993,1
224997,1
225003,0
225004,1
225006,0
225007,1
225009,0
225011,0
225012,0
225013,1
225015,0
225020,1
225022,1
225024,1
225025,1
225026,0
225028,0
225033,1
225035,0
225037,1
225047,0
225048,0
225050,0
225051,0
225052,1
225054,1
225056,1
225058,0
225066,0
225069,1
225071,0
225074,0
225078,1
225081,1
225084,0
225085,0
225086,0
225088,0
225090,1
225098,0
225099,0
225101,0
225106,1
225108,0
225112,0
225113,0
225114,0
225119,0
225122,1
225123,0
225124,1
225126,0
225127,1
225128,0
225131,0
225132,0
225133,0
225136,0
225140,1
225144,0
225148,0
225151,0
225154,0
225155,1
225157,0
225159,0
225160,0
225162,1
225163,0
225165,0
225166,1
225168,0
225169,0
225170,0
225172,1
225174,1
225176,0
225177,0
225178,1
225179,0
225180,1
225181,1
225186,0
225188,0
225190,0
225192,1
225194,0
225195,1
225204,0
225207,0
225209,1
225210,0
225214,0
225223,1
225224,1
225227,0
225228,0
225229,0
225230,0
225231,1
225233,0
225235,0
225237,0
225238,0
225241,1
225242,1
225244,1
225246,1
225248,1
225253,1
225255,1
225258,0
225261,1
225263,0
225269,0
225270,1
225271,1
225275,0
225276,1
225277,0
225279,1
225280,1
225283,0
225285,1
225289,1
225290,1
225294,1
225299,1
225303,0
225304,1
225305,0
225309,0
225311,1
225312,0
225313,1
225315,1
225316,0
225318,1
225321,0
225322,0
225325,1
225326,0
225327,1
225328,1
225330,1
225333,0
225335,1
225336,1
225338,1
225342,0
225343,0
225345,0
225346,0
225347,1
225348,0
225349,1
225352,0
225353,0
225356,1
225357,0
225360,1
225363,0
225367,0
225369,0
225370,0
225371,0
225372,1
225375,1
225377,0
225380,1
225382,0
225387,0
225390,1
225393,0
225397,0
225399,1
225400,1
225401,1
225402,0
225405,0
225408,0
225413,0
225415,0
225425,0
225429,0
225431,0
225434,1
225435,0
225439,0
225440,0
225442,1
225443,1
225444,1
225446,0
225447,1
225450,1
225451,0
225452,0
225454,0
225459,1
225460,1
225461,0
225464,0
225466,0
225469,0
225472,0
225477,0
225478,1
225481,1
225482,1
225483,0
225484,1
225486,1
225493,1
225496,0
225499,0
225500,1
225502,0
225505,1
225507,1
225508,0
225509,1
225510,0
225511,1
225513,0
225515,1
225517,0
225518,0
225519,0
225520,1
225521,1
225522,0
225524,1
225526,0
225532,0
225534,1
225536,1
225537,0
225538,0
225540,1
225541,0
225542,1
225543,0
225546,0
225547,1
225548,0
225550,0
225551,0
225557,1
225558,1
225561,1
225562,1
225563,1
225565,1
225566,1
225568,0
225570,0
225572,0
225576,1
225580,0
225581,0
225582,0
225586,1
225588,1
225589,0
225590,0
225591,0
225592,0
225593,0
225594,1
225596,0
225597,0
225602,0
225603,0
225604,0
225606,1
225610,0
225611,1
225615,0
225618,0
225619,1
225621,0
225623,1
225627,1
225629,0
225630,0
225634,1
225636,1
225641,1
225645,0
225646,1
225647,0
225650,1
225651,1
225656,0
225658,1
225659,0
225660,1
225662,1
225663,1
225670,0
225672,0
225675,0
225676,0
225677,0
225678,0
225683,1
225685,1
225686,1
225688,1
225690,1
225691,0
225697,1
225701,1
225702,0
225703,1
225704,1
225705,0
225706,0
225711,0
225712,0
225713,0
225714,0
225715,0
225717,1
225718,1
225720,1
225722,0
225726,1
225728,0
225729,0
225731,0
225732,1
225733,1
225736,0
225737,1
225738,1
225743,1
225744,1
225746,1
225747,0
225754,0
225756,0
225760,0
225764,1
225766,0
225767,0
225772,1
225774,1
225778,1
225779,1
225780,0
225782,0
225783,1
225788,0
225789,0
225793,1
225796,1
225799,1
225802,0
225812,0
225813,1
225816,0
225817,0
225821,1
225826,1
225831,0
225833,0
225838,0
225840,1
225845,1
225846,0
225850,1
225854,1
225870,1
225875,0
225876,0
225877,1
225881,1
225882,1
225889,1
225891,1
225892,1
225894,0
225895,0
225897,1
225900,0
225901,1
225902,0
225906,1
225908,0
225909,1
225912,0
225916,1
225917,0
225924,0
225925,0
225926,0
225927,1
225928,1
225930,0
225935,0
225937,0
225939,1
225953,0
225954,0
225955,1
225957,1
225964,0
225965,1
225967,0
225969,1
225970,0
225972,1
225974,0
225976,0
225978,0
225981,0
225983,1
225985,0
225988,0
225989,1
225990,1
225991,1
225998,0
226000,1
226002,1
226003,1
226012,1
226016,0
226021,0
226022,1
226024,1
226025,0
226026,1
226029,0
226032,1
226034,0
226040,1
226042,0
226044,1
226050,1
226051,0
226052,1
226056,1
226057,0
226063,0
226064,1
226067,1
226074,0
226079,1
226080,1
226082,1
226084,0
226087,1
226093,0
226097,1
226098,1
226099,0
226100,1
226102,1
226103,0
226105,0
226107,1
226109,1
226110,1
226111,0
226113,0
226115,1
226116,1
226119,0
226120,0
226122,1
226123,1
226126,1
226129,1
226130,0
226131,0
226132,1
226133,1
226135,1
226136,1
226139,1
226141,0
226142,1
226143,0
226146,0
226149,1
226151,0
226154,1
226157,0
226161,1
226162,0
226165,0
226166,0
226168,1
226172,0
226174,1
226175,0
226180,0
226181,1
226183,1
226184,1
226186,1
226188,1
226191,1
226194,0
226203,1
226207,0
226215,0
226217,1
226218,0
226219,1
226220,0
226222,0
226225,0
226231,1
226232,0
226235,0
226237,1
226242,0
226243,1
226244,0
226245,1
226246,0
226247,0
226248,1
226249,0
226250,0
226255,0
226260,0
226261,0
226262,1
226263,0
226264,0
226266,1
226267,1
226270,0
226271,0
226272,1
226274,0
226277,1
226280,1
226282,1
226284,1
226285,1
226286,0
226292,1
226297,1
226301,1
226302,1
226306,0
226308,0
226309,0
226311,1
226313,1
226315,0
226320,0
226321,1
226322,1
226328,0
226329,0
226333,1
226334,0
226335,1
226339,0
226342,1
226350,0
226352,1
226353,0
226354,1
226357,1
226358,0
226360,0
226367,1
226369,0
226373,0
226375,0
226378,0
226379,0
226381,0
226385,0
226389,1
226390,1
226392,1
226394,1
226396,1
226398,0
226399,0
226401,0
226410,0
226411,1
226415,0
226416,0
226418,0
226422,1
226424,1
226426,0
226427,1
226436,1
226437,1
226438,0
226442,1
226443,1
226444,0
226445,1
226446,1
226450,0
226454,0
226456,0
226459,1
226461,1
226462,1
226468,0
226469,0
226470,1
226471,0
226473,0
226475,1
226476,1
226478,1
226481,0
226483,0
226485,1
226488,0
226499,1
226503,1
226506,1
226508,0
226509,1
226515,1
226517,0
226518,0
226519,0
226522,0
226523,1
226525,0
226534,1
226538,1
226541,1
226543,0
226546,0
226548,1
226549,0
226553,0
226561,1
226562,0
226565,1
226567,1
226571,0
226575,0
226580,1
226582,1
226586,1
226587,0
226588,1
226589,0
226591,1
226592,0
226594,0
226597,0
226602,0
226606,1
226610,1
226611,0
226614,1
226615,0
226616,1
226618,0
226619,0
226620,1
226621,1
226623,1
226624,0
226626,0
226627,0
226629,0
226631,0
226633,1
226635,1
226638,0
226640,0
226642,1
226645,1
226650,1
226651,1
226654,0
226658,0
226663,1
226668,0
226672,1
226673,1
226674,1
226676,1
226681,1
226685,0
226686,1
226688,0
226690,1
226692,1
226694,0
226696,1
226697,0
226698,0
226699,1
226700,0
226701,0
226704,0
226705,1
226707,0
226710,1
226714,0
226718,0
226720,0
226724,1
226725,1
226727,0
226729,0
226733,0
226734,0
226735,0
226737,1
226741,1
226744,1
226746,0
226756,0
226757,0
226759,1
226768,0
226769,1
226774,0
226777,0
226778,1
226779,1
226781,1
226789,1
226790,0
226793,0
226794,1
226795,0
226798,0
226801,0
226802,1
226805,0
226807,1
226808,0
226813,1
226816,0
226817,1
226819,0
226822,0
226823,1
226824,1
226825,1
226827,0
226836,0
226837,0
226838,0
226841,1
226844,1
226845,0
226846,0
226847,0
226849,0
226850,1
226851,1
226852,1
226853,1
226863,0
226868,0
226871,0
226872,0
226873,0
226874,0
226877,0
226881,0
226884,0
226885,1
226887,1
226890,0
226892,0
226895,0
226898,1
226900,1
226901,0
226906,0
226909,1
226910,0
226911,0
226914,1
226916,1
226918,0
226919,0
226920,0
226922,0
226923,1
226925,0
226929,1
226933,1
226935,0
226938,0
226941,0
226942,1
226943,0
226946,0
226950,0
226951,0
226952,0
226957,0
226958,1
226959,0
226960,0
226963,1
226964,1
226970,0
226972,1
226973,0
226977,0
226978,0
226981,1
226982,1
226984,0
226986,1
226989,0
226996,1
226997,0
226998,0
227002,0
227004,1
227009,0
227010,1
227012,0
227013,0
227014,1
227015,0
227017,1
227021,0
227025,0
227026,0
227029,0
227031,0
227036,0
227042,0
227044,1
227047,1
227050,0
227052,1
227054,1
227057,0
227058,1
227062,0
227065,1
227066,0
227067,1
227070,1
227072,0
227077,0
227081,1
227082,0
227083,0
227084,1
227088,0
227089,0
227090,0
227091,0
227094,0
227098,0
227099,1
227100,0
227101,0
227102,0
227103,0
227104,1
227113,0
227114,1
227121,0
227123,1
227127,0
227132,0
227134,0
227138,0
227139,1
227141,0
227142,0
227143,0
227144,1
227159,1
227160,0
227161,0
227169,0
227170,0
227172,0
227174,1
227176,0
227177,0
227184,0
227186,0
227194,1
227195,0
227196,0
227198,1
227200,0
227202,1
227204,0
227210,0
227213,1
227215,0
227222,1
227224,1
227227,1
227228,1
227229,0
227230,1
227236,0
227238,1
227240,1
227242,0
227243,0
227244,0
227245,0
227249,0
227251,0
227253,1
227254,1
227255,0
227256,1
227257,0
227258,0
227262,0
227264,1
227269,0
227272,0
227273,0
227274,1
227275,0
227277,0
227287,1
227288,1
227289,0
227294,1
227296,1
227300,0
227308,1
227312,1
227313,0
227319,1
227320,1
227323,0
227325,0
227328,1
227329,0
227331,0
227332,0
227333,1
227334,1
227335,0
227337,0
227338,0
227340,1
227341,1
227346,0
227351,0
227352,0
227353,0
227354,0
227355,1
227356,0
227357,1
227362,1
227364,1
227367,1
227368,1
227369,0
227374,0
227380,1
227381,0
227382,1
227384,0
227387,0
227390,0
227397,1
227398,0
227405,0
227406,0
227411,1
227412,1
227413,1
227414,0
227415,1
227416,0
227420,1
227421,1
227422,0
227424,0
227430,1
227432,1
227435,0
227437,0
227445,0
227449,1
227451,0
227452,0
227457,0
227458,1
227463,0
227466,1
227468,0
227471,0
227472,0
227473,0
227474,1
227478,0
227485,0
227496,1
227499,0
227502,1
227503,0
227505,1
227506,1
227510,1
227511,0
227515,1
227519,0
227521,1
227523,0
227524,1
227525,0
227526,0
227536,0
227539,0
227541,1
227543,0
227550,0
227551,0
227553,0
227556,0
227565,0
227566,0
227570,1
227571,0
227572,0
227573,0
227575,1
227578,1
227579,1
227582,0
227585,0
227588,0
227590,1
227595,1
227596,0
227597,0
227601,1
227602,0
227608,1
227609,1
227610,0
227611,0
227612,1
227613,1
227616,0
227617,1
227619,0
227621,0
227623,1
227627,0
227628,0
227630,1
227631,0
227633,1
227634,0
227641,0
227644,0
227647,1
227656,1
227661,1
227670,1
227675,1
227679,1
227681,0
227685,1
227687,0
227690,0
227692,0
227693,1
227700,0
227701,0
227702,1
227703,1
227707,1
227709,1
227710,1
227711,1
227714,1
227715,1
227720,0
227722,0
227725,0
227731,1
227732,1
227740,0
227742,1
227743,1
227750,0
227755,0
227758,1
227761,0
227763,1
227765,0
227767,0
227768,1
227770,0
227776,1
227778,0
227783,1
227784,1
227787,1
227792,1
227793,1
227796,1
227800,0
227804,0
227805,1
227806,0
227809,0
227813,0
227815,0
227816,0
227820,0
227821,1
227822,0
227823,0
227825,0
227827,0
227830,1
227831,0
227832,0
227835,1
227838,0
227844,1
227845,0
227848,0
227849,1
227857,0
227859,0
227860,1
227863,1
227868,0
227869,1
227873,1
227875,1
227876,1
227882,0
227886,1
227887,0
227889,1
227894,1
227895,1
227898,0
227901,1
227906,0
227907,0
227909,1
227916,1
227918,0
227919,1
227922,0
227923,0
227925,1
227926,0
227928,1
227929,1
227935,1
227936,1
227939,0
227940,1
227943,0
227944,1
227945,1
227946,0
227950,0
227952,0
227959,0
227963,0
227964,0
227967,0
227968,0
227969,1
227975,1
227979,0
227983,1
227988,1
227989,1
227991,0
227993,1
227995,0
227998,0
227999,1
228000,1
228001,0
228003,0
228008,1
228009,0
228010,1
228011,1
228017,1
228023,0
228027,1
228030,1
228032,1
228033,1
228034,1
228040,0
228042,0
228043,0
228044,0
228046,0
228048,0
228055,1
228057,1
228059,0
228066,1
228067,0
228068,0
228070,1
228071,0
228075,1
228079,1
228080,0
228081,0
228082,0
228084,1
228088,1
228090,0
228092,0
228094,0
228095,0
228096,0
228102,0
228103,0
228104,0
228108,1
228112,0
228113,0
228115,0
228118,0
228119,0
228121,0
228122,0
228123,1
228124,1
228125,0
228127,1
228129,1
228132,0
228133,0
228135,1
228136,0
228139,0
228141,0
228142,1
228144,0
228145,1
228146,1
228147,1
228148,1
228150,1
228153,1
228154,0
228159,0
228160,1
228161,0
228162,0
228163,0
228168,0
228171,1
228172,1
228173,0
228176,1
228181,1
228183,0
228184,0
228185,0
228189,1
228192,1
228193,0
228194,0
228197,0
228198,0
228200,1
228201,1
228203,0
228204,0
228207,1
228208,1
228209,1
228210,0
228216,1
228217,0
228220,0
228221,0
228223,1
228224,0
228231,1
228233,0
228236,1
228241,0
228243,0
228244,0
228246,0
228248,0
228250,0
228253,1
228259,0
228260,1
228262,0
228267,0
228271,0
228272,0
228273,0
228275,1
228276,0
228278,1
228280,0
228282,1
228283,0
228284,1
228286,1
228293,1
228295,0
228296,1
228297,0
228299,0
228301,0
228305,0
228307,0
228309,0
228310,0
228312,1
228314,0
228316,1
228318,0
228319,0
228322,0
228326,1
228329,0
228333,0
228334,0
228346,0
228351,1
228353,1
228355,0
228357,0
228358,1
228360,1
228364,0
228366,0
228368,0
228369,0
228371,0
228372,1
228376,0
228379,0
228381,1
228383,0
228384,0
228385,0
228386,0
228387,0
228388,1
228393,0
228396,0
228401,0
228404,1
228406,1
228410,0
228411,1
228415,0
228417,1
228418,0
228419,1
228421,0
228423,1
228428,1
228430,0
228431,1
228434,1
228441,0
228442,1
228447,0
228449,0
228452,0
228454,0
228455,0
228459,0
228460,0
228464,1
228465,0
228466,0
228471,0
228472,1
228475,1
228477,1
228480,1
228481,0
228482,1
228483,1
228485,1
228486,1
228489,0
228493,0
228494,1
228497,0
228498,1
228500,1
228501,1
228508,1
228509,1
228510,1
228511,1
228512,1
228514,1
228516,1
228518,0
228520,0
228528,0
228529,1
228530,0
228532,1
228536,1
228537,0
228538,0
228541,1
228543,1
228547,0
228549,0
228550,0
228552,1
228553,1
228554,0
228558,1
228560,1
228566,0
228567,1
228569,0
228571,1
228577,0
228582,0
228583,0
228589,1
228591,1
228594,0
228595,0
228596,1
228597,0
228598,0
228602,0
228609,0
228610,0
228611,1
228612,0
228613,1
228614,1
228617,0
228620,0
228621,0
228625,0
228629,1
228631,0
228634,1
228643,0
228644,1
228646,1
228650,0
228651,1
228652,1
228653,1
228659,1
228664,1
228668,0
228669,0
228670,0
228671,1
228677,1
228678,1
228683,1
228685,0
228688,1
228690,0
228694,0
228695,0
228696,1
228697,1
228698,0
228699,1
228702,0
228704,0
228706,1
228707,0
228708,0
228710,1
228713,0
228714,1
228715,1
228716,1
228717,1
228718,1
228721,1
228725,0
228727,0
228728,0
228729,1
228736,1
228737,0
228740,1
228748,1
228749,1
228751,1
228758,0
228759,0
228761,1
228762,0
228765,1
228766,1
228767,0
228769,0
228771,1
228775,1
228776,1
228777,1
228778,1
228779,0
228781,1
228782,1
228783,0
228785,0
228789,0
228793,1
228797,1
228798,0
228799,0
228802,1
228806,1
228807,1
228808,1
228809,0
228813,0
228816,1
228817,0
228818,1
228823,0
228825,0
228826,0
228827,1
228828,1
228829,1
228834,1
228835,1
228843,1
228845,1
228846,1
228847,1
228849,0
228850,0
228851,0
228857,1
228858,0
228859,1
228861,1
228863,0
228864,1
228868,1
228871,0
228872,1
228877,1
228880,1
228881,1
228884,0
228885,0
228888,1
228889,0
228890,0
228891,1
228894,0
228899,0
228902,1
228904,1
228906,1
228908,1
228909,1
228910,1
228915,0
228918,0
228920,1
228925,1
228927,0
228930,0
228932,1
228933,1
228940,0
228941,1
228942,1
228950,1
228951,0
228952,1
228956,0
228957,1
228958,1
228962,0
228964,1
228966,1
228967,1
228971,1
228976,1
228978,1
228983,1
228986,0
228988,1
228990,1
228991,1
228993,1
228994,0
228997,0
228998,0
229000,1
229003,1
229006,0
229007,0
229008,1
229010,0
229014,1
229017,0
229018,1
229020,0
229021,1
229025,1
229026,0
229027,0
229028,1
229029,1
229032,1
229033,0
229034,1
229038,0
229039,0
229040,0
229043,0
229047,0
229048,0
229050,0
229056,0
229058,0
229059,0
229062,0
229064,0
229066,1
229067,1
229068,0
229069,1
229072,1
229074,1
229075,1
229081,1
229083,1
229085,0
229086,1
229094,1
229097,0
229098,0
229100,0
229102,0
229104,0
229108,0
229110,1
229115,1
229120,0
229121,0
229127,0
229128,0
229129,0
229134,1
229135,1
229137,0
229138,0
229141,1
229144,0
229146,0
229147,1
229149,0
229152,1
229156,0
229157,0
229158,1
229162,1
229163,1
229166,1
229168,0
229171,1
229172,1
229174,0
229175,1
229176,0
229180,1
229185,1
229186,1
229187,0
229188,1
229190,1
229192,0
229193,0
229195,1
229197,0
229198,1
229200,0
229201,0
229204,0
229209,0
229210,0
229212,1
229218,0
229220,1
229226,0
229227,1
229234,0
229236,0
229238,1
229242,0
229243,0
229245,1
229248,0
229250,0
229254,0
229255,1
229257,0
229259,0
229260,1
229263,1
229264,1
229265,0
229266,1
229268,0
229270,1
229271,0
229276,0
229277,0
229280,1
229282,0
229283,0
229284,1
229285,0
229286,1
229289,1
229291,1
229293,1
229295,1
229296,0
229297,0
229298,1
229301,0
229302,1
229304,1
229306,0
229308,0
229310,0
229312,0
229313,1
229315,0
229318,1
229320,0
229321,1
229326,1
229327,1
229329,0
229330,0
229331,1
229332,0
229333,1
229334,1
229339,0
229340,0
229341,0
229344,1
229345,1
229346,0
229347,0
229349,1
229350,0
229351,0
229352,1
229354,0
229357,0
229358,0
229360,0
229363,1
229364,0
229365,0
229366,0
229375,1
229376,0
229380,1
229381,0
229382,1
229389,0
229394,0
229395,1
229398,1
229401,1
229405,1
229406,1
229409,1
229412,0
229417,1
229418,1
229420,0
229422,0
229432,1
229433,0
229434,0
229437,1
229439,1
229440,0
229442,0
229444,1
229447,1
229448,0
229449,0
229452,1
229453,0
229454,0
229455,1
229457,1
229458,0
229460,0
229463,1
229465,0
229466,0
229467,0
229468,0
229471,0
229473,1
229476,0
229477,1
229478,1
229479,1
229480,0
229481,0
229482,0
229483,0
229484,0
229486,1
229489,1
229491,0
229493,0
229494,1
229495,0
229496,0
229497,0
229500,0
229501,1
229504,0
229505,0
229506,1
229507,0
229509,0
229511,1
229515,1
229520,1
229521,0
229523,1
229525,1
229526,0
229537,1
229538,1
229539,1
229540,1
229541,0
229543,0
229544,0
229547,1
229550,0
229551,0
229552,0
229553,1
229559,0
229560,1
229561,0
229562,1
229564,1
229565,0
229566,1
229567,0
229568,0
229570,0
229571,0
229575,1
229578,0
229581,1
229591,0
229593,1
229596,0
229606,0
229610,0
229611,0
229612,0
229613,1
229616,0
229617,0
229619,1
229621,1
229622,1
229625,1
229628,1
229631,0
229636,1
229643,0
229647,0
229648,1
229649,0
229652,1
229658,1
229660,0
229661,1
229663,0
229666,0
229667,1
229668,0
229671,1
229673,1
229674,1
229676,0
229677,1
229680,0
229682,0
229684,1
229687,0
229692,1
229693,1
229694,1
229696,0
229697,0
229698,1
229699,0
229700,1
229702,1
229703,1
229705,1
229707,0
229708,0
229711,1
229715,0
229717,0
229723,0
229725,0
229734,0
229738,1
229739,0
229741,1
229742,1
229743,1
229747,0
229750,0
229751,0
229752,0
229753,0
229758,0
229760,0
229761,0
229762,1
229766,0
229768,1
229769,1
229771,0
229772,0
229773,0
229775,0
229777,0
229780,0
229783,0
229785,0
229787,0
229790,1
229794,1
229802,1
229803,0
229805,1
229806,0
229808,0
229812,1
229815,0
229817,1
229818,1
229822,1
229828,0
229835,0
229837,0
229839,0
229843,0
229844,1
229846,1
229849,0
229852,0
229854,1
229856,1
229858,1
229859,1
229860,1
229861,1
229863,1
229865,0
229866,0
229867,1
229868,1
229871,1
229874,1
229875,1
229876,0
229882,0
229883,0
229889,0
229890,0
229891,0
229896,0
229898,0
229899,0
229905,1
229908,0
229918,0
229919,1
229920,0
229925,0
229926,0
229927,0
229928,1
229929,1
229930,1
229933,1
229940,1
229941,1
229942,0
229945,0
229948,0
229951,0
229953,0
229954,0
229957,1
229960,0
229964,1
229967,1
229970,0
229972,0
229973,0
229974,0
229975,1
229976,0
229978,1
229979,1
229980,0
229981,0
229982,1
229985,1
229988,1
229989,1
229993,1
229994,0
229998,1
230000,0
230003,1
230006,0
230009,1
230010,0
230011,1
230015,1
230022,1
230025,0
230027,0
230031,1
230033,1
230034,0
230035,0
230036,1
230045,0
230046,1
230054,1
230055,0
230057,0
230058,1
230061,1
230063,0
230064,1
230065,0
230067,1
230070,0
230071,0
230072,0
230074,1
230075,0
230076,0
230077,1
230079,0
230081,0
230082,1
230084,1
230085,0
230086,0
230088,0
230090,0
230094,0
230096,1
230099,0
230101,1
230110,0
230112,0
230118,0
230119,1
230121,0
230123,0
230124,1
230125,1
230129,0
230131,1
230132,0
230141,1
230142,0
230144,0
230148,1
230151,1
230152,0
230156,0
230157,1
230159,0
230161,1
230169,1
230170,0
230172,0
230173,1
230177,1
230178,1
230181,1
230185,0
230186,0
230187,1
230188,1
230193,1
230195,0
230198,1
230200,1
230206,1
230207,1
230210,1
230212,0
230215,1
230219,0
230220,0
230222,0
230223,1
230224,1
230228,1
230229,1
230231,1
230232,0
230233,0
230235,1
230236,1
230238,0
230243,0
230247,0
230248,0
230250,0
230254,1
230257,0
230261,0
230264,0
230265,1
230267,1
230268,1
230269,1
230271,0
230272,0
230273,1
230274,1
230277,0
230278,0
230280,0
230281,1
230283,0
230288,1
230289,0
230294,0
230298,1
230305,0
230306,1
230307,0
230313,1
230317,1
230324,0
230325,1
230326,0
230330,0
230331,1
230333,1
230340,0
230343,1
230344,1
230345,1
230346,1
230347,0
230352,0
230353,1
230354,0
230356,1
230357,1
230363,1
230364,1
230368,1
230371,0
230373,0
230384,1
230391,0
230397,1
230403,1
230404,1
230408,1
230409,1
230410,0
230412,1
230413,0
230418,0
230425,1
230426,0
230428,0
230429,1
230431,1
230436,0
230439,0
230444,0
230445,1
230446,0
230448,1
230450,0
230451,0
230455,0
230459,0
230461,1
230463,0
230466,1
230468,1
230469,1
230470,0
230475,0
230476,0
230479,1
230481,0
230482,1
230483,1
230489,0
230490,0
230494,1
230495,0
230497,1
230498,0
230499,0
230505,0
230508,0
230510,1
230512,0
230513,0
230521,1
230523,1
230525,0
230528,1
230529,1
230530,0
230531,0
230535,1
230536,0
230537,0
230540,1
230545,1
230548,0
230550,0
230553,0
230559,1
230560,0
230561,1
230562,0
230563,1
230564,0
230565,1
230566,0
230567,0
230568,0
230571,1
230572,1
230577,1
230584,0
230585,0
230587,0
230590,1
230593,0
230595,1
230596,0
230597,1
230602,1
230603,0
230606,0
230607,0
230610,1
230611,0
230614,1
230615,1
230617,0
230618,0
230619,1
230634,1
230637,1
230638,1
230639,0
230640,0
230642,1
230643,0
230647,1
230651,0
230654,0
230656,0
230657,1
230663,1
230665,0
230667,0
230668,1
230670,1
230672,0
230673,0
230678,0
230679,1
230680,0
230688,1
230693,1
230694,1
230699,1
230701,0
230702,0
230703,0
230704,0
230705,0
230707,0
230708,1
230709,0
230711,1
230718,1
230719,0
230720,0
230721,0
230724,0
230725,0
230726,1
230727,0
230730,0
230731,0
230732,0
230735,1
230737,0
230738,0
230741,0
230742,0
230745,0
230746,1
230747,1
230749,0
230751,1
230753,0
230754,0
230755,0
230757,0
230758,1
230760,1
230763,1
230765,0
230767,0
230771,0
230773,0
230775,1
230777,0
230778,1
230785,0
230789,0
230791,0
230795,1
230798,0
230802,0
230806,1
230807,1
230815,0
230817,0
230820,1
230823,0
230824,0
230825,1
230831,1
230835,1
230836,1
230837,1
230838,0
230844,1
230845,1
230847,1
230849,1
230850,0
230853,1
230860,0
230861,1
230864,1
230865,1
230867,1
230868,0
230871,0
230876,0
230879,0
230880,1
230882,1
230888,1
230892,1
230893,0
230896,1
230897,0
230900,0
230901,1
230903,1
230905,0
230906,1
230908,1
230909,1
230910,1
230911,0
230912,1
230914,0
230918,0
230923,0
230925,1
230926,0
230930,1
230932,0
230934,0
230935,1
230938,1
230939,1
230940,0
230944,0
230947,0
230948,1
230953,0
230954,1
230955,0
230956,1
230957,1
230959,1
230963,1
230964,0
230966,1
230967,0
230969,0
230970,0
230971,0
230973,1
230975,1
230976,1
230980,0
230981,0
230988,1
230997,0
230998,1
231005,1
231009,1
231010,1
231014,1
231015,1
231016,0
231019,1
231020,0
231022,1
231023,1
231024,1
231026,1
231027,0
231030,1
231036,1
231037,1
231041,0
231042,0
231045,0
231046,0
231048,1
231049,1
231050,1
231052,1
231054,0
231056,1
231060,1
231061,0
231063,1
231066,0
231067,1
231069,0
231072,0
231076,0
231078,0
231079,1
231082,1
231087,1
231090,0
231094,1
231097,0
231098,1
231101,1
231102,1
231104,1
231111,0
231113,1
231118,0
231122,0
231124,0
231128,0
231129,1
231133,1
231134,1
231136,0
231138,1
231139,0
231140,0
231141,1
231143,0
231145,1
231146,0
231147,0
231148,0
231150,0
231152,1
231156,1
231157,1
231158,1
231159,1
231160,1
231162,1
231163,0
231165,0
231174,1
231175,0
231179,0
231180,0
231181,0
231183,0
231187,0
231189,0
231194,0
231195,0
231198,0
231199,0
231205,1
231209,0
231214,1
231217,0
231218,1
231220,1
231222,1
231223,1
231224,0
231228,1
231229,1
231230,0
231232,0
231235,0
231236,0
231239,0
231240,1
231245,1
231247,0
231251,1
231252,1
231254,1
231255,1
231256,0
231257,1
231259,0
231260,1
231264,0
231268,1
231271,0
231272,0
231274,1
231277,1
231278,0
231283,1
231290,0
231295,0
231296,0
231297,1
231298,0
231299,1
231301,1
231302,1
231304,1
231305,0
231306,0
231311,0
231312,0
231314,0
231318,1
231325,0
231327,1
231329,1
231330,0
231344,0
231352,0
231354,0
231357,1
231358,1
231359,1
231360,1
231361,1
231364,1
231372,1
231373,1
231374,0
231375,1
231377,0
231379,0
231382,0
231384,0
231385,1
231388,0
231389,0
231393,0
231395,1
231396,1
231397,1
231403,0
231404,1
231405,1
231406,0
231411,0
231412,0
231413,1
231418,0
231419,1
231421,1
231422,1
231431,0
231432,0
231433,0
231440,0
231445,1
231448,1
231449,1
231451,1
231452,0
231453,0
231455,1
231457,0
231461,0
231463,0
231466,1
231469,0
231471,0
231472,0
231473,1
231474,1
231475,0
231478,0
231482,1
231483,0
231485,0
231487,0
231488,1
231490,1
231492,0
231493,0
231496,1
231499,0
231506,0
231516,1
231520,0
231525,1
231526,1
231531,1
231532,0
231536,0
231539,0
231541,0
231544,1
231545,0
231546,1
231549,1
231551,1
231555,1
231557,1
231558,1
231564,0
231569,1
231572,1
231578,0
231579,0
231580,0
231583,0
231584,1
231585,1
231587,0
231589,1
231598,0
231599,0
231600,0
231602,1
231606,0
231607,1
231608,1
231610,1
231612,0
231617,0
231618,0
231622,0
231623,0
231626,1
231627,0
231631,1
231632,0
231635,0
231638,0
231641,0
231642,1
231643,0
231645,1
231649,0
231650,0
231652,1
231656,0
231657,1
231659,1
231662,0
231664,0
231670,1
231672,1
231673,1
231676,1
231680,0
231681,0
231683,1
231694,0
231695,1
231698,1
231700,0
231703,1
231705,0
231707,1
231714,1
231715,1
231716,0
231717,1
231724,1
231731,1
231733,1
231736,1
231737,1
231741,0
231742,0
231743,0
231744,1
231746,0
231749,1
231750,0
231753,1
231755,1
231761,1
231765,0
231766,1
231768,0
231770,1
231771,0
231772,1
231777,1
231781,0
231783,1
231784,1
231785,1
231787,0
231791,0
231793,0
231794,0
231795,1
231800,1
231804,1
231809,1
231810,0
231813,0
231814,0
231815,0
231816,0
231817,0
231818,1
231820,1
231827,0
231828,1
231829,0
231839,1
231840,0
231841,1
231848,1
231849,0
231851,1
231852,0
231860,1
231861,0
231863,1
231866,1
231877,0
231878,1
231879,1
231880,0
231882,0
231884,1
231885,1
231890,0
231891,1
231893,0
231894,0
231895,0
231896,1
231898,0
231901,0
231907,1
231908,0
231915,0
231916,1
231917,1
231921,1
231922,1
231924,1
231926,1
231930,0
231936,1
231942,0
231943,0
231946,1
231950,0
231951,0
231954,1
231958,1
231959,0
231965,0
231966,0
231968,0
231972,1
231973,0
231974,0
231981,1
231987,0
231989,1
231991,0
231992,0
231993,0
231994,1
231995,1
231998,1
232002,0
232003,0
232006,0
232008,0
232009,0
232011,0
232013,0
232014,1
232015,0
232016,0
232021,0
232022,1
232025,1
232027,1
232028,0
232029,1
232030,1
232031,0
232033,1
232034,1
232035,1
232038,0
232040,0
232041,1
232042,1
232044,0
232045,1
232048,1
232051,0
232052,1
232053,0
232054,1
232056,1
232057,0
232060,0
232062,1
232067,1
232068,1
232072,0
232073,1
232075,0
232077,1
232079,1
232080,1
232082,1
232087,1
232089,1
232091,1
232092,0
232094,1
232097,1
232098,1
232100,1
232105,0
232107,0
232110,0
232118,1
232120,0
232122,0
232125,1
232128,0
232129,0
232131,0
232135,1
232137,0
232138,1
232139,1
232140,1
232145,1
232148,0
232152,0
232154,1
232156,1
232160,0
232162,1
232163,0
232164,0
232165,0
232168,0
232172,0
232176,1
232178,0
232179,1
232183,1
232186,0
232189,0
232194,0
232197,1
232198,1
232200,0
232201,1
232203,1
232205,0
232206,0
232209,0
232210,0
232217,0
232219,0
232222,1
232225,0
232226,0
232233,0
232234,1
232236,0
232237,1
232238,1
232241,1
232243,1
232247,1
232252,0
232253,0
232254,1
232256,0
232261,0
232264,1
232267,1
232268,1
232271,0
232273,1
232275,0
232276,1
232279,1
232280,1
232281,0
232284,0
232285,0
232287,0
232302,1
232303,0
232304,0
232308,0
232309,1
232310,1
232311,1
232312,0
232313,0
232314,0
232318,0
232320,0
232321,0
232323,0
232325,1
232328,0
232330,0
232331,1
232337,1
232341,1
232343,0
232345,0
232347,1
232348,1
232349,0
232356,1
232360,0
232364,0
232365,0
232370,1
232373,1
232374,0
232378,0
232380,0
232383,1
232384,1
232386,0
232387,0
232388,0
232391,0
232395,1
232397,1
232398,1
232400,1
232401,1
232404,1
232406,1
232407,0
232408,1
232409,1
232410,1
232411,0
232412,0
232413,0
232414,0
232418,1
232421,1
232426,1
232428,0
232431,1
232432,0
232437,1
232441,1
232442,1
232444,1
232447,0
232451,1
232453,0
232454,0
232458,1
232463,0
232466,1
232468,1
232469,0
232472,0
232474,1
232475,1
232478,1
232479,1
232480,1
232483,0
232484,0
232485,0
232487,1
232489,0
232491,0
232494,1
232497,1
232498,1
232499,0
232501,0
232502,1
232504,0
232508,0
232511,0
232512,1
232524,0
232526,0
232527,1
232532,1
232533,0
232534,1
232535,0
232536,1
232539,0
232541,1
232548,0
232549,0
232550,0
232551,0
232554,1
232558,1
232565,1
232567,1
232568,0
232569,1
232572,1
232575,0
232579,0
232582,1
232586,1
232587,1
232588,0
232589,0
232591,1
232592,1
232595,1
232601,1
232604,0
232607,1
232610,0
232616,0
232617,1
232621,0
232623,1
232625,0
232628,0
232636,0
232637,0
232638,1
232640,1
232642,0
232643,1
232644,1
232646,0
232649,0
232650,1
232654,1
232655,1
232657,0
232658,1
232659,0
232660,0
232661,1
232666,0
232667,1
232668,0
232670,1
232674,1
232675,0
232681,0
232683,1
232684,1
232686,1
232687,1
232692,1
232693,0
232698,1
232702,1
232705,1
232706,0
232708,1
232709,1
232710,0
232713,0
232715,0
232716,1
232718,1
232719,1
232723,1
232724,1
232729,1
232734,0
232737,1
232738,1
232739,1
232743,1
232745,1
232750,0
232751,0
232753,0
232761,1
232766,1
232770,0
232772,0
232773,0
232776,1
232780,0
232783,0
232784,0
232785,1
232786,0
232789,1
232793,0
232795,0
232797,1
232801,1
232802,0
232804,0
232805,0
232806,1
232810,0
232811,0
232816,0
232818,1
232819,1
232821,1
232822,0
232824,0
232827,0
232830,0
232831,1
232832,1
232833,1
232835,1
232836,0
232837,0
232839,1
232843,1
232848,0
232853,0
232855,0
232856,1
232858,0
232860,0
232861,0
232863,1
232867,0
232872,1
232873,0
232879,1
232882,1
232883,0
232886,0
232887,0
232888,0
232894,1
232900,0
232902,1
232903,1
232905,1
232906,1
232907,0
232908,1
232910,0
232911,1
232912,0
232914,0
232917,0
232919,1
232920,1
232922,0
232923,1
232924,0
232927,0
232928,1
232929,0
232934,1
232936,1
232938,1
232939,1
232940,1
232941,1
232942,0
232944,1
232947,1
232948,0
232950,1
232953,0
232954,0
232957,0
232960,0
232963,1
232966,0
232967,1
232970,0
232972,0
232974,1
232975,1
232977,1
232978,0
232980,1
232981,0
232983,1
232985,1
232986,0
232988,0
232990,0
232992,1
232995,1
233003,1
233010,1
233012,1
233015,0
233016,0
233018,1
233020,1
233022,1
233024,0
233037,0
233038,1
233041,1
233046,0
233051,1
233055,0
233056,0
233060,0
233061,1
233062,0
233066,1
233067,0
233068,1
233069,0
233072,0
233073,0
233075,0
233085,1
233088,1
233091,0
233093,1
233094,0
233098,0
233104,1
233106,0
233107,0
233108,1
233111,0
233112,0
233114,1
233115,1
233116,0
233117,0
233120,1
233128,1
233129,0
233130,0
233131,1
233132,0
233135,0
233137,0
233139,1
233143,1
233144,1
233146,1
233148,0
233154,0
233156,0
233158,0
233160,0
233163,0
233165,0
233167,1
233168,0
233170,0
233172,0
233177,1
233178,1
233180,1
233181,0
233183,0
233184,0
233186,0
233189,0
233190,1
233193,1
233195,0
233204,0
233209,0
233210,0
233212,1
233216,1
233219,0
233221,1
233222,1
233226,0
233227,1
233229,1
233232,1
233236,0
233240,0
233241,0
233242,0
233243,0
233244,0
233246,1
233248,0
233249,0
233254,0
233257,1
233258,1
233259,0
233260,1
233265,0
233267,0
233270,0
233271,0
233273,0
233278,0
233284,0
233285,0
233288,1
233290,0
233291,1
233293,0
233297,0
233298,1
233300,1
233304,0
233307,0
233310,0
233312,0
233314,1
233318,0
233320,1
233323,1
233324,0
233326,0
233327,0
233329,0
233330,0
233331,1
233334,1
233335,1
233340,0
233344,1
233345,0
233347,1
233350,0
233352,1
233357,1
233360,1
233363,0
233366,1
233367,1
233370,0
233371,0
233372,0
233375,0
233377,0
233383,1
233384,1
233386,0
233389,0
233390,1
233393,0
233395,1
233397,1
233400,0
233401,0
233402,1
233403,0
233405,0
233409,1
233413,1
233417,0
233419,0
233421,1
233424,1
233425,1
233426,0
233429,1
233430,1
233432,0
233433,1
233434,0
233437,1
233438,0
233442,0
233443,0
233445,1
233446,0
233448,0
233450,0
233451,0
233454,0
233456,0
233458,1
233463,1
233464,0
233466,0
233467,0
233469,0
233472,0
233481,0
233483,0
233484,1
233486,1
233487,1
233490,0
233492,1
233494,1
233495,0
233496,1
233497,1
233499,0
233503,0
233504,0
233506,1
233507,0
233508,0
233509,0
233511,1
233513,0
233514,1
233518,0
233519,0
233520,0
233524,0
233525,1
233526,1
233532,1
233534,1
233539,0
233540,0
233541,0
233542,1
233545,1
233547,0
233548,0
233549,1
233551,0
233552,1
233554,1
233555,1
233559,1
233561,0
233562,0
233565,0
233566,0
233567,0
233568,1
233569,0
233570,0
233571,0
233575,0
233577,0
233579,1
233580,1
233581,0
233582,0
233583,0
233585,0
233589,1
233590,0
233592,1
233593,1
233595,1
233599,1
233601,0
233602,0
233605,0
233608,0
233611,1
233612,0
233613,0
233614,1
233615,1
233617,1
233622,1
233623,1
233627,1
233628,0
233629,1
233633,1
233634,1
233635,1
233636,1
233637,0
233638,1
233640,0
233644,0
233651,0
233655,1
233658,0
233664,0
233665,1
233666,1
233668,0
233669,1
233671,0
233672,1
233673,1
233675,0
233676,1
233677,0
233678,0
233683,0
233685,0
233689,0
233691,1
233692,1
233694,0
233695,1
233702,1
233703,0
233707,1
233711,0
233712,1
233716,1
233723,0
233724,0
233725,1
233728,0
233731,0
233732,0
233735,1
233739,0
233740,0
233741,1
233744,0
233746,0
233749,0
233752,1
233756,0
233757,0
233758,0
233759,1
233760,1
233764,1
233765,1
233769,0
233773,0
233776,1
233778,0
233780,0
233782,0
233792,0
233795,0
233799,0
233800,0
233801,1
233805,1
233807,0
233813,1
233820,1
233821,0
233824,0
233825,0
233826,1
233827,0
233828,0
233831,0
233833,0
233838,1
233839,1
233840,0
233842,0
233845,1
233846,1
233849,0
233850,0
233853,1
233855,1
233862,0
233865,1
233868,1
233877,1
233880,1
233902,1
233904,1
233908,0
233909,1
233911,1
233912,1
233913,0
233914,1
233916,1
233919,0
233922,1
233923,0
233924,0
233930,0
233936,0
233944,0
233945,0
233946,1
233947,0
233948,1
233952,0
233953,0
233955,0
233956,0
233959,1
233962,1
233965,0
233968,1
233969,1
233971,0
233972,0
233973,0
233974,0
233975,0
233978,0
233979,1
233981,0
233989,1
233990,0
233993,0
233995,0
233999,1
234000,0
234008,1
234009,0
234010,1
234011,0
234012,1
234014,0
234019,1
234024,0
234026,1
234028,1
234030,0
234032,1
234033,1
234034,1
234036,0
234037,0
234039,0
234041,0
234044,0
234045,1
234051,1
234055,1
234070,1
234076,1
234077,0
234080,0
234084,0
234088,1
234089,1
234090,0
234098,1
234101,0
234104,1
234108,0
234109,1
234111,0
234112,1
234113,1
234115,0
234116,1
234117,1
234121,0
234123,1
234124,1
234125,1
234126,1
234127,0
234128,0
234132,0
234133,1
234134,0
234136,1
234137,0
234140,1
234141,0
234143,0
234144,1
234145,1
234146,1
234147,0
234149,1
234150,0
234151,0
234154,0
234155,0
234162,1
234163,1
234166,0
234173,0
234174,1
234175,0
234176,0
234181,0
234184,0
234187,1
234188,0
234189,0
234193,0
234200,0
234201,0
234203,0
234206,0
234208,0
234212,0
234213,0
234218,0
234220,1
234222,0
234223,1
234225,0
234228,0
234229,0
234230,1
234233,1
234234,0
234235,0
234239,0
234243,0
234244,1
234245,1
234250,1
234251,1
234252,0
234253,1
234257,1
234260,1
234261,1
234262,1
234263,0
234264,0
234266,1
234267,0
234269,1
234272,0
234273,0
234276,1
234277,1
234278,1
234279,0
234281,0
234285,1
234286,1
234287,0
234288,1
234289,0
234290,0
234299,0
234300,0
234302,1
234304,0
234306,1
234308,1
234313,1
234314,0
234315,1
234316,1
234317,1
234318,0
234319,1
234326,1
234327,0
234328,0
234329,0
234331,0
234335,0
234336,1
234338,1
234339,1
234340,1
234342,0
234346,1
234350,0
234352,0
234355,0
234359,0
234360,1
234361,1
234363,1
234364,1
234365,0
234366,1
234368,0
234369,1
234372,0
234373,1
234374,1
234380,1
234387,1
234389,1
234393,0
234402,1
234405,0
234415,0
234416,1
234417,0
234418,1
234421,0
234422,1
234423,0
234425,0
234427,1
234428,1
234429,0
234430,0
234434,1
234438,1
234440,1
234443,1
234445,0
234446,1
234447,0
234448,1
234451,1
234452,0
234453,1
234455,1
234457,0
234459,0
234462,1
234469,1
234470,0
234475,1
234482,0
234483,0
234487,0
234489,1
234492,0
234496,1
234501,0
234505,0
234506,0
234507,0
234508,1
234513,1
234517,1
234518,0
234521,1
234524,0
234525,0
234526,1
234527,0
234528,1
234529,1
234532,0
234534,0
234536,0
234537,1
234538,0
234540,0
234542,0
234544,0
234545,0
234546,0
234548,1
234550,1
234554,0
234558,1
234562,0
234565,1
234566,1
234567,0
234568,0
234571,1
234573,0
234574,0
234577,1
234578,1
234586,1
234588,0
234589,0
234591,0
234592,1
234594,0
234598,1
234602,1
234604,0
234606,0
234608,1
234609,0
234610,0
234615,1
234625,1
234627,1
234630,0
234634,1
234635,0
234637,1
234648,1
234649,0
234651,0
234652,1
234654,1
234659,0
234662,0
234663,1
234664,1
234667,0
234668,0
234670,0
234671,0
234674,1
234684,0
234688,0
234690,1
234692,0
234696,0
234697,1
234699,1
234704,1
234707,0
234708,1
234712,0
234713,0
234714,1
234718,0
234719,1
234727,1
234728,1
234731,1
234736,0
234738,0
234741,1
234747,1
234753,0
234756,1
234758,1
234759,0
234760,0
234761,0
234764,0
234769,0
234772,1
234774,0
234775,1
234776,1
234777,0
234778,0
234779,1
234788,1
234789,1
234791,1
234793,0
234798,0
234799,1
234800,1
234804,0
234806,0
234809,0
234810,0
234812,1
234813,0
234815,1
234816,0
234817,1
234818,1
234819,0
234824,0
234827,0
234828,1
234829,0
234830,1
234833,0
234836,0
234839,0
234840,0
234842,1
234843,0
234846,0
234847,0
234848,0
234849,0
234850,0
234854,0
234858,0
234863,0
234864,1
234865,1
234869,0
234870,1
234872,1
234873,0
234874,1
234879,0
234880,0
234881,0
234882,0
234883,0
234886,0
234888,0
234889,1
234892,0
234893,1
234900,1
234902,0
234908,1
234911,0
234912,1
234913,0
234920,0
234921,0
234926,0
234929,1
234931,0
234934,1
234937,1
234939,1
234942,0
234943,0
234944,0
234946,0
234950,0
234951,1
234952,0
234956,0
234957,0
234959,0
234960,0
234962,1
234968,0
234971,0
234974,0
234987,0
234989,0
234990,1
234993,0
234995,1
234997,0
234998,1
235001,0
235005,1
235006,0
235007,1
235010,0
235012,0
235019,0
235020,1
235022,1
235027,1
235031,0
235032,0
235034,0
235036,1
235042,1
235048,0
235049,0
235051,1
235053,0
235055,0
235056,0
235060,1
235061,1
235064,0
235066,1
235067,0
235069,1
235070,1
235071,1
235074,0
235077,0
235078,0
235081,1
235083,1
235084,1
235088,1
235089,0
235092,0
235097,0
235100,1
235102,0
235104,0
235108,0
235110,1
235111,0
235114,0
235116,0
235118,1
235119,1
235122,0
235123,0
235124,1
235125,0
235127,1
235128,1
235133,0
235136,1
235137,1
235140,0
235142,1
235143,0
235144,1
235146,1
235150,1
235151,1
235152,1
235153,1
235155,0
235159,0
235160,0
235164,1
235170,0
235174,1
235175,0
235176,1
235179,0
235180,1
235181,0
235183,1
235184,1
235192,0
235194,1
235195,0
235197,1
235198,1
235201,1
235203,1
235208,1
235211,1
235212,0
235213,1
235214,1
235216,0
235217,0
235220,1
235224,1
235227,1
235228,0
235230,1
235231,0
235232,1
235233,1
235234,1
235243,0
235245,0
235248,0
235249,0
235251,1
235252,1
235258,0
235264,1
235269,0
235270,1
235271,1
235274,1
235275,0
235279,0
235280,0
235281,1
235283,1
235284,0
235289,0
235290,0
235292,1
235294,0
235297,0
235299,1
235301,1
235303,1
235305,0
235306,1
235307,1
235308,1
235312,0
235313,1
235322,1
235323,0
235325,0
235326,1
235328,0
235329,1
235336,0
235339,0
235342,0
235345,0
235346,0
235347,0
235349,1
235351,1
235353,1
235355,1
235356,1
235358,1
235361,0
235363,0
235364,1
235365,1
235368,1
235369,1
235370,1
235371,0
235377,0
235380,0
235381,0
235382,0
235383,0
235385,1
235388,0
235395,1
235396,0
235397,0
235398,1
235401,1
235402,0
235405,1
235408,1
235410,0
235413,0
235415,0
235416,1
235419,1
235420,0
235424,1
235425,0
235431,1
235433,0
235434,0
235435,1
235438,1
235444,1
235447,1
235448,0
235459,0
235462,0
235469,0
235470,1
235472,0
235476,0
235478,0
235479,0
235481,1
235482,1
235483,0
235487,1
235490,1
235492,0
235493,0
235495,0
235496,0
235498,1
235503,0
235506,0
235508,0
235510,1
235513,0
235514,0
235515,1
235516,0
235517,0
235519,0
235520,1
235526,1
235531,1
235534,0
235537,1
235540,0
235546,0
235554,0
235555,1
235564,0
235565,1
235567,0
235569,1
235571,0
235572,1
235576,1
235578,0
235579,1
235584,1
235588,0
235590,1
235596,0
235597,1
235599,1
235602,0
235603,0
235604,1
235605,1
235607,0
235608,0
235610,0
235616,0
235618,1
235621,1
235622,0
235623,1
235626,1
235628,0
235629,1
235631,0
235632,1
235635,0
235636,1
235639,0
235641,1
235642,1
235644,0
235647,0
235649,1
235656,0
235659,0
235663,1
235665,0
235667,1
235669,0
235673,1
235674,0
235676,1
235677,1
235679,1
235681,0
235682,0
235686,1
235687,1
235688,1
235690,0
235692,0
235695,1
235697,1
235699,0
235701,1
235702,0
235711,0
235712,0
235714,0
235716,1
235717,0
235722,1
235724,0
235725,0
235728,0
235729,0
235730,0
235735,1
235738,1
235739,0
235742,0
235745,1
235747,0
235754,1
235755,0
235759,1
235760,1
235761,0
235763,0
235767,0
235770,1
235772,1
235777,1
235779,1
235784,1
235788,0
235789,1
235793,0
235794,0
235795,1
235796,1
235798,1
235801,0
235802,1
235804,1
235805,1
235807,0
235808,1
235810,1
235811,0
235814,0
235816,0
235818,0
235820,0
235822,1
235823,0
235824,0
235825,1
235826,1
235827,1
235828,0
235829,0
235830,0
235833,0
235835,0
235836,0
235840,1
235842,1
235844,0
235846,1
235857,0
235858,0
235859,1
235861,0
235863,1
235864,0
235867,0
235869,1
235874,1
235876,0
235881,0
235885,0
235887,1
235889,0
235890,1
235891,1
235894,1
235896,1
235897,0
235899,1
235900,0
235901,0
235903,0
235904,1
235905,1
235917,1
235924,0
235925,1
235926,0
235928,1
235930,1
235933,0
235936,0
235938,1
235939,1
235942,0
235944,1
235945,0
235952,1
235953,0
235955,0
235956,1
235958,0
235959,0
235960,1
235962,0
235963,0
235965,0
235966,1
235967,0
235969,1
235970,0
235973,1
235982,0
235986,0
235989,1
235991,0
235994,1
235995,0
235996,0
235998,0
236002,1
236004,0
236005,0
236006,0
236015,1
236017,0
236019,1
236025,0
236027,1
236028,1
236034,1
236037,1
236041,1
236045,0
236046,0
236049,1
236051,1
236058,0
236059,0
236061,1
236063,1
236065,0
236066,1
236067,0
236072,1
236078,1
236079,0
236080,1
236081,1
236086,0
236088,0
236090,1
236092,1
236093,0
236096,0
236098,1
236099,0
236102,1
236103,0
236106,0
236108,1
236115,1
236117,0
236119,0
236122,0
236123,1
236124,1
236131,0
236133,0
236134,1
236140,1
236141,0
236144,0
236149,0
236151,1
236160,0
236161,0
236165,1
236166,0
236168,1
236172,0
236174,0
236175,0
236176,0
236177,0
236182,0
236184,1
236186,1
236188,0
236194,0
236195,0
236198,0
236199,1
236201,1
236203,1
236204,1
236205,1
236206,0
236207,0
236208,0
236209,0
236212,0
236216,1
236217,0
236218,1
236222,1
236223,1
236224,0
236229,0
236231,0
236234,0
236235,0
236236,0
236237,0
236238,0
236239,1
236240,1
236241,1
236243,1
236244,1
236248,0
236251,0
236258,1
236261,0
236262,0
236265,1
236266,0
236272,1
236273,1
236274,1
236278,1
236281,0
236287,1
236290,0
236292,0
236294,0
236296,0
236299,0
236300,0
236302,1
236304,1
236307,0
236309,1
236310,0
236315,1
236316,1
236318,1
236322,1
236323,1
236325,0
236326,1
236327,1
236328,0
236331,0
236334,1
236336,1
236337,1
236338,0
236339,1
236341,0
236343,1
236345,0
236347,0
236349,0
236350,0
236352,1
236353,0
236355,1
236356,0
236363,1
236364,1
236365,0
236367,1
236375,1
236380,0
236381,1
236382,1
236384,0
236385,1
236387,0
236390,0
236391,0
236392,0
236395,1
236397,0
236400,0
236403,0
236407,0
236408,0
236412,1
236417,1
236423,1
236429,1
236430,1
236432,0
236433,1
236434,0
236436,1
236438,1
236441,1
236448,1
236449,1
236452,1
236453,0
236454,0
236455,1
236458,0
236459,0
236460,1
236462,1
236470,0
236471,0
236472,0
236473,1
236475,1
236477,0
236480,0
236483,0
236488,1
236489,1
236491,0
236493,1
236497,1
236502,0
236504,1
236506,1
236508,0
236510,0
236512,0
236513,0
236514,1
236517,0
236518,0
236520,0
236523,1
236525,1
236529,1
236530,1
236533,0
236534,0
236536,0
236539,0
236542,0
236549,0
236550,1
236551,1
236553,0
236555,0
236556,0
236557,0
236558,0
236559,1
236561,0
236566,1
236567,0
236569,1
236571,0
236582,1
236583,1
236589,1
236592,1
236597,0
236599,0
236602,0
236603,1
236606,0
236607,1
236609,0
236614,1
236617,0
236620,1
236622,1
236623,0
236627,0
236630,0
236631,1
236633,1
236634,1
236637,0
236639,0
236640,0
236641,0
236644,0
236648,1
236649,0
236651,0
236656,1
236657,1
236662,0
236666,0
236668,0
236669,1
236670,0
236674,1
236675,1
236676,1
236681,1
236685,0
236687,1
236689,1
236690,0
236693,1
236694,1
236696,0
236697,0
236704,1
236706,0
236707,0
236708,0
236710,1
236711,0
236715,0
236720,0
236723,0
236724,1
236725,1
236728,1
236729,1
236734,1
236736,0
236738,1
236739,1
236741,0
236743,1
236746,0
236748,0
236751,1
236756,0
236758,0
236764,1
236765,0
236768,1
236769,0
236772,1
236773,0
236776,0
236777,1
236782,1
236785,1
236796,1
236801,0
236804,0
236805,1
236806,1
236808,0
236811,1
236813,1
236814,0
236819,1
236823,1
236824,0
236825,1
236827,0
236828,1
236833,1
236834,0
236839,0
236841,0
236842,0
236844,0
236846,1
236847,1
236849,1
236850,1
236854,1
236855,1
236857,0
236859,1
236860,0
236862,1
236866,1
236870,0
236871,0
236872,0
236874,0
236879,0
236881,1
236891,0
236894,0
236897,1
236898,0
236899,0
236900,0
236902,1
236903,0
236904,0
236908,1
236909,1
236910,0
236911,1
236918,0
236919,0
236921,0
236927,1
236928,0
236931,1
236936,0
236938,0
236940,1
236943,1
236947,0
236950,1
236951,1
236954,1
236969,1
236971,0
236975,1
236978,1
236981,0
236983,0
236988,1
236992,1
236993,0
236995,1
236996,1
236997,0
237004,0
237009,0
237012,1
237014,0
237017,0
237020,1
237022,1
237023,0
237024,0
237028,1
237031,1
237036,1
237037,0
237038,1
237040,1
237041,1
237042,1
237047,1
237055,1
237056,1
237058,0
237059,0
237065,1
237067,1
237068,0
237070,1
237072,1
237077,1
237078,1
237080,1
237081,0
237083,0
237084,0
237093,0
237094,1
237097,0
237098,1
237099,1
237100,1
237101,0
237102,1
237103,1
237105,1
237106,0
237108,1
237112,1
237115,1
237121,1
237122,1
237126,0
237127,0
237129,1
237135,1
237138,0
237139,1
237140,0
237141,1
237142,0
237153,0
237158,1
237159,1
237160,0
237161,1
237162,1
237163,0
237168,1
237169,0
237172,1
237174,0
237176,1
237178,1
237179,1
237181,1
237182,1
237183,0
237184,0
237186,1
237187,0
237188,1
237189,1
237192,1
237197,0
237199,0
237200,0
237203,1
237204,0
237205,1
237206,1
237208,0
237211,1
237212,0
237216,0
237217,1
237218,0
237220,1
237222,1
237223,1
237224,1
237226,0
237227,0
237228,0
237230,1
237233,1
237235,0
237236,1
237238,1
237241,0
237245,1
237247,1
237248,1
237252,0
237258,0
237259,1
237263,0
237264,1
237266,0
237269,1
237270,0
237272,0
237274,0
237276,0
237277,1
237279,1
237281,0
237282,1
237283,1
237284,1
237285,1
237286,0
237292,1
237293,1
237298,0
237299,1
237300,1
237306,0
237307,0
237309,1
237311,1
237317,0
237323,1
237325,1
237326,0
237327,0
237328,0
237329,1
237331,0
237332,0
237333,0
237335,0
237341,0
237342,0
237343,0
237344,1
237345,0
237346,1
237349,0
237353,1
237356,0
237357,0
237361,0
237364,0
237370,0
237371,0
237372,1
237373,0
237377,1
237381,1
237384,0
237387,1
237391,1
237394,1
237395,0
237398,0
237399,1
237402,0
237405,0
237411,1
237412,1
237413,1
237417,0
237423,1
237424,1
237425,1
237426,0
237428,1
237430,0
237431,0
237439,1
237442,1
237444,0
237446,0
237447,1
237448,0
237449,0
237450,0
237452,1
237455,0
237456,0
237457,1
237458,1
237459,0
237460,1
237463,1
237468,1
237472,0
237476,0
237477,0
237483,1
237486,0
237488,1
237490,1
237493,1
237495,1
237497,0
237498,1
237502,0
237507,1
237508,0
237514,1
237515,1
237517,0
237519,1
237520,1
237521,0
237522,0
237526,0
237532,1
237535,1
237536,1
237538,1
237539,0
237542,1
237543,0
237548,1
237549,1
237550,1
237551,0
237562,0
237569,1
237571,0
237572,0
237575,1
237578,0
237580,0
237586,1
237588,0
237589,0
237590,0
237591,1
237593,0
237594,1
237595,1
237597,1
237598,0
237599,1
237600,0
237601,1
237605,1
237609,1
237610,0
237611,0
237612,1
237618,0
237621,1
237622,0
237624,0
237629,1
237630,1
237632,1
237635,1
237636,1
237640,0
237641,0
237644,1
237646,0
237647,0
237651,1
237654,0
237656,1
237657,1
237658,0
237659,1
237665,0
237668,1
237670,0
237671,1
237677,1
237678,0
237679,0
237680,0
237681,1
237682,1
237684,0
237685,1
237686,1
237687,0
237688,1
237690,0
237691,1
237694,0
237695,1
237696,1
237698,0
237699,1
237700,0
237701,0
237702,0
237710,0
237715,1
237716,1
237718,0
237720,1
237723,1
237729,0
237730,0
237732,1
237733,0
237734,0
237736,1
237737,1
237743,0
237745,1
237751,0
237752,1
237753,0
237760,1
237766,0
237769,1
237770,1
237775,0
237784,1
237785,1
237790,0
237792,0
237793,1
237797,0
237799,0
237800,0
237804,0
237806,1
237818,0
237821,0
237823,1
237828,1
237832,1
237838,0
237839,1
237842,1
237843,1
237851,0
237854,0
237855,0
237856,0
237857,1
237858,0
237860,1
237861,1
237863,1
237864,0
237865,1
237867,0
237871,0
237876,1
237878,1
237881,1
237883,0
237884,0
237886,0
237890,1
237892,0
237894,1
237895,0
237903,0
237906,1
237908,1
237911,0
237914,1
237915,0
237916,1
237918,0
237923,1
237938,0
237939,0
237940,0
237943,0
237944,0
237945,0
237947,0
237948,0
237954,0
237956,1
237958,1
237959,0
237960,0
237967,0
237968,1
237970,0
237971,0
237972,0
237974,0
237975,1
237978,1
237981,0
237986,1
237988,0
237992,1
237994,0
237995,1
237996,0
237997,0
237999,0
238000,0
238011,1
238012,0
238013,0
238017,0
238018,0
238021,1
238022,0
238025,1
238026,0
238029,1
238031,0
238032,0
238036,0
238038,0
238041,1
238042,0
238045,0
238046,1
238047,1
238049,1
238051,0
238054,1
238057,1
238058,0
238061,0
238063,1
238067,1
238069,1
238071,0
238072,0
238078,0
238080,0
238087,0
238089,0
238093,0
238096,1
238097,0
238099,0
238105,1
238113,0
238116,0
238125,1
238127,0
238130,1
238132,0
238137,0
238140,1
238144,0
238147,0
238148,0
238150,0
238166,0
238167,0
238168,0
238169,0
238170,0
238173,0
238181,1
238184,0
238185,1
238187,0
238189,0
238193,0
238194,0
238196,1
238198,1
238199,1
238200,0
238202,0
238204,1
238207,1
238209,0
238210,0
238213,0
238214,1
238216,1
238218,0
238219,1
238220,0
238221,1
238223,0
238224,0
238225,0
238228,1
238230,0
238232,1
238234,1
238238,1
238246,0
238248,0
238249,1
238251,0
238259,0
238262,0
238264,0
238265,0
238266,1
238269,0
238277,1
238278,1
238280,0
238281,0
238284,0
238285,0
238288,0
238289,0
238290,1
238291,0
238296,0
238297,0
238298,0
238299,0
238300,0
238301,1
238302,1
238303,1
238304,0
238305,0
238308,0
238311,1
238312,0
238314,0
238322,1
238325,0
238326,0
238329,1
238332,0
238334,0
238339,1
238340,0
238342,0
238343,0
238344,0
238345,1
238347,0
238350,0
238354,1
238357,0
238361,0
238363,1
238366,1
238367,1
238370,1
238373,0
238376,1
238377,0
238378,0
238379,1
238381,1
238383,1
238384,1
238386,1
238387,0
238394,1
238399,0
238403,0
238404,0
238407,0
238410,1
238412,1
238418,0
238420,0
238423,1
238426,0
238427,1
238429,1
238431,1
238433,1
238437,0
238438,1
238439,1
238443,0
238444,0
238445,0
238446,1
238448,0
238449,0
238451,0
238453,1
238454,1
238456,1
238458,0
238460,0
238462,1
238463,1
238465,1
238467,0
238473,0
238474,0
238478,0
238481,1
238482,0
238485,1
238486,1
238489,0
238490,1
238493,1
238494,0
238496,0
238497,0
238503,1
238511,1
238512,1
238517,1
238521,0
238525,1
238526,0
238529,0
238530,0
238533,0
238550,0
238551,1
238552,1
238560,0
238561,0
238565,0
238566,1
238567,0
238569,0
238572,1
238573,1
238576,0
238577,1
238579,0
238580,0
238581,1
238583,1
238585,1
238588,1
238589,1
238590,0
238591,1
238592,1
238594,0
238605,1
238606,1
238607,0
238609,0
238611,0
238612,1
238614,0
238620,0
238621,0
238622,0
238625,1
238627,0
238628,0
238629,1
238634,0
238638,1
238641,0
238642,1
238645,1
238648,0
238650,0
238651,1
238656,0
238659,1
238660,0
238661,0
238663,1
238669,1
238671,1
238677,0
238678,0
238683,0
238685,1
238686,0
238687,0
238692,0
238694,1
238697,1
238698,1
238700,0
238704,0
238705,1
238706,0
238708,1
238709,0
238710,0
238714,1
238719,0
238722,1
238723,0
238724,0
238726,0
238732,1
238734,0
238735,0
238736,0
238737,1
238739,0
238743,0
238750,0
238752,0
238753,1
238757,0
238759,1
238763,0
238764,1
238767,0
238769,0
238771,1
238773,1
238775,0
238776,0
238777,0
238778,1
238780,0
238785,0
238795,0
238796,1
238797,1
238799,1
238800,0
238801,1
238803,1
238806,1
238808,1
238811,0
238812,1
238814,1
238821,0
238823,0
238830,0
238833,1
238837,0
238839,0
238840,0
238841,0
238842,1
238844,0
238848,0
238849,0
238850,1
238851,1
238852,1
238854,0
238855,0
238861,1
238862,0
238863,1
238866,1
238868,0
238870,0
238874,0
238875,1
238876,0
238878,1
238881,0
238882,1
238884,0
238885,0
238887,1
238890,1
238892,0
238893,0
238896,0
238901,1
238903,0
238905,0
238907,0
238908,0
238909,0
238911,0
238917,1
238918,0
238921,1
238922,0
238925,0
238926,0
238934,1
238937,0
238938,0
238942,0
238944,1
238948,1
238950,1
238953,1
238954,0
238962,1
238964,0
238971,1
238974,1
238975,1
238979,1
238981,1
238984,1
238987,0
238990,0
238994,0
238995,1
238997,1
238998,1
239000,1
239001,0
239003,0
239012,0
239018,1
239021,0
239023,0
239025,0
239032,1
239034,1
239035,0
239037,1
239043,1
239044,1
239046,0
239047,0
239048,0
239051,1
239060,0
239061,0
239062,1
239063,0
239066,1
239070,1
239075,0
239078,1
239080,0
239083,0
239085,1
239086,0
239087,1
239088,1
239089,0
239090,0
239094,0
239096,1
239099,0
239102,0
239105,1
239107,1
239108,1
239110,0
239111,1
239113,1
239117,0
239120,1
239121,0
239122,0
239123,0
239128,1
239132,1
239137,1
239138,1
239139,0
239142,1
239143,1
239144,1
239146,0
239147,1
239149,0
239151,1
239152,1
239154,0
239160,1
239165,1
239166,0
239167,1
239171,0
239173,0
239174,1
239178,0
239179,1
239183,0
239188,0
239190,0
239193,0
239194,1
239201,1
239204,1
239205,0
239206,0
239209,0
239213,1
239215,1
239218,1
239223,0
239224,0
239227,0
239230,1
239234,1
239239,0
239240,1
239241,0
239244,0
239257,1
239258,0
239259,1
239266,1
239267,0
239268,0
239269,0
239270,0
239274,0
239278,0
239280,0
239285,1
239290,1
239296,1
239298,0
239299,0
239303,0
239304,1
239308,1
239310,0
239311,1
239312,0
239314,1
239316,0
239317,0
239319,1
239321,0
239327,0
239330,1
239335,1
239336,0
239339,1
239340,1
239341,0
239344,0
239349,0
239350,0
239352,0
239355,0
239356,1
239359,1
239361,1
239364,1
239366,1
239368,0
239370,1
239374,0
239378,1
239379,0
239382,0
239384,1
239386,0
239387,0
239388,1
239389,1
239391,1
239392,0
239393,0
239394,0
239399,1
239404,0
239405,1
239410,0
239412,1
239416,0
239418,1
239419,0
239422,0
239423,1
239424,0
239425,0
239428,1
239430,0
239437,1
239441,0
239450,1
239451,1
239452,0
239453,0
239462,0
239463,1
239464,1
239465,0
239467,1
239472,0
239474,0
239479,1
239481,1
239482,1
239484,1
239486,0
239490,1
239492,1
239496,1
239498,1
239503,1
239504,0
239506,1
239508,0
239509,1
239511,0
239512,0
239514,0
239516,0
239520,0
239521,0
239524,1
239525,1
239526,0
239529,1
239530,1
239532,0
239536,0
239541,0
239543,1
239545,0
239547,1
239548,1
239549,0
239550,1
239553,1
239557,1
239558,0
239559,1
239560,0
239561,1
239565,1
239568,1
239569,0
239570,0
239577,1
239581,1
239582,0
239589,0
239593,0
239595,0
239596,1
239598,1
239599,0
239600,1
239615,0
239617,1
239618,1
239627,0
239628,1
239631,0
239632,0
239633,1
239635,1
239636,1
239638,1
239641,1
239652,0
239657,1
239661,1
239662,1
239663,0
239664,1
239665,0
239668,0
239669,0
239678,0
239681,1
239684,0
239687,1
239689,1
239690,1
239696,0
239697,1
239699,0
239701,0
239702,1
239708,0
239710,0
239720,1
239722,0
239725,0
239727,1
239728,0
239733,1
239734,1
239736,0
239739,0
239740,0
239741,0
239743,0
239745,1
239747,0
239748,1
239749,1
239750,0
239751,1
239752,0
239754,1
239755,0
239760,0
239761,0
239764,0
239768,1
239772,1
239773,0
239774,1
239778,1
239781,0
239782,1
239783,1
239784,1
239785,0
239786,0
239787,1
239791,0
239793,1
239796,0
239798,1
239801,1
239802,0
239803,0
239807,1
239808,1
239809,1
239810,0
239811,1
239812,1
239815,0
239816,1
239820,1
239822,1
239824,0
239825,1
239828,0
239831,0
239832,1
239836,1
239837,0
239842,0
239843,0
239847,0
239850,1
239852,1
239854,1
239858,0
239860,0
239864,1
239865,1
239866,0
239869,1
239871,1
239874,0
239881,1
239883,0
239886,0
239888,1
239891,1
239893,1
239896,0
239897,0
239900,1
239901,0
239902,0
239906,0
239907,1
239909,0
239910,1
239915,1
239917,1
239919,0
239920,0
239921,0
239925,0
239927,1
239930,1
239933,0
239934,1
239939,1
239942,0
239943,1
239944,0
239945,1
239946,0
239948,1
239949,1
239950,0
239952,1
239956,1
239958,1
239960,0
239961,1
239962,0
239963,0
239966,0
239970,0
239972,1
239973,0
239975,1
239976,0
239977,0
239978,1
239985,1
239986,0
239991,1
239992,0
239993,1
239994,1
239997,0
240002,1
240003,1
240006,0
240011,1
240014,0
240018,0
240020,1
240021,0
240022,0
240024,0
240025,0
240027,1
240028,1
240029,1
240034,1
240036,1
240037,0
240041,0
240042,0
240043,1
240044,0
240046,1
240048,1
240049,1
240050,1
240054,1
240058,1
240059,1
240060,0
240061,0
240063,1
240064,1
240066,1
240069,1
240070,1
240073,0
240076,1
240077,1
240079,0
240080,0
240083,0
240085,0
240086,0
240087,0
240091,0
240092,1
240094,1
240095,0
240096,0
240097,0
240098,0
240101,0
240102,0
240104,0
240105,1
240106,0
240109,0
240112,0
240115,0
240117,1
240118,0
240119,1
240123,0
240124,1
240127,1
240129,1
240130,0
240132,0
240134,0
240135,1
240139,0
240143,1
240146,1
240147,1
240148,1
240149,0
240150,0
240151,1
240152,1
240154,0
240157,1
240158,1
240160,0
240161,1
240162,1
240163,0
240164,1
240167,0
240171,0
240172,1
240173,1
240175,1
240177,1
240180,0
240185,1
240192,1
240193,0
240194,1
240195,1
240198,0
240205,0
240210,0
240211,1
240214,1
240219,0
240220,1
240222,0
240224,1
240225,1
240230,0
240231,0
240234,1
240235,1
240238,1
240247,1
240248,0
240250,0
240251,1
240252,1
240254,1
240255,1
240260,1
240264,1
240267,0
240268,1
240269,0
240271,1
240273,1
240275,1
240276,1
240278,1
240285,1
240287,1
240288,0
240289,0
240291,1
240292,0
240295,0
240297,1
240301,1
240308,1
240309,1
240310,0
240311,1
240314,0
240315,1
240317,1
240319,1
240320,0
240323,0
240327,0
240328,0
240330,1
240333,0
240334,1
240335,1
240337,0
240341,1
240342,1
240343,1
240347,0
240348,1
240356,1
240358,1
240362,0
240364,1
240370,0
240371,0
240372,0
240375,0
240376,1
240379,0
240382,1
240383,1
240384,0
240385,1
240389,1
240390,0
240391,1
240392,0
240397,1
240398,1
240403,0
240407,1
240408,1
240411,1
240412,1
240415,0
240416,1
240420,0
240421,0
240422,1
240423,0
240424,0
240429,1
240432,0
240435,0
240436,0
240440,0
240441,1
240448,0
240450,1
240453,0
240454,0
240457,1
240460,0
240462,0
240464,1
240466,1
240467,1
240468,1
240469,1
240472,0
240476,1
240480,1
240482,1
240485,1
240486,0
240487,0
240488,0
240490,1
240492,1
240494,1
240498,0
240502,1
240504,1
240505,0
240508,1
240511,1
240512,0
240516,0
240517,0
240519,0
240520,1
240521,0
240526,0
240528,0
240532,1
240534,1
240535,0
240538,0
240539,0
240540,0
240541,1
240543,0
240545,0
240546,1
240552,0
240554,0
240555,0
240556,1
240560,0
240561,0
240562,1
240564,1
240568,1
240570,0
240573,0
240574,0
240576,1
240579,0
240580,1
240585,1
240588,0
240593,0
240595,0
240596,0
240598,1
240600,0
240607,1
240611,0
240614,1
240616,1
240617,0
240618,0
240622,1
240623,0
240626,0
240633,0
240640,0
240641,0
240645,1
240648,1
240649,0
240650,1
240654,0
240655,1
240657,0
240661,0
240663,0
240665,0
240668,1
240669,1
240670,1
240673,1
240675,0
240676,1
240678,0
240686,1
240690,1
240691,0
240694,1
240695,0
240697,0
240698,1
240700,1
240701,1
240702,0
240707,0
240708,1
240709,0
240711,0
240714,0
240718,0
240719,0
240724,1
240725,1
240726,0
240727,1
240743,0
240746,1
240749,1
240752,1
240754,1
240755,0
240760,0
240763,0
240778,0
240780,0
240781,1
240782,0
240783,0
240784,1
240787,0
240788,0
240792,1
240794,1
240796,0
240798,1
240806,1
240807,1
240817,0
240819,0
240820,1
240821,1
240824,1
240828,0
240829,0
240830,0
240831,0
240833,1
240836,0
240837,1
240839,0
240840,0
240843,0
240845,1
240847,0
240853,1
240854,1
240855,1
240856,0
240857,1
240858,1
240860,1
240861,1
240867,0
240868,1
240871,1
240875,0
240876,1
240877,0
240881,0
240886,0
240888,1
240891,0
240892,1
240894,0
240896,0
240900,0
240901,1
240904,0
240907,1
240909,0
240911,0
240913,1
240917,1
240918,0
240921,0
240922,1
240927,0
240930,1
240934,0
240936,0
240938,0
240940,1
240941,1
240942,0
240945,0
240946,1
240948,1
240950,1
240951,0
240952,0
240956,1
240961,1
240963,0
240964,0
240966,0
240967,1
240969,1
240972,0
240974,1
240975,1
240976,1
240978,0
240979,1
240982,1
240983,1
240985,1
240988,1
240989,0
241001,1
241003,1
241004,1
241008,0
241011,0
241012,0
241013,1
241015,1
241016,0
241017,0
241018,0
241019,1
241021,1
241022,0
241024,0
241026,0
241029,1
241030,0
241034,1
241037,1
241042,1
241044,0
241046,1
241047,1
241048,1
241050,0
241051,1
241053,0
241056,0
241061,1
241063,1
241066,0
241071,0
241072,0
241075,0
241078,0
241080,1
241081,0
241087,0
241088,0
241091,1
241093,1
241097,1
241098,1
241105,0
241108,1
241110,1
241111,0
241114,0
241117,1
241119,0
241120,1
241124,1
241125,0
241140,1
241141,1
241142,0
241146,0
241148,1
241149,0
241150,0
241156,0
241157,1
241159,0
241161,0
241162,1
241165,0
241166,1
241167,0
241168,1
241169,0
241170,1
241173,1
241175,1
241184,0
241185,0
241188,0
241189,0
241191,0
241192,0
241203,0
241204,0
241209,1
241211,1
241216,0
241217,1
241220,0
241222,1
241224,1
241226,0
241228,1
241229,1
241230,1
241235,0
241240,1
241241,1
241242,0
241243,1
241244,1
241247,0
241249,1
241251,1
241255,0
241256,0
241259,0
241260,0
241261,1
241262,0
241263,1
241264,0
241265,1
241266,1
241267,1
241268,1
241269,0
241270,0
241272,0
241275,0
241278,1
241279,1
241285,1
241288,0
241290,1
241292,0
241293,1
241295,1
241296,0
241298,0
241299,1
241300,1
241302,1
241307,0
241309,0
241310,0
241315,1
241318,0
241323,0
241324,0
241327,0
241330,1
241331,1
241333,0
241335,1
241337,0
241341,1
241342,0
241344,1
241345,0
241346,1
241349,0
241350,0
241353,1
241357,1
241358,1
241359,0
241361,1
241363,1
241365,0
241368,0
241376,0
241378,0
241379,1
241386,1
241387,0
241389,0
241392,0
241393,0
241395,0
241396,1
241405,0
241407,1
241409,0
241417,1
241418,1
241419,0
241421,1
241428,0
241430,0
241432,1
241435,1
241442,0
241443,1
241444,0
241445,1
241446,0
241453,1
241456,0
241457,1
241458,0
241460,1
241463,1
241464,1
241468,1
241469,1
241483,0
241484,0
241485,1
241489,0
241491,1
241493,1
241494,1
241495,1
241499,0
241500,1
241505,1
241509,0
241510,0
241513,1
241514,1
241516,1
241518,0
241520,0
241522,0
241524,0
241525,1
241528,1
241530,0
241533,0
241534,0
241535,1
241538,1
241539,0
241540,0
241545,0
241546,0
241549,0
241553,1
241558,0
241560,1
241562,0
241566,0
241573,1
241574,1
241575,0
241577,0
241578,0
241582,1
241584,0
241588,0
241590,0
241591,1
241592,1
241596,1
241599,0
241600,0
241602,1
241604,0
241605,0
241606,1
241609,0
241611,0
241612,0
241613,0
241616,0
241617,1
241619,1
241627,1
241629,1
241630,0
241631,0
241632,0
241634,1
241635,0
241636,1
241639,0
241640,0
241641,1
241645,0
241646,0
241647,0
241648,0
241651,0
241652,1
241654,0
241655,1
241656,1
241657,1
241661,0
241664,1
241665,1
241671,0
241672,0
241675,1
241676,0
241677,1
241678,1
241681,0
241683,1
241687,1
241689,1
241690,1
241693,0
241697,1
241698,1
241699,1
241702,0
241705,1
241707,1
241711,1
241712,0
241713,1
241715,0
241717,1
241718,0
241723,1
241724,0
241726,0
241729,0
241731,1
241736,1
241739,0
241744,0
241745,1
241746,1
241747,0
241749,0
241750,1
241756,0
241760,1
241761,0
241762,1
241763,1
241765,1
241768,1
241771,1
241776,0
241778,0
241781,1
241782,0
241783,1
241785,1
241786,1
241787,0
241790,0
241791,0
241792,1
241793,1
241794,0
241795,1
241796,1
241799,0
241803,0
241804,1
241807,0
241808,0
241809,1
241812,1
241814,0
241815,1
241818,1
241821,1
241823,0
241825,1
241827,0
241829,0
241833,1
241838,1
241839,0
241840,1
241841,0
241848,0
241853,1
241855,0
241859,1
241860,1
241864,1
241867,1
241870,0
241871,1
241875,0
241877,1
241878,1
241883,0
241885,1
241888,1
241893,1
241898,0
241900,1
241903,0
241904,0
241911,1
241912,0
241913,0
241915,0
241919,0
241920,0
241923,1
241924,1
241925,1
241926,0
241929,1
241930,0
241931,0
241933,1
241934,1
241936,0
241937,0
241938,0
241942,1
241943,1
241945,0
241947,0
241949,0
241950,1
241952,0
241953,1
241954,0
241962,1
241968,1
241970,0
241972,0
241975,1
241980,1
241984,0
241985,1
241988,0
241989,0
241990,1
241991,1
241992,0
241993,0
241994,1
241996,0
241997,0
242000,0
242001,0
242002,1
242004,0
242010,0
242011,0
242012,0
242015,1
242020,1
242021,1
242023,0
242024,1
242027,1
242031,0
242032,1
242036,0
242039,1
242041,1
242046,0
242047,1
242051,1
242054,1
242055,0
242057,0
242059,0
242061,1
242064,1
242070,0
242074,1
242079,1
242081,1
242084,0
242089,1
242094,1
242098,0
242099,1
242101,0
242102,0
242106,0
242107,1
242112,1
242113,0
242114,0
242116,1
242120,1
242121,0
242125,1
242126,1
242128,0
242131,1
242138,1
242140,0
242141,0
242143,1
242151,1
242154,1
242157,1
242158,0
242159,0
242160,0
242165,1
242166,0
242167,1
242174,0
242175,1
242176,0
242179,1
242182,0
242183,0
242185,1
242192,0
242193,1
242194,0
242196,1
242207,1
242209,1
242216,1
242217,1
242219,0
242222,1
242223,1
242227,1
242228,1
242231,0
242235,1
242239,0
242243,1
242244,1
242245,1
242251,0
242253,1
242263,0
242265,1
242271,1
242274,1
242279,0
242281,1
242283,1
242285,1
242289,1
242292,1
242294,1
242298,1
242299,0
242300,0
242312,1
242313,0
242314,1
242315,0
242317,1
242318,0
242319,1
242320,0
242323,0
242324,0
242326,1
242328,1
242334,0
242337,0
242339,0
242341,1
242343,1
242345,1
242346,1
242351,0
242352,0
242357,1
242360,0
242364,1
242365,1
242371,0
242373,1
242376,0
242378,0
242384,1
242385,1
242386,0
242387,0
242396,1
242398,0
242399,1
242404,0
242407,0
242409,0
242416,1
242417,0
242418,0
242420,1
242421,1
242422,0
242424,0
242425,1
242426,1
242428,1
242429,0
242433,1
242440,1
242441,1
242442,1
242444,1
242448,1
242449,1
242450,0
242451,1
242453,1
242454,0
242456,1
242462,1
242464,1
242465,1
242466,1
242469,0
242470,0
242472,0
242473,1
242475,1
242477,0
242478,0
242484,0
242486,1
242487,0
242489,0
242490,1
242491,1
242503,0
242505,0
242507,0
242509,0
242510,0
242511,0
242517,0
242518,1
242523,0
242527,1
242529,1
242531,1
242532,1
242535,1
242542,0
242543,0
242547,1
242550,1
242551,0
242553,0
242556,0
242557,1
242560,1
242561,1
242563,0
242564,1
242567,1
242568,0
242569,1
242574,1
242584,1
242585,0
242587,1
242589,1
242593,0
242595,1
242596,1
242597,0
242598,1
242599,0
242600,1
242602,1
242603,1
242609,1
242612,1
242613,1
242616,1
242624,1
242626,1
242627,1
242633,1
242636,1
242637,1
242639,0
242640,0
242641,1
242643,0
242648,1
242651,0
242652,0
242653,0
242657,0
242658,1
242659,0
242660,1
242661,1
242662,1
242664,0
242665,1
242666,1
242671,1
242673,1
242675,1
242676,1
242677,1
242684,1
242685,0
242686,0
242688,1
242690,1
242691,1
242693,0
242694,1
242696,1
242698,1
242700,1
242702,1
242711,0
242712,1
242716,1
242717,1
242718,0
242721,0
242727,0
242729,0
242730,0
242731,0
242734,0
242738,1
242739,1
242742,1
242746,1
242748,1
242752,0
242754,0
242755,1
242756,1
242757,0
242761,0
242764,0
242767,0
242769,1
242770,0
242773,1
242775,0
242776,0
242777,1
242780,0
242783,1
242784,0
242785,1
242786,0
242787,1
242788,1
242793,0
242794,1
242795,0
242797,0
242799,1
242800,1
242803,0
242806,0
242816,1
242819,0
242820,1
242826,0
242828,1
242833,0
242836,0
242840,0
242841,0
242842,1
242846,1
242847,1
242849,0
242853,0
242855,1
242858,0
242861,1
242862,1
242863,1
242865,0
242866,0
242868,1
242870,1
242871,0
242872,1
242875,1
242877,0
242878,0
242879,1
242886,0
242887,0
242892,1
242894,1
242897,1
242898,0
242905,1
242907,1
242910,0
242912,1
242918,1
242919,0
242922,0
242924,1
242925,0
242926,0
242927,0
242928,1
242929,1
242931,0
242934,1
242935,0
242936,0
242937,1
242938,0
242940,1
242941,1
242944,1
242945,0
242952,1
242954,1
242959,0
242961,1
242963,0
242968,0
242972,1
242975,1
242976,0
242982,0
242987,0
242990,0
242992,0
242993,1
242995,1
242998,1
243004,1
243005,1
243007,1
243009,0
243014,0
243016,0
243024,0
243025,1
243027,1
243028,0
243030,0
243031,1
243034,1
243036,0
243041,0
243042,1
243048,1
243049,0
243051,0
243052,1
243053,0
243054,1
243056,0
243057,0
243058,1
243059,0
243061,0
243062,1
243066,0
243067,1
243076,0
243079,1
243082,1
243085,0
243086,0
243087,0
243095,1
243098,1
243099,0
243100,0
243104,0
243112,0
243114,0
243115,0
243116,1
243118,1
243120,0
243122,1
243125,0
243126,1
243127,0
243129,1
243130,0
243133,0
243134,1
243135,0
243137,0
243138,0
243139,0
243140,1
243142,0
243143,1
243148,0
243150,0
243152,1
243156,1
243158,1
243168,0
243171,0
243173,1
243174,0
243175,0
243177,1
243178,1
243179,0
243180,1
243181,1
243182,0
243185,1
243186,1
243187,0
243188,1
243189,0
243193,1
243195,0
243197,0
243200,0
243201,0
243208,0
243209,0
243210,1
243212,0
243214,1
243219,1
243226,0
243229,1
243238,1
243239,1
243240,1
243243,1
243244,1
243246,0
243247,1
243248,0
243253,0
243254,0
243257,1
243264,0
243266,0
243269,1
243271,1
243275,1
243279,0
243280,0
243281,0
243284,0
243285,1
243288,1
243292,0
243293,0
243295,1
243296,0
243297,1
243298,0
243300,0
243304,0
243306,0
243307,0
243308,1
243309,1
243311,0
243312,1
243314,0
243316,0
243317,1
243320,0
243321,1
243325,0
243326,1
243330,0
243333,0
243337,1
243338,1
243343,1
243345,0
243346,0
243355,0
243356,0
243357,0
243360,0
243362,0
243364,0
243365,1
243366,0
243367,0
243368,0
243370,1
243371,1
243374,0
243377,1
243379,1
243381,1
243382,0
243384,0
243386,1
243387,0
243399,1
243400,0
243401,0
243403,1
243404,0
243406,0
243410,1
243414,0
243416,0
243417,0
243419,1
243423,1
243424,0
243427,0
243428,1
243430,0
243433,0
243436,0
243438,0
243440,1
243446,1
243447,1
243448,1
243449,1
243458,0
243459,0
243460,0
243462,0
243467,0
243470,0
243471,0
243473,1
243474,1
243476,0
243477,1
243479,0
243481,1
243483,1
243485,0
243486,0
243493,0
243494,0
243496,1
243497,1
243499,0
243500,0
243501,1
243503,1
243506,1
243514,1
243515,0
243520,0
243521,1
243522,0
243525,1
243526,1
243528,0
243529,1
243530,0
243531,0
243533,0
243536,0
243538,1
243539,1
243544,0
243547,1
243548,1
243550,0
243555,0
243558,0
243560,0
243563,0
243564,0
243565,0
243575,0
243578,1
243579,1
243583,1
243585,1
243586,0
243587,0
243589,1
243590,1
243591,0
243592,1
243594,1
243598,1
243600,1
243601,1
243607,1
243608,0
243609,1
243614,1
243617,0
243619,1
243622,0
243625,1
243626,1
243629,1
243633,0
243635,1
243636,1
243637,1
243640,0
243643,0
243645,0
243646,0
243650,0
243654,0
243656,0
243658,0
243659,0
243661,1
243665,1
243668,1
243670,0
243671,1
243675,0
243677,1
243680,1
243684,0
243686,1
243688,1
243689,1
243691,1
243692,1
243693,0
243694,1
243697,1
243699,1
243705,1
243707,1
243710,0
243712,1
243714,0
243715,0
243716,0
243717,0
243718,0
243721,1
243728,1
243729,0
243736,1
243741,1
243744,1
243745,1
243746,0
243750,1
243751,1
243752,1
243754,1
243755,1
243761,0
243763,0
243769,1
243771,0
243776,0
243777,0
243778,1
243780,1
243781,1
243787,1
243789,1
243791,1
243793,1
243794,1
243795,0
243796,1
243797,0
243798,1
243799,1
243800,0
243801,0
243802,0
243803,0
243808,0
243812,0
243818,1
243819,0
243820,1
243826,1
243827,0
243833,0
243835,0
243841,0
243845,0
243848,1
243849,1
243850,1
243853,1
243854,0
243857,0
243859,1
243861,0
243862,0
243864,0
243865,0
243869,0
243872,0
243873,0
243875,1
243876,1
243877,0
243879,0
243880,0
243881,1
243884,1
243885,1
243886,0
243896,0
243898,1
243901,1
243902,1
243909,0
243913,1
243914,1
243916,0
243917,0
243918,0
243921,0
243922,1
243925,0
243926,0
243927,0
243929,0
243931,0
243932,0
243934,1
243937,0
243939,0
243941,0
243943,0
243945,0
243949,0
243955,1
243961,0
243962,0
243964,1
243971,1
243972,1
243973,0
243977,1
243978,0
243979,1
243980,1
243982,1
243983,1
243984,1
243985,0
243986,1
243987,0
243989,0
243997,1
243998,1
243999,0
244003,0
244004,1
244005,0
244007,1
244008,1
244010,0
244011,0
244013,1
244014,1
244015,0
244017,0
244018,1
244019,1
244021,1
244022,0
244023,0
244024,0
244026,0
244028,1
244030,0
244034,0
244035,0
244036,1
244037,1
244038,0
244041,1
244044,0
244045,1
244046,1
244047,1
244048,0
244049,1
244052,1
244053,1
244056,0
244057,1
244061,1
244063,0
244065,1
244067,1
244070,0
244071,0
244072,0
244073,0
244074,1
244076,0
244079,0
244081,0
244086,0
244087,1
244088,0
244091,1
244093,0
244096,1
244098,0
244103,0
244106,0
244110,1
244114,1
244116,0
244119,0
244122,1
244123,0
244125,0
244127,1
244128,1
244130,0
244131,0
244133,1
244134,1
244135,0
244140,1
244142,0
244143,1
244144,0
244145,0
244150,0
244153,0
244161,1
244162,1
244163,0
244164,0
244166,1
244169,0
244170,1
244175,1
244176,1
244180,1
244181,0
244185,1
244187,1
244189,1
244190,1
244192,0
244194,1
244195,0
244197,1
244202,0
244211,1
244212,1
244215,0
244219,0
244220,1
244223,1
244224,1
244230,0
244234,0
244235,0
244240,0
244242,0
244245,1
244246,1
244248,0
244249,1
244251,1
244252,0
244253,0
244255,1
244261,1
244265,0
244266,1
244268,1
244270,0
244271,0
244273,1
244277,1
244279,1
244280,0
244283,1
244284,1
244285,1
244287,0
244288,0
244289,0
244297,1
244301,1
244302,1
244303,0
244306,1
244308,1
244309,0
244311,1
244312,1
244313,1
244317,0
244321,1
244322,1
244323,0
244324,1
244328,1
244329,0
244333,0
244336,0
244337,0
244338,0
244341,0
244342,0
244347,0
244348,1
244349,0
244356,1
244357,1
244358,1
244360,1
244361,0
244363,1
244366,1
244367,1
244368,0
244375,1
244379,0
244380,1
244383,1
244386,0
244387,0
244389,0
244391,1
244393,0
244394,0
244395,0
244397,0
244398,0
244399,0
244402,1
244406,1
244408,0
244409,1
244410,1
244412,0
244414,0
244416,1
244419,0
244422,1
244424,1
244425,1
244426,0
244427,1
244428,1
244432,1
244433,1
244435,1
244436,1
244441,1
244447,1
244448,1
244450,1
244451,1
244454,0
244456,0
244457,1
244459,1
244460,0
244464,1
244465,0
244467,0
244469,1
244472,0
244473,0
244474,1
244475,1
244480,0
244482,0
244483,1
244487,0
244490,1
244492,1
244496,1
244497,0
244498,1
244505,1
244507,1
244508,1
244510,0
244511,0
244512,0
244513,1
244514,1
244515,1
244516,1
244520,0
244524,0
244525,0
244526,0
244533,0
244534,1
244536,1
244539,1
244540,1
244541,1
244542,0
244544,1
244545,1
244546,0
244547,1
244552,1
244556,0
244557,1
244559,1
244560,0
244564,1
244565,1
244569,1
244572,0
244579,1
244584,0
244585,0
244586,0
244587,1
244588,0
244592,0
244594,1
244600,0
244601,0
244613,0
244621,0
244624,1
244628,0
244632,0
244636,1
244644,1
244645,1
244648,1
244651,1
244653,1
244654,1
244655,0
244656,1
244657,1
244658,1
244662,0
244663,1
244668,1
244670,1
244672,0
244673,0
244675,0
244677,0
244678,0
244680,1
244683,0
244688,1
244689,0
244693,1
244694,0
244695,0
244697,1
244698,0
244700,0
244702,0
244705,1
244709,0
244719,0
244723,1
244725,0
244726,1
244728,1
244729,1
244730,1
244734,0
244739,0
244742,1
244744,1
244745,0
244750,1
244752,1
244754,0
244755,0
244762,0
244765,1
244767,0
244768,1
244771,0
244772,0
244773,1
244780,1
244782,0
244785,1
244789,0
244795,0
244797,1
244805,0
244809,0
244812,0
244813,0
244814,0
244816,0
244817,1
244820,1
244821,1
244824,0
244829,0
244830,1
244831,1
244832,1
244834,0
244836,0
244838,0
244840,1
244842,1
244844,0
244845,0
244847,0
244848,0
244849,1
244850,0
244852,1
244855,0
244856,0
244858,0
244859,0
244861,1
244862,1
244865,0
244866,0
244867,1
244868,0
244869,1
244870,0
244872,1
244873,0
244874,1
244877,1
244879,1
244880,0
244885,1
244887,0
244891,1
244892,0
244899,1
244907,0
244908,1
244909,1
244910,1
244914,0
244915,0
244917,1
244918,0
244924,0
244927,1
244931,1
244932,0
244933,1
244937,0
244939,0
244941,1
244942,0
244943,0
244944,1
244945,1
244948,1
244954,0
244955,1
244956,0
244961,0
244965,0
244966,1
244967,0
244969,0
244970,1
244972,0
244973,1
244975,0
244976,1
244979,0
244984,1
244985,0
244986,1
244987,1
244989,0
244991,1
244992,0
244995,0
244996,0
244997,0
245001,1
245003,1
245004,0
245007,0
245008,0
245010,1
245012,0
245015,1
245020,1
245022,1
245024,0
245025,1
245026,1
245029,1
245031,1
245032,1
245033,1
245036,0
245037,0
245044,1
245046,1
245048,1
245049,1
245050,1
245053,1
245054,0
245055,1
245056,1
245061,1
245067,1
245068,0
245069,1
245070,0
245071,1
245074,1
245075,1
245076,0
245080,1
245081,0
245085,1
245086,0
245087,1
245092,1
245095,1
245096,0
245097,0
245099,1
245102,1
245104,0
245111,1
245114,0
245115,1
245117,1
245120,0
245123,0
245125,1
245128,0
245130,1
245131,0
245132,1
245133,1
245136,1
245137,1
245139,1
245141,0
245142,0
245146,0
245147,0
245149,0
245153,1
245155,1
245156,0
245157,0
245158,1
245160,1
245166,0
245168,1
245170,1
245172,0
245174,1
245176,1
245183,1
245190,0
245191,1
245200,1
245201,0
245205,0
245206,1
245208,0
245210,1
245211,0
245212,0
245214,1
245215,0
245218,0
245219,1
245226,1
245227,1
245228,1
245229,0
245233,0
245234,0
245235,0
245237,0
245239,1
245240,1
245244,0
245245,1
245250,1
245252,0
245253,1
245256,0
245260,1
245261,1
245262,1
245263,1
245273,1
245277,1
245279,0
245283,0
245285,0
245287,1
245291,0
245296,0
245300,0
245303,0
245305,1
245311,0
245312,1
245314,0
245315,1
245316,1
245317,0
245320,0
245321,0
245323,0
245324,1
245326,0
245328,0
245329,1
245331,0
245332,0
245340,1
245342,1
245343,1
245345,1
245352,0
245355,1
245356,0
245357,0
245359,0
245360,1
245361,0
245362,0
245364,0
245365,0
245366,0
245369,0
245372,0
245373,0
245375,1
245376,1
245377,1
245379,0
245381,1
245382,1
245385,0
245389,1
245390,0
245391,1
245392,0
245394,1
245395,1
245396,0
245398,1
245405,1
245407,1
245412,0
245413,0
245417,0
245418,1
245421,1
245423,0
245426,0
245427,0
245428,0
245430,1
245433,0
245446,0
245448,1
245452,0
245453,1
245456,0
245460,0
245464,1
245465,0
245468,1
245469,0
245471,0
245476,0
245477,1
245478,1
245480,1
245483,1
245486,0
245487,0
245491,0
245492,0
245494,0
245495,0
245496,0
245497,1
245500,1
245503,0
245505,0
245507,1
245511,1
245512,1
245515,1
245516,0
245517,0
245518,0
245520,1
245522,1
245523,0
245531,0
245536,0
245537,0
245541,0
245542,0
245544,1
245548,0
245550,1
245555,1
245556,0
245559,0
245560,0
245561,0
245562,0
245564,0
245565,0
245567,0
245568,1
245573,1
245577,0
245578,0
245583,1
245587,0
245588,0
245590,1
245593,0
245594,0
245598,0
245601,1
245604,0
245605,1
245607,0
245609,0
245612,0
245614,1
245615,1
245616,1
245617,1
245618,0
245620,1
245621,0
245624,0
245625,1
245627,0
245628,0
245629,0
245632,1
245633,1
245634,0
245635,1
245638,0
245640,0
245641,0
245642,1
245643,0
245644,0
245645,1
245647,1
245651,0
245664,1
245665,1
245668,0
245669,1
245670,1
245677,0
245679,1
245684,0
245687,0
245688,1
245690,1
245691,0
245693,1
245695,1
245696,1
245697,1
245698,0
245700,0
245703,0
245706,1
245707,1
245714,0
245719,0
245720,0
245723,1
245724,0
245726,1
245727,0
245730,0
245731,0
245733,0
245738,1
245739,0
245740,1
245741,1
245743,0
245744,1
245745,0
245747,0
245748,1
245754,0
245757,0
245758,1
245760,1
245762,1
245764,0
245768,1
245769,0
245770,1
245773,0
245774,0
245778,1
245781,1
245782,1
245783,0
245785,0
245786,0
245787,0
245789,1
245793,1
245794,1
245795,0
245797,1
245800,1
245805,0
245806,1
245808,1
245813,1
245814,1
245816,0
245817,0
245818,1
245824,1
245829,1
245831,1
245832,0
245833,0
245834,1
245835,0
245836,0
245838,0
245839,0
245840,1
245841,0
245847,0
245848,1
245850,0
245851,1
245852,1
245854,1
245855,1
245857,0
245860,0
245862,1
245866,1
245870,0
245871,0
245874,0
245875,1
245878,0
245883,1
245884,0
245889,0
245891,1
245892,1
245896,1
245898,0
245899,0
245900,0
245901,0
245903,1
245905,1
245908,1
245909,0
245910,0
245911,1
245912,0
245913,0
245914,0
245915,1
245920,0
245921,0
245926,0
245931,1
245936,0
245938,0
245939,1
245940,1
245941,1
245942,1
245943,1
245944,0
245948,1
245950,1
245951,0
245953,0
245957,0
245962,1
245963,0
245964,0
245968,0
245969,0
245971,0
245972,1
245974,0
245976,0
245977,1
245978,1
245984,1
245985,0
245987,1
245989,1
245991,0
245995,0
245996,0
245997,0
245998,1
246000,1
246001,0
246003,0
246005,0
246013,0
246016,1
246021,0
246022,0
246026,1
246028,0
246034,0
246038,1
246043,1
246045,0
246046,1
246047,0
246049,0
246050,1
246051,0
246052,1
246053,1
246054,0
246056,1
246058,0
246062,1
246068,0
246070,0
246071,0
246072,0
246073,1
246075,0
246076,0
246080,0
246081,0
246082,1
246084,0
246085,0
246086,1
246089,0
246090,0
246092,0
246095,0
246096,1
246097,1
246098,0
246099,1
246104,0
246106,1
246108,0
246109,1
246112,0
246113,0
246119,0
246123,1
246124,1
246125,0
246128,1
246129,1
246130,0
246131,0
246135,0
246141,0
246144,1
246145,1
246147,0
246152,1
246153,0
246154,0
246158,1
246159,1
246161,1
246163,0
246165,0
246169,1
246170,1
246171,0
246173,1
246174,1
246177,0
246180,1
246183,0
246185,0
246186,1
246188,0
246192,1
246195,1
246200,1
246202,0
246203,1
246207,0
246208,1
246209,0
246211,1
246212,0
246213,0
246218,1
246221,0
246222,0
246223,1
246228,1
246229,1
246230,1
246231,0
246233,0
246234,0
246235,0
246237,0
246238,0
246239,1
246240,0
246241,1
246243,1
246245,1
246250,1
246251,0
246253,1
246255,0
246256,0
246258,0
246261,0
246262,0
246264,1
246265,0
246266,1
246267,1
246268,1
246269,0
246270,1
246271,1
246272,0
246276,1
246280,0
246283,0
246289,0
246291,0
246292,1
246293,1
246295,1
246296,1
246303,1
246304,1
246305,1
246309,0
246310,1
246312,1
246313,0
246315,1
246319,1
246320,0
246324,0
246328,1
246332,1
246334,0
246336,0
246337,0
246338,0
246339,0
246341,1
246342,1
246344,0
246346,1
246349,0
246355,1
246358,0
246359,0
246360,0
246361,1
246363,1
246365,1
246371,1
246375,0
246377,0
246381,0
246382,0
246384,1
246388,1
246389,1
246391,0
246393,0
246397,0
246398,1
246400,0
246402,1
246404,1
246406,0
246407,0
246409,0
246413,0
246416,1
246418,1
246422,1
246423,0
246430,1
246434,0
246436,1
246437,0
246441,0
246442,1
246443,1
246444,1
246447,1
246448,1
246449,1
246454,0
246458,0
246459,0
246461,0
246462,0
246465,0
246470,1
246471,1
246472,0
246475,1
246476,1
246482,0
246484,0
246485,1
246487,0
246488,0
246489,1
246490,0
246496,1
246497,0
246499,1
246500,1
246501,0
246503,0
246505,1
246506,1
246509,1
246511,0
246516,1
246518,1
246519,1
246522,1
246523,1
246528,1
246529,1
246530,0
246531,1
246532,0
246533,1
246534,0
246539,1
246541,1
246542,1
246543,0
246546,1
246548,0
246550,0
246555,0
246560,0
246562,1
246566,0
246567,0
246568,0
246572,1
246573,1
246578,0
246579,0
246581,0
246584,0
246585,1
246586,1
246587,1
246589,1
246595,1
246596,0
246597,1
246598,0
246599,0
246603,0
246605,0
246606,0
246607,1
246610,1
246611,0
246613,0
246614,0
246616,1
246617,1
246618,1
246623,0
246624,1
246631,0
246636,0
246642,1
246652,0
246653,0
246654,1
246660,1
246663,1
246665,0
246670,0
246671,0
246672,0
246673,0
246676,1
246678,0
246681,1
246683,1
246685,0
246686,0
246688,0
246689,0
246691,1
246692,0
246693,0
246695,0
246696,0
246699,0
246704,1
246705,1
246706,0
246708,0
246711,0
246713,1
246714,0
246715,1
246716,0
246725,0
246726,1
246730,1
246731,1
246733,0
246734,0
246739,0
246740,1
246742,1
246744,0
246749,0
246750,0
246751,1
246752,1
246754,0
246760,0
246763,0
246764,0
246766,1
246768,1
246770,1
246771,0
246775,1
246780,0
246781,0
246784,1
246787,0
246789,1
246790,1
246794,0
246795,0
246796,0
246798,0
246800,0
246801,0
246803,0
246806,1
246808,0
246809,1
246814,0
246818,0
246820,0
246823,1
246824,0
246825,0
246826,1
246827,1
246828,0
246831,0
246832,1
246834,0
246837,1
246838,0
246839,0
246842,0
246844,0
246845,0
246847,1
246850,0
246851,1
246852,0
246853,0
246854,0
246855,1
246861,1
246862,0
246864,1
246867,1
246873,0
246874,0
246878,1
246879,0
246889,1
246897,0
246898,0
246900,1
246907,0
246908,1
246909,1
246913,0
246917,1
246925,0
246927,1
246928,0
246929,1
246931,0
246933,1
246934,0
246935,1
246938,1
246941,0
246942,1
246943,0
246944,0
246949,0
246950,1
246952,1
246954,0
246955,0
246956,1
246958,0
246962,1
246964,1
246965,1
246966,0
246969,1
246971,1
246979,0
246983,1
246984,0
246985,0
246990,0
246991,0
246997,0
247005,0
247007,0
247010,1
247015,1
247016,0
247017,0
247018,0
247019,1
247021,1
247022,1
247025,1
247027,1
247030,1
247031,1
247032,1
247033,0
247035,0
247037,0
247040,1
247041,1
247045,1
247058,1
247060,1
247061,1
247062,1
247066,0
247069,1
247074,0
247075,1
247076,1
247078,0
247085,0
247091,0
247093,1
247094,1
247095,0
247101,0
247104,1
247106,1
247107,0
247108,1
247109,0
247112,0
247116,0
247117,1
247118,0
247121,0
247125,0
247126,0
247128,1
247129,1
247130,1
247131,1
247134,1
247135,0
247136,1
247137,0
247141,0
247142,0
247149,0
247151,0
247160,0
247161,0
247162,0
247163,0
247164,1
247166,0
247167,1
247172,0
247177,1
247181,0
247182,1
247186,1
247187,1
247188,0
247191,0
247193,0
247194,1
247196,1
247199,0
247205,0
247211,1
247212,0
247213,1
247214,1
247215,1
247216,0
247218,0
247221,1
247222,0
247228,1
247229,1
247230,0
247236,0
247237,1
247239,0
247241,1
247242,0
247243,0
247253,0
247256,0
247257,0
247259,1
247260,0
247261,1
247262,1
247264,0
247266,1
247267,0
247270,0
247274,0
247275,0
247277,0
247278,1
247282,1
247283,1
247284,1
247286,1
247288,1
247291,1
247293,1
247294,1
247295,0
247297,0
247299,0
247300,0
247303,1
247306,1
247309,0
247311,1
247321,0
247322,0
247324,1
247329,1
247330,1
247331,0
247335,0
247338,1
247340,0
247341,1
247347,0
247350,0
247355,1
247359,0
247361,0
247362,1
247364,0
247365,0
247371,0
247379,0
247380,0
247381,1
247383,1
247384,1
247386,1
247387,1
247388,1
247389,0
247390,1
247395,0
247396,0
247401,0
247410,1
247411,0
247415,0
247423,0
247424,1
247426,1
247427,0
247430,1
247435,1
247436,1
247439,0
247445,0
247446,1
247448,0
247460,1
247461,0
247463,0
247475,0
247478,1
247483,0
247485,1
247487,1
247488,1
247490,0
247493,0
247495,0
247496,1
247497,0
247501,0
247503,1
247504,0
247505,0
247506,1
247510,1
247512,1
247515,0
247516,0
247517,0
247519,1
247521,1
247523,1
247524,0
247527,0
247530,0
247531,0
247534,1
247536,1
247539,0
247541,0
247544,1
247545,0
247547,1
247548,0
247551,0
247556,0
247559,0
247562,0
247563,0
247564,0
247569,1
247570,1
247572,1
247577,1
247578,0
247579,1
247583,0
247584,0
247586,1
247588,0
247591,0
247592,1
247594,0
247597,1
247598,0
247602,0
247603,1
247604,0
247605,0
247606,1
247607,1
247608,1
247610,1
247613,1
247618,0
247621,1
247622,1
247623,0
247624,0
247627,0
247628,0
247629,1
247630,0
247631,1
247633,0
247634,0
247639,0
247642,0
247643,1
247647,0
247648,0
247650,0
247652,1
247655,0
247658,1
247659,1
247663,0
247665,0
247669,1
247674,0
247675,0
247680,1
247684,0
247686,1
247688,0
247691,0
247692,1
247693,0
247695,0
247697,0
247700,0
247702,1
247703,0
247707,1
247712,0
247713,0
247714,1
247715,1
247718,0
247721,1
247722,1
247724,0
247731,1
247740,0
247742,0
247748,1
247750,0
247751,0
247752,1
247755,0
247756,1
247757,0
247758,1
247759,0
247762,1
247765,1
247767,0
247771,1
247774,0
247775,1
247777,0
247778,1
247785,1
247786,0
247791,0
247793,0
247797,0
247801,0
247805,1
247810,0
247811,0
247812,1
247813,0
247816,1
247818,0
247819,0
247829,1
247831,1
247834,1
247836,0
247837,0
247839,0
247841,1
247844,0
247845,0
247846,1
247848,0
247849,0
247851,0
247852,0
247853,1
247854,1
247856,1
247857,1
247860,1
247864,0
247868,1
247869,1
247870,0
247871,0
247873,0
247876,0
247880,0
247881,0
247882,1
247883,0
247884,1
247886,0
247890,0
247902,1
247904,1
247909,0
247911,1
247915,1
247916,0
247924,1
247928,1
247929,0
247930,1
247933,1
247934,0
247935,0
247936,0
247938,0
247943,0
247948,0
247950,1
247951,1
247957,1
247958,0
247960,1
247965,0
247977,1
247981,1
247982,1
247997,1
248003,0
248004,1
248005,1
248006,1
248012,0
248014,1
248017,0
248019,1
248029,0
248030,0
248036,1
248039,0
248043,1
248044,0
248046,1
248048,0
248049,0
248053,0
248054,0
248056,0
248061,0
248068,1
248069,0
248070,0
248073,1
248076,0
248077,1
248078,1
248081,1
248082,0
248083,1
248084,1
248085,1
248086,0
248088,0
248094,1
248096,0
248098,1
248099,0
248101,0
248103,0
248104,1
248106,0
248107,0
248108,0
248110,0
248122,1
248123,1
248124,1
248125,1
248127,1
248128,0
248130,0
248131,0
248132,0
248133,0
248134,1
248135,1
248136,0
248137,1
248138,0
248139,1
248140,0
248141,0
248143,0
248144,1
248146,1
248150,0
248156,0
248158,1
248160,1
248166,1
248170,1
248172,1
248173,1
248181,0
248182,1
248183,1
248185,0
248186,0
248193,1
248194,0
248201,1
248202,0
248215,1
248217,0
248226,0
248227,1
248237,1
248238,1
248239,1
248243,0
248246,0
248249,0
248251,0
248252,0
248257,1
248264,0
248270,1
248271,1
248272,0
248278,0
248280,1
248286,0
248292,1
248294,1
248295,0
248297,1
248300,0
248303,1
248304,0
248308,0
248310,0
248312,1
248318,0
248320,0
248322,1
248324,1
248325,0
248326,1
248335,1
248337,1
248339,0
248342,1
248346,0
248350,0
248351,0
248362,0
248366,0
248368,0
248371,0
248372,0
248376,1
248377,1
248378,1
248381,0
248384,0
248390,1
248391,0
248395,0
248397,1
248399,1
248401,0
248402,1
248403,0
248405,0
248406,1
248407,0
248411,1
248415,0
248417,0
248418,0
248419,0
248420,1
248427,0
248428,1
248429,0
248433,1
248435,1
248437,1
248438,0
248439,0
248440,1
248441,0
248442,0
248444,1
248445,1
248447,1
248448,0
248449,1
248451,0
248453,0
248458,0
248460,0
248465,0
248467,1
248470,0
248471,1
248476,1
248478,1
248482,1
248483,1
248484,0
248492,1
248493,1
248494,0
248496,1
248500,1
248503,1
248504,1
248505,0
248510,0
248511,0
248514,0
248516,0
248517,1
248518,0
248519,1
248521,1
248524,1
248527,0
248537,0
248539,0
248540,1
248541,1
248546,0
248549,0
248550,1
248551,1
248554,1
248555,0
248556,1
248557,1
248558,0
248563,0
248567,0
248575,1
248582,1
248583,0
248584,0
248586,0
248590,1
248600,0
248601,0
248603,1
248605,1
248606,1
248607,0
248608,1
248611,0
248613,0
248614,1
248616,1
248618,1
248622,0
248625,0
248627,1
248631,0
248633,0
248634,1
248635,1
248638,1
248641,1
248643,0
248644,1
248647,0
248648,1
248649,0
248650,0
248652,0
248654,0
248657,0
248658,0
248659,0
248661,0
248663,1
248665,0
248668,0
248669,0
248673,1
248674,0
248676,1
248677,0
248678,0
248680,1
248681,1
248683,1
248684,1
248690,1
248691,1
248693,0
248694,0
248695,1
248700,0
248706,1
248708,1
248710,1
248716,1
248720,1
248725,0
248726,0
248731,0
248739,0
248741,1
248743,0
248749,1
248766,0
248767,0
248768,0
248769,0
248773,1
248775,1
248777,1
248778,1
248779,0
248780,1
248782,1
248784,0
248786,0
248788,1
248792,0
248793,1
248795,0
248796,1
248797,0
248798,1
248800,0
248802,1
248803,1
248805,0
248806,0
248807,0
248809,1
248810,1
248811,1
248815,1
248816,0
248822,0
248824,0
248836,1
248838,0
248842,0
248843,0
248844,1
248846,0
248847,0
248851,1
248858,0
248865,1
248866,0
248869,1
248873,0
248874,1
248876,1
248878,0
248881,0
248882,1
248883,1
248888,0
248889,0
248896,1
248897,1
248898,0
248900,1
248902,0
248903,1
248904,0
248905,1
248907,0
248908,0
248909,0
248910,0
248913,0
248915,0
248920,1
248926,0
248933,1
248935,0
248936,0
248940,1
248945,0
248951,0
248952,1
248958,1
248961,0
248966,1
248967,0
248968,0
248973,1
248974,1
248976,0
248981,0
248990,1
248991,1
248994,1
248997,0
248998,0
248999,1
249001,1
249008,0
249011,0
249012,0
249014,1
249015,0
249022,0
249026,0
249027,0
249030,0
249038,0
249039,1
249043,1
249045,0
249046,1
249047,0
249051,1
249062,1
249063,1
249067,1
249072,0
249074,0
249075,1
249085,1
249087,0
249088,0
249091,1
249093,1
249094,0
249095,1
249097,1
249098,1
249099,1
249102,0
249103,1
249104,1
249105,1
249111,1
249112,0
249113,0
249114,1
249115,0
249116,1
249121,1
249125,1
249126,1
249128,0
249130,0
249137,1
249139,1
249143,0
249145,1
249148,0
249149,0
249150,0
249151,0
249152,1
249154,1
249158,0
249160,0
249161,0
249162,1
249165,0
249169,0
249173,0
249178,1
249179,1
249181,0
249185,0
249186,1
249187,1
249192,1
249193,0
249196,1
249198,0
249203,1
249209,1
249210,0
249213,1
249215,1
249216,0
249217,0
249218,0
249219,0
249223,1
249224,0
249228,1
249230,1
249233,1
249234,1
249236,0
249237,1
249238,1
249242,0
249244,0
249246,0
249247,1
249248,1
249249,1
249250,0
249251,1
249258,0
249259,0
249264,0
249265,1
249266,1
249269,1
249270,0
249271,1
249277,1
249281,1
249283,0
249286,1
249287,0
249289,1
249290,0
249292,0
249300,0
249306,0
249311,0
249312,0
249314,0
249315,0
249316,0
249318,1
249322,1
249325,1
249326,1
249329,0
249331,0
249333,1
249335,1
249336,1
249338,1
249342,0
249345,1
249346,1
249350,1
249351,1
249356,1
249358,1
249363,1
249365,0
249367,0
249369,1
249370,1
249372,0
249376,1
249380,0
249381,0
249382,0
249383,1
249385,1
249388,1
249392,0
249395,0
249396,1
249397,1
249400,1
249402,1
249404,0
249405,0
249406,1
249408,0
249409,0
249411,1
249412,1
249416,1
249418,0
249420,1
249421,0
249425,0
249426,1
249428,1
249429,0
249435,1
249436,0
249437,1
249439,0
249440,1
249443,0
249444,1
249447,0
249448,0
249449,0
249450,0
249454,0
249457,1
249458,1
249459,0
249460,1
249462,0
249465,0
249468,1
249471,0
249472,1
249475,0
249477,1
249478,0
249480,1
249481,1
249482,1
249483,0
249484,0
249485,0
249491,0
249494,0
249495,0
249496,0
249497,1
249501,1
249502,0
249503,0
249507,0
249508,0
249512,1
249513,0
249515,1
249516,0
249517,1
249519,1
249520,0
249522,1
249525,1
249529,1
249532,1
249533,1
249534,1
249535,1
249537,1
249541,1
249542,0
249547,0
249548,0
249549,1
249553,1
249554,1
249555,0
249556,0
249558,0
249559,1
249560,0
249564,0
249565,0
249566,1
249569,1
249573,0
249574,1
249580,0
249582,1
249585,1
249588,0
249590,0
249591,1
249596,1
249597,1
249600,0
249601,1
249607,1
249608,1
249609,1
249610,1
249613,0
249614,0
249615,1
249616,0
249618,0
249619,0
249620,1
249623,0
249627,0
249628,1
249632,1
249637,1
249638,1
249640,0
249641,0
249642,1
249646,1
249648,1
249650,0
249651,1
249652,1
249654,1
249655,0
249656,1
249658,0
249659,1
249660,1
249661,0
249663,1
249665,1
249672,0
249680,1
249681,0
249683,0
249685,0
249686,1
249687,1
249690,0
249691,0
249692,0
249698,1
249699,0
249702,1
249704,1
249708,1
249709,1
249712,0
249715,1
249716,0
249717,0
249718,0
249721,1
249727,1
249730,1
249732,1
249737,0
249740,1
249753,0
249754,0
249755,0
249757,1
249758,0
249759,1
249760,0
249762,1
249764,1
249770,1
249774,0
249777,0
249778,0
249779,0
249781,1
249783,1
249785,0
249787,0
249788,1
249789,1
249790,0
249791,1
249792,0
249794,1
249796,0
249799,0
249800,1
249801,1
249802,0
249804,0
249805,0
249807,1
249809,1
249811,1
249814,1
249816,0
249817,1
249818,0
249820,1
249821,1
249822,1
249826,1
249827,0
249829,1
249830,0
249834,0
249836,1
249839,0
249842,1
249845,0
249847,1
249848,0
249850,1
249852,1
249854,1
249856,1
249859,1
249861,0
249866,1
249867,0
249873,0
249879,1
249880,0
249882,0
249884,0
249885,1
249886,1
249890,0
249891,1
249894,1
249897,0
249899,0
249901,0
249908,0
249911,1
249916,1
249917,1
249923,1
249924,0
249926,0
249928,0
249929,1
249935,1
249937,1
249938,0
249939,0
249940,0
249942,1
249943,0
249945,0
249948,1
249952,1
249953,1
249957,0
249958,0
249961,0
249963,1
249966,0
249967,1
249974,1
249978,1
249979,0
249981,1
249986,0
249990,1
249991,0
249992,0
249996,0
249997,0
249999,1
250000,0
250003,0
250004,0
250009,1
250010,1
250011,0
250013,0
250016,0
250023,1
250028,0
250030,1
250031,0
250032,1
250033,1
250034,0
250035,1
250036,1
250037,1
250038,1
250039,0
250047,1
250052,0
250053,0
250055,0
250057,0
250062,1
250064,0
250066,0
250070,0
250071,0
250073,0
250077,1
250081,0
250082,0
250085,0
250086,1
250088,0
250095,0
250101,1
250104,1
250106,0
250107,1
250108,0
250109,1
250110,0
250112,1
250114,0
250115,1
250117,0
250118,0
250119,1
250120,1
250121,0
250123,0
250124,0
250125,0
250129,1
250133,1
250134,1
250135,1
250139,0
250144,0
250145,0
250151,1
250152,1
250163,0
250164,1
250165,0
250166,1
250167,1
250168,0
250169,0
250173,1
250174,0
250177,0
250178,1
250180,0
250185,1
250194,1
250196,1
250198,0
250202,1
250204,1
250205,1
250206,0
250210,0
250212,1
250215,0
250216,1
250217,0
250218,1
250221,1
250223,1
250226,0
250227,1
250228,0
250234,0
250236,0
250237,1
250238,0
250242,1
250247,0
250248,0
250252,1
250261,0
250263,0
250266,0
250269,0
250270,0
250272,1
250273,1
250275,0
250279,0
250281,1
250284,1
250285,1
250286,0
250288,0
250292,1
250295,1
250296,1
250298,1
250301,0
250302,0
250303,0
250305,1
250306,1
250311,0
250316,0
250319,1
250321,1
250322,0
250323,1
250327,1
250329,0
250330,1
250332,1
250335,1
250343,1
250346,1
250347,1
250349,1
250350,1
250353,1
250354,0
250357,0
250358,0
250360,1
250365,1
250368,1
250371,0
250372,0
250378,0
250380,1
250383,0
250384,1
250385,1
250387,1
250393,1
250394,1
250395,0
250397,1
250398,1
250399,0
250406,1
250410,1
250412,0
250413,0
250418,0
250423,1
250425,0
250427,1
250429,1
250430,0
250432,0
250433,0
250438,0
250441,1
250442,1
250446,0
250447,0
250451,1
250452,0
250453,1
250455,1
250457,0
250462,0
250463,0
250464,0
250465,1
250466,0
250467,0
250469,0
250471,0
250474,0
250476,0
250480,0
250481,0
250485,1
250486,1
250491,0
250499,0
250501,0
250502,0
250510,0
250512,1
250516,0
250517,1
250518,0
250519,0
250520,1
250521,0
250523,1
250524,1
250527,0
250531,1
250532,0
250533,0
250534,1
250539,1
250540,0
250543,1
250545,1
250547,0
250548,1
250549,1
250550,0
250551,1
250553,1
250554,1
250555,1
250556,0
250558,1
250559,1
250561,1
250562,1
250569,0
250570,1
250578,0
250584,0
250585,0
250586,0
250587,1
250589,1
250594,0
250596,0
250599,1
250601,1
250603,1
250605,1
250607,0
250609,1
250610,0
250611,0
250614,0
250615,0
250619,0
250620,1
250621,0
250622,1
250623,0
250624,1
250632,0
250634,1
250637,0
250639,1
250640,1
250644,0
250646,0
250648,0
250649,0
250650,0
250652,0
250655,1
250657,1
250658,0
250660,0
250662,1
250663,1
250666,0
250669,0
250673,0
250675,0
250682,1
250683,1
250684,1
250686,1
250687,0
250689,1
250692,1
250693,1
250695,1
250697,0
250700,1
250702,0
250705,0
250708,0
250710,1
250711,1
250712,1
250713,0
250715,1
250717,1
250720,1
250726,1
250729,0
250732,0
250734,1
250735,1
250737,1
250739,1
250740,1
250743,1
250747,1
250748,0
250754,0
250756,0
250760,0
250761,1
250762,1
250764,1
250765,1
250767,0
250770,1
250771,1
250772,0
250775,0
250778,1
250779,1
250780,0
250781,1
250783,1
250786,1
250788,0
250789,1
250791,0
250793,0
250794,0
250799,1
250801,0
250802,1
250805,1
250809,1
250810,0
250813,1
250816,1
250824,1
250826,1
250827,0
250830,0
250833,0
250835,0
250837,1
250840,0
250843,1
250846,0
250854,1
250855,0
250857,1
250860,0
250861,0
250862,1
250863,1
250864,1
250865,1
250871,1
250873,1
250875,1
250877,1
250880,0
250884,0
250889,0
250890,1
250894,1
250895,0
250896,1
250899,1
250901,0
250905,1
250906,0
250916,1
250918,1
250919,1
250925,1
250930,1
250933,0
250934,1
250936,1
250941,1
250943,1
250944,1
250945,0
250949,1
250950,1
250953,1
250955,0
250956,1
250958,0
250959,0
250960,0
250964,1
250965,0
250969,1
250971,1
250973,0
250974,1
250975,1
250980,0
250984,0
250986,1
250990,1
250994,1
250998,0
250999,0
251000,0
251007,0
251009,0
251010,1
251011,1
251013,1
251016,0
251017,1
251024,1
251026,0
251031,1
251035,0
251036,0
251037,0
251038,0
251039,0
251042,0
251044,0
251045,1
251047,0
251049,0
251052,1
251058,1
251059,1
251060,1
251061,0
251063,0
251065,1
251066,0
251068,1
251071,0
251072,1
251073,1
251074,1
251078,1
251081,1
251085,0
251088,0
251089,1
251090,1
251091,1
251097,1
251098,0
251099,1
251100,1
251101,0
251103,1
251104,0
251106,0
251107,1
251109,0
251114,0
251115,1
251117,1
251118,0
251121,1
251122,1
251123,1
251124,1
251127,0
251131,0
251132,1
251133,1
251135,1
251139,0
251141,1
251145,1
251147,1
251148,0
251155,0
251157,0
251160,0
251162,0
251164,0
251167,0
251168,1
251171,1
251179,1
251180,0
251185,0
251187,0
251188,0
251189,1
251191,1
251193,0
251194,0
251195,1
251199,1
251200,1
251206,0
251207,0
251216,1
251220,1
251222,0
251223,0
251228,0
251234,1
251235,1
251237,0
251238,1
251244,1
251245,0
251250,1
251253,1
251254,0
251255,0
251256,0
251261,1
251262,1
251263,1
251264,1
251266,0
251268,0
251271,0
251272,0
251275,1
251276,0
251278,1
251281,0
251284,0
251288,1
251290,0
251292,1
251295,0
251296,1
251300,1
251302,0
251304,1
251306,0
251312,0
251313,1
251316,1
251319,0
251322,1
251323,1
251324,1
251325,0
251326,0
251329,0
251332,0
251334,1
251335,1
251338,0
251340,1
251342,1
251344,0
251348,1
251350,1
251351,0
251353,1
251354,0
251355,0
251356,0
251357,0
251358,1
251359,1
251362,0
251363,1
251364,0
251365,0
251367,1
251368,1
251370,0
251371,0
251374,1
251378,1
251379,0
251383,0
251385,0
251386,0
251388,1
251389,1
251390,1
251392,0
251395,0
251397,0
251403,1
251405,1
251406,1
251408,1
251413,0
251419,1
251420,0
251421,0
251422,0
251424,1
251431,0
251432,0
251435,0
251438,0
251440,0
251443,0
251455,1
251463,0
251465,1
251466,1
251469,1
251470,0
251477,0
251482,1
251484,0
251485,1
251492,1
251498,1
251505,1
251508,0
251513,0
251515,1
251517,1
251521,1
251529,0
251536,0
251537,0
251539,0
251541,1
251546,1
251547,0
251548,1
251551,0
251552,1
251553,0
251556,1
251557,1
251558,0
251562,0
251566,1
251570,0
251571,1
251572,0
251580,0
251581,1
251583,1
251585,0
251586,1
251591,0
251593,0
251597,0
251603,0
251606,1
251607,1
251608,1
251610,1
251612,0
251614,0
251616,0
251617,0
251619,1
251620,1
251621,0
251623,0
251624,0
251628,0
251629,1
251632,1
251635,0
251643,0
251646,0
251650,1
251651,0
251653,1
251654,0
251660,1
251664,1
251665,0
251667,0
251668,0
251669,1
251674,1
251676,1
251678,1
251679,0
251680,0
251685,0
251686,0
251687,0
251689,0
251694,1
251695,1
251697,0
251700,0
251703,1
251705,0
251706,0
251707,0
251708,1
251713,0
251714,0
251718,1
251721,1
251722,1
251723,0
251725,1
251727,1
251729,1
251731,1
251732,1
251733,1
251737,0
251738,1
251739,1
251740,0
251742,1
251743,1
251746,1
251750,0
251753,0
251763,0
251764,0
251766,0
251770,1
251771,0
251774,0
251776,0
251778,1
251779,1
251781,1
251783,0
251786,1
251792,0
251795,1
251797,0
251803,1
251804,1
251805,0
251811,0
251813,1
251814,1
251815,1
251817,1
251818,0
251822,1
251824,1
251832,1
251833,0
251834,0
251835,1
251836,0
251837,1
251842,0
251843,0
251844,1
251845,0
251848,0
251854,1
251858,0
251860,0
251861,1
251862,0
251863,0
251870,1
251873,1
251876,0
251881,1
251884,0
251885,1
251887,0
251889,0
251894,0
251895,0
251898,0
251900,0
251902,0
251904,1
251908,0
251914,0
251922,1
251924,1
251928,0
251929,0
251934,0
251935,0
251942,0
251945,0
251946,0
251952,0
251954,0
251956,1
251957,0
251958,0
251960,1
251962,1
251964,1
251965,0
251967,1
251968,1
251970,1
251973,0
251977,0
251980,0
251981,1
251982,1
251983,0
251985,1
251986,1
251987,1
251988,1
251989,0
251993,0
251996,1
251997,1
252001,1
252002,0
252006,1
252007,1
252008,1
252009,1
252014,0
252015,0
252016,1
252020,1
252021,1
252022,0
252025,1
252029,1
252031,1
252038,0
252042,1
252043,0
252045,0
252047,1
252049,0
252052,0
252053,1
252059,0
252062,0
252063,1
252064,1
252068,0
252072,1
252074,0
252078,1
252080,0
252081,1
252085,1
252087,0
252088,1
252089,1
252090,0
252092,1
252093,1
252094,0
252101,0
252102,0
252103,1
252111,1
252112,1
252113,1
252114,1
252115,0
252119,0
252122,1
252123,0
252124,1
252129,1
252130,0
252136,0
252138,1
252140,0
252143,0
252144,0
252147,0
252153,1
252155,1
252159,1
252160,1
252161,0
252165,1
252181,1
252183,1
252185,0
252190,1
252192,0
252193,1
252195,1
252197,0
252203,1
252204,0
252205,0
252209,1
252210,0
252213,0
252215,0
252217,1
252222,0
252223,0
252225,1
252227,0
252228,0
252230,1
252232,0
252233,1
252236,1
252237,1
252239,1
252242,1
252249,1
252250,0
252252,0
252253,1
252257,0
252261,1
252262,1
252268,0
252269,1
252271,1
252275,0
252276,1
252277,0
252278,1
252291,1
252297,1
252299,1
252301,1
252303,0
252304,0
252310,0
252313,1
252315,1
252318,1
252319,0
252320,1
252326,1
252328,0
252331,0
252333,1
252334,1
252335,0
252339,0
252342,0
252346,0
252347,1
252348,0
252350,1
252351,1
252352,1
252353,0
252355,1
252358,0
252359,0
252360,0
252365,1
252369,0
252371,1
252373,1
252376,0
252378,1
252379,1
252381,1
252382,1
252384,0
252386,0
252387,0
252388,0
252389,0
252396,0
252397,0
252404,0
252405,1
252406,0
252408,1
252410,0
252411,1
252417,1
252420,1
252421,1
252422,1
252426,0
252427,0
252429,1
252430,0
252431,0
252432,1
252434,1
252437,0
252438,1
252440,1
252442,0
252444,1
252445,1
252449,1
252454,1
252455,0
252459,1
252460,0
252461,1
252468,1
252471,0
252475,1
252483,0
252484,0
252490,1
252491,1
252492,1
252493,0
252494,0
252496,0
252498,1
252500,1
252502,0
252513,1
252514,0
252515,1
252525,0
252529,1
252533,1
252536,1
252539,0
252542,0
252543,1
252545,0
252547,0
252550,0
252551,0
252558,0
252560,0
252566,1
252570,1
252575,1
252577,0
252579,1
252581,0
252590,0
252596,0
252597,1
252603,0
252604,0
252605,1
252606,1
252607,1
252611,0
252612,0
252614,1
252618,1
252619,0
252620,0
252621,0
252623,0
252624,1
252626,0
252627,0
252628,1
252629,0
252630,1
252633,1
252638,0
252639,1
252640,0
252641,1
252643,1
252644,0
252648,1
252650,0
252651,0
252653,0
252657,1
252659,1
252663,1
252664,0
252668,0
252670,1
252676,0
252679,1
252681,1
252685,1
252686,0
252689,0
252690,0
252691,0
252694,0
252695,1
252696,1
252697,0
252698,0
252710,1
252714,0
252716,0
252720,1
252725,0
252726,1
252727,1
252729,1
252732,1
252738,1
252739,0
252743,1
252744,0
252746,1
252748,1
252749,1
252752,0
252759,0
252761,0
252763,0
252764,0
252765,0
252768,0
252770,0
252771,1
252773,0
252775,1
252777,0
252778,0
252779,0
252780,0
252782,1
252785,1
252787,1
252790,0
252791,1
252792,0
252794,1
252797,1
252798,0
252799,1
252800,0
252801,0
252802,0
252805,0
252810,1
252816,0
252818,1
252825,0
252826,0
252831,0
252832,1
252834,0
252841,0
252844,1
252849,0
252850,0
252853,1
252859,0
252860,0
252861,1
252863,1
252864,1
252865,0
252866,1
252868,0
252871,0
252873,0
252877,1
252879,1
252880,0
252883,1
252889,1
252891,0
252895,1
252898,1
252899,0
252900,1
252901,0
252906,1
252910,0
252915,0
252916,1
252920,1
252921,0
252924,1
252926,0
252928,1
252937,0
252939,0
252940,0
252945,1
252947,0
252948,1
252951,1
252954,0
252957,1
252962,0
252968,1
252969,0
252971,0
252972,1
252974,1
252983,0
252987,1
252989,0
252990,1
252992,1
252993,0
252994,0
252995,1
252998,0
252999,1
253000,1
253002,1
253005,1
253007,1
253009,0
253011,1
253012,1
253013,0
253014,1
253020,1
253022,1
253023,0
253024,0
253026,0
253027,1
253028,0
253030,0
253037,1
253040,0
253041,1
253043,0
253047,0
253049,1
253055,0
253057,1
253060,1
253066,1
253071,0
253073,1
253075,0
253077,0
253082,1
253088,0
253092,0
253094,0
253096,1
253100,0
253102,0
253103,0
253104,1
253109,0
253110,0
253114,0
253115,1
253120,0
253121,1
253124,1
253127,0
253132,0
253134,1
253142,0
253151,0
253152,1
253160,0
253162,0
253164,0
253166,0
253170,0
253171,1
253177,0
253179,1
253181,0
253182,1
253183,0
253184,0
253186,0
253188,0
253194,0
253195,0
253197,0
253203,0
253205,1
253207,1
253208,0
253209,1
253212,1
253215,1
253219,0
253220,0
253221,1
253222,1
253223,1
253224,0
253225,0
253226,0
253232,0
253234,0
253237,1
253238,1
253241,1
253243,1
253251,1
253252,0
253253,0
253254,0
253255,0
253257,0
253258,0
253259,0
253262,1
253264,0
253267,0
253268,1
253269,0
253271,1
253274,0
253275,1
253276,1
253280,1
253281,0
253284,0
253289,0
253290,0
253292,1
253293,0
253294,0
253298,0
253301,1
253306,1
253307,0
253309,1
253310,1
253313,0
253315,0
253317,0
253318,1
253322,1
253327,0
253330,1
253335,0
253336,1
253337,1
253342,0
253353,0
253354,1
253355,1
253356,1
253357,0
253361,0
253364,1
253371,0
253376,0
253377,1
253378,0
253380,0
253382,0
253383,1
253389,0
253393,1
253394,0
253398,0
253400,1
253401,0
253402,1
253405,0
253406,1
253408,0
253410,0
253412,0
253413,0
253418,1
253419,0
253421,1
253423,0
253426,1
253429,1
253430,1
253433,0
253435,1
253437,0
253438,1
253442,1
253444,0
253446,1
253447,0
253448,1
253449,0
253457,0
253458,1
253460,0
253461,0
253466,0
253468,1
253470,1
253473,0
253474,0
253477,1
253482,1
253485,1
253489,0
253490,0
253493,1
253495,0
253496,0
253498,1
253500,0
253503,0
253505,1
253513,0
253515,1
253525,0
253526,0
253527,1
253533,1
253536,1
253537,1
253539,0
253540,1
253542,1
253544,0
253547,1
253551,1
253552,1
253553,0
253556,0
253557,0
253558,1
253559,0
253560,0
253561,0
253564,1
253569,0
253571,1
253572,0
253573,0
253577,1
253578,0
253581,0
253582,0
253584,1
253585,0
253586,0
253590,1
253592,1
253593,0
253594,0
253599,0
253600,0
253601,0
253605,0
253610,1
253613,0
253614,1
253620,0
253622,1
253624,0
253625,1
253627,1
253628,0
253630,1
253633,1
253635,0
253638,0
253642,1
253647,0
253648,0
253649,0
253651,0
253654,0
253655,1
253656,0
253657,0
253658,1
253662,1
253665,1
253666,0
253667,0
253669,1
253670,1
253671,1
253673,0
253677,1
253680,0
253684,1
253686,0
253690,0
253693,0
253695,0
253698,0
253699,1
253700,1
253701,1
253703,0
253705,0
253706,1
253711,1
253714,1
253715,0
253720,1
253722,0
253723,0
253729,0
253737,0
253741,1
253746,1
253747,1
253753,1
253758,0
253759,0
253760,1
253761,1
253762,0
253763,0
253768,0
253769,1
253770,0
253772,1
253774,0
253775,1
253776,1
253779,0
253781,1
253782,0
253791,0
253792,1
253796,0
253801,0
253806,0
253807,1
253810,1
253812,1
253815,0
253824,1
253826,1
253827,1
253829,1
253833,0
253835,1
253836,0
253839,0
253840,1
253841,1
253843,1
253844,0
253848,0
253849,1
253850,0
253852,0
253857,1
253863,0
253865,0
253866,1
253867,1
253869,0
253870,0
253875,1
253880,0
253881,1
253883,0
253885,0
253887,1
253888,1
253889,1
253891,1
253894,1
253896,1
253897,0
253899,0
253901,0
253902,1
253906,0
253909,1
253911,0
253912,1
253913,1
253914,1
253915,1
253916,0
253924,0
253926,0
253927,1
253932,0
253934,0
253936,0
253937,1
253938,0
253939,0
253940,1
253942,1
253943,0
253944,1
253946,0
253948,1
253951,1
253952,1
253954,0
253955,1
253957,1
253963,1
253965,0
253966,0
253969,1
253970,1
253971,0
253972,1
253975,0
253979,1
253981,0
253982,1
253987,0
253997,0
253998,1
254004,0
254006,0
254008,0
254009,1
254010,0
254011,1
254012,0
254014,0
254015,0
254021,0
254026,1
254030,0
254032,1
254033,0
254035,1
254036,1
254037,0
254041,1
254043,1
254045,1
254046,1
254049,0
254050,1
254052,0
254053,0
254054,0
254056,1
254065,1
254070,1
254071,0
254075,1
254076,1
254083,0
254086,1
254099,1
254100,0
254101,0
254102,0
254104,0
254106,1
254109,1
254113,1
254115,0
254116,0
254119,1
254120,1
254126,0
254127,1
254130,1
254132,0
254134,1
254136,1
254137,0
254138,0
254143,1
254146,0
254160,0
254161,0
254164,0
254167,1
254168,0
254170,0
254171,1
254172,1
254174,0
254177,1
254180,0
254181,1
254182,1
254184,1
254185,0
254186,1
254188,0
254190,0
254191,0
254193,1
254196,0
254198,1
254201,1
254202,1
254203,1
254205,0
254206,0
254208,1
254210,0
254211,1
254214,1
254215,0
254216,0
254217,0
254218,1
254219,0
254222,0
254224,1
254225,0
254227,1
254229,1
254231,0
254235,1
254237,0
254239,1
254241,1
254242,1
254246,0
254248,0
254252,0
254254,1
254256,0
254259,0
254260,1
254261,1
254262,0
254266,0
254267,0
254269,0
254271,0
254272,0
254273,0
254278,0
254279,0
254286,1
254287,0
254288,0
254289,1
254290,0
254291,1
254293,1
254294,1
254302,1
254303,0
254305,0
254307,0
254308,0
254312,1
254313,1
254319,0
254321,0
254322,1
254324,1
254327,1
254330,0
254334,0
254335,0
254338,0
254340,0
254343,1
254345,1
254346,1
254351,0
254355,0
254357,1
254359,1
254360,0
254361,0
254364,0
254367,1
254368,0
254371,1
254374,1
254375,0
254376,1
254380,0
254381,0
254382,1
254383,1
254385,1
254387,0
254388,0
254389,0
254392,0
254393,0
254396,0
254398,0
254402,0
254404,1
254405,0
254406,0
254408,1
254410,0
254414,1
254416,0
254417,0
254419,1
254420,1
254421,0
254422,1
254424,1
254427,0
254430,0
254431,0
254432,1
254435,1
254437,0
254438,1
254439,1
254440,1
254442,0
254444,1
254445,1
254446,1
254447,1
254448,0
254449,1
254451,0
254453,1
254461,0
254464,0
254466,0
254467,1
254469,0
254472,0
254473,1
254477,1
254479,1
254481,1
254482,1
254489,0
254492,1
254493,1
254496,0
254499,0
254500,0
254501,1
254503,1
254504,1
254507,0
254509,0
254511,1
254512,0
254515,0
254521,0
254523,1
254530,0
254532,0
254533,0
254537,0
254539,1
254542,1
254544,1
254545,1
254547,1
254550,1
254553,0
254554,0
254555,0
254556,1
254562,0
254563,1
254564,1
254566,0
254567,0
254572,1
254575,1
254576,1
254581,0
254585,1
254586,0
254588,0
254589,0
254591,0
254592,0
254595,1
254596,0
254598,0
254600,0
254601,1
254603,0
254605,0
254606,1
254611,1
254613,0
254616,0
254619,0
254621,1
254628,1
254629,0
254632,1
254634,1
254636,1
254638,1
254642,1
254647,1
254649,0
254652,0
254653,0
254654,1
254656,0
254657,0
254658,0
254660,0
254662,1
254664,1
254668,1
254669,0
254670,1
254671,1
254673,0
254674,0
254675,1
254677,1
254679,1
254687,0
254689,1
254690,0
254692,0
254694,1
254695,0
254696,0
254698,0
254700,1
254701,1
254702,0
254704,0
254706,1
254707,0
254711,0
254714,0
254715,0
254719,1
254724,0
254729,0
254733,0
254739,1
254740,0
254742,0
254745,1
254748,0
254749,1
254750,0
254753,0
254754,0
254756,0
254765,0
254766,1
254769,0
254770,0
254771,0
254772,1
254776,0
254777,1
254780,1
254781,1
254784,0
254785,0
254787,0
254789,1
254790,0
254792,0
254793,0
254798,1
254802,0
254804,0
254812,0
254814,0
254817,1
254818,1
254820,0
254821,0
254823,1
254824,1
254826,1
254827,1
254829,1
254830,1
254831,0
254832,1
254833,1
254835,1
254837,0
254839,1
254840,1
254841,0
254846,0
254848,0
254850,1
254852,1
254857,1
254861,1
254863,0
254864,0
254867,0
254870,0
254871,1
254874,1
254877,0
254878,0
254879,1
254882,1
254884,0
254887,1
254889,0
254890,1
254891,0
254892,0
254898,1
254906,0
254911,1
254913,0
254917,1
254927,1
254930,0
254934,1
254935,1
254936,0
254939,1
254941,0
254942,0
254943,0
254944,1
254948,1
254962,1
254967,1
254972,1
254974,1
254977,1
254980,0
254983,1
254990,0
254991,0
254997,0
255000,1
255004,0
255005,1
255008,0
255009,0
255010,0
255014,1
255017,1
255025,0
255029,1
255031,0
255035,0
255039,0
255043,0
255046,1
255048,1
255049,0
255051,0
255052,0
255053,0
255058,0
255067,1
255070,0
255072,1
255075,0
255077,0
255078,0
255079,1
255081,0
255084,0
255086,0
255087,0
255088,0
255090,0
255091,1
255092,1
255093,1
255094,0
255095,1
255097,1
255100,1
255101,0
255104,1
255110,1
255111,1
255112,0
255113,1
255114,0
255116,1
255120,1
255123,1
255126,1
255129,1
255131,1
255132,1
255133,1
255137,1
255141,1
255146,0
255153,1
255154,0
255155,0
255156,1
255157,0
255163,0
255164,0
255168,0
255169,0
255170,1
255176,1
255191,1
255193,1
255195,1
255202,0
255206,0
255209,0
255213,1
255217,1
255218,0
255219,1
255222,1
255224,0
255230,1
255232,0
255235,1
255236,0
255237,0
255238,0
255239,1
255244,1
255245,1
255246,0
255247,0
255248,0
255249,1
255251,0
255252,0
255253,0
255256,1
255259,0
255261,1
255262,1
255264,0
255265,0
255268,0
255270,0
255271,0
255273,0
255274,0
255275,0
255279,0
255280,0
255281,1
255284,0
255288,1
255289,0
255293,0
255294,0
255295,1
255299,0
255300,0
255302,0
255303,0
255305,1
255306,0
255316,1
255317,1
255318,1
255319,1
255321,1
255326,1
255327,1
255329,1
255330,1
255331,1
255332,1
255333,0
255335,0
255339,0
255341,1
255346,0
255348,0
255349,1
255352,1
255357,0
255359,1
255360,0
255361,0
255362,0
255363,1
255364,0
255365,1
255366,1
255369,0
255370,0
255372,0
255376,0
255378,0
255380,0
255381,0
255383,1
255386,1
255387,1
255388,0
255390,0
255395,0
255396,0
255397,0
255398,0
255402,1
255403,1
255407,0
255408,1
255414,1
255418,1
255420,0
255421,0
255422,0
255423,0
255424,1
255427,1
255431,0
255434,0
255437,0
255442,0
255445,1
255446,0
255447,0
255448,0
255450,1
255456,0
255461,0
255463,1
255465,0
255468,1
255469,1
255472,0
255473,0
255486,1
255488,1
255495,1
255501,1
255502,0
255503,1
255513,1
255518,1
255523,0
255524,1
255526,0
255530,0
255531,1
255535,0
255538,0
255543,1
255544,0
255549,0
255551,1
255552,1
255553,1
255561,0
255565,1
255566,0
255574,0
255575,0
255579,1
255582,1
255585,0
255586,1
255588,0
255589,1
255590,1
255593,0
255596,0
255597,0
255598,1
255599,0
255600,0
255601,1
255607,0
255618,0
255619,0
255621,1
255627,0
255630,0
255633,0
255636,0
255640,0
255641,1
255643,0
255644,0
255645,0
255647,0
255649,1
255650,1
255651,1
255654,0
255660,0
255663,0
255664,0
255666,0
255670,0
255671,0
255672,0
255682,1
255683,1
255684,0
255689,0
255696,0
255700,1
255704,0
255707,1
255708,0
255710,1
255713,1
255714,1
255715,1
255716,0
255717,0
255718,1
255722,0
255723,1
255725,0
255727,0
255730,1
255731,1
255733,0
255735,0
255740,1
255742,0
255745,1
255747,1
255748,1
255753,1
255756,0
255758,1
255759,1
255760,0
255761,1
255763,0
255764,0
255768,1
255770,1
255773,0
255775,1
255776,0
255777,1
255779,1
255781,0
255785,1
255786,0
255791,1
255793,0
255796,0
255798,1
255801,0
255803,0
255804,0
255805,1
255807,0
255813,0
255817,0
255818,0
255819,0
255824,0
255825,1
255827,1
255828,1
255837,1
255847,0
255849,0
255850,1
255856,1
255860,0
255861,0
255864,0
255869,0
255873,1
255874,0
255875,0
255876,0
255877,1
255879,0
255881,1
255882,0
255883,0
255884,0
255888,1
255889,1
255890,0
255891,0
255893,0
255894,0
255895,0
255900,0
255903,1
255909,0
255914,1
255916,1
255917,1
255919,0
255920,1
255921,0
255926,1
255930,0
255932,1
255933,0
255939,0
255940,1
255942,1
255943,1
255946,0
255950,1
255952,1
255957,1
255960,1
255962,0
255966,1
255967,1
255971,1
255978,0
255979,1
255980,0
255982,1
255983,0
255985,0
255986,1
255987,0
255993,0
255996,1
255997,0
255998,1
255999,0
256000,0
256001,1
256014,0
256018,0
256028,0
256035,1
256037,0
256038,1
256041,0
256042,1
256043,0
256044,0
256045,0
256046,0
256048,0
256051,1
256055,0
256059,0
256063,0
256064,0
256065,0
256067,1
256070,0
256073,0
256074,1
256075,1
256077,1
256078,1
256079,1
256080,1
256082,0
256088,1
256090,1
256094,1
256096,0
256097,1
256098,1
256100,0
256101,1
256106,1
256108,0
256111,0
256112,1
256116,0
256118,1
256123,0
256125,1
256127,1
256128,0
256133,0
256134,1
256136,0
256142,0
256144,0
256148,1
256153,0
256154,1
256156,1
256157,0
256160,0
256162,1
256163,0
256167,1
256168,1
256169,0
256170,0
256172,0
256176,0
256178,1
256181,0
256182,1
256185,1
256186,1
256191,0
256197,0
256200,0
256202,0
256204,1
256207,0
256208,1
256209,0
256210,1
256214,0
256215,1
256219,0
256222,1
256224,0
256225,1
256229,0
256230,1
256232,1
256235,1
256241,1
256242,0
256243,0
256246,1
256248,1
256250,1
256251,1
256255,1
256256,0
256260,1
256261,1
256262,0
256265,0
256269,1
256276,0
256278,0
256280,1
256291,0
256293,1
256295,0
256298,0
256299,1
256301,0
256302,0
256304,0
256305,1
256308,1
256313,0
256314,0
256315,0
256317,1
256319,0
256322,0
256323,1
256326,1
256331,0
256332,1
256334,0
256337,1
256339,0
256340,0
256342,1
256348,1
256349,1
256353,0
256355,0
256356,0
256359,0
256360,1
256361,0
256363,0
256366,1
256372,0
256373,0
256374,1
256375,1
256376,0
256377,0
256378,0
256379,0
256381,1
256384,0
256385,1
256387,1
256390,1
256391,1
256394,1
256399,0
256404,0
256405,1
256406,1
256408,1
256409,1
256410,0
256412,0
256413,1
256417,0
256429,0
256430,0
256432,1
256433,0
256436,1
256440,1
256445,0
256447,0
256448,0
256451,1
256453,0
256461,0
256462,0
256463,1
256465,0
256466,0
256474,1
256480,0
256484,0
256487,1
256488,1
256490,1
256491,1
256492,0
256496,0
256500,1
256501,0
256507,1
256508,0
256511,0
256513,0
256514,1
256523,0
256526,1
256528,1
256529,0
256533,0
256534,1
256536,0
256538,1
256541,0
256545,0
256550,1
256554,1
256559,1
256566,1
256574,0
256575,1
256578,0
256581,1
256582,1
256584,1
256585,0
256586,0
256593,1
256595,1
256596,0
256600,0
256601,1
256603,0
256609,0
256612,1
256615,1
256618,0
256621,1
256624,1
256628,1
256634,0
256637,0
256638,1
256642,1
256645,0
256650,0
256652,0
256653,1
256654,0
256657,0
256658,0
256659,0
256662,1
256663,0
256664,0
256667,1
256668,1
256672,0
256673,0
256675,0
256679,1
256685,0
256686,0
256687,1
256689,1
256690,0
256691,1
256693,1
256696,0
256697,1
256698,0
256699,0
256700,0
256703,0
256704,0
256709,1
256710,1
256711,0
256725,0
256727,1
256728,1
256729,1
256731,1
256732,1
256733,1
256742,0
256748,0
256751,1
256752,1
256755,0
256756,0
256758,1
256763,0
256765,0
256766,1
256767,0
256768,1
256775,0
256778,1
256783,0
256784,0
256785,0
256786,0
256787,1
256790,0
256791,1
256793,0
256795,0
256796,1
256797,1
256799,0
256800,0
256801,1
256803,0
256804,0
256806,0
256809,0
256821,0
256823,0
256826,0
256830,1
256831,0
256833,0
256834,0
256835,0
256836,1
256838,0
256842,0
256850,1
256852,0
256855,1
256864,0
256865,1
256867,0
256879,1
256880,0
256883,0
256884,1
256888,1
256892,1
256895,0
256897,0
256900,0
256901,0
256904,0
256906,1
256907,0
256909,1
256910,1
256912,0
256915,0
256917,0
256920,0
256922,0
256923,0
256926,0
256927,1
256934,0
256937,1
256942,0
256946,1
256952,1
256954,0
256957,1
256959,0
256961,0
256963,0
256966,0
256969,1
256970,0
256972,1
256974,0
256975,0
256976,1
256978,1
256982,0
256991,1
256996,0
257001,0
257003,0
257008,1
257011,0
257015,0
257016,0
257017,1
257018,0
257020,0
257022,1
257023,1
257028,0
257029,1
257030,1
257031,0
257040,0
257046,1
257049,1
257050,1
257053,1
257055,1
257058,1
257062,0
257063,0
257065,0
257070,0
257071,1
257075,1
257076,1
257084,1
257086,0
257087,0
257091,0
257092,1
257094,0
257096,1
257097,1
257098,1
257099,0
257101,1
257104,1
257106,0
257107,1
257109,1
257110,1
257111,1
257113,1
257115,1
257120,0
257123,0
257124,0
257128,0
257129,1
257131,1
257132,0
257133,0
257134,1
257135,0
257136,1
257137,1
257139,0
257141,0
257148,0
257154,1
257155,0
257156,0
257157,0
257161,0
257162,1
257163,1
257165,1
257169,0
257171,1
257177,0
257178,0
257183,0
257184,0
257189,0
257192,0
257194,0
257205,0
257207,1
257209,1
257210,1
257216,1
257217,1
257222,0
257223,1
257227,0
257228,1
257232,1
257233,1
257246,1
257247,1
257249,0
257250,0
257251,1
257253,1
257256,1
257260,1
257264,0
257265,0
257267,0
257271,1
257272,1
257276,0
257280,0
257281,0
257282,1
257284,0
257285,1
257286,0
257287,1
257296,0
257299,0
257303,1
257304,1
257306,1
257309,0
257311,1
257312,0
257315,0
257317,0
257326,1
257327,1
257328,0
257329,0
257330,0
257334,0
257335,0
257336,1
257340,1
257341,1
257342,1
257344,0
257350,0
257353,0
257360,0
257361,0
257363,0
257368,0
257372,1
257374,1
257375,1
257379,0
257380,0
257385,1
257388,0
257400,1
257402,1
257403,1
257405,0
257406,1
257409,1
257410,0
257411,1
257422,1
257423,1
257425,0
257426,0
257427,1
257428,1
257430,0
257431,1
257432,1
257433,0
257434,1
257435,1
257436,0
257437,1
257438,1
257439,1
257440,0
257442,1
257445,0
257451,1
257455,1
257458,1
257459,1
257464,1
257465,0
257466,0
257468,1
257469,1
257471,0
257473,0
257474,0
257477,0
257478,0
257479,1
257480,1
257481,1
257482,1
257483,0
257484,1
257488,0
257489,1
257490,1
257491,1
257492,0
257499,0
257500,0
257510,0
257512,0
257515,1
257517,1
257519,1
257520,0
257521,0
257522,1
257523,0
257524,0
257525,1
257526,0
257535,0
257536,1
257537,1
257544,0
257546,0
257550,1
257552,1
257553,1
257554,0
257564,1
257566,1
257569,1
257572,1
257574,1
257575,0
257577,0
257579,1
257580,0
257585,0
257589,0
257591,0
257595,0
257596,1
257599,0
257600,0
257602,1
257603,0
257604,1
257606,0
257608,1
257609,1
257610,0
257611,1
257614,1
257616,0
257619,0
257622,1
257626,0
257628,1
257629,1
257630,1
257631,0
257632,0
257633,0
257639,0
257640,0
257643,0
257645,0
257648,1
257649,0
257653,0
257655,0
257657,0
257659,1
257663,0
257666,0
257668,0
257670,1
257673,1
257674,0
257675,0
257680,1
257681,0
257682,1
257686,0
257687,0
257688,1
257689,0
257690,0
257693,1
257700,0
257701,0
257703,0
257704,1
257707,0
257711,0
257712,0
257715,1
257719,1
257723,1
257724,1
257729,1
257732,0
257733,0
257735,0
257736,0
257738,0
257740,0
257742,1
257744,1
257750,1
257751,0
257761,0
257762,0
257765,1
257769,1
257771,1
257777,1
257782,0
257783,1
257784,0
257789,1
257798,0
257803,1
257806,1
257807,1
257808,0
257811,0
257815,0
257818,0
257819,0
257824,1
257825,0
257829,0
257830,0
257833,1
257837,1
257841,0
257842,0
257845,0
257847,1
257850,0
257852,1
257856,0
257857,0
257859,1
257861,1
257862,0
257864,0
257865,0
257868,0
257869,0
257871,0
257872,0
257873,0
257874,0
257877,0
257880,0
257883,0
257888,0
257889,0
257890,1
257891,1
257897,1
257906,0
257909,1
257912,0
257913,1
257919,0
257920,0
257921,1
257924,1
257926,1
257927,1
257928,1
257932,0
257933,1
257934,0
257936,0
257937,0
257939,0
257942,0
257943,0
257944,1
257946,1
257947,1
257949,0
257951,0
257954,0
257956,0
257957,1
257958,0
257959,0
257963,0
257964,0
257965,0
257966,0
257967,0
257968,0
257969,0
257970,0
257971,0
257977,0
257978,0
257981,0
257986,0
257987,0
257988,1
257991,1
257993,1
257994,1
257995,1
257997,1
257999,0
258000,0
258001,0
258002,0
258003,0
258004,1
258005,0
258006,1
258007,0
258008,0
258017,1
258018,1
258021,0
258023,0
258026,1
258027,0
258028,1
258030,1
258033,1
258037,0
258041,1
258043,1
258044,1
258045,0
258046,1
258047,1
258051,1
258053,1
258056,0
258058,1
258060,0
258061,1
258064,1
258068,0
258070,1
258072,1
258073,1
258076,1
258077,0
258079,1
258081,1
258083,1
258085,1
258086,0
258089,1
258095,1
258099,1
258101,1
258102,1
258103,1
258105,1
258108,0
258113,0
258115,0
258116,1
258118,1
258119,0
258120,0
258123,1
258124,1
258126,1
258127,0
258128,1
258129,0
258130,1
258132,1
258136,0
258137,1
258138,1
258139,1
258142,0
258144,0
258145,0
258147,0
258148,0
258150,0
258152,1
258153,0
258157,1
258158,1
258160,1
258168,1
258169,0
258170,0
258171,1
258172,0
258179,0
258180,1
258181,0
258186,0
258187,1
258188,0
258189,1
258193,0
258195,1
258196,0
258199,0
258200,1
258201,1
258202,0
258205,1
258206,1
258209,1
258212,1
258215,0
258216,0
258217,0
258221,0
258223,0
258228,0
258229,0
258237,0
258239,1
258243,1
258244,1
258249,1
258254,1
258255,1
258256,0
258264,0
258266,0
258268,0
258270,1
258276,0
258277,1
258279,1
258282,1
258283,0
258285,1
258288,1
